DATAFLOW,AREA_REF,FREQ,INDICADOR,UNIDAD,RAMA,TIME_PERIOD,OBS_VALUE,OBS_STATUS,NOTAS_INDICADOR,DECIMALS,NOTAS,FUENTE,MULT
CL01:DF_ICL2023_RAMA(1.0),_T,M,ICL2023,VAR12,R,2023-M01,,R,,2,,Encuesta Mensual de Remuneraciones y Costos Laborales,0
CL01:DF_ICL2023_RAMA(1.0),_T,M,ICL2023,VAR12,R,2023-M02,,R,,2,,Encuesta Mensual de Remuneraciones y Costos Laborales,0
CL01:DF_ICL2023_RAMA(1.0),_T,M,ICL2023,VAR12,R,2023-M03,,R,,2,,Encuesta Mensual de Remuneraciones y Costos Laborales,0
CL01:DF_ICL2023_RAMA(1.0),_T,M,ICL2023,VAR12,R,2023-M04,,R,,2,,Encuesta Mensual de Remuneraciones y Costos Laborales,0
CL01:DF_ICL2023_RAMA(1.0),_T,M,ICL2023,VAR12,R,2023-M05,,R,,2,,Encuesta Mensual de Remuneraciones y Costos Laborales,0
CL01:DF_ICL2023_RAMA(1.0),_T,M,ICL2023,VAR12,R,2023-M06,,R,,2,,Encuesta Mensual de Remuneraciones y Costos Laborales,0
CL01:DF_ICL2023_RAMA(1.0),_T,M,ICL2023,VAR12,R,2023-M07,,R,,2,,Encuesta Mensual de Remuneraciones y Costos Laborales,0
CL01:DF_ICL2023_RAMA(1.0),_T,M,ICL2023,VAR12,R,2023-M08,,R,,2,,Encuesta Mensual de Remuneraciones y Costos Laborales,0
CL01:DF_ICL2023_RAMA(1.0),_T,M,ICL2023,VAR12,R,2023-M09,,R,,2,,Encuesta Mensual de Remuneraciones y Costos Laborales,0
CL01:DF_ICL2023_RAMA(1.0),_T,M,ICL2023,VAR12,R,2023-M10,,R,,2,,Encuesta Mensual de Remuneraciones y Costos Laborales,0
CL01:DF_ICL2023_RAMA(1.0),_T,M,ICL2023,VAR12,R,2023-M11,,R,,2,,Encuesta Mensual de Remuneraciones y Costos Laborales,0
CL01:DF_ICL2023_RAMA(1.0),_T,M,ICL2023,VAR12,R,2023-M12,,R,,2,,Encuesta Mensual de Remuneraciones y Costos Laborales,0
CL01:DF_ICL2023_RAMA(1.0),_T,M,ICL2023,VAR12,R,2024-M01,5.585291001724846,R,,2,,Encuesta Mensual de Remuneraciones y Costos Laborales,0
CL01:DF_ICL2023_RAMA(1.0),_T,M,ICL2023,VAR12,R,2024-M02,5.802303072283177,R,,2,,Encuesta Mensual de Remuneraciones y Costos Laborales,0
CL01:DF_ICL2023_RAMA(1.0),_T,M,ICL2023,VAR12,R,2024-M03,5.62301030982999,R,,2,,Encuesta Mensual de Remuneraciones y Costos Laborales,0
CL01:DF_ICL2023_RAMA(1.0),_T,M,ICL2023,VAR12,R,2024-M04,5.9367778508257585,R,,2,,Encuesta Mensual de Remuneraciones y Costos Laborales,0
CL01:DF_ICL2023_RAMA(1.0),_T,M,ICL2023,VAR12,R,2024-M05,6.488137886486012,R,,2,,Encuesta Mensual de Remuneraciones y Costos Laborales,0
CL01:DF_ICL2023_RAMA(1.0),_T,M,ICL2023,VAR12,R,2024-M06,8.500595396069954,R,,2,,Encuesta Mensual de Remuneraciones y Costos Laborales,0
CL01:DF_ICL2023_RAMA(1.0),_T,M,ICL2023,VAR12,R,2024-M07,9.043501495626494,R,,2,,Encuesta Mensual de Remuneraciones y Costos Laborales,0
CL01:DF_ICL2023_RAMA(1.0),_T,M,ICL2023,VAR12,R,2024-M08,9.68938638907899,R,,2,,Encuesta Mensual de Remuneraciones y Costos Laborales,0
CL01:DF_ICL2023_RAMA(1.0),_T,M,ICL2023,VAR12,R,2024-M09,9.601059983574922,R,,2,,Encuesta Mensual de Remuneraciones y Costos Laborales,0
CL01:DF_ICL2023_RAMA(1.0),_T,M,ICL2023,VAR12,R,2024-M10,10.14756228013798,R,,2,,Encuesta Mensual de Remuneraciones y Costos Laborales,0
CL01:DF_ICL2023_RAMA(1.0),_T,M,ICL2023,VAR12,R,2024-M11,11.58463686673259,R,,2,,Encuesta Mensual de Remuneraciones y Costos Laborales,0
CL01:DF_ICL2023_RAMA(1.0),_T,M,ICL2023,VAR12,R,2024-M12,10.686194284555196,R,,2,,Encuesta Mensual de Remuneraciones y Costos Laborales,0
CL01:DF_ICL2023_RAMA(1.0),_T,M,ICL2023,VAR12,R,2025-M01,11.564166406792097,R,,2,,Encuesta Mensual de Remuneraciones y Costos Laborales,0
CL01:DF_ICL2023_RAMA(1.0),_T,M,ICL2023,VAR12,R,2025-M02,12.125994904688952,R,,2,,Encuesta Mensual de Remuneraciones y Costos Laborales,0
CL01:DF_ICL2023_RAMA(1.0),_T,M,ICL2023,VAR12,R,2025-M03,10.735636265497849,R,,2,,Encuesta Mensual de Remuneraciones y Costos Laborales,0
CL01:DF_ICL2023_RAMA(1.0),_T,M,ICL2023,VAR12,R,2025-M04,10.498795578938736,,,2,,Encuesta Mensual de Remuneraciones y Costos Laborales,0
CL01:DF_ICL2023_RAMA(1.0),_T,M,ICL2023,VAR12,R,2025-M05,11.388853039233915,,,2,,Encuesta Mensual de Remuneraciones y Costos Laborales,0
CL01:DF_ICL2023_RAMA(1.0),_T,M,ICL2023,VAR12,R,2025-M06,11.167372344636695,,,2,,Encuesta Mensual de Remuneraciones y Costos Laborales,0
CL01:DF_ICL2023_RAMA(1.0),_T,M,ICL2023,VAR12,R,2025-M07,8.165562769417022,,,2,,Encuesta Mensual de Remuneraciones y Costos Laborales,0
CL01:DF_ICL2023_RAMA(1.0),_T,M,ICL2023,VAR12,R,2025-M08,9.38383317314675,,,2,,Encuesta Mensual de Remuneraciones y Costos Laborales,0
CL01:DF_ICL2023_RAMA(1.0),_T,M,ICL2023,VAR12,R,2025-M09,9.47952972786723,,,2,,Encuesta Mensual de Remuneraciones y Costos Laborales,0
CL01:DF_ICL2023_RAMA(1.0),_T,M,ICL2023,VAR12,R,2025-M10,8.709646813672055,,,2,,Encuesta Mensual de Remuneraciones y Costos Laborales,0
CL01:DF_ICL2023_RAMA(1.0),_T,M,ICL2023,VAR12,R,2025-M11,7.596133969691743,,,2,,Encuesta Mensual de Remuneraciones y Costos Laborales,0
CL01:DF_ICL2023_RAMA(1.0),_T,M,ICL2023,VAR12,R,2025-M12,8.361551115926558,,,2,,Encuesta Mensual de Remuneraciones y Costos Laborales,0
CL01:DF_ICL2023_RAMA(1.0),_T,M,ICL2023,VAR12,R,2026-M01,7.441873606311522,,,2,,Encuesta Mensual de Remuneraciones y Costos Laborales,0
CL01:DF_ICL2023_RAMA(1.0),_T,M,ICL2023,VAR12,R,2026-M02,7.850641532840785,,,2,,Encuesta Mensual de Remuneraciones y Costos Laborales,0
CL01:DF_ICL2023_RAMA(1.0),_T,M,ICL2023,VAR12,R,2026-M03,8.79566249376984,,Valor provisional,2,,Encuesta Mensual de Remuneraciones y Costos Laborales,0
CL01:DF_ICL2023_RAMA(1.0),_T,M,ICL2023,IX,Q,2023-M01,98.39609975809063,R,,2,,Encuesta Mensual de Remuneraciones y Costos Laborales,0
CL01:DF_ICL2023_RAMA(1.0),_T,M,ICL2023,IX,Q,2023-M02,97.58152522683359,R,,2,,Encuesta Mensual de Remuneraciones y Costos Laborales,0
CL01:DF_ICL2023_RAMA(1.0),_T,M,ICL2023,IX,Q,2023-M03,98.80578033693702,R,,2,,Encuesta Mensual de Remuneraciones y Costos Laborales,0
CL01:DF_ICL2023_RAMA(1.0),_T,M,ICL2023,IX,Q,2023-M04,99.17856097950906,R,,2,,Encuesta Mensual de Remuneraciones y Costos Laborales,0
CL01:DF_ICL2023_RAMA(1.0),_T,M,ICL2023,IX,Q,2023-M05,99.3928351911517,R,,2,,Encuesta Mensual de Remuneraciones y Costos Laborales,0
CL01:DF_ICL2023_RAMA(1.0),_T,M,ICL2023,IX,Q,2023-M06,99.79312882005905,R,,2,,Encuesta Mensual de Remuneraciones y Costos Laborales,0
CL01:DF_ICL2023_RAMA(1.0),_T,M,ICL2023,IX,Q,2023-M07,100.52490591911382,R,,2,,Encuesta Mensual de Remuneraciones y Costos Laborales,0
CL01:DF_ICL2023_RAMA(1.0),_T,M,ICL2023,IX,Q,2023-M08,100.51076867775919,R,,2,,Encuesta Mensual de Remuneraciones y Costos Laborales,0
CL01:DF_ICL2023_RAMA(1.0),_T,M,ICL2023,IX,Q,2023-M09,101.43359094858822,R,,2,,Encuesta Mensual de Remuneraciones y Costos Laborales,0
CL01:DF_ICL2023_RAMA(1.0),_T,M,ICL2023,IX,Q,2023-M10,100.8837249810435,R,,2,,Encuesta Mensual de Remuneraciones y Costos Laborales,0
CL01:DF_ICL2023_RAMA(1.0),_T,M,ICL2023,IX,Q,2023-M11,101.35011824514226,R,,2,,Encuesta Mensual de Remuneraciones y Costos Laborales,0
CL01:DF_ICL2023_RAMA(1.0),_T,M,ICL2023,IX,Q,2023-M12,102.14896091577197,R,,2,,Encuesta Mensual de Remuneraciones y Costos Laborales,0
CL01:DF_ICL2023_RAMA(1.0),_T,M,ICL2023,IX,Q,2024-M01,103.06724965253383,R,,2,,Encuesta Mensual de Remuneraciones y Costos Laborales,0
CL01:DF_ICL2023_RAMA(1.0),_T,M,ICL2023,IX,Q,2024-M02,102.80445691082882,R,,2,,Encuesta Mensual de Remuneraciones y Costos Laborales,0
CL01:DF_ICL2023_RAMA(1.0),_T,M,ICL2023,IX,Q,2024-M03,104.2226554540196,R,,2,,Encuesta Mensual de Remuneraciones y Costos Laborales,0
CL01:DF_ICL2023_RAMA(1.0),_T,M,ICL2023,IX,Q,2024-M04,104.40401603909426,,,2,,Encuesta Mensual de Remuneraciones y Costos Laborales,0
CL01:DF_ICL2023_RAMA(1.0),_T,M,ICL2023,IX,Q,2024-M05,105.61470721524876,,,2,,Encuesta Mensual de Remuneraciones y Costos Laborales,0
CL01:DF_ICL2023_RAMA(1.0),_T,M,ICL2023,IX,Q,2024-M06,107.69349706619464,,,2,,Encuesta Mensual de Remuneraciones y Costos Laborales,0
CL01:DF_ICL2023_RAMA(1.0),_T,M,ICL2023,IX,Q,2024-M07,108.91878004168635,,,2,,Encuesta Mensual de Remuneraciones y Costos Laborales,0
CL01:DF_ICL2023_RAMA(1.0),_T,M,ICL2023,IX,Q,2024-M08,109.89626650623671,,,2,,Encuesta Mensual de Remuneraciones y Costos Laborales,0
CL01:DF_ICL2023_RAMA(1.0),_T,M,ICL2023,IX,Q,2024-M09,110.32869484353874,,,2,,Encuesta Mensual de Remuneraciones y Costos Laborales,0
CL01:DF_ICL2023_RAMA(1.0),_T,M,ICL2023,IX,Q,2024-M10,110.16002362173975,,,2,,Encuesta Mensual de Remuneraciones y Costos Laborales,0
CL01:DF_ICL2023_RAMA(1.0),_T,M,ICL2023,IX,Q,2024-M11,110.45130775566211,,,2,,Encuesta Mensual de Remuneraciones y Costos Laborales,0
CL01:DF_ICL2023_RAMA(1.0),_T,M,ICL2023,IX,Q,2024-M12,111.06200324795095,,,2,,Encuesta Mensual de Remuneraciones y Costos Laborales,0
CL01:DF_ICL2023_RAMA(1.0),_T,M,ICL2023,IX,Q,2025-M01,112.67731017303535,,,2,,Encuesta Mensual de Remuneraciones y Costos Laborales,0
CL01:DF_ICL2023_RAMA(1.0),_T,M,ICL2023,IX,Q,2025-M02,112.86949142971163,,,2,,Encuesta Mensual de Remuneraciones y Costos Laborales,0
CL01:DF_ICL2023_RAMA(1.0),_T,M,ICL2023,IX,Q,2025-M03,114.28432740617795,,,2,,Encuesta Mensual de Remuneraciones y Costos Laborales,0
CL01:DF_ICL2023_RAMA(1.0),_T,M,ICL2023,IX,Q,2025-M04,113.84802839352604,,,2,,Encuesta Mensual de Remuneraciones y Costos Laborales,0
CL01:DF_ICL2023_RAMA(1.0),_T,M,ICL2023,IX,Q,2025-M05,114.38234616210559,,,2,,Encuesta Mensual de Remuneraciones y Costos Laborales,0
CL01:DF_ICL2023_RAMA(1.0),_T,M,ICL2023,IX,Q,2025-M06,116.01111075712421,,,2,,Encuesta Mensual de Remuneraciones y Costos Laborales,0
CL01:DF_ICL2023_RAMA(1.0),_T,M,ICL2023,IX,Q,2025-M07,116.10431233316018,,,2,,Encuesta Mensual de Remuneraciones y Costos Laborales,0
CL01:DF_ICL2023_RAMA(1.0),_T,M,ICL2023,IX,Q,2025-M08,116.71156411511616,,,2,,Encuesta Mensual de Remuneraciones y Costos Laborales,0
CL01:DF_ICL2023_RAMA(1.0),_T,M,ICL2023,IX,Q,2025-M09,117.62928741508118,,,2,,Encuesta Mensual de Remuneraciones y Costos Laborales,0
CL01:DF_ICL2023_RAMA(1.0),_T,M,ICL2023,IX,Q,2025-M10,116.72743274135678,,,2,,Encuesta Mensual de Remuneraciones y Costos Laborales,0
CL01:DF_ICL2023_RAMA(1.0),_T,M,ICL2023,IX,Q,2025-M11,117.26750175150323,,,2,,Encuesta Mensual de Remuneraciones y Costos Laborales,0
CL01:DF_ICL2023_RAMA(1.0),_T,M,ICL2023,IX,Q,2025-M12,117.90551210205346,,,2,,Encuesta Mensual de Remuneraciones y Costos Laborales,0
CL01:DF_ICL2023_RAMA(1.0),_T,M,ICL2023,IX,Q,2026-M01,118.0640934039661,,,2,,Encuesta Mensual de Remuneraciones y Costos Laborales,0
CL01:DF_ICL2023_RAMA(1.0),_T,M,ICL2023,IX,Q,2026-M02,117.58557104124164,,,2,,Encuesta Mensual de Remuneraciones y Costos Laborales,0
CL01:DF_ICL2023_RAMA(1.0),_T,M,ICL2023,IX,Q,2026-M03,119.46606771552517,,Valor provisional,2,,Encuesta Mensual de Remuneraciones y Costos Laborales,0
CL01:DF_ICL2023_RAMA(1.0),_T,M,ICL2023,VAR12,J,2023-M01,,R,,2,,Encuesta Mensual de Remuneraciones y Costos Laborales,0
CL01:DF_ICL2023_RAMA(1.0),_T,M,ICL2023,VAR12,J,2023-M02,,R,,2,,Encuesta Mensual de Remuneraciones y Costos Laborales,0
CL01:DF_ICL2023_RAMA(1.0),_T,M,ICL2023,VAR12,J,2023-M03,,R,,2,,Encuesta Mensual de Remuneraciones y Costos Laborales,0
CL01:DF_ICL2023_RAMA(1.0),_T,M,ICL2023,VAR12,J,2023-M04,,R,,2,,Encuesta Mensual de Remuneraciones y Costos Laborales,0
CL01:DF_ICL2023_RAMA(1.0),_T,M,ICL2023,VAR12,J,2023-M05,,R,,2,,Encuesta Mensual de Remuneraciones y Costos Laborales,0
CL01:DF_ICL2023_RAMA(1.0),_T,M,ICL2023,VAR12,J,2023-M06,,R,,2,,Encuesta Mensual de Remuneraciones y Costos Laborales,0
CL01:DF_ICL2023_RAMA(1.0),_T,M,ICL2023,VAR12,J,2023-M07,,R,,2,,Encuesta Mensual de Remuneraciones y Costos Laborales,0
CL01:DF_ICL2023_RAMA(1.0),_T,M,ICL2023,VAR12,J,2023-M08,,R,,2,,Encuesta Mensual de Remuneraciones y Costos Laborales,0
CL01:DF_ICL2023_RAMA(1.0),_T,M,ICL2023,VAR12,J,2023-M09,,R,,2,,Encuesta Mensual de Remuneraciones y Costos Laborales,0
CL01:DF_ICL2023_RAMA(1.0),_T,M,ICL2023,VAR12,J,2023-M10,,R,,2,,Encuesta Mensual de Remuneraciones y Costos Laborales,0
CL01:DF_ICL2023_RAMA(1.0),_T,M,ICL2023,VAR12,J,2023-M11,,R,,2,,Encuesta Mensual de Remuneraciones y Costos Laborales,0
CL01:DF_ICL2023_RAMA(1.0),_T,M,ICL2023,VAR12,J,2023-M12,,R,,2,,Encuesta Mensual de Remuneraciones y Costos Laborales,0
CL01:DF_ICL2023_RAMA(1.0),_T,M,ICL2023,VAR12,J,2024-M01,5.206785864767882,R,,2,,Encuesta Mensual de Remuneraciones y Costos Laborales,0
CL01:DF_ICL2023_RAMA(1.0),_T,M,ICL2023,VAR12,J,2024-M02,5.418351285523482,R,,2,,Encuesta Mensual de Remuneraciones y Costos Laborales,0
CL01:DF_ICL2023_RAMA(1.0),_T,M,ICL2023,VAR12,J,2024-M03,6.1441068689706,R,,2,,Encuesta Mensual de Remuneraciones y Costos Laborales,0
CL01:DF_ICL2023_RAMA(1.0),_T,M,ICL2023,VAR12,J,2024-M04,5.707434242303755,R,,2,,Encuesta Mensual de Remuneraciones y Costos Laborales,0
CL01:DF_ICL2023_RAMA(1.0),_T,M,ICL2023,VAR12,J,2024-M05,6.271003706150102,R,,2,,Encuesta Mensual de Remuneraciones y Costos Laborales,0
CL01:DF_ICL2023_RAMA(1.0),_T,M,ICL2023,VAR12,J,2024-M06,7.26866783027087,R,,2,,Encuesta Mensual de Remuneraciones y Costos Laborales,0
CL01:DF_ICL2023_RAMA(1.0),_T,M,ICL2023,VAR12,J,2024-M07,9.263286645995162,R,,2,,Encuesta Mensual de Remuneraciones y Costos Laborales,0
CL01:DF_ICL2023_RAMA(1.0),_T,M,ICL2023,VAR12,J,2024-M08,8.809197628610143,R,,2,,Encuesta Mensual de Remuneraciones y Costos Laborales,0
CL01:DF_ICL2023_RAMA(1.0),_T,M,ICL2023,VAR12,J,2024-M09,8.647644447389457,R,,2,,Encuesta Mensual de Remuneraciones y Costos Laborales,0
CL01:DF_ICL2023_RAMA(1.0),_T,M,ICL2023,VAR12,J,2024-M10,8.586631611889528,R,,2,,Encuesta Mensual de Remuneraciones y Costos Laborales,0
CL01:DF_ICL2023_RAMA(1.0),_T,M,ICL2023,VAR12,J,2024-M11,9.647784414744542,R,,2,,Encuesta Mensual de Remuneraciones y Costos Laborales,0
CL01:DF_ICL2023_RAMA(1.0),_T,M,ICL2023,VAR12,J,2024-M12,9.5316484848734,R,,2,,Encuesta Mensual de Remuneraciones y Costos Laborales,0
CL01:DF_ICL2023_RAMA(1.0),_T,M,ICL2023,VAR12,J,2025-M01,8.96652461972256,R,,2,,Encuesta Mensual de Remuneraciones y Costos Laborales,0
CL01:DF_ICL2023_RAMA(1.0),_T,M,ICL2023,VAR12,J,2025-M02,8.412431421497146,R,,2,,Encuesta Mensual de Remuneraciones y Costos Laborales,0
CL01:DF_ICL2023_RAMA(1.0),_T,M,ICL2023,VAR12,J,2025-M03,7.6101544725605486,R,,2,,Encuesta Mensual de Remuneraciones y Costos Laborales,0
CL01:DF_ICL2023_RAMA(1.0),_T,M,ICL2023,VAR12,J,2025-M04,7.813598236723629,,,2,,Encuesta Mensual de Remuneraciones y Costos Laborales,0
CL01:DF_ICL2023_RAMA(1.0),_T,M,ICL2023,VAR12,J,2025-M05,7.980360479138038,,,2,,Encuesta Mensual de Remuneraciones y Costos Laborales,0
CL01:DF_ICL2023_RAMA(1.0),_T,M,ICL2023,VAR12,J,2025-M06,7.154566061647172,,,2,,Encuesta Mensual de Remuneraciones y Costos Laborales,0
CL01:DF_ICL2023_RAMA(1.0),_T,M,ICL2023,VAR12,J,2025-M07,5.269241457106011,,,2,,Encuesta Mensual de Remuneraciones y Costos Laborales,0
CL01:DF_ICL2023_RAMA(1.0),_T,M,ICL2023,VAR12,J,2025-M08,6.658115704302214,,,2,,Encuesta Mensual de Remuneraciones y Costos Laborales,0
CL01:DF_ICL2023_RAMA(1.0),_T,M,ICL2023,VAR12,J,2025-M09,6.152562841727516,,,2,,Encuesta Mensual de Remuneraciones y Costos Laborales,0
CL01:DF_ICL2023_RAMA(1.0),_T,M,ICL2023,VAR12,J,2025-M10,6.359634166071149,,,2,,Encuesta Mensual de Remuneraciones y Costos Laborales,0
CL01:DF_ICL2023_RAMA(1.0),_T,M,ICL2023,VAR12,J,2025-M11,5.747552899460939,,,2,,Encuesta Mensual de Remuneraciones y Costos Laborales,0
CL01:DF_ICL2023_RAMA(1.0),_T,M,ICL2023,VAR12,J,2025-M12,6.272745339167285,,,2,,Encuesta Mensual de Remuneraciones y Costos Laborales,0
CL01:DF_ICL2023_RAMA(1.0),_T,M,ICL2023,VAR12,J,2026-M01,6.435080209381661,,,2,,Encuesta Mensual de Remuneraciones y Costos Laborales,0
CL01:DF_ICL2023_RAMA(1.0),_T,M,ICL2023,VAR12,J,2026-M02,7.3468793593760795,,,2,,Encuesta Mensual de Remuneraciones y Costos Laborales,0
CL01:DF_ICL2023_RAMA(1.0),_T,M,ICL2023,VAR12,J,2026-M03,7.734499735807376,,Valor provisional,2,,Encuesta Mensual de Remuneraciones y Costos Laborales,0
CL01:DF_ICL2023_RAMA(1.0),_T,M,ICL2023,IX,R,2023-M01,97.73829017343347,R,,2,,Encuesta Mensual de Remuneraciones y Costos Laborales,0
CL01:DF_ICL2023_RAMA(1.0),_T,M,ICL2023,IX,R,2023-M02,97.23975249775205,R,,2,,Encuesta Mensual de Remuneraciones y Costos Laborales,0
CL01:DF_ICL2023_RAMA(1.0),_T,M,ICL2023,IX,R,2023-M03,99.72814852059587,R,,2,,Encuesta Mensual de Remuneraciones y Costos Laborales,0
CL01:DF_ICL2023_RAMA(1.0),_T,M,ICL2023,IX,R,2023-M04,99.83227222710711,R,,2,,Encuesta Mensual de Remuneraciones y Costos Laborales,0
CL01:DF_ICL2023_RAMA(1.0),_T,M,ICL2023,IX,R,2023-M05,99.59009183442677,R,,2,,Encuesta Mensual de Remuneraciones y Costos Laborales,0
CL01:DF_ICL2023_RAMA(1.0),_T,M,ICL2023,IX,R,2023-M06,99.5633146472784,R,,2,,Encuesta Mensual de Remuneraciones y Costos Laborales,0
CL01:DF_ICL2023_RAMA(1.0),_T,M,ICL2023,IX,R,2023-M07,101.16333677681325,R,,2,,Encuesta Mensual de Remuneraciones y Costos Laborales,0
CL01:DF_ICL2023_RAMA(1.0),_T,M,ICL2023,IX,R,2023-M08,100.61321717277805,R,,2,,Encuesta Mensual de Remuneraciones y Costos Laborales,0
CL01:DF_ICL2023_RAMA(1.0),_T,M,ICL2023,IX,R,2023-M09,101.7516208438671,R,,2,,Encuesta Mensual de Remuneraciones y Costos Laborales,0
CL01:DF_ICL2023_RAMA(1.0),_T,M,ICL2023,IX,R,2023-M10,100.5761250110248,R,,2,,Encuesta Mensual de Remuneraciones y Costos Laborales,0
CL01:DF_ICL2023_RAMA(1.0),_T,M,ICL2023,IX,R,2023-M11,100.53270686520067,R,,2,,Encuesta Mensual de Remuneraciones y Costos Laborales,0
CL01:DF_ICL2023_RAMA(1.0),_T,M,ICL2023,IX,R,2023-M12,101.67112342972253,R,,2,,Encuesta Mensual de Remuneraciones y Costos Laborales,0
CL01:DF_ICL2023_RAMA(1.0),_T,M,ICL2023,IX,R,2024-M01,103.19725809972998,R,,2,,Encuesta Mensual de Remuneraciones y Costos Laborales,0
CL01:DF_ICL2023_RAMA(1.0),_T,M,ICL2023,IX,R,2024-M02,102.88189764440968,R,,2,,Encuesta Mensual de Remuneraciones y Costos Laborales,0
CL01:DF_ICL2023_RAMA(1.0),_T,M,ICL2023,IX,R,2024-M03,105.33587259371154,R,,2,,Encuesta Mensual de Remuneraciones y Costos Laborales,0
CL01:DF_ICL2023_RAMA(1.0),_T,M,ICL2023,IX,R,2024-M04,105.75909245266209,,,2,,Encuesta Mensual de Remuneraciones y Costos Laborales,0
CL01:DF_ICL2023_RAMA(1.0),_T,M,ICL2023,IX,R,2024-M05,106.05163431392243,,,2,,Encuesta Mensual de Remuneraciones y Costos Laborales,0
CL01:DF_ICL2023_RAMA(1.0),_T,M,ICL2023,IX,R,2024-M06,108.02678918835959,,,2,,Encuesta Mensual de Remuneraciones y Costos Laborales,0
CL01:DF_ICL2023_RAMA(1.0),_T,M,ICL2023,IX,R,2024-M07,110.31204465125002,,,2,,Encuesta Mensual de Remuneraciones y Costos Laborales,0
CL01:DF_ICL2023_RAMA(1.0),_T,M,ICL2023,IX,R,2024-M08,110.36202054313169,,,2,,Encuesta Mensual de Remuneraciones y Costos Laborales,0
CL01:DF_ICL2023_RAMA(1.0),_T,M,ICL2023,IX,R,2024-M09,111.5208549953465,,,2,,Encuesta Mensual de Remuneraciones y Costos Laborales,0
CL01:DF_ICL2023_RAMA(1.0),_T,M,ICL2023,IX,R,2024-M10,110.78214993546797,,,2,,Encuesta Mensual de Remuneraciones y Costos Laborales,0
CL01:DF_ICL2023_RAMA(1.0),_T,M,ICL2023,IX,R,2024-M11,112.17905588783091,,,2,,Encuesta Mensual de Remuneraciones y Costos Laborales,0
CL01:DF_ICL2023_RAMA(1.0),_T,M,ICL2023,IX,R,2024-M12,112.53589721071259,,,2,,Encuesta Mensual de Remuneraciones y Costos Laborales,0
CL01:DF_ICL2023_RAMA(1.0),_T,M,ICL2023,IX,R,2025-M01,115.13116075362949,,,2,,Encuesta Mensual de Remuneraciones y Costos Laborales,0
CL01:DF_ICL2023_RAMA(1.0),_T,M,ICL2023,IX,R,2025-M02,115.3573513106181,,,2,,Encuesta Mensual de Remuneraciones y Costos Laborales,0
CL01:DF_ICL2023_RAMA(1.0),_T,M,ICL2023,IX,R,2025-M03,116.64434873246066,,,2,,Encuesta Mensual de Remuneraciones y Costos Laborales,0
CL01:DF_ICL2023_RAMA(1.0),_T,M,ICL2023,IX,R,2025-M04,116.8625233754079,,,2,,Encuesta Mensual de Remuneraciones y Costos Laborales,0
CL01:DF_ICL2023_RAMA(1.0),_T,M,ICL2023,IX,R,2025-M05,118.12969909164083,,,2,,Encuesta Mensual de Remuneraciones y Costos Laborales,0
CL01:DF_ICL2023_RAMA(1.0),_T,M,ICL2023,IX,R,2025-M06,120.09054296897943,,,2,,Encuesta Mensual de Remuneraciones y Costos Laborales,0
CL01:DF_ICL2023_RAMA(1.0),_T,M,ICL2023,IX,R,2025-M07,119.31964389947517,,,2,,Encuesta Mensual de Remuneraciones y Costos Laborales,0
CL01:DF_ICL2023_RAMA(1.0),_T,M,ICL2023,IX,R,2025-M08,120.71820843741313,,,2,,Encuesta Mensual de Remuneraciones y Costos Laborales,0
CL01:DF_ICL2023_RAMA(1.0),_T,M,ICL2023,IX,R,2025-M09,122.09250759740208,,,2,,Encuesta Mensual de Remuneraciones y Costos Laborales,0
CL01:DF_ICL2023_RAMA(1.0),_T,M,ICL2023,IX,R,2025-M10,120.43088392743987,,,2,,Encuesta Mensual de Remuneraciones y Costos Laborales,0
CL01:DF_ICL2023_RAMA(1.0),_T,M,ICL2023,IX,R,2025-M11,120.70032725900592,,,2,,Encuesta Mensual de Remuneraciones y Costos Laborales,0
CL01:DF_ICL2023_RAMA(1.0),_T,M,ICL2023,IX,R,2025-M12,121.9456437797529,,,2,,Encuesta Mensual de Remuneraciones y Costos Laborales,0
CL01:DF_ICL2023_RAMA(1.0),_T,M,ICL2023,IX,R,2026-M01,123.69907621839394,,,2,,Encuesta Mensual de Remuneraciones y Costos Laborales,0
CL01:DF_ICL2023_RAMA(1.0),_T,M,ICL2023,IX,R,2026-M02,124.41364344379453,,,2,,Encuesta Mensual de Remuneraciones y Costos Laborales,0
CL01:DF_ICL2023_RAMA(1.0),_T,M,ICL2023,IX,R,2026-M03,126.9039919650238,,Valor provisional,2,,Encuesta Mensual de Remuneraciones y Costos Laborales,0
CL01:DF_ICL2023_RAMA(1.0),_T,M,ICL2023,IX,B,2023-M01,98.15388750675903,R,,2,,Encuesta Mensual de Remuneraciones y Costos Laborales,0
CL01:DF_ICL2023_RAMA(1.0),_T,M,ICL2023,IX,B,2023-M02,97.03963301962614,R,,2,,Encuesta Mensual de Remuneraciones y Costos Laborales,0
CL01:DF_ICL2023_RAMA(1.0),_T,M,ICL2023,IX,B,2023-M03,98.34217935156981,R,,2,,Encuesta Mensual de Remuneraciones y Costos Laborales,0
CL01:DF_ICL2023_RAMA(1.0),_T,M,ICL2023,IX,B,2023-M04,99.63260729688935,R,,2,,Encuesta Mensual de Remuneraciones y Costos Laborales,0
CL01:DF_ICL2023_RAMA(1.0),_T,M,ICL2023,IX,B,2023-M05,98.44726014103722,R,,2,,Encuesta Mensual de Remuneraciones y Costos Laborales,0
CL01:DF_ICL2023_RAMA(1.0),_T,M,ICL2023,IX,B,2023-M06,99.19386842705266,R,,2,,Encuesta Mensual de Remuneraciones y Costos Laborales,0
CL01:DF_ICL2023_RAMA(1.0),_T,M,ICL2023,IX,B,2023-M07,100.87738677110396,R,,2,,Encuesta Mensual de Remuneraciones y Costos Laborales,0
CL01:DF_ICL2023_RAMA(1.0),_T,M,ICL2023,IX,B,2023-M08,100.58269040301288,R,,2,,Encuesta Mensual de Remuneraciones y Costos Laborales,0
CL01:DF_ICL2023_RAMA(1.0),_T,M,ICL2023,IX,B,2023-M09,101.6770332106615,R,,2,,Encuesta Mensual de Remuneraciones y Costos Laborales,0
CL01:DF_ICL2023_RAMA(1.0),_T,M,ICL2023,IX,B,2023-M10,101.66299173279135,R,,2,,Encuesta Mensual de Remuneraciones y Costos Laborales,0
CL01:DF_ICL2023_RAMA(1.0),_T,M,ICL2023,IX,B,2023-M11,101.61773997857999,R,,2,,Encuesta Mensual de Remuneraciones y Costos Laborales,0
CL01:DF_ICL2023_RAMA(1.0),_T,M,ICL2023,IX,B,2023-M12,102.77272216091602,R,,2,,Encuesta Mensual de Remuneraciones y Costos Laborales,0
CL01:DF_ICL2023_RAMA(1.0),_T,M,ICL2023,IX,B,2024-M01,104.23748968712039,R,,2,,Encuesta Mensual de Remuneraciones y Costos Laborales,0
CL01:DF_ICL2023_RAMA(1.0),_T,M,ICL2023,IX,B,2024-M02,102.46287291512436,R,,2,,Encuesta Mensual de Remuneraciones y Costos Laborales,0
CL01:DF_ICL2023_RAMA(1.0),_T,M,ICL2023,IX,B,2024-M03,105.46875864139405,R,,2,,Encuesta Mensual de Remuneraciones y Costos Laborales,0
CL01:DF_ICL2023_RAMA(1.0),_T,M,ICL2023,IX,B,2024-M04,107.07050775850179,,,2,,Encuesta Mensual de Remuneraciones y Costos Laborales,0
CL01:DF_ICL2023_RAMA(1.0),_T,M,ICL2023,IX,B,2024-M05,106.8809769986077,,,2,,Encuesta Mensual de Remuneraciones y Costos Laborales,0
CL01:DF_ICL2023_RAMA(1.0),_T,M,ICL2023,IX,B,2024-M06,105.98835413765266,,,2,,Encuesta Mensual de Remuneraciones y Costos Laborales,0
CL01:DF_ICL2023_RAMA(1.0),_T,M,ICL2023,IX,B,2024-M07,107.18209294954394,,,2,,Encuesta Mensual de Remuneraciones y Costos Laborales,0
CL01:DF_ICL2023_RAMA(1.0),_T,M,ICL2023,IX,B,2024-M08,107.25162202189613,,,2,,Encuesta Mensual de Remuneraciones y Costos Laborales,0
CL01:DF_ICL2023_RAMA(1.0),_T,M,ICL2023,IX,B,2024-M09,110.04358940899749,,,2,,Encuesta Mensual de Remuneraciones y Costos Laborales,0
CL01:DF_ICL2023_RAMA(1.0),_T,M,ICL2023,IX,B,2024-M10,110.26415939721294,,,2,,Encuesta Mensual de Remuneraciones y Costos Laborales,0
CL01:DF_ICL2023_RAMA(1.0),_T,M,ICL2023,IX,B,2024-M11,109.22556454822126,,,2,,Encuesta Mensual de Remuneraciones y Costos Laborales,0
CL01:DF_ICL2023_RAMA(1.0),_T,M,ICL2023,IX,B,2024-M12,109.22201719458921,,,2,,Encuesta Mensual de Remuneraciones y Costos Laborales,0
CL01:DF_ICL2023_RAMA(1.0),_T,M,ICL2023,IX,B,2025-M01,111.10462447406296,,,2,,Encuesta Mensual de Remuneraciones y Costos Laborales,0
CL01:DF_ICL2023_RAMA(1.0),_T,M,ICL2023,IX,B,2025-M02,108.31261402353316,,,2,,Encuesta Mensual de Remuneraciones y Costos Laborales,0
CL01:DF_ICL2023_RAMA(1.0),_T,M,ICL2023,IX,B,2025-M03,110.75966563801708,,,2,,Encuesta Mensual de Remuneraciones y Costos Laborales,0
CL01:DF_ICL2023_RAMA(1.0),_T,M,ICL2023,IX,B,2025-M04,114.17985498858202,,,2,,Encuesta Mensual de Remuneraciones y Costos Laborales,0
CL01:DF_ICL2023_RAMA(1.0),_T,M,ICL2023,IX,B,2025-M05,113.19763613852064,,,2,,Encuesta Mensual de Remuneraciones y Costos Laborales,0
CL01:DF_ICL2023_RAMA(1.0),_T,M,ICL2023,IX,B,2025-M06,112.95339498592105,,,2,,Encuesta Mensual de Remuneraciones y Costos Laborales,0
CL01:DF_ICL2023_RAMA(1.0),_T,M,ICL2023,IX,B,2025-M07,114.72715644706496,,,2,,Encuesta Mensual de Remuneraciones y Costos Laborales,0
CL01:DF_ICL2023_RAMA(1.0),_T,M,ICL2023,IX,B,2025-M08,115.66193941748149,,,2,,Encuesta Mensual de Remuneraciones y Costos Laborales,0
CL01:DF_ICL2023_RAMA(1.0),_T,M,ICL2023,IX,B,2025-M09,116.60896111897027,,,2,,Encuesta Mensual de Remuneraciones y Costos Laborales,0
CL01:DF_ICL2023_RAMA(1.0),_T,M,ICL2023,IX,B,2025-M10,115.38175696052136,,,2,,Encuesta Mensual de Remuneraciones y Costos Laborales,0
CL01:DF_ICL2023_RAMA(1.0),_T,M,ICL2023,IX,B,2025-M11,116.08999755210057,,,2,,Encuesta Mensual de Remuneraciones y Costos Laborales,0
CL01:DF_ICL2023_RAMA(1.0),_T,M,ICL2023,IX,B,2025-M12,117.67526170864066,,,2,,Encuesta Mensual de Remuneraciones y Costos Laborales,0
CL01:DF_ICL2023_RAMA(1.0),_T,M,ICL2023,IX,B,2026-M01,118.59746538230563,,,2,,Encuesta Mensual de Remuneraciones y Costos Laborales,0
CL01:DF_ICL2023_RAMA(1.0),_T,M,ICL2023,IX,B,2026-M02,116.56600870730227,,,2,,Encuesta Mensual de Remuneraciones y Costos Laborales,0
CL01:DF_ICL2023_RAMA(1.0),_T,M,ICL2023,IX,B,2026-M03,118.65403226450402,,Valor provisional,2,,Encuesta Mensual de Remuneraciones y Costos Laborales,0
CL01:DF_ICL2023_RAMA(1.0),_T,M,ICL2023,IX,M,2023-M01,98.18636060961666,R,,2,,Encuesta Mensual de Remuneraciones y Costos Laborales,0
CL01:DF_ICL2023_RAMA(1.0),_T,M,ICL2023,IX,M,2023-M02,97.16396370403301,R,,2,,Encuesta Mensual de Remuneraciones y Costos Laborales,0
CL01:DF_ICL2023_RAMA(1.0),_T,M,ICL2023,IX,M,2023-M03,98.0374347256792,R,,2,,Encuesta Mensual de Remuneraciones y Costos Laborales,0
CL01:DF_ICL2023_RAMA(1.0),_T,M,ICL2023,IX,M,2023-M04,99.27552422599575,R,,2,,Encuesta Mensual de Remuneraciones y Costos Laborales,0
CL01:DF_ICL2023_RAMA(1.0),_T,M,ICL2023,IX,M,2023-M05,98.19910908112422,R,,2,,Encuesta Mensual de Remuneraciones y Costos Laborales,0
CL01:DF_ICL2023_RAMA(1.0),_T,M,ICL2023,IX,M,2023-M06,99.35973557128092,R,,2,,Encuesta Mensual de Remuneraciones y Costos Laborales,0
CL01:DF_ICL2023_RAMA(1.0),_T,M,ICL2023,IX,M,2023-M07,100.40274984637789,R,,2,,Encuesta Mensual de Remuneraciones y Costos Laborales,0
CL01:DF_ICL2023_RAMA(1.0),_T,M,ICL2023,IX,M,2023-M08,101.05764450620197,R,,2,,Encuesta Mensual de Remuneraciones y Costos Laborales,0
CL01:DF_ICL2023_RAMA(1.0),_T,M,ICL2023,IX,M,2023-M09,102.19158873481813,R,,2,,Encuesta Mensual de Remuneraciones y Costos Laborales,0
CL01:DF_ICL2023_RAMA(1.0),_T,M,ICL2023,IX,M,2023-M10,101.36989965198109,R,,2,,Encuesta Mensual de Remuneraciones y Costos Laborales,0
CL01:DF_ICL2023_RAMA(1.0),_T,M,ICL2023,IX,M,2023-M11,102.14733610181699,R,,2,,Encuesta Mensual de Remuneraciones y Costos Laborales,0
CL01:DF_ICL2023_RAMA(1.0),_T,M,ICL2023,IX,M,2023-M12,102.6086532410742,R,,2,,Encuesta Mensual de Remuneraciones y Costos Laborales,0
CL01:DF_ICL2023_RAMA(1.0),_T,M,ICL2023,IX,M,2024-M01,103.54416272592094,R,,2,,Encuesta Mensual de Remuneraciones y Costos Laborales,0
CL01:DF_ICL2023_RAMA(1.0),_T,M,ICL2023,IX,M,2024-M02,103.96489745902565,R,,2,,Encuesta Mensual de Remuneraciones y Costos Laborales,0
CL01:DF_ICL2023_RAMA(1.0),_T,M,ICL2023,IX,M,2024-M03,105.26722983548851,R,,2,,Encuesta Mensual de Remuneraciones y Costos Laborales,0
CL01:DF_ICL2023_RAMA(1.0),_T,M,ICL2023,IX,M,2024-M04,106.26543851117856,,,2,,Encuesta Mensual de Remuneraciones y Costos Laborales,0
CL01:DF_ICL2023_RAMA(1.0),_T,M,ICL2023,IX,M,2024-M05,107.8714760231419,,,2,,Encuesta Mensual de Remuneraciones y Costos Laborales,0
CL01:DF_ICL2023_RAMA(1.0),_T,M,ICL2023,IX,M,2024-M06,108.14181616901456,,,2,,Encuesta Mensual de Remuneraciones y Costos Laborales,0
CL01:DF_ICL2023_RAMA(1.0),_T,M,ICL2023,IX,M,2024-M07,109.95331078213346,,,2,,Encuesta Mensual de Remuneraciones y Costos Laborales,0
CL01:DF_ICL2023_RAMA(1.0),_T,M,ICL2023,IX,M,2024-M08,110.54934789034306,,,2,,Encuesta Mensual de Remuneraciones y Costos Laborales,0
CL01:DF_ICL2023_RAMA(1.0),_T,M,ICL2023,IX,M,2024-M09,110.57880571206995,,,2,,Encuesta Mensual de Remuneraciones y Costos Laborales,0
CL01:DF_ICL2023_RAMA(1.0),_T,M,ICL2023,IX,M,2024-M10,111.55713453851273,,,2,,Encuesta Mensual de Remuneraciones y Costos Laborales,0
CL01:DF_ICL2023_RAMA(1.0),_T,M,ICL2023,IX,M,2024-M11,111.59860440091455,,,2,,Encuesta Mensual de Remuneraciones y Costos Laborales,0
CL01:DF_ICL2023_RAMA(1.0),_T,M,ICL2023,IX,M,2024-M12,112.92095488037086,,,2,,Encuesta Mensual de Remuneraciones y Costos Laborales,0
CL01:DF_ICL2023_RAMA(1.0),_T,M,ICL2023,IX,M,2025-M01,113.63894436762408,,,2,,Encuesta Mensual de Remuneraciones y Costos Laborales,0
CL01:DF_ICL2023_RAMA(1.0),_T,M,ICL2023,IX,M,2025-M02,115.90559397554308,,,2,,Encuesta Mensual de Remuneraciones y Costos Laborales,0
CL01:DF_ICL2023_RAMA(1.0),_T,M,ICL2023,IX,M,2025-M03,114.76706388341456,,,2,,Encuesta Mensual de Remuneraciones y Costos Laborales,0
CL01:DF_ICL2023_RAMA(1.0),_T,M,ICL2023,IX,M,2025-M04,114.6050100789583,,,2,,Encuesta Mensual de Remuneraciones y Costos Laborales,0
CL01:DF_ICL2023_RAMA(1.0),_T,M,ICL2023,IX,M,2025-M05,114.65294254074041,,,2,,Encuesta Mensual de Remuneraciones y Costos Laborales,0
CL01:DF_ICL2023_RAMA(1.0),_T,M,ICL2023,IX,M,2025-M06,115.64383900805586,,,2,,Encuesta Mensual de Remuneraciones y Costos Laborales,0
CL01:DF_ICL2023_RAMA(1.0),_T,M,ICL2023,IX,M,2025-M07,116.97445482532521,,,2,,Encuesta Mensual de Remuneraciones y Costos Laborales,0
CL01:DF_ICL2023_RAMA(1.0),_T,M,ICL2023,IX,M,2025-M08,117.56424398573488,,,2,,Encuesta Mensual de Remuneraciones y Costos Laborales,0
CL01:DF_ICL2023_RAMA(1.0),_T,M,ICL2023,IX,M,2025-M09,119.04190031413671,,,2,,Encuesta Mensual de Remuneraciones y Costos Laborales,0
CL01:DF_ICL2023_RAMA(1.0),_T,M,ICL2023,IX,M,2025-M10,119.09344465313666,,,2,,Encuesta Mensual de Remuneraciones y Costos Laborales,0
CL01:DF_ICL2023_RAMA(1.0),_T,M,ICL2023,IX,M,2025-M11,119.08690615799466,,,2,,Encuesta Mensual de Remuneraciones y Costos Laborales,0
CL01:DF_ICL2023_RAMA(1.0),_T,M,ICL2023,IX,M,2025-M12,121.93729654652853,,,2,,Encuesta Mensual de Remuneraciones y Costos Laborales,0
CL01:DF_ICL2023_RAMA(1.0),_T,M,ICL2023,IX,M,2026-M01,121.46395512162306,,,2,,Encuesta Mensual de Remuneraciones y Costos Laborales,0
CL01:DF_ICL2023_RAMA(1.0),_T,M,ICL2023,IX,M,2026-M02,122.28492943760253,,,2,,Encuesta Mensual de Remuneraciones y Costos Laborales,0
CL01:DF_ICL2023_RAMA(1.0),_T,M,ICL2023,IX,M,2026-M03,122.74727796588331,,Valor provisional,2,,Encuesta Mensual de Remuneraciones y Costos Laborales,0
CL01:DF_ICL2023_RAMA(1.0),_T,M,ICL2023,VAR12,M,2023-M01,,R,,2,,Encuesta Mensual de Remuneraciones y Costos Laborales,0
CL01:DF_ICL2023_RAMA(1.0),_T,M,ICL2023,VAR12,M,2023-M02,,R,,2,,Encuesta Mensual de Remuneraciones y Costos Laborales,0
CL01:DF_ICL2023_RAMA(1.0),_T,M,ICL2023,VAR12,M,2023-M03,,R,,2,,Encuesta Mensual de Remuneraciones y Costos Laborales,0
CL01:DF_ICL2023_RAMA(1.0),_T,M,ICL2023,VAR12,M,2023-M04,,R,,2,,Encuesta Mensual de Remuneraciones y Costos Laborales,0
CL01:DF_ICL2023_RAMA(1.0),_T,M,ICL2023,VAR12,M,2023-M05,,R,,2,,Encuesta Mensual de Remuneraciones y Costos Laborales,0
CL01:DF_ICL2023_RAMA(1.0),_T,M,ICL2023,VAR12,M,2023-M06,,R,,2,,Encuesta Mensual de Remuneraciones y Costos Laborales,0
CL01:DF_ICL2023_RAMA(1.0),_T,M,ICL2023,VAR12,M,2023-M07,,R,,2,,Encuesta Mensual de Remuneraciones y Costos Laborales,0
CL01:DF_ICL2023_RAMA(1.0),_T,M,ICL2023,VAR12,M,2023-M08,,R,,2,,Encuesta Mensual de Remuneraciones y Costos Laborales,0
CL01:DF_ICL2023_RAMA(1.0),_T,M,ICL2023,VAR12,M,2023-M09,,R,,2,,Encuesta Mensual de Remuneraciones y Costos Laborales,0
CL01:DF_ICL2023_RAMA(1.0),_T,M,ICL2023,VAR12,M,2023-M10,,R,,2,,Encuesta Mensual de Remuneraciones y Costos Laborales,0
CL01:DF_ICL2023_RAMA(1.0),_T,M,ICL2023,VAR12,M,2023-M11,,R,,2,,Encuesta Mensual de Remuneraciones y Costos Laborales,0
CL01:DF_ICL2023_RAMA(1.0),_T,M,ICL2023,VAR12,M,2023-M12,,R,,2,,Encuesta Mensual de Remuneraciones y Costos Laborales,0
CL01:DF_ICL2023_RAMA(1.0),_T,M,ICL2023,VAR12,M,2024-M01,5.4567682140767015,R,,2,,Encuesta Mensual de Remuneraciones y Costos Laborales,0
CL01:DF_ICL2023_RAMA(1.0),_T,M,ICL2023,VAR12,M,2024-M02,6.999440425988257,R,,2,,Encuesta Mensual de Remuneraciones y Costos Laborales,0
CL01:DF_ICL2023_RAMA(1.0),_T,M,ICL2023,VAR12,M,2024-M03,7.374524976137087,R,,2,,Encuesta Mensual de Remuneraciones y Costos Laborales,0
CL01:DF_ICL2023_RAMA(1.0),_T,M,ICL2023,VAR12,M,2024-M04,7.040924074367627,R,,2,,Encuesta Mensual de Remuneraciones y Costos Laborales,0
CL01:DF_ICL2023_RAMA(1.0),_T,M,ICL2023,VAR12,M,2024-M05,9.84975019888128,R,,2,,Encuesta Mensual de Remuneraciones y Costos Laborales,0
CL01:DF_ICL2023_RAMA(1.0),_T,M,ICL2023,VAR12,M,2024-M06,8.838671467108883,R,,2,,Encuesta Mensual de Remuneraciones y Costos Laborales,0
CL01:DF_ICL2023_RAMA(1.0),_T,M,ICL2023,VAR12,M,2024-M07,9.512250362035402,R,,2,,Encuesta Mensual de Remuneraciones y Costos Laborales,0
CL01:DF_ICL2023_RAMA(1.0),_T,M,ICL2023,VAR12,M,2024-M08,9.392365545942027,R,,2,,Encuesta Mensual de Remuneraciones y Costos Laborales,0
CL01:DF_ICL2023_RAMA(1.0),_T,M,ICL2023,VAR12,M,2024-M09,8.20734571317432,R,,2,,Encuesta Mensual de Remuneraciones y Costos Laborales,0
CL01:DF_ICL2023_RAMA(1.0),_T,M,ICL2023,VAR12,M,2024-M10,10.049565917995418,R,,2,,Encuesta Mensual de Remuneraciones y Costos Laborales,0
CL01:DF_ICL2023_RAMA(1.0),_T,M,ICL2023,VAR12,M,2024-M11,9.252584217836922,R,,2,,Encuesta Mensual de Remuneraciones y Costos Laborales,0
CL01:DF_ICL2023_RAMA(1.0),_T,M,ICL2023,VAR12,M,2024-M12,10.050128632980293,R,,2,,Encuesta Mensual de Remuneraciones y Costos Laborales,0
CL01:DF_ICL2023_RAMA(1.0),_T,M,ICL2023,VAR12,M,2025-M01,9.74925227646468,R,,2,,Encuesta Mensual de Remuneraciones y Costos Laborales,0
CL01:DF_ICL2023_RAMA(1.0),_T,M,ICL2023,VAR12,M,2025-M02,11.485315532796502,R,,2,,Encuesta Mensual de Remuneraciones y Costos Laborales,0
CL01:DF_ICL2023_RAMA(1.0),_T,M,ICL2023,VAR12,M,2025-M03,9.024493247112497,R,,2,,Encuesta Mensual de Remuneraciones y Costos Laborales,0
CL01:DF_ICL2023_RAMA(1.0),_T,M,ICL2023,VAR12,M,2025-M04,7.847868210605902,,,2,,Encuesta Mensual de Remuneraciones y Costos Laborales,0
CL01:DF_ICL2023_RAMA(1.0),_T,M,ICL2023,VAR12,M,2025-M05,6.286616970128112,,,2,,Encuesta Mensual de Remuneraciones y Costos Laborales,0
CL01:DF_ICL2023_RAMA(1.0),_T,M,ICL2023,VAR12,M,2025-M06,6.937208107654125,,,2,,Encuesta Mensual de Remuneraciones y Costos Laborales,0
CL01:DF_ICL2023_RAMA(1.0),_T,M,ICL2023,VAR12,M,2025-M07,6.385568559280386,,,2,,Encuesta Mensual de Remuneraciones y Costos Laborales,0
CL01:DF_ICL2023_RAMA(1.0),_T,M,ICL2023,VAR12,M,2025-M08,6.345488444083891,,,2,,Encuesta Mensual de Remuneraciones y Costos Laborales,0
CL01:DF_ICL2023_RAMA(1.0),_T,M,ICL2023,VAR12,M,2025-M09,7.653450900983083,,,2,,Encuesta Mensual de Remuneraciones y Costos Laborales,0
CL01:DF_ICL2023_RAMA(1.0),_T,M,ICL2023,VAR12,M,2025-M10,6.755560857492426,,,2,,Encuesta Mensual de Remuneraciones y Costos Laborales,0
CL01:DF_ICL2023_RAMA(1.0),_T,M,ICL2023,VAR12,M,2025-M11,6.710031722420662,,,2,,Encuesta Mensual de Remuneraciones y Costos Laborales,0
CL01:DF_ICL2023_RAMA(1.0),_T,M,ICL2023,VAR12,M,2025-M12,7.984648797656413,,,2,,Encuesta Mensual de Remuneraciones y Costos Laborales,0
CL01:DF_ICL2023_RAMA(1.0),_T,M,ICL2023,VAR12,M,2026-M01,6.885853082799609,,,2,,Encuesta Mensual de Remuneraciones y Costos Laborales,0
CL01:DF_ICL2023_RAMA(1.0),_T,M,ICL2023,VAR12,M,2026-M02,5.503906449420826,,,2,,Encuesta Mensual de Remuneraciones y Costos Laborales,0
CL01:DF_ICL2023_RAMA(1.0),_T,M,ICL2023,VAR12,M,2026-M03,6.9534009257006035,,Valor provisional,2,,Encuesta Mensual de Remuneraciones y Costos Laborales,0
CL01:DF_ICL2023_RAMA(1.0),_T,M,ICL2023,VAR12,H,2023-M01,,R,,2,,Encuesta Mensual de Remuneraciones y Costos Laborales,0
CL01:DF_ICL2023_RAMA(1.0),_T,M,ICL2023,VAR12,H,2023-M02,,R,,2,,Encuesta Mensual de Remuneraciones y Costos Laborales,0
CL01:DF_ICL2023_RAMA(1.0),_T,M,ICL2023,VAR12,H,2023-M03,,R,,2,,Encuesta Mensual de Remuneraciones y Costos Laborales,0
CL01:DF_ICL2023_RAMA(1.0),_T,M,ICL2023,VAR12,H,2023-M04,,R,,2,,Encuesta Mensual de Remuneraciones y Costos Laborales,0
CL01:DF_ICL2023_RAMA(1.0),_T,M,ICL2023,VAR12,H,2023-M05,,R,,2,,Encuesta Mensual de Remuneraciones y Costos Laborales,0
CL01:DF_ICL2023_RAMA(1.0),_T,M,ICL2023,VAR12,H,2023-M06,,R,,2,,Encuesta Mensual de Remuneraciones y Costos Laborales,0
CL01:DF_ICL2023_RAMA(1.0),_T,M,ICL2023,VAR12,H,2023-M07,,R,,2,,Encuesta Mensual de Remuneraciones y Costos Laborales,0
CL01:DF_ICL2023_RAMA(1.0),_T,M,ICL2023,VAR12,H,2023-M08,,R,,2,,Encuesta Mensual de Remuneraciones y Costos Laborales,0
CL01:DF_ICL2023_RAMA(1.0),_T,M,ICL2023,VAR12,H,2023-M09,,R,,2,,Encuesta Mensual de Remuneraciones y Costos Laborales,0
CL01:DF_ICL2023_RAMA(1.0),_T,M,ICL2023,VAR12,H,2023-M10,,R,,2,,Encuesta Mensual de Remuneraciones y Costos Laborales,0
CL01:DF_ICL2023_RAMA(1.0),_T,M,ICL2023,VAR12,H,2023-M11,,R,,2,,Encuesta Mensual de Remuneraciones y Costos Laborales,0
CL01:DF_ICL2023_RAMA(1.0),_T,M,ICL2023,VAR12,H,2023-M12,,R,,2,,Encuesta Mensual de Remuneraciones y Costos Laborales,0
CL01:DF_ICL2023_RAMA(1.0),_T,M,ICL2023,VAR12,H,2024-M01,5.442497500531096,R,,2,,Encuesta Mensual de Remuneraciones y Costos Laborales,0
CL01:DF_ICL2023_RAMA(1.0),_T,M,ICL2023,VAR12,H,2024-M02,6.974918586678069,R,,2,,Encuesta Mensual de Remuneraciones y Costos Laborales,0
CL01:DF_ICL2023_RAMA(1.0),_T,M,ICL2023,VAR12,H,2024-M03,7.431019553246432,R,,2,,Encuesta Mensual de Remuneraciones y Costos Laborales,0
CL01:DF_ICL2023_RAMA(1.0),_T,M,ICL2023,VAR12,H,2024-M04,6.197064630528049,R,,2,,Encuesta Mensual de Remuneraciones y Costos Laborales,0
CL01:DF_ICL2023_RAMA(1.0),_T,M,ICL2023,VAR12,H,2024-M05,7.612698766215376,R,,2,,Encuesta Mensual de Remuneraciones y Costos Laborales,0
CL01:DF_ICL2023_RAMA(1.0),_T,M,ICL2023,VAR12,H,2024-M06,7.510045669974841,R,,2,,Encuesta Mensual de Remuneraciones y Costos Laborales,0
CL01:DF_ICL2023_RAMA(1.0),_T,M,ICL2023,VAR12,H,2024-M07,10.35150123258266,R,,2,,Encuesta Mensual de Remuneraciones y Costos Laborales,0
CL01:DF_ICL2023_RAMA(1.0),_T,M,ICL2023,VAR12,H,2024-M08,10.057389873720934,R,,2,,Encuesta Mensual de Remuneraciones y Costos Laborales,0
CL01:DF_ICL2023_RAMA(1.0),_T,M,ICL2023,VAR12,H,2024-M09,7.74227522831632,R,,2,,Encuesta Mensual de Remuneraciones y Costos Laborales,0
CL01:DF_ICL2023_RAMA(1.0),_T,M,ICL2023,VAR12,H,2024-M10,9.506700828842906,R,,2,,Encuesta Mensual de Remuneraciones y Costos Laborales,0
CL01:DF_ICL2023_RAMA(1.0),_T,M,ICL2023,VAR12,H,2024-M11,10.317223717410595,R,,2,,Encuesta Mensual de Remuneraciones y Costos Laborales,0
CL01:DF_ICL2023_RAMA(1.0),_T,M,ICL2023,VAR12,H,2024-M12,9.597554987395629,R,,2,,Encuesta Mensual de Remuneraciones y Costos Laborales,0
CL01:DF_ICL2023_RAMA(1.0),_T,M,ICL2023,VAR12,H,2025-M01,11.40321654694294,R,,2,,Encuesta Mensual de Remuneraciones y Costos Laborales,0
CL01:DF_ICL2023_RAMA(1.0),_T,M,ICL2023,VAR12,H,2025-M02,10.416461769661733,R,,2,,Encuesta Mensual de Remuneraciones y Costos Laborales,0
CL01:DF_ICL2023_RAMA(1.0),_T,M,ICL2023,VAR12,H,2025-M03,10.642846504418024,R,,2,,Encuesta Mensual de Remuneraciones y Costos Laborales,0
CL01:DF_ICL2023_RAMA(1.0),_T,M,ICL2023,VAR12,H,2025-M04,9.988695037802199,,,2,,Encuesta Mensual de Remuneraciones y Costos Laborales,0
CL01:DF_ICL2023_RAMA(1.0),_T,M,ICL2023,VAR12,H,2025-M05,9.681989072760032,,,2,,Encuesta Mensual de Remuneraciones y Costos Laborales,0
CL01:DF_ICL2023_RAMA(1.0),_T,M,ICL2023,VAR12,H,2025-M06,10.376633035918893,,,2,,Encuesta Mensual de Remuneraciones y Costos Laborales,0
CL01:DF_ICL2023_RAMA(1.0),_T,M,ICL2023,VAR12,H,2025-M07,8.3809157618572,,,2,,Encuesta Mensual de Remuneraciones y Costos Laborales,0
CL01:DF_ICL2023_RAMA(1.0),_T,M,ICL2023,VAR12,H,2025-M08,7.977894502537342,,,2,,Encuesta Mensual de Remuneraciones y Costos Laborales,0
CL01:DF_ICL2023_RAMA(1.0),_T,M,ICL2023,VAR12,H,2025-M09,6.954513363600046,,,2,,Encuesta Mensual de Remuneraciones y Costos Laborales,0
CL01:DF_ICL2023_RAMA(1.0),_T,M,ICL2023,VAR12,H,2025-M10,6.409246521334211,,,2,,Encuesta Mensual de Remuneraciones y Costos Laborales,0
CL01:DF_ICL2023_RAMA(1.0),_T,M,ICL2023,VAR12,H,2025-M11,6.182386459790146,,,2,,Encuesta Mensual de Remuneraciones y Costos Laborales,0
CL01:DF_ICL2023_RAMA(1.0),_T,M,ICL2023,VAR12,H,2025-M12,6.200352817583932,,,2,,Encuesta Mensual de Remuneraciones y Costos Laborales,0
CL01:DF_ICL2023_RAMA(1.0),_T,M,ICL2023,VAR12,H,2026-M01,6.671583877604914,,,2,,Encuesta Mensual de Remuneraciones y Costos Laborales,0
CL01:DF_ICL2023_RAMA(1.0),_T,M,ICL2023,VAR12,H,2026-M02,7.290182842127146,,,2,,Encuesta Mensual de Remuneraciones y Costos Laborales,0
CL01:DF_ICL2023_RAMA(1.0),_T,M,ICL2023,VAR12,H,2026-M03,6.927239902388971,,Valor provisional,2,,Encuesta Mensual de Remuneraciones y Costos Laborales,0
CL01:DF_ICL2023_RAMA(1.0),_T,M,ICL2023,VAR12,B,2023-M01,,R,,2,,Encuesta Mensual de Remuneraciones y Costos Laborales,0
CL01:DF_ICL2023_RAMA(1.0),_T,M,ICL2023,VAR12,B,2023-M02,,R,,2,,Encuesta Mensual de Remuneraciones y Costos Laborales,0
CL01:DF_ICL2023_RAMA(1.0),_T,M,ICL2023,VAR12,B,2023-M03,,R,,2,,Encuesta Mensual de Remuneraciones y Costos Laborales,0
CL01:DF_ICL2023_RAMA(1.0),_T,M,ICL2023,VAR12,B,2023-M04,,R,,2,,Encuesta Mensual de Remuneraciones y Costos Laborales,0
CL01:DF_ICL2023_RAMA(1.0),_T,M,ICL2023,VAR12,B,2023-M05,,R,,2,,Encuesta Mensual de Remuneraciones y Costos Laborales,0
CL01:DF_ICL2023_RAMA(1.0),_T,M,ICL2023,VAR12,B,2023-M06,,R,,2,,Encuesta Mensual de Remuneraciones y Costos Laborales,0
CL01:DF_ICL2023_RAMA(1.0),_T,M,ICL2023,VAR12,B,2023-M07,,R,,2,,Encuesta Mensual de Remuneraciones y Costos Laborales,0
CL01:DF_ICL2023_RAMA(1.0),_T,M,ICL2023,VAR12,B,2023-M08,,R,,2,,Encuesta Mensual de Remuneraciones y Costos Laborales,0
CL01:DF_ICL2023_RAMA(1.0),_T,M,ICL2023,VAR12,B,2023-M09,,R,,2,,Encuesta Mensual de Remuneraciones y Costos Laborales,0
CL01:DF_ICL2023_RAMA(1.0),_T,M,ICL2023,VAR12,B,2023-M10,,R,,2,,Encuesta Mensual de Remuneraciones y Costos Laborales,0
CL01:DF_ICL2023_RAMA(1.0),_T,M,ICL2023,VAR12,B,2023-M11,,R,,2,,Encuesta Mensual de Remuneraciones y Costos Laborales,0
CL01:DF_ICL2023_RAMA(1.0),_T,M,ICL2023,VAR12,B,2023-M12,,R,,2,,Encuesta Mensual de Remuneraciones y Costos Laborales,0
CL01:DF_ICL2023_RAMA(1.0),_T,M,ICL2023,VAR12,B,2024-M01,6.19802468846935,R,,2,,Encuesta Mensual de Remuneraciones y Costos Laborales,0
CL01:DF_ICL2023_RAMA(1.0),_T,M,ICL2023,VAR12,B,2024-M02,5.588685495545298,R,,2,,Encuesta Mensual de Remuneraciones y Costos Laborales,0
CL01:DF_ICL2023_RAMA(1.0),_T,M,ICL2023,VAR12,B,2024-M03,7.246716858233304,R,,2,,Encuesta Mensual de Remuneraciones y Costos Laborales,0
CL01:DF_ICL2023_RAMA(1.0),_T,M,ICL2023,VAR12,B,2024-M04,7.465327530221799,R,,2,,Encuesta Mensual de Remuneraciones y Costos Laborales,0
CL01:DF_ICL2023_RAMA(1.0),_T,M,ICL2023,VAR12,B,2024-M05,8.566735981771556,R,,2,,Encuesta Mensual de Remuneraciones y Costos Laborales,0
CL01:DF_ICL2023_RAMA(1.0),_T,M,ICL2023,VAR12,B,2024-M06,6.8497033318109635,R,,2,,Encuesta Mensual de Remuneraciones y Costos Laborales,0
CL01:DF_ICL2023_RAMA(1.0),_T,M,ICL2023,VAR12,B,2024-M07,6.249870640231481,R,,2,,Encuesta Mensual de Remuneraciones y Costos Laborales,0
CL01:DF_ICL2023_RAMA(1.0),_T,M,ICL2023,VAR12,B,2024-M08,6.630297511592009,R,,2,,Encuesta Mensual de Remuneraciones y Costos Laborales,0
CL01:DF_ICL2023_RAMA(1.0),_T,M,ICL2023,VAR12,B,2024-M09,8.22856050589278,R,,2,,Encuesta Mensual de Remuneraciones y Costos Laborales,0
CL01:DF_ICL2023_RAMA(1.0),_T,M,ICL2023,VAR12,B,2024-M10,8.46047073553442,R,,2,,Encuesta Mensual de Remuneraciones y Costos Laborales,0
CL01:DF_ICL2023_RAMA(1.0),_T,M,ICL2023,VAR12,B,2024-M11,7.486709083714049,R,,2,,Encuesta Mensual de Remuneraciones y Costos Laborales,0
CL01:DF_ICL2023_RAMA(1.0),_T,M,ICL2023,VAR12,B,2024-M12,6.275298443078348,R,,2,,Encuesta Mensual de Remuneraciones y Costos Laborales,0
CL01:DF_ICL2023_RAMA(1.0),_T,M,ICL2023,VAR12,B,2025-M01,6.58797022794293,R,,2,,Encuesta Mensual de Remuneraciones y Costos Laborales,0
CL01:DF_ICL2023_RAMA(1.0),_T,M,ICL2023,VAR12,B,2025-M02,5.709132432051223,R,,2,,Encuesta Mensual de Remuneraciones y Costos Laborales,0
CL01:DF_ICL2023_RAMA(1.0),_T,M,ICL2023,VAR12,B,2025-M03,5.0165632598490495,R,,2,,Encuesta Mensual de Remuneraciones y Costos Laborales,0
CL01:DF_ICL2023_RAMA(1.0),_T,M,ICL2023,VAR12,B,2025-M04,6.639874395772383,,,2,,Encuesta Mensual de Remuneraciones y Costos Laborales,0
CL01:DF_ICL2023_RAMA(1.0),_T,M,ICL2023,VAR12,B,2025-M05,5.90999382424735,,,2,,Encuesta Mensual de Remuneraciones y Costos Laborales,0
CL01:DF_ICL2023_RAMA(1.0),_T,M,ICL2023,VAR12,B,2025-M06,6.571515243290338,,,2,,Encuesta Mensual de Remuneraciones y Costos Laborales,0
CL01:DF_ICL2023_RAMA(1.0),_T,M,ICL2023,VAR12,B,2025-M07,7.0394814001932815,,,2,,Encuesta Mensual de Remuneraciones y Costos Laborales,0
CL01:DF_ICL2023_RAMA(1.0),_T,M,ICL2023,VAR12,B,2025-M08,7.841669186008526,,,2,,Encuesta Mensual de Remuneraciones y Costos Laborales,0
CL01:DF_ICL2023_RAMA(1.0),_T,M,ICL2023,VAR12,B,2025-M09,5.9661555436649305,,,2,,Encuesta Mensual de Remuneraciones y Costos Laborales,0
CL01:DF_ICL2023_RAMA(1.0),_T,M,ICL2023,VAR12,B,2025-M10,4.641215777896535,,,2,,Encuesta Mensual de Remuneraciones y Costos Laborales,0
CL01:DF_ICL2023_RAMA(1.0),_T,M,ICL2023,VAR12,B,2025-M11,6.284639527634384,,,2,,Encuesta Mensual de Remuneraciones y Costos Laborales,0
CL01:DF_ICL2023_RAMA(1.0),_T,M,ICL2023,VAR12,B,2025-M12,7.739505945024994,,,2,,Encuesta Mensual de Remuneraciones y Costos Laborales,0
CL01:DF_ICL2023_RAMA(1.0),_T,M,ICL2023,VAR12,B,2026-M01,6.743950527452491,,,2,,Encuesta Mensual de Remuneraciones y Costos Laborales,0
CL01:DF_ICL2023_RAMA(1.0),_T,M,ICL2023,VAR12,B,2026-M02,7.61997552932836,,,2,,Encuesta Mensual de Remuneraciones y Costos Laborales,0
CL01:DF_ICL2023_RAMA(1.0),_T,M,ICL2023,VAR12,B,2026-M03,7.127474230815367,,Valor provisional,2,,Encuesta Mensual de Remuneraciones y Costos Laborales,0
CL01:DF_ICL2023_RAMA(1.0),_T,M,ICL2023,IX,K,2023-M01,97.39831057408173,R,,2,,Encuesta Mensual de Remuneraciones y Costos Laborales,0
CL01:DF_ICL2023_RAMA(1.0),_T,M,ICL2023,IX,K,2023-M02,97.5558987125908,R,,2,,Encuesta Mensual de Remuneraciones y Costos Laborales,0
CL01:DF_ICL2023_RAMA(1.0),_T,M,ICL2023,IX,K,2023-M03,97.91697924615325,R,,2,,Encuesta Mensual de Remuneraciones y Costos Laborales,0
CL01:DF_ICL2023_RAMA(1.0),_T,M,ICL2023,IX,K,2023-M04,98.90985566120385,R,,2,,Encuesta Mensual de Remuneraciones y Costos Laborales,0
CL01:DF_ICL2023_RAMA(1.0),_T,M,ICL2023,IX,K,2023-M05,98.8108538558995,R,,2,,Encuesta Mensual de Remuneraciones y Costos Laborales,0
CL01:DF_ICL2023_RAMA(1.0),_T,M,ICL2023,IX,K,2023-M06,100.00678564513677,R,,2,,Encuesta Mensual de Remuneraciones y Costos Laborales,0
CL01:DF_ICL2023_RAMA(1.0),_T,M,ICL2023,IX,K,2023-M07,100.74906928890411,R,,2,,Encuesta Mensual de Remuneraciones y Costos Laborales,0
CL01:DF_ICL2023_RAMA(1.0),_T,M,ICL2023,IX,K,2023-M08,100.820979970466,R,,2,,Encuesta Mensual de Remuneraciones y Costos Laborales,0
CL01:DF_ICL2023_RAMA(1.0),_T,M,ICL2023,IX,K,2023-M09,101.78498733731168,R,,2,,Encuesta Mensual de Remuneraciones y Costos Laborales,0
CL01:DF_ICL2023_RAMA(1.0),_T,M,ICL2023,IX,K,2023-M10,101.17438737076627,R,,2,,Encuesta Mensual de Remuneraciones y Costos Laborales,0
CL01:DF_ICL2023_RAMA(1.0),_T,M,ICL2023,IX,K,2023-M11,101.69387988165768,R,,2,,Encuesta Mensual de Remuneraciones y Costos Laborales,0
CL01:DF_ICL2023_RAMA(1.0),_T,M,ICL2023,IX,K,2023-M12,103.1780124558284,R,,2,,Encuesta Mensual de Remuneraciones y Costos Laborales,0
CL01:DF_ICL2023_RAMA(1.0),_T,M,ICL2023,IX,K,2024-M01,103.00378390214308,R,,2,,Encuesta Mensual de Remuneraciones y Costos Laborales,0
CL01:DF_ICL2023_RAMA(1.0),_T,M,ICL2023,IX,K,2024-M02,103.13691752826428,R,,2,,Encuesta Mensual de Remuneraciones y Costos Laborales,0
CL01:DF_ICL2023_RAMA(1.0),_T,M,ICL2023,IX,K,2024-M03,103.92225817299433,R,,2,,Encuesta Mensual de Remuneraciones y Costos Laborales,0
CL01:DF_ICL2023_RAMA(1.0),_T,M,ICL2023,IX,K,2024-M04,104.82891141059045,,,2,,Encuesta Mensual de Remuneraciones y Costos Laborales,0
CL01:DF_ICL2023_RAMA(1.0),_T,M,ICL2023,IX,K,2024-M05,105.33315793605496,,,2,,Encuesta Mensual de Remuneraciones y Costos Laborales,0
CL01:DF_ICL2023_RAMA(1.0),_T,M,ICL2023,IX,K,2024-M06,105.44508180181393,,,2,,Encuesta Mensual de Remuneraciones y Costos Laborales,0
CL01:DF_ICL2023_RAMA(1.0),_T,M,ICL2023,IX,K,2024-M07,107.13013323470902,,,2,,Encuesta Mensual de Remuneraciones y Costos Laborales,0
CL01:DF_ICL2023_RAMA(1.0),_T,M,ICL2023,IX,K,2024-M08,107.25885315753669,,,2,,Encuesta Mensual de Remuneraciones y Costos Laborales,0
CL01:DF_ICL2023_RAMA(1.0),_T,M,ICL2023,IX,K,2024-M09,107.80914725741441,,,2,,Encuesta Mensual de Remuneraciones y Costos Laborales,0
CL01:DF_ICL2023_RAMA(1.0),_T,M,ICL2023,IX,K,2024-M10,107.71459830636215,,,2,,Encuesta Mensual de Remuneraciones y Costos Laborales,0
CL01:DF_ICL2023_RAMA(1.0),_T,M,ICL2023,IX,K,2024-M11,108.80610954408063,,,2,,Encuesta Mensual de Remuneraciones y Costos Laborales,0
CL01:DF_ICL2023_RAMA(1.0),_T,M,ICL2023,IX,K,2024-M12,108.79916749222005,,,2,,Encuesta Mensual de Remuneraciones y Costos Laborales,0
CL01:DF_ICL2023_RAMA(1.0),_T,M,ICL2023,IX,K,2025-M01,109.2220017528671,,,2,,Encuesta Mensual de Remuneraciones y Costos Laborales,0
CL01:DF_ICL2023_RAMA(1.0),_T,M,ICL2023,IX,K,2025-M02,109.77887248241738,,,2,,Encuesta Mensual de Remuneraciones y Costos Laborales,0
CL01:DF_ICL2023_RAMA(1.0),_T,M,ICL2023,IX,K,2025-M03,110.02058061724985,,,2,,Encuesta Mensual de Remuneraciones y Costos Laborales,0
CL01:DF_ICL2023_RAMA(1.0),_T,M,ICL2023,IX,K,2025-M04,111.9256137951627,,,2,,Encuesta Mensual de Remuneraciones y Costos Laborales,0
CL01:DF_ICL2023_RAMA(1.0),_T,M,ICL2023,IX,K,2025-M05,112.12072508280723,,,2,,Encuesta Mensual de Remuneraciones y Costos Laborales,0
CL01:DF_ICL2023_RAMA(1.0),_T,M,ICL2023,IX,K,2025-M06,113.03533993505391,,,2,,Encuesta Mensual de Remuneraciones y Costos Laborales,0
CL01:DF_ICL2023_RAMA(1.0),_T,M,ICL2023,IX,K,2025-M07,113.2724871180164,,,2,,Encuesta Mensual de Remuneraciones y Costos Laborales,0
CL01:DF_ICL2023_RAMA(1.0),_T,M,ICL2023,IX,K,2025-M08,115.1826324530218,,,2,,Encuesta Mensual de Remuneraciones y Costos Laborales,0
CL01:DF_ICL2023_RAMA(1.0),_T,M,ICL2023,IX,K,2025-M09,114.50132969331062,,,2,,Encuesta Mensual de Remuneraciones y Costos Laborales,0
CL01:DF_ICL2023_RAMA(1.0),_T,M,ICL2023,IX,K,2025-M10,114.46011017771686,,,2,,Encuesta Mensual de Remuneraciones y Costos Laborales,0
CL01:DF_ICL2023_RAMA(1.0),_T,M,ICL2023,IX,K,2025-M11,114.67250572945112,,,2,,Encuesta Mensual de Remuneraciones y Costos Laborales,0
CL01:DF_ICL2023_RAMA(1.0),_T,M,ICL2023,IX,K,2025-M12,115.06474456963056,,,2,,Encuesta Mensual de Remuneraciones y Costos Laborales,0
CL01:DF_ICL2023_RAMA(1.0),_T,M,ICL2023,IX,K,2026-M01,115.81830955126482,,,2,,Encuesta Mensual de Remuneraciones y Costos Laborales,0
CL01:DF_ICL2023_RAMA(1.0),_T,M,ICL2023,IX,K,2026-M02,116.62528619872316,,,2,,Encuesta Mensual de Remuneraciones y Costos Laborales,0
CL01:DF_ICL2023_RAMA(1.0),_T,M,ICL2023,IX,K,2026-M03,115.99655089615243,,Valor provisional,2,,Encuesta Mensual de Remuneraciones y Costos Laborales,0
CL01:DF_ICL2023_RAMA(1.0),_T,M,ICL2023,VAR12,D,2023-M01,,R,,2,,Encuesta Mensual de Remuneraciones y Costos Laborales,0
CL01:DF_ICL2023_RAMA(1.0),_T,M,ICL2023,VAR12,D,2023-M02,,R,,2,,Encuesta Mensual de Remuneraciones y Costos Laborales,0
CL01:DF_ICL2023_RAMA(1.0),_T,M,ICL2023,VAR12,D,2023-M03,,R,,2,,Encuesta Mensual de Remuneraciones y Costos Laborales,0
CL01:DF_ICL2023_RAMA(1.0),_T,M,ICL2023,VAR12,D,2023-M04,,R,,2,,Encuesta Mensual de Remuneraciones y Costos Laborales,0
CL01:DF_ICL2023_RAMA(1.0),_T,M,ICL2023,VAR12,D,2023-M05,,R,,2,,Encuesta Mensual de Remuneraciones y Costos Laborales,0
CL01:DF_ICL2023_RAMA(1.0),_T,M,ICL2023,VAR12,D,2023-M06,,R,,2,,Encuesta Mensual de Remuneraciones y Costos Laborales,0
CL01:DF_ICL2023_RAMA(1.0),_T,M,ICL2023,VAR12,D,2023-M07,,R,,2,,Encuesta Mensual de Remuneraciones y Costos Laborales,0
CL01:DF_ICL2023_RAMA(1.0),_T,M,ICL2023,VAR12,D,2023-M08,,R,,2,,Encuesta Mensual de Remuneraciones y Costos Laborales,0
CL01:DF_ICL2023_RAMA(1.0),_T,M,ICL2023,VAR12,D,2023-M09,,R,,2,,Encuesta Mensual de Remuneraciones y Costos Laborales,0
CL01:DF_ICL2023_RAMA(1.0),_T,M,ICL2023,VAR12,D,2023-M10,,R,,2,,Encuesta Mensual de Remuneraciones y Costos Laborales,0
CL01:DF_ICL2023_RAMA(1.0),_T,M,ICL2023,VAR12,D,2023-M11,,R,,2,,Encuesta Mensual de Remuneraciones y Costos Laborales,0
CL01:DF_ICL2023_RAMA(1.0),_T,M,ICL2023,VAR12,D,2023-M12,,R,,2,,Encuesta Mensual de Remuneraciones y Costos Laborales,0
CL01:DF_ICL2023_RAMA(1.0),_T,M,ICL2023,VAR12,D,2024-M01,7.949261327487078,R,,2,,Encuesta Mensual de Remuneraciones y Costos Laborales,0
CL01:DF_ICL2023_RAMA(1.0),_T,M,ICL2023,VAR12,D,2024-M02,7.404007433931037,R,,2,,Encuesta Mensual de Remuneraciones y Costos Laborales,0
CL01:DF_ICL2023_RAMA(1.0),_T,M,ICL2023,VAR12,D,2024-M03,7.680054303839157,R,,2,,Encuesta Mensual de Remuneraciones y Costos Laborales,0
CL01:DF_ICL2023_RAMA(1.0),_T,M,ICL2023,VAR12,D,2024-M04,7.587146964291502,R,,2,,Encuesta Mensual de Remuneraciones y Costos Laborales,0
CL01:DF_ICL2023_RAMA(1.0),_T,M,ICL2023,VAR12,D,2024-M05,7.871049292380028,R,,2,,Encuesta Mensual de Remuneraciones y Costos Laborales,0
CL01:DF_ICL2023_RAMA(1.0),_T,M,ICL2023,VAR12,D,2024-M06,7.406098495725488,R,,2,,Encuesta Mensual de Remuneraciones y Costos Laborales,0
CL01:DF_ICL2023_RAMA(1.0),_T,M,ICL2023,VAR12,D,2024-M07,8.444538989056127,R,,2,,Encuesta Mensual de Remuneraciones y Costos Laborales,0
CL01:DF_ICL2023_RAMA(1.0),_T,M,ICL2023,VAR12,D,2024-M08,9.368078984628347,R,,2,,Encuesta Mensual de Remuneraciones y Costos Laborales,0
CL01:DF_ICL2023_RAMA(1.0),_T,M,ICL2023,VAR12,D,2024-M09,8.187433542559042,R,,2,,Encuesta Mensual de Remuneraciones y Costos Laborales,0
CL01:DF_ICL2023_RAMA(1.0),_T,M,ICL2023,VAR12,D,2024-M10,7.838026901999351,R,,2,,Encuesta Mensual de Remuneraciones y Costos Laborales,0
CL01:DF_ICL2023_RAMA(1.0),_T,M,ICL2023,VAR12,D,2024-M11,8.670201593054184,R,,2,,Encuesta Mensual de Remuneraciones y Costos Laborales,0
CL01:DF_ICL2023_RAMA(1.0),_T,M,ICL2023,VAR12,D,2024-M12,9.520683788285345,R,,2,,Encuesta Mensual de Remuneraciones y Costos Laborales,0
CL01:DF_ICL2023_RAMA(1.0),_T,M,ICL2023,VAR12,D,2025-M01,7.831722109305184,R,,2,,Encuesta Mensual de Remuneraciones y Costos Laborales,0
CL01:DF_ICL2023_RAMA(1.0),_T,M,ICL2023,VAR12,D,2025-M02,9.131378789817468,R,,2,,Encuesta Mensual de Remuneraciones y Costos Laborales,0
CL01:DF_ICL2023_RAMA(1.0),_T,M,ICL2023,VAR12,D,2025-M03,8.189859926416275,R,,2,,Encuesta Mensual de Remuneraciones y Costos Laborales,0
CL01:DF_ICL2023_RAMA(1.0),_T,M,ICL2023,VAR12,D,2025-M04,9.274906376389147,,,2,,Encuesta Mensual de Remuneraciones y Costos Laborales,0
CL01:DF_ICL2023_RAMA(1.0),_T,M,ICL2023,VAR12,D,2025-M05,7.573392300606563,,,2,,Encuesta Mensual de Remuneraciones y Costos Laborales,0
CL01:DF_ICL2023_RAMA(1.0),_T,M,ICL2023,VAR12,D,2025-M06,7.564835064644271,,,2,,Encuesta Mensual de Remuneraciones y Costos Laborales,0
CL01:DF_ICL2023_RAMA(1.0),_T,M,ICL2023,VAR12,D,2025-M07,6.995381493925978,,,2,,Encuesta Mensual de Remuneraciones y Costos Laborales,0
CL01:DF_ICL2023_RAMA(1.0),_T,M,ICL2023,VAR12,D,2025-M08,6.048720154302201,,,2,,Encuesta Mensual de Remuneraciones y Costos Laborales,0
CL01:DF_ICL2023_RAMA(1.0),_T,M,ICL2023,VAR12,D,2025-M09,6.890644668224755,,,2,,Encuesta Mensual de Remuneraciones y Costos Laborales,0
CL01:DF_ICL2023_RAMA(1.0),_T,M,ICL2023,VAR12,D,2025-M10,7.347446186179041,,,2,,Encuesta Mensual de Remuneraciones y Costos Laborales,0
CL01:DF_ICL2023_RAMA(1.0),_T,M,ICL2023,VAR12,D,2025-M11,7.391553331419876,,,2,,Encuesta Mensual de Remuneraciones y Costos Laborales,0
CL01:DF_ICL2023_RAMA(1.0),_T,M,ICL2023,VAR12,D,2025-M12,6.398817279119551,,,2,,Encuesta Mensual de Remuneraciones y Costos Laborales,0
CL01:DF_ICL2023_RAMA(1.0),_T,M,ICL2023,VAR12,D,2026-M01,5.814166751908623,,,2,,Encuesta Mensual de Remuneraciones y Costos Laborales,0
CL01:DF_ICL2023_RAMA(1.0),_T,M,ICL2023,VAR12,D,2026-M02,4.783637576452904,,,2,,Encuesta Mensual de Remuneraciones y Costos Laborales,0
CL01:DF_ICL2023_RAMA(1.0),_T,M,ICL2023,VAR12,D,2026-M03,4.054827357265411,,Valor provisional,2,,Encuesta Mensual de Remuneraciones y Costos Laborales,0
CL01:DF_ICL2023_RAMA(1.0),_T,M,ICL2023,IX,O,2023-M01,99.81991030339502,R,,2,,Encuesta Mensual de Remuneraciones y Costos Laborales,0
CL01:DF_ICL2023_RAMA(1.0),_T,M,ICL2023,IX,O,2023-M02,98.84517962720484,R,,2,,Encuesta Mensual de Remuneraciones y Costos Laborales,0
CL01:DF_ICL2023_RAMA(1.0),_T,M,ICL2023,IX,O,2023-M03,99.86782283631871,R,,2,,Encuesta Mensual de Remuneraciones y Costos Laborales,0
CL01:DF_ICL2023_RAMA(1.0),_T,M,ICL2023,IX,O,2023-M04,99.3672496063734,R,,2,,Encuesta Mensual de Remuneraciones y Costos Laborales,0
CL01:DF_ICL2023_RAMA(1.0),_T,M,ICL2023,IX,O,2023-M05,99.15720703399799,R,,2,,Encuesta Mensual de Remuneraciones y Costos Laborales,0
CL01:DF_ICL2023_RAMA(1.0),_T,M,ICL2023,IX,O,2023-M06,100.69437289851008,R,,2,,Encuesta Mensual de Remuneraciones y Costos Laborales,0
CL01:DF_ICL2023_RAMA(1.0),_T,M,ICL2023,IX,O,2023-M07,99.77043992190326,R,,2,,Encuesta Mensual de Remuneraciones y Costos Laborales,0
CL01:DF_ICL2023_RAMA(1.0),_T,M,ICL2023,IX,O,2023-M08,99.22939890480579,R,,2,,Encuesta Mensual de Remuneraciones y Costos Laborales,0
CL01:DF_ICL2023_RAMA(1.0),_T,M,ICL2023,IX,O,2023-M09,100.98907221860394,R,,2,,Encuesta Mensual de Remuneraciones y Costos Laborales,0
CL01:DF_ICL2023_RAMA(1.0),_T,M,ICL2023,IX,O,2023-M10,99.80066429742605,R,,2,,Encuesta Mensual de Remuneraciones y Costos Laborales,0
CL01:DF_ICL2023_RAMA(1.0),_T,M,ICL2023,IX,O,2023-M11,99.23179408873125,R,,2,,Encuesta Mensual de Remuneraciones y Costos Laborales,0
CL01:DF_ICL2023_RAMA(1.0),_T,M,ICL2023,IX,O,2023-M12,103.22688826272963,R,,2,,Encuesta Mensual de Remuneraciones y Costos Laborales,0
CL01:DF_ICL2023_RAMA(1.0),_T,M,ICL2023,IX,O,2024-M01,103.58114186724147,R,,2,,Encuesta Mensual de Remuneraciones y Costos Laborales,0
CL01:DF_ICL2023_RAMA(1.0),_T,M,ICL2023,IX,O,2024-M02,103.73085960685317,R,,2,,Encuesta Mensual de Remuneraciones y Costos Laborales,0
CL01:DF_ICL2023_RAMA(1.0),_T,M,ICL2023,IX,O,2024-M03,104.83413010695611,R,,2,,Encuesta Mensual de Remuneraciones y Costos Laborales,0
CL01:DF_ICL2023_RAMA(1.0),_T,M,ICL2023,IX,O,2024-M04,104.4911837660252,,,2,,Encuesta Mensual de Remuneraciones y Costos Laborales,0
CL01:DF_ICL2023_RAMA(1.0),_T,M,ICL2023,IX,O,2024-M05,104.43646875038088,,,2,,Encuesta Mensual de Remuneraciones y Costos Laborales,0
CL01:DF_ICL2023_RAMA(1.0),_T,M,ICL2023,IX,O,2024-M06,105.65641309140635,,,2,,Encuesta Mensual de Remuneraciones y Costos Laborales,0
CL01:DF_ICL2023_RAMA(1.0),_T,M,ICL2023,IX,O,2024-M07,105.3325789481726,,,2,,Encuesta Mensual de Remuneraciones y Costos Laborales,0
CL01:DF_ICL2023_RAMA(1.0),_T,M,ICL2023,IX,O,2024-M08,105.38932949324062,,,2,,Encuesta Mensual de Remuneraciones y Costos Laborales,0
CL01:DF_ICL2023_RAMA(1.0),_T,M,ICL2023,IX,O,2024-M09,106.35860283469422,,,2,,Encuesta Mensual de Remuneraciones y Costos Laborales,0
CL01:DF_ICL2023_RAMA(1.0),_T,M,ICL2023,IX,O,2024-M10,105.12354511565464,,,2,,Encuesta Mensual de Remuneraciones y Costos Laborales,0
CL01:DF_ICL2023_RAMA(1.0),_T,M,ICL2023,IX,O,2024-M11,104.97502340539347,,,2,,Encuesta Mensual de Remuneraciones y Costos Laborales,0
CL01:DF_ICL2023_RAMA(1.0),_T,M,ICL2023,IX,O,2024-M12,107.1458284324957,,,2,,Encuesta Mensual de Remuneraciones y Costos Laborales,0
CL01:DF_ICL2023_RAMA(1.0),_T,M,ICL2023,IX,O,2025-M01,108.83720897991047,,,2,,Encuesta Mensual de Remuneraciones y Costos Laborales,0
CL01:DF_ICL2023_RAMA(1.0),_T,M,ICL2023,IX,O,2025-M02,109.2590955406948,,,2,,Encuesta Mensual de Remuneraciones y Costos Laborales,0
CL01:DF_ICL2023_RAMA(1.0),_T,M,ICL2023,IX,O,2025-M03,110.39931527190004,,,2,,Encuesta Mensual de Remuneraciones y Costos Laborales,0
CL01:DF_ICL2023_RAMA(1.0),_T,M,ICL2023,IX,O,2025-M04,109.3746680372507,,,2,,Encuesta Mensual de Remuneraciones y Costos Laborales,0
CL01:DF_ICL2023_RAMA(1.0),_T,M,ICL2023,IX,O,2025-M05,109.57879891758407,,,2,,Encuesta Mensual de Remuneraciones y Costos Laborales,0
CL01:DF_ICL2023_RAMA(1.0),_T,M,ICL2023,IX,O,2025-M06,111.29258032022227,,,2,,Encuesta Mensual de Remuneraciones y Costos Laborales,0
CL01:DF_ICL2023_RAMA(1.0),_T,M,ICL2023,IX,O,2025-M07,110.6816152260845,,,2,,Encuesta Mensual de Remuneraciones y Costos Laborales,0
CL01:DF_ICL2023_RAMA(1.0),_T,M,ICL2023,IX,O,2025-M08,110.73707404407733,,,2,,Encuesta Mensual de Remuneraciones y Costos Laborales,0
CL01:DF_ICL2023_RAMA(1.0),_T,M,ICL2023,IX,O,2025-M09,111.76356142400827,,,2,,Encuesta Mensual de Remuneraciones y Costos Laborales,0
CL01:DF_ICL2023_RAMA(1.0),_T,M,ICL2023,IX,O,2025-M10,110.95697385316535,,,2,,Encuesta Mensual de Remuneraciones y Costos Laborales,0
CL01:DF_ICL2023_RAMA(1.0),_T,M,ICL2023,IX,O,2025-M11,111.07035540300038,,,2,,Encuesta Mensual de Remuneraciones y Costos Laborales,0
CL01:DF_ICL2023_RAMA(1.0),_T,M,ICL2023,IX,O,2025-M12,113.21874039461741,,,2,,Encuesta Mensual de Remuneraciones y Costos Laborales,0
CL01:DF_ICL2023_RAMA(1.0),_T,M,ICL2023,IX,O,2026-M01,111.47957336266695,,,2,,Encuesta Mensual de Remuneraciones y Costos Laborales,0
CL01:DF_ICL2023_RAMA(1.0),_T,M,ICL2023,IX,O,2026-M02,114.14935435334009,,,2,,Encuesta Mensual de Remuneraciones y Costos Laborales,0
CL01:DF_ICL2023_RAMA(1.0),_T,M,ICL2023,IX,O,2026-M03,114.9754958166082,,Valor provisional,2,,Encuesta Mensual de Remuneraciones y Costos Laborales,0
CL01:DF_ICL2023_RAMA(1.0),_T,M,ICL2023,IX,G,2023-M01,97.04881367371394,R,,2,,Encuesta Mensual de Remuneraciones y Costos Laborales,0
CL01:DF_ICL2023_RAMA(1.0),_T,M,ICL2023,IX,G,2023-M02,95.93891648403427,R,,2,,Encuesta Mensual de Remuneraciones y Costos Laborales,0
CL01:DF_ICL2023_RAMA(1.0),_T,M,ICL2023,IX,G,2023-M03,97.5226412264108,R,,2,,Encuesta Mensual de Remuneraciones y Costos Laborales,0
CL01:DF_ICL2023_RAMA(1.0),_T,M,ICL2023,IX,G,2023-M04,98.4633992983001,R,,2,,Encuesta Mensual de Remuneraciones y Costos Laborales,0
CL01:DF_ICL2023_RAMA(1.0),_T,M,ICL2023,IX,G,2023-M05,98.54376183668177,R,,2,,Encuesta Mensual de Remuneraciones y Costos Laborales,0
CL01:DF_ICL2023_RAMA(1.0),_T,M,ICL2023,IX,G,2023-M06,100.28835188861026,R,,2,,Encuesta Mensual de Remuneraciones y Costos Laborales,0
CL01:DF_ICL2023_RAMA(1.0),_T,M,ICL2023,IX,G,2023-M07,101.42369857869508,R,,2,,Encuesta Mensual de Remuneraciones y Costos Laborales,0
CL01:DF_ICL2023_RAMA(1.0),_T,M,ICL2023,IX,G,2023-M08,100.63693104114913,R,,2,,Encuesta Mensual de Remuneraciones y Costos Laborales,0
CL01:DF_ICL2023_RAMA(1.0),_T,M,ICL2023,IX,G,2023-M09,102.55690222557628,R,,2,,Encuesta Mensual de Remuneraciones y Costos Laborales,0
CL01:DF_ICL2023_RAMA(1.0),_T,M,ICL2023,IX,G,2023-M10,102.17304331440158,R,,2,,Encuesta Mensual de Remuneraciones y Costos Laborales,0
CL01:DF_ICL2023_RAMA(1.0),_T,M,ICL2023,IX,G,2023-M11,101.48934068057606,R,,2,,Encuesta Mensual de Remuneraciones y Costos Laborales,0
CL01:DF_ICL2023_RAMA(1.0),_T,M,ICL2023,IX,G,2023-M12,103.91419975185065,R,,2,,Encuesta Mensual de Remuneraciones y Costos Laborales,0
CL01:DF_ICL2023_RAMA(1.0),_T,M,ICL2023,IX,G,2024-M01,104.18465835428682,R,,2,,Encuesta Mensual de Remuneraciones y Costos Laborales,0
CL01:DF_ICL2023_RAMA(1.0),_T,M,ICL2023,IX,G,2024-M02,102.69263490809142,R,,2,,Encuesta Mensual de Remuneraciones y Costos Laborales,0
CL01:DF_ICL2023_RAMA(1.0),_T,M,ICL2023,IX,G,2024-M03,103.9477305772775,R,,2,,Encuesta Mensual de Remuneraciones y Costos Laborales,0
CL01:DF_ICL2023_RAMA(1.0),_T,M,ICL2023,IX,G,2024-M04,104.84548600169369,,,2,,Encuesta Mensual de Remuneraciones y Costos Laborales,0
CL01:DF_ICL2023_RAMA(1.0),_T,M,ICL2023,IX,G,2024-M05,105.17766845313862,,,2,,Encuesta Mensual de Remuneraciones y Costos Laborales,0
CL01:DF_ICL2023_RAMA(1.0),_T,M,ICL2023,IX,G,2024-M06,106.6948881821222,,,2,,Encuesta Mensual de Remuneraciones y Costos Laborales,0
CL01:DF_ICL2023_RAMA(1.0),_T,M,ICL2023,IX,G,2024-M07,109.91874156836546,,,2,,Encuesta Mensual de Remuneraciones y Costos Laborales,0
CL01:DF_ICL2023_RAMA(1.0),_T,M,ICL2023,IX,G,2024-M08,110.63434964963686,,,2,,Encuesta Mensual de Remuneraciones y Costos Laborales,0
CL01:DF_ICL2023_RAMA(1.0),_T,M,ICL2023,IX,G,2024-M09,111.48315197923279,,,2,,Encuesta Mensual de Remuneraciones y Costos Laborales,0
CL01:DF_ICL2023_RAMA(1.0),_T,M,ICL2023,IX,G,2024-M10,111.15849783663808,,,2,,Encuesta Mensual de Remuneraciones y Costos Laborales,0
CL01:DF_ICL2023_RAMA(1.0),_T,M,ICL2023,IX,G,2024-M11,111.45269189159077,,,2,,Encuesta Mensual de Remuneraciones y Costos Laborales,0
CL01:DF_ICL2023_RAMA(1.0),_T,M,ICL2023,IX,G,2024-M12,113.08177517539313,,,2,,Encuesta Mensual de Remuneraciones y Costos Laborales,0
CL01:DF_ICL2023_RAMA(1.0),_T,M,ICL2023,IX,G,2025-M01,113.51331478465991,,,2,,Encuesta Mensual de Remuneraciones y Costos Laborales,0
CL01:DF_ICL2023_RAMA(1.0),_T,M,ICL2023,IX,G,2025-M02,113.11070086749938,,,2,,Encuesta Mensual de Remuneraciones y Costos Laborales,0
CL01:DF_ICL2023_RAMA(1.0),_T,M,ICL2023,IX,G,2025-M03,113.66906032156523,,,2,,Encuesta Mensual de Remuneraciones y Costos Laborales,0
CL01:DF_ICL2023_RAMA(1.0),_T,M,ICL2023,IX,G,2025-M04,114.43266487024069,,,2,,Encuesta Mensual de Remuneraciones y Costos Laborales,0
CL01:DF_ICL2023_RAMA(1.0),_T,M,ICL2023,IX,G,2025-M05,114.8004505576522,,,2,,Encuesta Mensual de Remuneraciones y Costos Laborales,0
CL01:DF_ICL2023_RAMA(1.0),_T,M,ICL2023,IX,G,2025-M06,115.41175366411463,,,2,,Encuesta Mensual de Remuneraciones y Costos Laborales,0
CL01:DF_ICL2023_RAMA(1.0),_T,M,ICL2023,IX,G,2025-M07,116.55937395131487,,,2,,Encuesta Mensual de Remuneraciones y Costos Laborales,0
CL01:DF_ICL2023_RAMA(1.0),_T,M,ICL2023,IX,G,2025-M08,117.51742140264405,,,2,,Encuesta Mensual de Remuneraciones y Costos Laborales,0
CL01:DF_ICL2023_RAMA(1.0),_T,M,ICL2023,IX,G,2025-M09,119.03388645301207,,,2,,Encuesta Mensual de Remuneraciones y Costos Laborales,0
CL01:DF_ICL2023_RAMA(1.0),_T,M,ICL2023,IX,G,2025-M10,118.4711260874361,,,2,,Encuesta Mensual de Remuneraciones y Costos Laborales,0
CL01:DF_ICL2023_RAMA(1.0),_T,M,ICL2023,IX,G,2025-M11,118.49891088465229,,,2,,Encuesta Mensual de Remuneraciones y Costos Laborales,0
CL01:DF_ICL2023_RAMA(1.0),_T,M,ICL2023,IX,G,2025-M12,121.09451189344055,,,2,,Encuesta Mensual de Remuneraciones y Costos Laborales,0
CL01:DF_ICL2023_RAMA(1.0),_T,M,ICL2023,IX,G,2026-M01,119.87547280519976,,,2,,Encuesta Mensual de Remuneraciones y Costos Laborales,0
CL01:DF_ICL2023_RAMA(1.0),_T,M,ICL2023,IX,G,2026-M02,119.01679668432158,,,2,,Encuesta Mensual de Remuneraciones y Costos Laborales,0
CL01:DF_ICL2023_RAMA(1.0),_T,M,ICL2023,IX,G,2026-M03,120.24293516658481,,Valor provisional,2,,Encuesta Mensual de Remuneraciones y Costos Laborales,0
CL01:DF_ICL2023_RAMA(1.0),_T,M,ICL2023,VAR12,C,2023-M01,,R,,2,,Encuesta Mensual de Remuneraciones y Costos Laborales,0
CL01:DF_ICL2023_RAMA(1.0),_T,M,ICL2023,VAR12,C,2023-M02,,R,,2,,Encuesta Mensual de Remuneraciones y Costos Laborales,0
CL01:DF_ICL2023_RAMA(1.0),_T,M,ICL2023,VAR12,C,2023-M03,,R,,2,,Encuesta Mensual de Remuneraciones y Costos Laborales,0
CL01:DF_ICL2023_RAMA(1.0),_T,M,ICL2023,VAR12,C,2023-M04,,R,,2,,Encuesta Mensual de Remuneraciones y Costos Laborales,0
CL01:DF_ICL2023_RAMA(1.0),_T,M,ICL2023,VAR12,C,2023-M05,,R,,2,,Encuesta Mensual de Remuneraciones y Costos Laborales,0
CL01:DF_ICL2023_RAMA(1.0),_T,M,ICL2023,VAR12,C,2023-M06,,R,,2,,Encuesta Mensual de Remuneraciones y Costos Laborales,0
CL01:DF_ICL2023_RAMA(1.0),_T,M,ICL2023,VAR12,C,2023-M07,,R,,2,,Encuesta Mensual de Remuneraciones y Costos Laborales,0
CL01:DF_ICL2023_RAMA(1.0),_T,M,ICL2023,VAR12,C,2023-M08,,R,,2,,Encuesta Mensual de Remuneraciones y Costos Laborales,0
CL01:DF_ICL2023_RAMA(1.0),_T,M,ICL2023,VAR12,C,2023-M09,,R,,2,,Encuesta Mensual de Remuneraciones y Costos Laborales,0
CL01:DF_ICL2023_RAMA(1.0),_T,M,ICL2023,VAR12,C,2023-M10,,R,,2,,Encuesta Mensual de Remuneraciones y Costos Laborales,0
CL01:DF_ICL2023_RAMA(1.0),_T,M,ICL2023,VAR12,C,2023-M11,,R,,2,,Encuesta Mensual de Remuneraciones y Costos Laborales,0
CL01:DF_ICL2023_RAMA(1.0),_T,M,ICL2023,VAR12,C,2023-M12,,R,,2,,Encuesta Mensual de Remuneraciones y Costos Laborales,0
CL01:DF_ICL2023_RAMA(1.0),_T,M,ICL2023,VAR12,C,2024-M01,7.075738666387377,R,,2,,Encuesta Mensual de Remuneraciones y Costos Laborales,0
CL01:DF_ICL2023_RAMA(1.0),_T,M,ICL2023,VAR12,C,2024-M02,7.132110606049147,R,,2,,Encuesta Mensual de Remuneraciones y Costos Laborales,0
CL01:DF_ICL2023_RAMA(1.0),_T,M,ICL2023,VAR12,C,2024-M03,7.97595754802094,R,,2,,Encuesta Mensual de Remuneraciones y Costos Laborales,0
CL01:DF_ICL2023_RAMA(1.0),_T,M,ICL2023,VAR12,C,2024-M04,8.449330835750256,R,,2,,Encuesta Mensual de Remuneraciones y Costos Laborales,0
CL01:DF_ICL2023_RAMA(1.0),_T,M,ICL2023,VAR12,C,2024-M05,7.172316546720947,R,,2,,Encuesta Mensual de Remuneraciones y Costos Laborales,0
CL01:DF_ICL2023_RAMA(1.0),_T,M,ICL2023,VAR12,C,2024-M06,8.081835030961603,R,,2,,Encuesta Mensual de Remuneraciones y Costos Laborales,0
CL01:DF_ICL2023_RAMA(1.0),_T,M,ICL2023,VAR12,C,2024-M07,10.124557747531181,R,,2,,Encuesta Mensual de Remuneraciones y Costos Laborales,0
CL01:DF_ICL2023_RAMA(1.0),_T,M,ICL2023,VAR12,C,2024-M08,10.037095943343456,R,,2,,Encuesta Mensual de Remuneraciones y Costos Laborales,0
CL01:DF_ICL2023_RAMA(1.0),_T,M,ICL2023,VAR12,C,2024-M09,9.804246120840121,R,,2,,Encuesta Mensual de Remuneraciones y Costos Laborales,0
CL01:DF_ICL2023_RAMA(1.0),_T,M,ICL2023,VAR12,C,2024-M10,9.9403760374712,R,,2,,Encuesta Mensual de Remuneraciones y Costos Laborales,0
CL01:DF_ICL2023_RAMA(1.0),_T,M,ICL2023,VAR12,C,2024-M11,9.248878097419633,R,,2,,Encuesta Mensual de Remuneraciones y Costos Laborales,0
CL01:DF_ICL2023_RAMA(1.0),_T,M,ICL2023,VAR12,C,2024-M12,8.343238774339557,R,,2,,Encuesta Mensual de Remuneraciones y Costos Laborales,0
CL01:DF_ICL2023_RAMA(1.0),_T,M,ICL2023,VAR12,C,2025-M01,9.42579112357793,R,,2,,Encuesta Mensual de Remuneraciones y Costos Laborales,0
CL01:DF_ICL2023_RAMA(1.0),_T,M,ICL2023,VAR12,C,2025-M02,9.538890632633956,R,,2,,Encuesta Mensual de Remuneraciones y Costos Laborales,0
CL01:DF_ICL2023_RAMA(1.0),_T,M,ICL2023,VAR12,C,2025-M03,8.467314672661175,R,,2,,Encuesta Mensual de Remuneraciones y Costos Laborales,0
CL01:DF_ICL2023_RAMA(1.0),_T,M,ICL2023,VAR12,C,2025-M04,8.019304111412207,,,2,,Encuesta Mensual de Remuneraciones y Costos Laborales,0
CL01:DF_ICL2023_RAMA(1.0),_T,M,ICL2023,VAR12,C,2025-M05,8.743276660431508,,,2,,Encuesta Mensual de Remuneraciones y Costos Laborales,0
CL01:DF_ICL2023_RAMA(1.0),_T,M,ICL2023,VAR12,C,2025-M06,7.092345087022589,,,2,,Encuesta Mensual de Remuneraciones y Costos Laborales,0
CL01:DF_ICL2023_RAMA(1.0),_T,M,ICL2023,VAR12,C,2025-M07,5.208969137291564,,,2,,Encuesta Mensual de Remuneraciones y Costos Laborales,0
CL01:DF_ICL2023_RAMA(1.0),_T,M,ICL2023,VAR12,C,2025-M08,5.64682754877277,,,2,,Encuesta Mensual de Remuneraciones y Costos Laborales,0
CL01:DF_ICL2023_RAMA(1.0),_T,M,ICL2023,VAR12,C,2025-M09,4.938386361155889,,,2,,Encuesta Mensual de Remuneraciones y Costos Laborales,0
CL01:DF_ICL2023_RAMA(1.0),_T,M,ICL2023,VAR12,C,2025-M10,5.6897141208648305,,,2,,Encuesta Mensual de Remuneraciones y Costos Laborales,0
CL01:DF_ICL2023_RAMA(1.0),_T,M,ICL2023,VAR12,C,2025-M11,5.646753828399764,,,2,,Encuesta Mensual de Remuneraciones y Costos Laborales,0
CL01:DF_ICL2023_RAMA(1.0),_T,M,ICL2023,VAR12,C,2025-M12,6.054223668210135,,,2,,Encuesta Mensual de Remuneraciones y Costos Laborales,0
CL01:DF_ICL2023_RAMA(1.0),_T,M,ICL2023,VAR12,C,2026-M01,5.394625311481871,,,2,,Encuesta Mensual de Remuneraciones y Costos Laborales,0
CL01:DF_ICL2023_RAMA(1.0),_T,M,ICL2023,VAR12,C,2026-M02,5.598405808047779,,,2,,Encuesta Mensual de Remuneraciones y Costos Laborales,0
CL01:DF_ICL2023_RAMA(1.0),_T,M,ICL2023,VAR12,C,2026-M03,6.054556505215336,,Valor provisional,2,,Encuesta Mensual de Remuneraciones y Costos Laborales,0
CL01:DF_ICL2023_RAMA(1.0),_T,M,ICL2023,VAR12,L,2023-M01,,R,,2,,Encuesta Mensual de Remuneraciones y Costos Laborales,0
CL01:DF_ICL2023_RAMA(1.0),_T,M,ICL2023,VAR12,L,2023-M02,,R,,2,,Encuesta Mensual de Remuneraciones y Costos Laborales,0
CL01:DF_ICL2023_RAMA(1.0),_T,M,ICL2023,VAR12,L,2023-M03,,R,,2,,Encuesta Mensual de Remuneraciones y Costos Laborales,0
CL01:DF_ICL2023_RAMA(1.0),_T,M,ICL2023,VAR12,L,2023-M04,,R,,2,,Encuesta Mensual de Remuneraciones y Costos Laborales,0
CL01:DF_ICL2023_RAMA(1.0),_T,M,ICL2023,VAR12,L,2023-M05,,R,,2,,Encuesta Mensual de Remuneraciones y Costos Laborales,0
CL01:DF_ICL2023_RAMA(1.0),_T,M,ICL2023,VAR12,L,2023-M06,,R,,2,,Encuesta Mensual de Remuneraciones y Costos Laborales,0
CL01:DF_ICL2023_RAMA(1.0),_T,M,ICL2023,VAR12,L,2023-M07,,R,,2,,Encuesta Mensual de Remuneraciones y Costos Laborales,0
CL01:DF_ICL2023_RAMA(1.0),_T,M,ICL2023,VAR12,L,2023-M08,,R,,2,,Encuesta Mensual de Remuneraciones y Costos Laborales,0
CL01:DF_ICL2023_RAMA(1.0),_T,M,ICL2023,VAR12,L,2023-M09,,R,,2,,Encuesta Mensual de Remuneraciones y Costos Laborales,0
CL01:DF_ICL2023_RAMA(1.0),_T,M,ICL2023,VAR12,L,2023-M10,,R,,2,,Encuesta Mensual de Remuneraciones y Costos Laborales,0
CL01:DF_ICL2023_RAMA(1.0),_T,M,ICL2023,VAR12,L,2023-M11,,R,,2,,Encuesta Mensual de Remuneraciones y Costos Laborales,0
CL01:DF_ICL2023_RAMA(1.0),_T,M,ICL2023,VAR12,L,2023-M12,,R,,2,,Encuesta Mensual de Remuneraciones y Costos Laborales,0
CL01:DF_ICL2023_RAMA(1.0),_T,M,ICL2023,VAR12,L,2024-M01,5.508026529215138,R,,2,,Encuesta Mensual de Remuneraciones y Costos Laborales,0
CL01:DF_ICL2023_RAMA(1.0),_T,M,ICL2023,VAR12,L,2024-M02,3.796371205884186,R,,2,,Encuesta Mensual de Remuneraciones y Costos Laborales,0
CL01:DF_ICL2023_RAMA(1.0),_T,M,ICL2023,VAR12,L,2024-M03,5.350747584392379,R,,2,,Encuesta Mensual de Remuneraciones y Costos Laborales,0
CL01:DF_ICL2023_RAMA(1.0),_T,M,ICL2023,VAR12,L,2024-M04,5.138281844655479,R,,2,,Encuesta Mensual de Remuneraciones y Costos Laborales,0
CL01:DF_ICL2023_RAMA(1.0),_T,M,ICL2023,VAR12,L,2024-M05,4.699278815947183,R,,2,,Encuesta Mensual de Remuneraciones y Costos Laborales,0
CL01:DF_ICL2023_RAMA(1.0),_T,M,ICL2023,VAR12,L,2024-M06,5.379627317020463,R,,2,,Encuesta Mensual de Remuneraciones y Costos Laborales,0
CL01:DF_ICL2023_RAMA(1.0),_T,M,ICL2023,VAR12,L,2024-M07,8.589398481620547,R,,2,,Encuesta Mensual de Remuneraciones y Costos Laborales,0
CL01:DF_ICL2023_RAMA(1.0),_T,M,ICL2023,VAR12,L,2024-M08,8.866222778590682,R,,2,,Encuesta Mensual de Remuneraciones y Costos Laborales,0
CL01:DF_ICL2023_RAMA(1.0),_T,M,ICL2023,VAR12,L,2024-M09,7.671708909477282,R,,2,,Encuesta Mensual de Remuneraciones y Costos Laborales,0
CL01:DF_ICL2023_RAMA(1.0),_T,M,ICL2023,VAR12,L,2024-M10,9.288251610439291,R,,2,,Encuesta Mensual de Remuneraciones y Costos Laborales,0
CL01:DF_ICL2023_RAMA(1.0),_T,M,ICL2023,VAR12,L,2024-M11,10.57446540680418,R,,2,,Encuesta Mensual de Remuneraciones y Costos Laborales,0
CL01:DF_ICL2023_RAMA(1.0),_T,M,ICL2023,VAR12,L,2024-M12,10.90492533690075,R,,2,,Encuesta Mensual de Remuneraciones y Costos Laborales,0
CL01:DF_ICL2023_RAMA(1.0),_T,M,ICL2023,VAR12,L,2025-M01,10.842172016868057,R,,2,,Encuesta Mensual de Remuneraciones y Costos Laborales,0
CL01:DF_ICL2023_RAMA(1.0),_T,M,ICL2023,VAR12,L,2025-M02,11.986068740444988,R,,2,,Encuesta Mensual de Remuneraciones y Costos Laborales,0
CL01:DF_ICL2023_RAMA(1.0),_T,M,ICL2023,VAR12,L,2025-M03,11.205782488924786,R,,2,,Encuesta Mensual de Remuneraciones y Costos Laborales,0
CL01:DF_ICL2023_RAMA(1.0),_T,M,ICL2023,VAR12,L,2025-M04,10.5788390557499,,,2,,Encuesta Mensual de Remuneraciones y Costos Laborales,0
CL01:DF_ICL2023_RAMA(1.0),_T,M,ICL2023,VAR12,L,2025-M05,10.800755633006908,,,2,,Encuesta Mensual de Remuneraciones y Costos Laborales,0
CL01:DF_ICL2023_RAMA(1.0),_T,M,ICL2023,VAR12,L,2025-M06,11.632952258891404,,,2,,Encuesta Mensual de Remuneraciones y Costos Laborales,0
CL01:DF_ICL2023_RAMA(1.0),_T,M,ICL2023,VAR12,L,2025-M07,8.712804685866239,,,2,,Encuesta Mensual de Remuneraciones y Costos Laborales,0
CL01:DF_ICL2023_RAMA(1.0),_T,M,ICL2023,VAR12,L,2025-M08,9.577296338460783,,,2,,Encuesta Mensual de Remuneraciones y Costos Laborales,0
CL01:DF_ICL2023_RAMA(1.0),_T,M,ICL2023,VAR12,L,2025-M09,8.53694066013524,,,2,,Encuesta Mensual de Remuneraciones y Costos Laborales,0
CL01:DF_ICL2023_RAMA(1.0),_T,M,ICL2023,VAR12,L,2025-M10,8.6475910158488,,,2,,Encuesta Mensual de Remuneraciones y Costos Laborales,0
CL01:DF_ICL2023_RAMA(1.0),_T,M,ICL2023,VAR12,L,2025-M11,8.919362495188654,,,2,,Encuesta Mensual de Remuneraciones y Costos Laborales,0
CL01:DF_ICL2023_RAMA(1.0),_T,M,ICL2023,VAR12,L,2025-M12,8.476262516135268,,,2,,Encuesta Mensual de Remuneraciones y Costos Laborales,0
CL01:DF_ICL2023_RAMA(1.0),_T,M,ICL2023,VAR12,L,2026-M01,7.391766639945385,,,2,,Encuesta Mensual de Remuneraciones y Costos Laborales,0
CL01:DF_ICL2023_RAMA(1.0),_T,M,ICL2023,VAR12,L,2026-M02,7.728788677071163,,,2,,Encuesta Mensual de Remuneraciones y Costos Laborales,0
CL01:DF_ICL2023_RAMA(1.0),_T,M,ICL2023,VAR12,L,2026-M03,7.543912075623371,,Valor provisional,2,,Encuesta Mensual de Remuneraciones y Costos Laborales,0
CL01:DF_ICL2023_RAMA(1.0),_T,M,ICL2023,IX,N,2023-M01,95.67202387928437,R,,2,,Encuesta Mensual de Remuneraciones y Costos Laborales,0
CL01:DF_ICL2023_RAMA(1.0),_T,M,ICL2023,IX,N,2023-M02,96.04845758636968,R,,2,,Encuesta Mensual de Remuneraciones y Costos Laborales,0
CL01:DF_ICL2023_RAMA(1.0),_T,M,ICL2023,IX,N,2023-M03,96.76896906974874,R,,2,,Encuesta Mensual de Remuneraciones y Costos Laborales,0
CL01:DF_ICL2023_RAMA(1.0),_T,M,ICL2023,IX,N,2023-M04,97.85249170312899,R,,2,,Encuesta Mensual de Remuneraciones y Costos Laborales,0
CL01:DF_ICL2023_RAMA(1.0),_T,M,ICL2023,IX,N,2023-M05,98.67897273739688,R,,2,,Encuesta Mensual de Remuneraciones y Costos Laborales,0
CL01:DF_ICL2023_RAMA(1.0),_T,M,ICL2023,IX,N,2023-M06,99.92637988071539,R,,2,,Encuesta Mensual de Remuneraciones y Costos Laborales,0
CL01:DF_ICL2023_RAMA(1.0),_T,M,ICL2023,IX,N,2023-M07,100.65280747248073,R,,2,,Encuesta Mensual de Remuneraciones y Costos Laborales,0
CL01:DF_ICL2023_RAMA(1.0),_T,M,ICL2023,IX,N,2023-M08,100.98565120013754,R,,2,,Encuesta Mensual de Remuneraciones y Costos Laborales,0
CL01:DF_ICL2023_RAMA(1.0),_T,M,ICL2023,IX,N,2023-M09,103.74552808035058,R,,2,,Encuesta Mensual de Remuneraciones y Costos Laborales,0
CL01:DF_ICL2023_RAMA(1.0),_T,M,ICL2023,IX,N,2023-M10,102.4003738197728,R,,2,,Encuesta Mensual de Remuneraciones y Costos Laborales,0
CL01:DF_ICL2023_RAMA(1.0),_T,M,ICL2023,IX,N,2023-M11,102.9724001353548,R,,2,,Encuesta Mensual de Remuneraciones y Costos Laborales,0
CL01:DF_ICL2023_RAMA(1.0),_T,M,ICL2023,IX,N,2023-M12,104.2959444352595,R,,2,,Encuesta Mensual de Remuneraciones y Costos Laborales,0
CL01:DF_ICL2023_RAMA(1.0),_T,M,ICL2023,IX,N,2024-M01,104.54916151403773,R,,2,,Encuesta Mensual de Remuneraciones y Costos Laborales,0
CL01:DF_ICL2023_RAMA(1.0),_T,M,ICL2023,IX,N,2024-M02,103.33687192806525,R,,2,,Encuesta Mensual de Remuneraciones y Costos Laborales,0
CL01:DF_ICL2023_RAMA(1.0),_T,M,ICL2023,IX,N,2024-M03,105.37448974888302,R,,2,,Encuesta Mensual de Remuneraciones y Costos Laborales,0
CL01:DF_ICL2023_RAMA(1.0),_T,M,ICL2023,IX,N,2024-M04,105.96509008146916,,,2,,Encuesta Mensual de Remuneraciones y Costos Laborales,0
CL01:DF_ICL2023_RAMA(1.0),_T,M,ICL2023,IX,N,2024-M05,106.46255654958418,,,2,,Encuesta Mensual de Remuneraciones y Costos Laborales,0
CL01:DF_ICL2023_RAMA(1.0),_T,M,ICL2023,IX,N,2024-M06,108.48230977651637,,,2,,Encuesta Mensual de Remuneraciones y Costos Laborales,0
CL01:DF_ICL2023_RAMA(1.0),_T,M,ICL2023,IX,N,2024-M07,113.24341619278772,,,2,,Encuesta Mensual de Remuneraciones y Costos Laborales,0
CL01:DF_ICL2023_RAMA(1.0),_T,M,ICL2023,IX,N,2024-M08,113.87282802130751,,,2,,Encuesta Mensual de Remuneraciones y Costos Laborales,0
CL01:DF_ICL2023_RAMA(1.0),_T,M,ICL2023,IX,N,2024-M09,115.63527128422693,,,2,,Encuesta Mensual de Remuneraciones y Costos Laborales,0
CL01:DF_ICL2023_RAMA(1.0),_T,M,ICL2023,IX,N,2024-M10,114.53628072373994,,,2,,Encuesta Mensual de Remuneraciones y Costos Laborales,0
CL01:DF_ICL2023_RAMA(1.0),_T,M,ICL2023,IX,N,2024-M11,114.73206719909192,,,2,,Encuesta Mensual de Remuneraciones y Costos Laborales,0
CL01:DF_ICL2023_RAMA(1.0),_T,M,ICL2023,IX,N,2024-M12,116.67259323022103,,,2,,Encuesta Mensual de Remuneraciones y Costos Laborales,0
CL01:DF_ICL2023_RAMA(1.0),_T,M,ICL2023,IX,N,2025-M01,117.1867072821986,,,2,,Encuesta Mensual de Remuneraciones y Costos Laborales,0
CL01:DF_ICL2023_RAMA(1.0),_T,M,ICL2023,IX,N,2025-M02,116.90854675169959,,,2,,Encuesta Mensual de Remuneraciones y Costos Laborales,0
CL01:DF_ICL2023_RAMA(1.0),_T,M,ICL2023,IX,N,2025-M03,117.9295648532862,,,2,,Encuesta Mensual de Remuneraciones y Costos Laborales,0
CL01:DF_ICL2023_RAMA(1.0),_T,M,ICL2023,IX,N,2025-M04,119.26916457813623,,,2,,Encuesta Mensual de Remuneraciones y Costos Laborales,0
CL01:DF_ICL2023_RAMA(1.0),_T,M,ICL2023,IX,N,2025-M05,120.08170074182628,,,2,,Encuesta Mensual de Remuneraciones y Costos Laborales,0
CL01:DF_ICL2023_RAMA(1.0),_T,M,ICL2023,IX,N,2025-M06,121.21266063820872,,,2,,Encuesta Mensual de Remuneraciones y Costos Laborales,0
CL01:DF_ICL2023_RAMA(1.0),_T,M,ICL2023,IX,N,2025-M07,121.52044879279379,,,2,,Encuesta Mensual de Remuneraciones y Costos Laborales,0
CL01:DF_ICL2023_RAMA(1.0),_T,M,ICL2023,IX,N,2025-M08,122.27703237392993,,,2,,Encuesta Mensual de Remuneraciones y Costos Laborales,0
CL01:DF_ICL2023_RAMA(1.0),_T,M,ICL2023,IX,N,2025-M09,123.683370138649,,,2,,Encuesta Mensual de Remuneraciones y Costos Laborales,0
CL01:DF_ICL2023_RAMA(1.0),_T,M,ICL2023,IX,N,2025-M10,122.18658448191088,,,2,,Encuesta Mensual de Remuneraciones y Costos Laborales,0
CL01:DF_ICL2023_RAMA(1.0),_T,M,ICL2023,IX,N,2025-M11,123.33305616329888,,,2,,Encuesta Mensual de Remuneraciones y Costos Laborales,0
CL01:DF_ICL2023_RAMA(1.0),_T,M,ICL2023,IX,N,2025-M12,125.06319846168236,,,2,,Encuesta Mensual de Remuneraciones y Costos Laborales,0
CL01:DF_ICL2023_RAMA(1.0),_T,M,ICL2023,IX,N,2026-M01,125.51732017232406,,,2,,Encuesta Mensual de Remuneraciones y Costos Laborales,0
CL01:DF_ICL2023_RAMA(1.0),_T,M,ICL2023,IX,N,2026-M02,124.56861108592037,,,2,,Encuesta Mensual de Remuneraciones y Costos Laborales,0
CL01:DF_ICL2023_RAMA(1.0),_T,M,ICL2023,IX,N,2026-M03,126.16583298174197,,Valor provisional,2,,Encuesta Mensual de Remuneraciones y Costos Laborales,0
CL01:DF_ICL2023_RAMA(1.0),_T,M,ICL2023,VAR12,G,2023-M01,,R,,2,,Encuesta Mensual de Remuneraciones y Costos Laborales,0
CL01:DF_ICL2023_RAMA(1.0),_T,M,ICL2023,VAR12,G,2023-M02,,R,,2,,Encuesta Mensual de Remuneraciones y Costos Laborales,0
CL01:DF_ICL2023_RAMA(1.0),_T,M,ICL2023,VAR12,G,2023-M03,,R,,2,,Encuesta Mensual de Remuneraciones y Costos Laborales,0
CL01:DF_ICL2023_RAMA(1.0),_T,M,ICL2023,VAR12,G,2023-M04,,R,,2,,Encuesta Mensual de Remuneraciones y Costos Laborales,0
CL01:DF_ICL2023_RAMA(1.0),_T,M,ICL2023,VAR12,G,2023-M05,,R,,2,,Encuesta Mensual de Remuneraciones y Costos Laborales,0
CL01:DF_ICL2023_RAMA(1.0),_T,M,ICL2023,VAR12,G,2023-M06,,R,,2,,Encuesta Mensual de Remuneraciones y Costos Laborales,0
CL01:DF_ICL2023_RAMA(1.0),_T,M,ICL2023,VAR12,G,2023-M07,,R,,2,,Encuesta Mensual de Remuneraciones y Costos Laborales,0
CL01:DF_ICL2023_RAMA(1.0),_T,M,ICL2023,VAR12,G,2023-M08,,R,,2,,Encuesta Mensual de Remuneraciones y Costos Laborales,0
CL01:DF_ICL2023_RAMA(1.0),_T,M,ICL2023,VAR12,G,2023-M09,,R,,2,,Encuesta Mensual de Remuneraciones y Costos Laborales,0
CL01:DF_ICL2023_RAMA(1.0),_T,M,ICL2023,VAR12,G,2023-M10,,R,,2,,Encuesta Mensual de Remuneraciones y Costos Laborales,0
CL01:DF_ICL2023_RAMA(1.0),_T,M,ICL2023,VAR12,G,2023-M11,,R,,2,,Encuesta Mensual de Remuneraciones y Costos Laborales,0
CL01:DF_ICL2023_RAMA(1.0),_T,M,ICL2023,VAR12,G,2023-M12,,R,,2,,Encuesta Mensual de Remuneraciones y Costos Laborales,0
CL01:DF_ICL2023_RAMA(1.0),_T,M,ICL2023,VAR12,G,2024-M01,7.352840710206077,R,,2,,Encuesta Mensual de Remuneraciones y Costos Laborales,0
CL01:DF_ICL2023_RAMA(1.0),_T,M,ICL2023,VAR12,G,2024-M02,7.039602563346725,R,,2,,Encuesta Mensual de Remuneraciones y Costos Laborales,0
CL01:DF_ICL2023_RAMA(1.0),_T,M,ICL2023,VAR12,G,2024-M03,6.588305310507403,R,,2,,Encuesta Mensual de Remuneraciones y Costos Laborales,0
CL01:DF_ICL2023_RAMA(1.0),_T,M,ICL2023,VAR12,G,2024-M04,6.481684309982749,R,,2,,Encuesta Mensual de Remuneraciones y Costos Laborales,0
CL01:DF_ICL2023_RAMA(1.0),_T,M,ICL2023,VAR12,G,2024-M05,6.731939691374222,R,,2,,Encuesta Mensual de Remuneraciones y Costos Laborales,0
CL01:DF_ICL2023_RAMA(1.0),_T,M,ICL2023,VAR12,G,2024-M06,6.388116040263214,R,,2,,Encuesta Mensual de Remuneraciones y Costos Laborales,0
CL01:DF_ICL2023_RAMA(1.0),_T,M,ICL2023,VAR12,G,2024-M07,8.375796888415632,R,,2,,Encuesta Mensual de Remuneraciones y Costos Laborales,0
CL01:DF_ICL2023_RAMA(1.0),_T,M,ICL2023,VAR12,G,2024-M08,9.934144955592817,R,,2,,Encuesta Mensual de Remuneraciones y Costos Laborales,0
CL01:DF_ICL2023_RAMA(1.0),_T,M,ICL2023,VAR12,G,2024-M09,8.703704538601432,R,,2,,Encuesta Mensual de Remuneraciones y Costos Laborales,0
CL01:DF_ICL2023_RAMA(1.0),_T,M,ICL2023,VAR12,G,2024-M10,8.794349498416064,R,,2,,Encuesta Mensual de Remuneraciones y Costos Laborales,0
CL01:DF_ICL2023_RAMA(1.0),_T,M,ICL2023,VAR12,G,2024-M11,9.817140543234991,R,,2,,Encuesta Mensual de Remuneraciones y Costos Laborales,0
CL01:DF_ICL2023_RAMA(1.0),_T,M,ICL2023,VAR12,G,2024-M12,8.822254750009972,R,,2,,Encuesta Mensual de Remuneraciones y Costos Laborales,0
CL01:DF_ICL2023_RAMA(1.0),_T,M,ICL2023,VAR12,G,2025-M01,8.95396364275667,R,,2,,Encuesta Mensual de Remuneraciones y Costos Laborales,0
CL01:DF_ICL2023_RAMA(1.0),_T,M,ICL2023,VAR12,G,2025-M02,10.144900818575731,R,,2,,Encuesta Mensual de Remuneraciones y Costos Laborales,0
CL01:DF_ICL2023_RAMA(1.0),_T,M,ICL2023,VAR12,G,2025-M03,9.352132740464825,R,,2,,Encuesta Mensual de Remuneraciones y Costos Laborales,0
CL01:DF_ICL2023_RAMA(1.0),_T,M,ICL2023,VAR12,G,2025-M04,9.14410265444534,,,2,,Encuesta Mensual de Remuneraciones y Costos Laborales,0
CL01:DF_ICL2023_RAMA(1.0),_T,M,ICL2023,VAR12,G,2025-M05,9.149073416474284,,,2,,Encuesta Mensual de Remuneraciones y Costos Laborales,0
CL01:DF_ICL2023_RAMA(1.0),_T,M,ICL2023,VAR12,G,2025-M06,8.169899824172667,,,2,,Encuesta Mensual de Remuneraciones y Costos Laborales,0
CL01:DF_ICL2023_RAMA(1.0),_T,M,ICL2023,VAR12,G,2025-M07,6.041401391790102,,,2,,Encuesta Mensual de Remuneraciones y Costos Laborales,0
CL01:DF_ICL2023_RAMA(1.0),_T,M,ICL2023,VAR12,G,2025-M08,6.221459948745478,,,2,,Encuesta Mensual de Remuneraciones y Costos Laborales,0
CL01:DF_ICL2023_RAMA(1.0),_T,M,ICL2023,VAR12,G,2025-M09,6.772982589500032,,,2,,Encuesta Mensual de Remuneraciones y Costos Laborales,0
CL01:DF_ICL2023_RAMA(1.0),_T,M,ICL2023,VAR12,G,2025-M10,6.578559798050598,,,2,,Encuesta Mensual de Remuneraciones y Costos Laborales,0
CL01:DF_ICL2023_RAMA(1.0),_T,M,ICL2023,VAR12,G,2025-M11,6.322161334528653,,,2,,Encuesta Mensual de Remuneraciones y Costos Laborales,0
CL01:DF_ICL2023_RAMA(1.0),_T,M,ICL2023,VAR12,G,2025-M12,7.0857896470226445,,,2,,Encuesta Mensual de Remuneraciones y Costos Laborales,0
CL01:DF_ICL2023_RAMA(1.0),_T,M,ICL2023,VAR12,G,2026-M01,5.604768068494126,,,2,,Encuesta Mensual de Remuneraciones y Costos Laborales,0
CL01:DF_ICL2023_RAMA(1.0),_T,M,ICL2023,VAR12,G,2026-M02,5.221518186630947,,,2,,Encuesta Mensual de Remuneraciones y Costos Laborales,0
CL01:DF_ICL2023_RAMA(1.0),_T,M,ICL2023,VAR12,G,2026-M03,5.783345816726526,,Valor provisional,2,,Encuesta Mensual de Remuneraciones y Costos Laborales,0
CL01:DF_ICL2023_RAMA(1.0),_T,M,ICL2023,IX,F,2023-M01,96.39657698209594,R,,2,,Encuesta Mensual de Remuneraciones y Costos Laborales,0
CL01:DF_ICL2023_RAMA(1.0),_T,M,ICL2023,IX,F,2023-M02,96.40415105924993,R,,2,,Encuesta Mensual de Remuneraciones y Costos Laborales,0
CL01:DF_ICL2023_RAMA(1.0),_T,M,ICL2023,IX,F,2023-M03,97.45474271075211,R,,2,,Encuesta Mensual de Remuneraciones y Costos Laborales,0
CL01:DF_ICL2023_RAMA(1.0),_T,M,ICL2023,IX,F,2023-M04,98.1509335561522,R,,2,,Encuesta Mensual de Remuneraciones y Costos Laborales,0
CL01:DF_ICL2023_RAMA(1.0),_T,M,ICL2023,IX,F,2023-M05,99.841207115783,R,,2,,Encuesta Mensual de Remuneraciones y Costos Laborales,0
CL01:DF_ICL2023_RAMA(1.0),_T,M,ICL2023,IX,F,2023-M06,99.70416107038105,R,,2,,Encuesta Mensual de Remuneraciones y Costos Laborales,0
CL01:DF_ICL2023_RAMA(1.0),_T,M,ICL2023,IX,F,2023-M07,100.14746256260719,R,,2,,Encuesta Mensual de Remuneraciones y Costos Laborales,0
CL01:DF_ICL2023_RAMA(1.0),_T,M,ICL2023,IX,F,2023-M08,101.42397820621986,R,,2,,Encuesta Mensual de Remuneraciones y Costos Laborales,0
CL01:DF_ICL2023_RAMA(1.0),_T,M,ICL2023,IX,F,2023-M09,102.47712427558703,R,,2,,Encuesta Mensual de Remuneraciones y Costos Laborales,0
CL01:DF_ICL2023_RAMA(1.0),_T,M,ICL2023,IX,F,2023-M10,101.85110508122072,R,,2,,Encuesta Mensual de Remuneraciones y Costos Laborales,0
CL01:DF_ICL2023_RAMA(1.0),_T,M,ICL2023,IX,F,2023-M11,102.06665030724211,R,,2,,Encuesta Mensual de Remuneraciones y Costos Laborales,0
CL01:DF_ICL2023_RAMA(1.0),_T,M,ICL2023,IX,F,2023-M12,104.08190707270876,R,,2,,Encuesta Mensual de Remuneraciones y Costos Laborales,0
CL01:DF_ICL2023_RAMA(1.0),_T,M,ICL2023,IX,F,2024-M01,103.58012992049693,R,,2,,Encuesta Mensual de Remuneraciones y Costos Laborales,0
CL01:DF_ICL2023_RAMA(1.0),_T,M,ICL2023,IX,F,2024-M02,103.15380762957624,R,,2,,Encuesta Mensual de Remuneraciones y Costos Laborales,0
CL01:DF_ICL2023_RAMA(1.0),_T,M,ICL2023,IX,F,2024-M03,104.88728044043327,R,,2,,Encuesta Mensual de Remuneraciones y Costos Laborales,0
CL01:DF_ICL2023_RAMA(1.0),_T,M,ICL2023,IX,F,2024-M04,104.938885407849,,,2,,Encuesta Mensual de Remuneraciones y Costos Laborales,0
CL01:DF_ICL2023_RAMA(1.0),_T,M,ICL2023,IX,F,2024-M05,105.0953636121269,,,2,,Encuesta Mensual de Remuneraciones y Costos Laborales,0
CL01:DF_ICL2023_RAMA(1.0),_T,M,ICL2023,IX,F,2024-M06,107.3294976989747,,,2,,Encuesta Mensual de Remuneraciones y Costos Laborales,0
CL01:DF_ICL2023_RAMA(1.0),_T,M,ICL2023,IX,F,2024-M07,110.706252554997,,,2,,Encuesta Mensual de Remuneraciones y Costos Laborales,0
CL01:DF_ICL2023_RAMA(1.0),_T,M,ICL2023,IX,F,2024-M08,110.3154314935401,,,2,,Encuesta Mensual de Remuneraciones y Costos Laborales,0
CL01:DF_ICL2023_RAMA(1.0),_T,M,ICL2023,IX,F,2024-M09,111.32760108069284,,,2,,Encuesta Mensual de Remuneraciones y Costos Laborales,0
CL01:DF_ICL2023_RAMA(1.0),_T,M,ICL2023,IX,F,2024-M10,110.41358820215476,,,2,,Encuesta Mensual de Remuneraciones y Costos Laborales,0
CL01:DF_ICL2023_RAMA(1.0),_T,M,ICL2023,IX,F,2024-M11,110.78836870816225,,,2,,Encuesta Mensual de Remuneraciones y Costos Laborales,0
CL01:DF_ICL2023_RAMA(1.0),_T,M,ICL2023,IX,F,2024-M12,111.47088191206153,,,2,,Encuesta Mensual de Remuneraciones y Costos Laborales,0
CL01:DF_ICL2023_RAMA(1.0),_T,M,ICL2023,IX,F,2025-M01,112.34194586594157,,,2,,Encuesta Mensual de Remuneraciones y Costos Laborales,0
CL01:DF_ICL2023_RAMA(1.0),_T,M,ICL2023,IX,F,2025-M02,112.43505864585977,,,2,,Encuesta Mensual de Remuneraciones y Costos Laborales,0
CL01:DF_ICL2023_RAMA(1.0),_T,M,ICL2023,IX,F,2025-M03,113.50656293151232,,,2,,Encuesta Mensual de Remuneraciones y Costos Laborales,0
CL01:DF_ICL2023_RAMA(1.0),_T,M,ICL2023,IX,F,2025-M04,115.1765836842245,,,2,,Encuesta Mensual de Remuneraciones y Costos Laborales,0
CL01:DF_ICL2023_RAMA(1.0),_T,M,ICL2023,IX,F,2025-M05,116.2895463843471,,,2,,Encuesta Mensual de Remuneraciones y Costos Laborales,0
CL01:DF_ICL2023_RAMA(1.0),_T,M,ICL2023,IX,F,2025-M06,116.55487889408101,,,2,,Encuesta Mensual de Remuneraciones y Costos Laborales,0
CL01:DF_ICL2023_RAMA(1.0),_T,M,ICL2023,IX,F,2025-M07,117.0691946163941,,,2,,Encuesta Mensual de Remuneraciones y Costos Laborales,0
CL01:DF_ICL2023_RAMA(1.0),_T,M,ICL2023,IX,F,2025-M08,117.94796716922349,,,2,,Encuesta Mensual de Remuneraciones y Costos Laborales,0
CL01:DF_ICL2023_RAMA(1.0),_T,M,ICL2023,IX,F,2025-M09,119.09278074090855,,,2,,Encuesta Mensual de Remuneraciones y Costos Laborales,0
CL01:DF_ICL2023_RAMA(1.0),_T,M,ICL2023,IX,F,2025-M10,119.89541011791916,,,2,,Encuesta Mensual de Remuneraciones y Costos Laborales,0
CL01:DF_ICL2023_RAMA(1.0),_T,M,ICL2023,IX,F,2025-M11,120.22311897180563,,,2,,Encuesta Mensual de Remuneraciones y Costos Laborales,0
CL01:DF_ICL2023_RAMA(1.0),_T,M,ICL2023,IX,F,2025-M12,121.39584826202578,,,2,,Encuesta Mensual de Remuneraciones y Costos Laborales,0
CL01:DF_ICL2023_RAMA(1.0),_T,M,ICL2023,IX,F,2026-M01,121.44169562452879,,,2,,Encuesta Mensual de Remuneraciones y Costos Laborales,0
CL01:DF_ICL2023_RAMA(1.0),_T,M,ICL2023,IX,F,2026-M02,120.8246320748431,,,2,,Encuesta Mensual de Remuneraciones y Costos Laborales,0
CL01:DF_ICL2023_RAMA(1.0),_T,M,ICL2023,IX,F,2026-M03,121.51248010143496,,Valor provisional,2,,Encuesta Mensual de Remuneraciones y Costos Laborales,0
CL01:DF_ICL2023_RAMA(1.0),_T,M,ICL2023,VAR12,E,2023-M01,,R,,2,,Encuesta Mensual de Remuneraciones y Costos Laborales,0
CL01:DF_ICL2023_RAMA(1.0),_T,M,ICL2023,VAR12,E,2023-M02,,R,,2,,Encuesta Mensual de Remuneraciones y Costos Laborales,0
CL01:DF_ICL2023_RAMA(1.0),_T,M,ICL2023,VAR12,E,2023-M03,,R,,2,,Encuesta Mensual de Remuneraciones y Costos Laborales,0
CL01:DF_ICL2023_RAMA(1.0),_T,M,ICL2023,VAR12,E,2023-M04,,R,,2,,Encuesta Mensual de Remuneraciones y Costos Laborales,0
CL01:DF_ICL2023_RAMA(1.0),_T,M,ICL2023,VAR12,E,2023-M05,,R,,2,,Encuesta Mensual de Remuneraciones y Costos Laborales,0
CL01:DF_ICL2023_RAMA(1.0),_T,M,ICL2023,VAR12,E,2023-M06,,R,,2,,Encuesta Mensual de Remuneraciones y Costos Laborales,0
CL01:DF_ICL2023_RAMA(1.0),_T,M,ICL2023,VAR12,E,2023-M07,,R,,2,,Encuesta Mensual de Remuneraciones y Costos Laborales,0
CL01:DF_ICL2023_RAMA(1.0),_T,M,ICL2023,VAR12,E,2023-M08,,R,,2,,Encuesta Mensual de Remuneraciones y Costos Laborales,0
CL01:DF_ICL2023_RAMA(1.0),_T,M,ICL2023,VAR12,E,2023-M09,,R,,2,,Encuesta Mensual de Remuneraciones y Costos Laborales,0
CL01:DF_ICL2023_RAMA(1.0),_T,M,ICL2023,VAR12,E,2023-M10,,R,,2,,Encuesta Mensual de Remuneraciones y Costos Laborales,0
CL01:DF_ICL2023_RAMA(1.0),_T,M,ICL2023,VAR12,E,2023-M11,,R,,2,,Encuesta Mensual de Remuneraciones y Costos Laborales,0
CL01:DF_ICL2023_RAMA(1.0),_T,M,ICL2023,VAR12,E,2023-M12,,R,,2,,Encuesta Mensual de Remuneraciones y Costos Laborales,0
CL01:DF_ICL2023_RAMA(1.0),_T,M,ICL2023,VAR12,E,2024-M01,7.840294957550209,R,,2,,Encuesta Mensual de Remuneraciones y Costos Laborales,0
CL01:DF_ICL2023_RAMA(1.0),_T,M,ICL2023,VAR12,E,2024-M02,7.416187103456018,R,,2,,Encuesta Mensual de Remuneraciones y Costos Laborales,0
CL01:DF_ICL2023_RAMA(1.0),_T,M,ICL2023,VAR12,E,2024-M03,8.603273550164747,R,,2,,Encuesta Mensual de Remuneraciones y Costos Laborales,0
CL01:DF_ICL2023_RAMA(1.0),_T,M,ICL2023,VAR12,E,2024-M04,8.488302118729285,R,,2,,Encuesta Mensual de Remuneraciones y Costos Laborales,0
CL01:DF_ICL2023_RAMA(1.0),_T,M,ICL2023,VAR12,E,2024-M05,8.91266795224459,R,,2,,Encuesta Mensual de Remuneraciones y Costos Laborales,0
CL01:DF_ICL2023_RAMA(1.0),_T,M,ICL2023,VAR12,E,2024-M06,9.500054018041904,R,,2,,Encuesta Mensual de Remuneraciones y Costos Laborales,0
CL01:DF_ICL2023_RAMA(1.0),_T,M,ICL2023,VAR12,E,2024-M07,12.316929354341388,R,,2,,Encuesta Mensual de Remuneraciones y Costos Laborales,0
CL01:DF_ICL2023_RAMA(1.0),_T,M,ICL2023,VAR12,E,2024-M08,12.1956414341013,R,,2,,Encuesta Mensual de Remuneraciones y Costos Laborales,0
CL01:DF_ICL2023_RAMA(1.0),_T,M,ICL2023,VAR12,E,2024-M09,10.925806872050003,R,,2,,Encuesta Mensual de Remuneraciones y Costos Laborales,0
CL01:DF_ICL2023_RAMA(1.0),_T,M,ICL2023,VAR12,E,2024-M10,10.439787214478557,R,,2,,Encuesta Mensual de Remuneraciones y Costos Laborales,0
CL01:DF_ICL2023_RAMA(1.0),_T,M,ICL2023,VAR12,E,2024-M11,9.081554234405198,R,,2,,Encuesta Mensual de Remuneraciones y Costos Laborales,0
CL01:DF_ICL2023_RAMA(1.0),_T,M,ICL2023,VAR12,E,2024-M12,9.399776980724916,R,,2,,Encuesta Mensual de Remuneraciones y Costos Laborales,0
CL01:DF_ICL2023_RAMA(1.0),_T,M,ICL2023,VAR12,E,2025-M01,10.091694590349555,R,,2,,Encuesta Mensual de Remuneraciones y Costos Laborales,0
CL01:DF_ICL2023_RAMA(1.0),_T,M,ICL2023,VAR12,E,2025-M02,11.184509647183294,R,,2,,Encuesta Mensual de Remuneraciones y Costos Laborales,0
CL01:DF_ICL2023_RAMA(1.0),_T,M,ICL2023,VAR12,E,2025-M03,9.995924081797547,R,,2,,Encuesta Mensual de Remuneraciones y Costos Laborales,0
CL01:DF_ICL2023_RAMA(1.0),_T,M,ICL2023,VAR12,E,2025-M04,10.17262832616128,,,2,,Encuesta Mensual de Remuneraciones y Costos Laborales,0
CL01:DF_ICL2023_RAMA(1.0),_T,M,ICL2023,VAR12,E,2025-M05,9.765558139215536,,,2,,Encuesta Mensual de Remuneraciones y Costos Laborales,0
CL01:DF_ICL2023_RAMA(1.0),_T,M,ICL2023,VAR12,E,2025-M06,9.762705764652457,,,2,,Encuesta Mensual de Remuneraciones y Costos Laborales,0
CL01:DF_ICL2023_RAMA(1.0),_T,M,ICL2023,VAR12,E,2025-M07,6.490763365866048,,,2,,Encuesta Mensual de Remuneraciones y Costos Laborales,0
CL01:DF_ICL2023_RAMA(1.0),_T,M,ICL2023,VAR12,E,2025-M08,7.5303646337210095,,,2,,Encuesta Mensual de Remuneraciones y Costos Laborales,0
CL01:DF_ICL2023_RAMA(1.0),_T,M,ICL2023,VAR12,E,2025-M09,7.957443042118628,,,2,,Encuesta Mensual de Remuneraciones y Costos Laborales,0
CL01:DF_ICL2023_RAMA(1.0),_T,M,ICL2023,VAR12,E,2025-M10,7.243282654763972,,,2,,Encuesta Mensual de Remuneraciones y Costos Laborales,0
CL01:DF_ICL2023_RAMA(1.0),_T,M,ICL2023,VAR12,E,2025-M11,8.303961707964147,,,2,,Encuesta Mensual de Remuneraciones y Costos Laborales,0
CL01:DF_ICL2023_RAMA(1.0),_T,M,ICL2023,VAR12,E,2025-M12,7.957211547649035,,,2,,Encuesta Mensual de Remuneraciones y Costos Laborales,0
CL01:DF_ICL2023_RAMA(1.0),_T,M,ICL2023,VAR12,E,2026-M01,8.107356434132429,,,2,,Encuesta Mensual de Remuneraciones y Costos Laborales,0
CL01:DF_ICL2023_RAMA(1.0),_T,M,ICL2023,VAR12,E,2026-M02,7.768476596867857,,,2,,Encuesta Mensual de Remuneraciones y Costos Laborales,0
CL01:DF_ICL2023_RAMA(1.0),_T,M,ICL2023,VAR12,E,2026-M03,8.527139297238385,,Valor provisional,2,,Encuesta Mensual de Remuneraciones y Costos Laborales,0
CL01:DF_ICL2023_RAMA(1.0),_T,M,ICL2023,IX,I,2023-M01,94.30067905619732,R,,2,,Encuesta Mensual de Remuneraciones y Costos Laborales,0
CL01:DF_ICL2023_RAMA(1.0),_T,M,ICL2023,IX,I,2023-M02,95.27298283509641,R,,2,,Encuesta Mensual de Remuneraciones y Costos Laborales,0
CL01:DF_ICL2023_RAMA(1.0),_T,M,ICL2023,IX,I,2023-M03,96.02693951249017,R,,2,,Encuesta Mensual de Remuneraciones y Costos Laborales,0
CL01:DF_ICL2023_RAMA(1.0),_T,M,ICL2023,IX,I,2023-M04,97.02727708156343,R,,2,,Encuesta Mensual de Remuneraciones y Costos Laborales,0
CL01:DF_ICL2023_RAMA(1.0),_T,M,ICL2023,IX,I,2023-M05,98.11799689445938,R,,2,,Encuesta Mensual de Remuneraciones y Costos Laborales,0
CL01:DF_ICL2023_RAMA(1.0),_T,M,ICL2023,IX,I,2023-M06,99.01924726764372,R,,2,,Encuesta Mensual de Remuneraciones y Costos Laborales,0
CL01:DF_ICL2023_RAMA(1.0),_T,M,ICL2023,IX,I,2023-M07,99.66503106836775,R,,2,,Encuesta Mensual de Remuneraciones y Costos Laborales,0
CL01:DF_ICL2023_RAMA(1.0),_T,M,ICL2023,IX,I,2023-M08,100.91092197771312,R,,2,,Encuesta Mensual de Remuneraciones y Costos Laborales,0
CL01:DF_ICL2023_RAMA(1.0),_T,M,ICL2023,IX,I,2023-M09,104.53222600485759,R,,2,,Encuesta Mensual de Remuneraciones y Costos Laborales,0
CL01:DF_ICL2023_RAMA(1.0),_T,M,ICL2023,IX,I,2023-M10,104.39575062455214,R,,2,,Encuesta Mensual de Remuneraciones y Costos Laborales,0
CL01:DF_ICL2023_RAMA(1.0),_T,M,ICL2023,IX,I,2023-M11,104.28009290821053,R,,2,,Encuesta Mensual de Remuneraciones y Costos Laborales,0
CL01:DF_ICL2023_RAMA(1.0),_T,M,ICL2023,IX,I,2023-M12,106.4508547688485,R,,2,,Encuesta Mensual de Remuneraciones y Costos Laborales,0
CL01:DF_ICL2023_RAMA(1.0),_T,M,ICL2023,IX,I,2024-M01,103.84048510201931,R,,2,,Encuesta Mensual de Remuneraciones y Costos Laborales,0
CL01:DF_ICL2023_RAMA(1.0),_T,M,ICL2023,IX,I,2024-M02,103.7322771450656,R,,2,,Encuesta Mensual de Remuneraciones y Costos Laborales,0
CL01:DF_ICL2023_RAMA(1.0),_T,M,ICL2023,IX,I,2024-M03,105.22529619472886,R,,2,,Encuesta Mensual de Remuneraciones y Costos Laborales,0
CL01:DF_ICL2023_RAMA(1.0),_T,M,ICL2023,IX,I,2024-M04,105.36483217646983,,,2,,Encuesta Mensual de Remuneraciones y Costos Laborales,0
CL01:DF_ICL2023_RAMA(1.0),_T,M,ICL2023,IX,I,2024-M05,106.11260714913679,,,2,,Encuesta Mensual de Remuneraciones y Costos Laborales,0
CL01:DF_ICL2023_RAMA(1.0),_T,M,ICL2023,IX,I,2024-M06,107.94622496444056,,,2,,Encuesta Mensual de Remuneraciones y Costos Laborales,0
CL01:DF_ICL2023_RAMA(1.0),_T,M,ICL2023,IX,I,2024-M07,113.72823380980996,,,2,,Encuesta Mensual de Remuneraciones y Costos Laborales,0
CL01:DF_ICL2023_RAMA(1.0),_T,M,ICL2023,IX,I,2024-M08,114.11033599755577,,,2,,Encuesta Mensual de Remuneraciones y Costos Laborales,0
CL01:DF_ICL2023_RAMA(1.0),_T,M,ICL2023,IX,I,2024-M09,115.16783466188183,,,2,,Encuesta Mensual de Remuneraciones y Costos Laborales,0
CL01:DF_ICL2023_RAMA(1.0),_T,M,ICL2023,IX,I,2024-M10,114.76014974725354,,,2,,Encuesta Mensual de Remuneraciones y Costos Laborales,0
CL01:DF_ICL2023_RAMA(1.0),_T,M,ICL2023,IX,I,2024-M11,115.77280549709785,,,2,,Encuesta Mensual de Remuneraciones y Costos Laborales,0
CL01:DF_ICL2023_RAMA(1.0),_T,M,ICL2023,IX,I,2024-M12,115.85555026039968,,,2,,Encuesta Mensual de Remuneraciones y Costos Laborales,0
CL01:DF_ICL2023_RAMA(1.0),_T,M,ICL2023,IX,I,2025-M01,116.84335335022723,,,2,,Encuesta Mensual de Remuneraciones y Costos Laborales,0
CL01:DF_ICL2023_RAMA(1.0),_T,M,ICL2023,IX,I,2025-M02,117.13782031976024,,,2,,Encuesta Mensual de Remuneraciones y Costos Laborales,0
CL01:DF_ICL2023_RAMA(1.0),_T,M,ICL2023,IX,I,2025-M03,117.49475735938505,,,2,,Encuesta Mensual de Remuneraciones y Costos Laborales,0
CL01:DF_ICL2023_RAMA(1.0),_T,M,ICL2023,IX,I,2025-M04,118.90725096046721,,,2,,Encuesta Mensual de Remuneraciones y Costos Laborales,0
CL01:DF_ICL2023_RAMA(1.0),_T,M,ICL2023,IX,I,2025-M05,119.12642191389847,,,2,,Encuesta Mensual de Remuneraciones y Costos Laborales,0
CL01:DF_ICL2023_RAMA(1.0),_T,M,ICL2023,IX,I,2025-M06,119.70405576336815,,,2,,Encuesta Mensual de Remuneraciones y Costos Laborales,0
CL01:DF_ICL2023_RAMA(1.0),_T,M,ICL2023,IX,I,2025-M07,120.7952239517859,,,2,,Encuesta Mensual de Remuneraciones y Costos Laborales,0
CL01:DF_ICL2023_RAMA(1.0),_T,M,ICL2023,IX,I,2025-M08,121.81770982427602,,,2,,Encuesta Mensual de Remuneraciones y Costos Laborales,0
CL01:DF_ICL2023_RAMA(1.0),_T,M,ICL2023,IX,I,2025-M09,122.41111730198668,,,2,,Encuesta Mensual de Remuneraciones y Costos Laborales,0
CL01:DF_ICL2023_RAMA(1.0),_T,M,ICL2023,IX,I,2025-M10,122.73834651441688,,,2,,Encuesta Mensual de Remuneraciones y Costos Laborales,0
CL01:DF_ICL2023_RAMA(1.0),_T,M,ICL2023,IX,I,2025-M11,123.78503835425798,,,2,,Encuesta Mensual de Remuneraciones y Costos Laborales,0
CL01:DF_ICL2023_RAMA(1.0),_T,M,ICL2023,IX,I,2025-M12,124.2478237330976,,,2,,Encuesta Mensual de Remuneraciones y Costos Laborales,0
CL01:DF_ICL2023_RAMA(1.0),_T,M,ICL2023,IX,I,2026-M01,125.83067398360738,,,2,,Encuesta Mensual de Remuneraciones y Costos Laborales,0
CL01:DF_ICL2023_RAMA(1.0),_T,M,ICL2023,IX,I,2026-M02,126.12637395504161,,,2,,Encuesta Mensual de Remuneraciones y Costos Laborales,0
CL01:DF_ICL2023_RAMA(1.0),_T,M,ICL2023,IX,I,2026-M03,126.76241003373651,,Valor provisional,2,,Encuesta Mensual de Remuneraciones y Costos Laborales,0
CL01:DF_ICL2023_RAMA(1.0),_T,M,ICL2023,IX,C,2023-M01,97.27786194090783,R,,2,,Encuesta Mensual de Remuneraciones y Costos Laborales,0
CL01:DF_ICL2023_RAMA(1.0),_T,M,ICL2023,IX,C,2023-M02,96.6178138753445,R,,2,,Encuesta Mensual de Remuneraciones y Costos Laborales,0
CL01:DF_ICL2023_RAMA(1.0),_T,M,ICL2023,IX,C,2023-M03,97.3266155865378,R,,2,,Encuesta Mensual de Remuneraciones y Costos Laborales,0
CL01:DF_ICL2023_RAMA(1.0),_T,M,ICL2023,IX,C,2023-M04,97.87906904465272,R,,2,,Encuesta Mensual de Remuneraciones y Costos Laborales,0
CL01:DF_ICL2023_RAMA(1.0),_T,M,ICL2023,IX,C,2023-M05,99.31451077120293,R,,2,,Encuesta Mensual de Remuneraciones y Costos Laborales,0
CL01:DF_ICL2023_RAMA(1.0),_T,M,ICL2023,IX,C,2023-M06,100.04723040879634,R,,2,,Encuesta Mensual de Remuneraciones y Costos Laborales,0
CL01:DF_ICL2023_RAMA(1.0),_T,M,ICL2023,IX,C,2023-M07,100.35838659079234,R,,2,,Encuesta Mensual de Remuneraciones y Costos Laborales,0
CL01:DF_ICL2023_RAMA(1.0),_T,M,ICL2023,IX,C,2023-M08,100.57020560597351,R,,2,,Encuesta Mensual de Remuneraciones y Costos Laborales,0
CL01:DF_ICL2023_RAMA(1.0),_T,M,ICL2023,IX,C,2023-M09,101.92503604665283,R,,2,,Encuesta Mensual de Remuneraciones y Costos Laborales,0
CL01:DF_ICL2023_RAMA(1.0),_T,M,ICL2023,IX,C,2023-M10,101.53096996652752,R,,2,,Encuesta Mensual de Remuneraciones y Costos Laborales,0
CL01:DF_ICL2023_RAMA(1.0),_T,M,ICL2023,IX,C,2023-M11,102.60277020921737,R,,2,,Encuesta Mensual de Remuneraciones y Costos Laborales,0
CL01:DF_ICL2023_RAMA(1.0),_T,M,ICL2023,IX,C,2023-M12,104.5495299533943,R,,2,,Encuesta Mensual de Remuneraciones y Costos Laborales,0
CL01:DF_ICL2023_RAMA(1.0),_T,M,ICL2023,IX,C,2024-M01,104.16098923209557,R,,2,,Encuesta Mensual de Remuneraciones y Costos Laborales,0
CL01:DF_ICL2023_RAMA(1.0),_T,M,ICL2023,IX,C,2024-M02,103.50870322608075,R,,2,,Encuesta Mensual de Remuneraciones y Costos Laborales,0
CL01:DF_ICL2023_RAMA(1.0),_T,M,ICL2023,IX,C,2024-M03,105.08934512864558,R,,2,,Encuesta Mensual de Remuneraciones y Costos Laborales,0
CL01:DF_ICL2023_RAMA(1.0),_T,M,ICL2023,IX,C,2024-M04,106.14919540718785,,,2,,Encuesta Mensual de Remuneraciones y Costos Laborales,0
CL01:DF_ICL2023_RAMA(1.0),_T,M,ICL2023,IX,C,2024-M05,106.43766186054089,,,2,,Encuesta Mensual de Remuneraciones y Costos Laborales,0
CL01:DF_ICL2023_RAMA(1.0),_T,M,ICL2023,IX,C,2024-M06,108.1328825234813,,,2,,Encuesta Mensual de Remuneraciones y Costos Laborales,0
CL01:DF_ICL2023_RAMA(1.0),_T,M,ICL2023,IX,C,2024-M07,110.5192293956677,,,2,,Encuesta Mensual de Remuneraciones y Costos Laborales,0
CL01:DF_ICL2023_RAMA(1.0),_T,M,ICL2023,IX,C,2024-M08,110.66453363306286,,,2,,Encuesta Mensual de Remuneraciones y Costos Laborales,0
CL01:DF_ICL2023_RAMA(1.0),_T,M,ICL2023,IX,C,2024-M09,111.91801743942169,,,2,,Encuesta Mensual de Remuneraciones y Costos Laborales,0
CL01:DF_ICL2023_RAMA(1.0),_T,M,ICL2023,IX,C,2024-M10,111.6235301756923,,,2,,Encuesta Mensual de Remuneraciones y Costos Laborales,0
CL01:DF_ICL2023_RAMA(1.0),_T,M,ICL2023,IX,C,2024-M11,112.09237535044346,,,2,,Encuesta Mensual de Remuneraciones y Costos Laborales,0
CL01:DF_ICL2023_RAMA(1.0),_T,M,ICL2023,IX,C,2024-M12,113.27234687485564,,,2,,Encuesta Mensual de Remuneraciones y Costos Laborales,0
CL01:DF_ICL2023_RAMA(1.0),_T,M,ICL2023,IX,C,2025-M01,113.97898650936541,,,2,,Encuesta Mensual de Remuneraciones y Costos Laborales,0
CL01:DF_ICL2023_RAMA(1.0),_T,M,ICL2023,IX,C,2025-M02,113.38228522207424,,,2,,Encuesta Mensual de Remuneraciones y Costos Laborales,0
CL01:DF_ICL2023_RAMA(1.0),_T,M,ICL2023,IX,C,2025-M03,113.98759066812691,,,2,,Encuesta Mensual de Remuneraciones y Costos Laborales,0
CL01:DF_ICL2023_RAMA(1.0),_T,M,ICL2023,IX,C,2025-M04,114.66162219870745,,,2,,Encuesta Mensual de Remuneraciones y Costos Laborales,0
CL01:DF_ICL2023_RAMA(1.0),_T,M,ICL2023,IX,C,2025-M05,115.74380110790257,,,2,,Encuesta Mensual de Remuneraciones y Costos Laborales,0
CL01:DF_ICL2023_RAMA(1.0),_T,M,ICL2023,IX,C,2025-M06,115.80203970459134,,,2,,Encuesta Mensual de Remuneraciones y Costos Laborales,0
CL01:DF_ICL2023_RAMA(1.0),_T,M,ICL2023,IX,C,2025-M07,116.27614194566048,,,2,,Encuesta Mensual de Remuneraciones y Costos Laborales,0
CL01:DF_ICL2023_RAMA(1.0),_T,M,ICL2023,IX,C,2025-M08,116.91356900497557,,,2,,Encuesta Mensual de Remuneraciones y Costos Laborales,0
CL01:DF_ICL2023_RAMA(1.0),_T,M,ICL2023,IX,C,2025-M09,117.44496154832616,,,2,,Encuesta Mensual de Remuneraciones y Costos Laborales,0
CL01:DF_ICL2023_RAMA(1.0),_T,M,ICL2023,IX,C,2025-M10,117.97458993430647,,,2,,Encuesta Mensual de Remuneraciones y Costos Laborales,0
CL01:DF_ICL2023_RAMA(1.0),_T,M,ICL2023,IX,C,2025-M11,118.42195584688885,,,2,,Encuesta Mensual de Remuneraciones y Costos Laborales,0
CL01:DF_ICL2023_RAMA(1.0),_T,M,ICL2023,IX,C,2025-M12,120.13010810889023,,,2,,Encuesta Mensual de Remuneraciones y Costos Laborales,0
CL01:DF_ICL2023_RAMA(1.0),_T,M,ICL2023,IX,C,2026-M01,120.12772576537016,,,2,,Encuesta Mensual de Remuneraciones y Costos Laborales,0
CL01:DF_ICL2023_RAMA(1.0),_T,M,ICL2023,IX,C,2026-M02,119.72988566324415,,,2,,Encuesta Mensual de Remuneraciones y Costos Laborales,0
CL01:DF_ICL2023_RAMA(1.0),_T,M,ICL2023,IX,C,2026-M03,120.88903375406221,,Valor provisional,2,,Encuesta Mensual de Remuneraciones y Costos Laborales,0
CL01:DF_ICL2023_RAMA(1.0),_T,M,ICL2023,VAR12,F,2023-M01,,R,,2,,Encuesta Mensual de Remuneraciones y Costos Laborales,0
CL01:DF_ICL2023_RAMA(1.0),_T,M,ICL2023,VAR12,F,2023-M02,,R,,2,,Encuesta Mensual de Remuneraciones y Costos Laborales,0
CL01:DF_ICL2023_RAMA(1.0),_T,M,ICL2023,VAR12,F,2023-M03,,R,,2,,Encuesta Mensual de Remuneraciones y Costos Laborales,0
CL01:DF_ICL2023_RAMA(1.0),_T,M,ICL2023,VAR12,F,2023-M04,,R,,2,,Encuesta Mensual de Remuneraciones y Costos Laborales,0
CL01:DF_ICL2023_RAMA(1.0),_T,M,ICL2023,VAR12,F,2023-M05,,R,,2,,Encuesta Mensual de Remuneraciones y Costos Laborales,0
CL01:DF_ICL2023_RAMA(1.0),_T,M,ICL2023,VAR12,F,2023-M06,,R,,2,,Encuesta Mensual de Remuneraciones y Costos Laborales,0
CL01:DF_ICL2023_RAMA(1.0),_T,M,ICL2023,VAR12,F,2023-M07,,R,,2,,Encuesta Mensual de Remuneraciones y Costos Laborales,0
CL01:DF_ICL2023_RAMA(1.0),_T,M,ICL2023,VAR12,F,2023-M08,,R,,2,,Encuesta Mensual de Remuneraciones y Costos Laborales,0
CL01:DF_ICL2023_RAMA(1.0),_T,M,ICL2023,VAR12,F,2023-M09,,R,,2,,Encuesta Mensual de Remuneraciones y Costos Laborales,0
CL01:DF_ICL2023_RAMA(1.0),_T,M,ICL2023,VAR12,F,2023-M10,,R,,2,,Encuesta Mensual de Remuneraciones y Costos Laborales,0
CL01:DF_ICL2023_RAMA(1.0),_T,M,ICL2023,VAR12,F,2023-M11,,R,,2,,Encuesta Mensual de Remuneraciones y Costos Laborales,0
CL01:DF_ICL2023_RAMA(1.0),_T,M,ICL2023,VAR12,F,2023-M12,,R,,2,,Encuesta Mensual de Remuneraciones y Costos Laborales,0
CL01:DF_ICL2023_RAMA(1.0),_T,M,ICL2023,VAR12,F,2024-M01,7.452083013004929,R,,2,,Encuesta Mensual de Remuneraciones y Costos Laborales,0
CL01:DF_ICL2023_RAMA(1.0),_T,M,ICL2023,VAR12,F,2024-M02,7.0014169474693855,R,,2,,Encuesta Mensual de Remuneraciones y Costos Laborales,0
CL01:DF_ICL2023_RAMA(1.0),_T,M,ICL2023,VAR12,F,2024-M03,7.626655740851018,R,,2,,Encuesta Mensual de Remuneraciones y Costos Laborales,0
CL01:DF_ICL2023_RAMA(1.0),_T,M,ICL2023,VAR12,F,2024-M04,6.915830146244528,R,,2,,Encuesta Mensual de Remuneraciones y Costos Laborales,0
CL01:DF_ICL2023_RAMA(1.0),_T,M,ICL2023,VAR12,F,2024-M05,5.262512992506996,R,,2,,Encuesta Mensual de Remuneraciones y Costos Laborales,0
CL01:DF_ICL2023_RAMA(1.0),_T,M,ICL2023,VAR12,F,2024-M06,7.647962278335552,R,,2,,Encuesta Mensual de Remuneraciones y Costos Laborales,0
CL01:DF_ICL2023_RAMA(1.0),_T,M,ICL2023,VAR12,F,2024-M07,10.543242656586504,R,,2,,Encuesta Mensual de Remuneraciones y Costos Laborales,0
CL01:DF_ICL2023_RAMA(1.0),_T,M,ICL2023,VAR12,F,2024-M08,8.766618549749383,R,,2,,Encuesta Mensual de Remuneraciones y Costos Laborales,0
CL01:DF_ICL2023_RAMA(1.0),_T,M,ICL2023,VAR12,F,2024-M09,8.636539000942921,R,,2,,Encuesta Mensual de Remuneraciones y Costos Laborales,0
CL01:DF_ICL2023_RAMA(1.0),_T,M,ICL2023,VAR12,F,2024-M10,8.406863248175767,R,,2,,Encuesta Mensual de Remuneraciones y Costos Laborales,0
CL01:DF_ICL2023_RAMA(1.0),_T,M,ICL2023,VAR12,F,2024-M11,8.54512063898043,R,,2,,Encuesta Mensual de Remuneraciones y Costos Laborales,0
CL01:DF_ICL2023_RAMA(1.0),_T,M,ICL2023,VAR12,F,2024-M12,7.099192402567178,R,,2,,Encuesta Mensual de Remuneraciones y Costos Laborales,0
CL01:DF_ICL2023_RAMA(1.0),_T,M,ICL2023,VAR12,F,2025-M01,8.458973697146144,R,,2,,Encuesta Mensual de Remuneraciones y Costos Laborales,0
CL01:DF_ICL2023_RAMA(1.0),_T,M,ICL2023,VAR12,F,2025-M02,8.997487566927598,R,,2,,Encuesta Mensual de Remuneraciones y Costos Laborales,0
CL01:DF_ICL2023_RAMA(1.0),_T,M,ICL2023,VAR12,F,2025-M03,8.217662289350747,R,,2,,Encuesta Mensual de Remuneraciones y Costos Laborales,0
CL01:DF_ICL2023_RAMA(1.0),_T,M,ICL2023,VAR12,F,2025-M04,9.75586717601038,,,2,,Encuesta Mensual de Remuneraciones y Costos Laborales,0
CL01:DF_ICL2023_RAMA(1.0),_T,M,ICL2023,VAR12,F,2025-M05,10.651452535560303,,,2,,Encuesta Mensual de Remuneraciones y Costos Laborales,0
CL01:DF_ICL2023_RAMA(1.0),_T,M,ICL2023,VAR12,F,2025-M06,8.595382809840956,,,2,,Encuesta Mensual de Remuneraciones y Costos Laborales,0
CL01:DF_ICL2023_RAMA(1.0),_T,M,ICL2023,VAR12,F,2025-M07,5.747590505997935,,,2,,Encuesta Mensual de Remuneraciones y Costos Laborales,0
CL01:DF_ICL2023_RAMA(1.0),_T,M,ICL2023,VAR12,F,2025-M08,6.9188286464984206,,,2,,Encuesta Mensual de Remuneraciones y Costos Laborales,0
CL01:DF_ICL2023_RAMA(1.0),_T,M,ICL2023,VAR12,F,2025-M09,6.97507139724256,,,2,,Encuesta Mensual de Remuneraciones y Costos Laborales,0
CL01:DF_ICL2023_RAMA(1.0),_T,M,ICL2023,VAR12,F,2025-M10,8.58754983888781,,,2,,Encuesta Mensual de Remuneraciones y Costos Laborales,0
CL01:DF_ICL2023_RAMA(1.0),_T,M,ICL2023,VAR12,F,2025-M11,8.516011539529323,,,2,,Encuesta Mensual de Remuneraciones y Costos Laborales,0
CL01:DF_ICL2023_RAMA(1.0),_T,M,ICL2023,VAR12,F,2025-M12,8.903640286791648,,,2,,Encuesta Mensual de Remuneraciones y Costos Laborales,0
CL01:DF_ICL2023_RAMA(1.0),_T,M,ICL2023,VAR12,F,2026-M01,8.100046414939266,,,2,,Encuesta Mensual de Remuneraciones y Costos Laborales,0
CL01:DF_ICL2023_RAMA(1.0),_T,M,ICL2023,VAR12,F,2026-M02,7.4617059216451675,,,2,,Encuesta Mensual de Remuneraciones y Costos Laborales,0
CL01:DF_ICL2023_RAMA(1.0),_T,M,ICL2023,VAR12,F,2026-M03,7.0532636731792,,Valor provisional,2,,Encuesta Mensual de Remuneraciones y Costos Laborales,0
CL01:DF_ICL2023_RAMA(1.0),_T,M,ICL2023,IX,H,2023-M01,98.08357038145111,R,,2,,Encuesta Mensual de Remuneraciones y Costos Laborales,0
CL01:DF_ICL2023_RAMA(1.0),_T,M,ICL2023,IX,H,2023-M02,96.8928665096046,R,,2,,Encuesta Mensual de Remuneraciones y Costos Laborales,0
CL01:DF_ICL2023_RAMA(1.0),_T,M,ICL2023,IX,H,2023-M03,96.59509945687401,R,,2,,Encuesta Mensual de Remuneraciones y Costos Laborales,0
CL01:DF_ICL2023_RAMA(1.0),_T,M,ICL2023,IX,H,2023-M04,98.91726965397737,R,,2,,Encuesta Mensual de Remuneraciones y Costos Laborales,0
CL01:DF_ICL2023_RAMA(1.0),_T,M,ICL2023,IX,H,2023-M05,98.92469282748861,R,,2,,Encuesta Mensual de Remuneraciones y Costos Laborales,0
CL01:DF_ICL2023_RAMA(1.0),_T,M,ICL2023,IX,H,2023-M06,99.12780662103901,R,,2,,Encuesta Mensual de Remuneraciones y Costos Laborales,0
CL01:DF_ICL2023_RAMA(1.0),_T,M,ICL2023,IX,H,2023-M07,99.11672231218895,R,,2,,Encuesta Mensual de Remuneraciones y Costos Laborales,0
CL01:DF_ICL2023_RAMA(1.0),_T,M,ICL2023,IX,H,2023-M08,100.2393121796014,R,,2,,Encuesta Mensual de Remuneraciones y Costos Laborales,0
CL01:DF_ICL2023_RAMA(1.0),_T,M,ICL2023,IX,H,2023-M09,103.60499887198225,R,,2,,Encuesta Mensual de Remuneraciones y Costos Laborales,0
CL01:DF_ICL2023_RAMA(1.0),_T,M,ICL2023,IX,H,2023-M10,102.20648714580675,R,,2,,Encuesta Mensual de Remuneraciones y Costos Laborales,0
CL01:DF_ICL2023_RAMA(1.0),_T,M,ICL2023,IX,H,2023-M11,102.36202461377447,R,,2,,Encuesta Mensual de Remuneraciones y Costos Laborales,0
CL01:DF_ICL2023_RAMA(1.0),_T,M,ICL2023,IX,H,2023-M12,103.92914942621155,R,,2,,Encuesta Mensual de Remuneraciones y Costos Laborales,0
CL01:DF_ICL2023_RAMA(1.0),_T,M,ICL2023,IX,H,2024-M01,103.42176624789325,R,,2,,Encuesta Mensual de Remuneraciones y Costos Laborales,0
CL01:DF_ICL2023_RAMA(1.0),_T,M,ICL2023,IX,H,2024-M02,103.65106506494818,R,,2,,Encuesta Mensual de Remuneraciones y Costos Laborales,0
CL01:DF_ICL2023_RAMA(1.0),_T,M,ICL2023,IX,H,2024-M03,103.77310018499215,R,,2,,Encuesta Mensual de Remuneraciones y Costos Laborales,0
CL01:DF_ICL2023_RAMA(1.0),_T,M,ICL2023,IX,H,2024-M04,105.04723678518806,,,2,,Encuesta Mensual de Remuneraciones y Costos Laborales,0
CL01:DF_ICL2023_RAMA(1.0),_T,M,ICL2023,IX,H,2024-M05,106.45553169784918,,,2,,Encuesta Mensual de Remuneraciones y Costos Laborales,0
CL01:DF_ICL2023_RAMA(1.0),_T,M,ICL2023,IX,H,2024-M06,106.57235016992338,,,2,,Encuesta Mensual de Remuneraciones y Costos Laborales,0
CL01:DF_ICL2023_RAMA(1.0),_T,M,ICL2023,IX,H,2024-M07,109.37679104403072,,,2,,Encuesta Mensual de Remuneraciones y Costos Laborales,0
CL01:DF_ICL2023_RAMA(1.0),_T,M,ICL2023,IX,H,2024-M08,110.32077061224015,,,2,,Encuesta Mensual de Remuneraciones y Costos Laborales,0
CL01:DF_ICL2023_RAMA(1.0),_T,M,ICL2023,IX,H,2024-M09,111.62638303494514,,,2,,Encuesta Mensual de Remuneraciones y Costos Laborales,0
CL01:DF_ICL2023_RAMA(1.0),_T,M,ICL2023,IX,H,2024-M10,111.92295210642837,,,2,,Encuesta Mensual de Remuneraciones y Costos Laborales,0
CL01:DF_ICL2023_RAMA(1.0),_T,M,ICL2023,IX,H,2024-M11,112.92294369484847,,,2,,Encuesta Mensual de Remuneraciones y Costos Laborales,0
CL01:DF_ICL2023_RAMA(1.0),_T,M,ICL2023,IX,H,2024-M12,113.90380669032477,,,2,,Encuesta Mensual de Remuneraciones y Costos Laborales,0
CL01:DF_ICL2023_RAMA(1.0),_T,M,ICL2023,IX,H,2025-M01,115.21517420981367,,,2,,Encuesta Mensual de Remuneraciones y Costos Laborales,0
CL01:DF_ICL2023_RAMA(1.0),_T,M,ICL2023,IX,H,2025-M02,114.44783863128572,,,2,,Encuesta Mensual de Remuneraciones y Costos Laborales,0
CL01:DF_ICL2023_RAMA(1.0),_T,M,ICL2023,IX,H,2025-M03,114.8175119505568,,,2,,Encuesta Mensual de Remuneraciones y Costos Laborales,0
CL01:DF_ICL2023_RAMA(1.0),_T,M,ICL2023,IX,H,2025-M04,115.54008491329846,,,2,,Encuesta Mensual de Remuneraciones y Costos Laborales,0
CL01:DF_ICL2023_RAMA(1.0),_T,M,ICL2023,IX,H,2025-M05,116.76254464418354,,,2,,Encuesta Mensual de Remuneraciones y Costos Laborales,0
CL01:DF_ICL2023_RAMA(1.0),_T,M,ICL2023,IX,H,2025-M06,117.63097186481082,,,2,,Encuesta Mensual de Remuneraciones y Costos Laborales,0
CL01:DF_ICL2023_RAMA(1.0),_T,M,ICL2023,IX,H,2025-M07,118.5435677644535,,,2,,Encuesta Mensual de Remuneraciones y Costos Laborales,0
CL01:DF_ICL2023_RAMA(1.0),_T,M,ICL2023,IX,H,2025-M08,119.12204530607089,,,2,,Encuesta Mensual de Remuneraciones y Costos Laborales,0
CL01:DF_ICL2023_RAMA(1.0),_T,M,ICL2023,IX,H,2025-M09,119.38945476041377,,,2,,Encuesta Mensual de Remuneraciones y Costos Laborales,0
CL01:DF_ICL2023_RAMA(1.0),_T,M,ICL2023,IX,H,2025-M10,119.0963700208842,,,2,,Encuesta Mensual de Remuneraciones y Costos Laborales,0
CL01:DF_ICL2023_RAMA(1.0),_T,M,ICL2023,IX,H,2025-M11,119.90427647583523,,,2,,Encuesta Mensual de Remuneraciones y Costos Laborales,0
CL01:DF_ICL2023_RAMA(1.0),_T,M,ICL2023,IX,H,2025-M12,120.96624457778368,,,2,,Encuesta Mensual de Remuneraciones y Costos Laborales,0
CL01:DF_ICL2023_RAMA(1.0),_T,M,ICL2023,IX,H,2026-M01,122.90185119695002,,,2,,Encuesta Mensual de Remuneraciones y Costos Laborales,0
CL01:DF_ICL2023_RAMA(1.0),_T,M,ICL2023,IX,H,2026-M02,122.79129532636907,,,2,,Encuesta Mensual de Remuneraciones y Costos Laborales,0
CL01:DF_ICL2023_RAMA(1.0),_T,M,ICL2023,IX,H,2026-M03,122.771196453326,,Valor provisional,2,,Encuesta Mensual de Remuneraciones y Costos Laborales,0
CL01:DF_ICL2023_RAMA(1.0),_T,M,ICL2023,VAR12,K,2023-M01,,R,,2,,Encuesta Mensual de Remuneraciones y Costos Laborales,0
CL01:DF_ICL2023_RAMA(1.0),_T,M,ICL2023,VAR12,K,2023-M02,,R,,2,,Encuesta Mensual de Remuneraciones y Costos Laborales,0
CL01:DF_ICL2023_RAMA(1.0),_T,M,ICL2023,VAR12,K,2023-M03,,R,,2,,Encuesta Mensual de Remuneraciones y Costos Laborales,0
CL01:DF_ICL2023_RAMA(1.0),_T,M,ICL2023,VAR12,K,2023-M04,,R,,2,,Encuesta Mensual de Remuneraciones y Costos Laborales,0
CL01:DF_ICL2023_RAMA(1.0),_T,M,ICL2023,VAR12,K,2023-M05,,R,,2,,Encuesta Mensual de Remuneraciones y Costos Laborales,0
CL01:DF_ICL2023_RAMA(1.0),_T,M,ICL2023,VAR12,K,2023-M06,,R,,2,,Encuesta Mensual de Remuneraciones y Costos Laborales,0
CL01:DF_ICL2023_RAMA(1.0),_T,M,ICL2023,VAR12,K,2023-M07,,R,,2,,Encuesta Mensual de Remuneraciones y Costos Laborales,0
CL01:DF_ICL2023_RAMA(1.0),_T,M,ICL2023,VAR12,K,2023-M08,,R,,2,,Encuesta Mensual de Remuneraciones y Costos Laborales,0
CL01:DF_ICL2023_RAMA(1.0),_T,M,ICL2023,VAR12,K,2023-M09,,R,,2,,Encuesta Mensual de Remuneraciones y Costos Laborales,0
CL01:DF_ICL2023_RAMA(1.0),_T,M,ICL2023,VAR12,K,2023-M10,,R,,2,,Encuesta Mensual de Remuneraciones y Costos Laborales,0
CL01:DF_ICL2023_RAMA(1.0),_T,M,ICL2023,VAR12,K,2023-M11,,R,,2,,Encuesta Mensual de Remuneraciones y Costos Laborales,0
CL01:DF_ICL2023_RAMA(1.0),_T,M,ICL2023,VAR12,K,2023-M12,,R,,2,,Encuesta Mensual de Remuneraciones y Costos Laborales,0
CL01:DF_ICL2023_RAMA(1.0),_T,M,ICL2023,VAR12,K,2024-M01,5.755205911706018,R,,2,,Encuesta Mensual de Remuneraciones y Costos Laborales,0
CL01:DF_ICL2023_RAMA(1.0),_T,M,ICL2023,VAR12,K,2024-M02,5.720841988361669,R,,2,,Encuesta Mensual de Remuneraciones y Costos Laborales,0
CL01:DF_ICL2023_RAMA(1.0),_T,M,ICL2023,VAR12,K,2024-M03,6.133031240418907,R,,2,,Encuesta Mensual de Remuneraciones y Costos Laborales,0
CL01:DF_ICL2023_RAMA(1.0),_T,M,ICL2023,VAR12,K,2024-M04,5.984293182735145,R,,2,,Encuesta Mensual de Remuneraciones y Costos Laborales,0
CL01:DF_ICL2023_RAMA(1.0),_T,M,ICL2023,VAR12,K,2024-M05,6.600797205605824,R,,2,,Encuesta Mensual de Remuneraciones y Costos Laborales,0
CL01:DF_ICL2023_RAMA(1.0),_T,M,ICL2023,VAR12,K,2024-M06,5.43792715823741,R,,2,,Encuesta Mensual de Remuneraciones y Costos Laborales,0
CL01:DF_ICL2023_RAMA(1.0),_T,M,ICL2023,VAR12,K,2024-M07,6.333620737981027,R,,2,,Encuesta Mensual de Remuneraciones y Costos Laborales,0
CL01:DF_ICL2023_RAMA(1.0),_T,M,ICL2023,VAR12,K,2024-M08,6.3854499221854155,R,,2,,Encuesta Mensual de Remuneraciones y Costos Laborales,0
CL01:DF_ICL2023_RAMA(1.0),_T,M,ICL2023,VAR12,K,2024-M09,5.918515173695393,R,,2,,Encuesta Mensual de Remuneraciones y Costos Laborales,0
CL01:DF_ICL2023_RAMA(1.0),_T,M,ICL2023,VAR12,K,2024-M10,6.464295070676784,R,,2,,Encuesta Mensual de Remuneraciones y Costos Laborales,0
CL01:DF_ICL2023_RAMA(1.0),_T,M,ICL2023,VAR12,K,2024-M11,6.993763706035727,R,,2,,Encuesta Mensual de Remuneraciones y Costos Laborales,0
CL01:DF_ICL2023_RAMA(1.0),_T,M,ICL2023,VAR12,K,2024-M12,5.448016396708688,R,,2,,Encuesta Mensual de Remuneraciones y Costos Laborales,0
CL01:DF_ICL2023_RAMA(1.0),_T,M,ICL2023,VAR12,K,2025-M01,6.036882932991583,R,,2,,Encuesta Mensual de Remuneraciones y Costos Laborales,0
CL01:DF_ICL2023_RAMA(1.0),_T,M,ICL2023,VAR12,K,2025-M02,6.439939367329739,R,,2,,Encuesta Mensual de Remuneraciones y Costos Laborales,0
CL01:DF_ICL2023_RAMA(1.0),_T,M,ICL2023,VAR12,K,2025-M03,5.868158132306878,R,,2,,Encuesta Mensual de Remuneraciones y Costos Laborales,0
CL01:DF_ICL2023_RAMA(1.0),_T,M,ICL2023,VAR12,K,2025-M04,6.76979498220307,,,2,,Encuesta Mensual de Remuneraciones y Costos Laborales,0
CL01:DF_ICL2023_RAMA(1.0),_T,M,ICL2023,VAR12,K,2025-M05,6.443903590997269,,,2,,Encuesta Mensual de Remuneraciones y Costos Laborales,0
CL01:DF_ICL2023_RAMA(1.0),_T,M,ICL2023,VAR12,K,2025-M06,7.19830456152144,,,2,,Encuesta Mensual de Remuneraciones y Costos Laborales,0
CL01:DF_ICL2023_RAMA(1.0),_T,M,ICL2023,VAR12,K,2025-M07,5.7335445199626855,,,2,,Encuesta Mensual de Remuneraciones y Costos Laborales,0
CL01:DF_ICL2023_RAMA(1.0),_T,M,ICL2023,VAR12,K,2025-M08,7.387529385427083,,,2,,Encuesta Mensual de Remuneraciones y Costos Laborales,0
CL01:DF_ICL2023_RAMA(1.0),_T,M,ICL2023,VAR12,K,2025-M09,6.207434717869886,,,2,,Encuesta Mensual de Remuneraciones y Costos Laborales,0
CL01:DF_ICL2023_RAMA(1.0),_T,M,ICL2023,VAR12,K,2025-M10,6.262393377886544,,,2,,Encuesta Mensual de Remuneraciones y Costos Laborales,0
CL01:DF_ICL2023_RAMA(1.0),_T,M,ICL2023,VAR12,K,2025-M11,5.391605498948415,,,2,,Encuesta Mensual de Remuneraciones y Costos Laborales,0
CL01:DF_ICL2023_RAMA(1.0),_T,M,ICL2023,VAR12,K,2025-M12,5.7588465259704735,,,2,,Encuesta Mensual de Remuneraciones y Costos Laborales,0
CL01:DF_ICL2023_RAMA(1.0),_T,M,ICL2023,VAR12,K,2026-M01,6.03935808952023,,,2,,Encuesta Mensual de Remuneraciones y Costos Laborales,0
CL01:DF_ICL2023_RAMA(1.0),_T,M,ICL2023,VAR12,K,2026-M02,6.236549493986043,,,2,,Encuesta Mensual de Remuneraciones y Costos Laborales,0
CL01:DF_ICL2023_RAMA(1.0),_T,M,ICL2023,VAR12,K,2026-M03,5.431684004370374,,Valor provisional,2,,Encuesta Mensual de Remuneraciones y Costos Laborales,0
CL01:DF_ICL2023_RAMA(1.0),_T,M,ICL2023,VAR12,Q,2023-M01,,R,,2,,Encuesta Mensual de Remuneraciones y Costos Laborales,0
CL01:DF_ICL2023_RAMA(1.0),_T,M,ICL2023,VAR12,Q,2023-M02,,R,,2,,Encuesta Mensual de Remuneraciones y Costos Laborales,0
CL01:DF_ICL2023_RAMA(1.0),_T,M,ICL2023,VAR12,Q,2023-M03,,R,,2,,Encuesta Mensual de Remuneraciones y Costos Laborales,0
CL01:DF_ICL2023_RAMA(1.0),_T,M,ICL2023,VAR12,Q,2023-M04,,R,,2,,Encuesta Mensual de Remuneraciones y Costos Laborales,0
CL01:DF_ICL2023_RAMA(1.0),_T,M,ICL2023,VAR12,Q,2023-M05,,R,,2,,Encuesta Mensual de Remuneraciones y Costos Laborales,0
CL01:DF_ICL2023_RAMA(1.0),_T,M,ICL2023,VAR12,Q,2023-M06,,R,,2,,Encuesta Mensual de Remuneraciones y Costos Laborales,0
CL01:DF_ICL2023_RAMA(1.0),_T,M,ICL2023,VAR12,Q,2023-M07,,R,,2,,Encuesta Mensual de Remuneraciones y Costos Laborales,0
CL01:DF_ICL2023_RAMA(1.0),_T,M,ICL2023,VAR12,Q,2023-M08,,R,,2,,Encuesta Mensual de Remuneraciones y Costos Laborales,0
CL01:DF_ICL2023_RAMA(1.0),_T,M,ICL2023,VAR12,Q,2023-M09,,R,,2,,Encuesta Mensual de Remuneraciones y Costos Laborales,0
CL01:DF_ICL2023_RAMA(1.0),_T,M,ICL2023,VAR12,Q,2023-M10,,R,,2,,Encuesta Mensual de Remuneraciones y Costos Laborales,0
CL01:DF_ICL2023_RAMA(1.0),_T,M,ICL2023,VAR12,Q,2023-M11,,R,,2,,Encuesta Mensual de Remuneraciones y Costos Laborales,0
CL01:DF_ICL2023_RAMA(1.0),_T,M,ICL2023,VAR12,Q,2023-M12,,R,,2,,Encuesta Mensual de Remuneraciones y Costos Laborales,0
CL01:DF_ICL2023_RAMA(1.0),_T,M,ICL2023,VAR12,Q,2024-M01,4.7472917177889595,R,,2,,Encuesta Mensual de Remuneraciones y Costos Laborales,0
CL01:DF_ICL2023_RAMA(1.0),_T,M,ICL2023,VAR12,Q,2024-M02,5.3523775856692435,R,,2,,Encuesta Mensual de Remuneraciones y Costos Laborales,0
CL01:DF_ICL2023_RAMA(1.0),_T,M,ICL2023,VAR12,Q,2024-M03,5.482346375495983,R,,2,,Encuesta Mensual de Remuneraciones y Costos Laborales,0
CL01:DF_ICL2023_RAMA(1.0),_T,M,ICL2023,VAR12,Q,2024-M04,5.2687345006596775,R,,2,,Encuesta Mensual de Remuneraciones y Costos Laborales,0
CL01:DF_ICL2023_RAMA(1.0),_T,M,ICL2023,VAR12,Q,2024-M05,6.259879811388003,R,,2,,Encuesta Mensual de Remuneraciones y Costos Laborales,0
CL01:DF_ICL2023_RAMA(1.0),_T,M,ICL2023,VAR12,Q,2024-M06,7.916745711401685,R,,2,,Encuesta Mensual de Remuneraciones y Costos Laborales,0
CL01:DF_ICL2023_RAMA(1.0),_T,M,ICL2023,VAR12,Q,2024-M07,8.35004424607626,R,,2,,Encuesta Mensual de Remuneraciones y Costos Laborales,0
CL01:DF_ICL2023_RAMA(1.0),_T,M,ICL2023,VAR12,Q,2024-M08,9.337803254263966,R,,2,,Encuesta Mensual de Remuneraciones y Costos Laborales,0
CL01:DF_ICL2023_RAMA(1.0),_T,M,ICL2023,VAR12,Q,2024-M09,8.769386760110876,R,,2,,Encuesta Mensual de Remuneraciones y Costos Laborales,0
CL01:DF_ICL2023_RAMA(1.0),_T,M,ICL2023,VAR12,Q,2024-M10,9.195039777168535,R,,2,,Encuesta Mensual de Remuneraciones y Costos Laborales,0
CL01:DF_ICL2023_RAMA(1.0),_T,M,ICL2023,VAR12,Q,2024-M11,8.979949572931133,R,,2,,Encuesta Mensual de Remuneraciones y Costos Laborales,0
CL01:DF_ICL2023_RAMA(1.0),_T,M,ICL2023,VAR12,Q,2024-M12,8.725534016472603,R,,2,,Encuesta Mensual de Remuneraciones y Costos Laborales,0
CL01:DF_ICL2023_RAMA(1.0),_T,M,ICL2023,VAR12,Q,2025-M01,9.32406807487296,R,,2,,Encuesta Mensual de Remuneraciones y Costos Laborales,0
CL01:DF_ICL2023_RAMA(1.0),_T,M,ICL2023,VAR12,Q,2025-M02,9.790465142589188,R,,2,,Encuesta Mensual de Remuneraciones y Costos Laborales,0
CL01:DF_ICL2023_RAMA(1.0),_T,M,ICL2023,VAR12,Q,2025-M03,9.654016114180951,R,,2,,Encuesta Mensual de Remuneraciones y Costos Laborales,0
CL01:DF_ICL2023_RAMA(1.0),_T,M,ICL2023,VAR12,Q,2025-M04,9.045640879269868,,,2,,Encuesta Mensual de Remuneraciones y Costos Laborales,0
CL01:DF_ICL2023_RAMA(1.0),_T,M,ICL2023,VAR12,Q,2025-M05,8.301532218413389,,,2,,Encuesta Mensual de Remuneraciones y Costos Laborales,0
CL01:DF_ICL2023_RAMA(1.0),_T,M,ICL2023,VAR12,Q,2025-M06,7.7234131284798835,,,2,,Encuesta Mensual de Remuneraciones y Costos Laborales,0
CL01:DF_ICL2023_RAMA(1.0),_T,M,ICL2023,VAR12,Q,2025-M07,6.597147240102874,,,2,,Encuesta Mensual de Remuneraciones y Costos Laborales,0
CL01:DF_ICL2023_RAMA(1.0),_T,M,ICL2023,VAR12,Q,2025-M08,6.201573379649505,,,2,,Encuesta Mensual de Remuneraciones y Costos Laborales,0
CL01:DF_ICL2023_RAMA(1.0),_T,M,ICL2023,VAR12,Q,2025-M09,6.617129462009563,,,2,,Encuesta Mensual de Remuneraciones y Costos Laborales,0
CL01:DF_ICL2023_RAMA(1.0),_T,M,ICL2023,VAR12,Q,2025-M10,5.961699084386329,,,2,,Encuesta Mensual de Remuneraciones y Costos Laborales,0
CL01:DF_ICL2023_RAMA(1.0),_T,M,ICL2023,VAR12,Q,2025-M11,6.171220725534332,,,2,,Encuesta Mensual de Remuneraciones y Costos Laborales,0
CL01:DF_ICL2023_RAMA(1.0),_T,M,ICL2023,VAR12,Q,2025-M12,6.161881340123188,,,2,,Encuesta Mensual de Remuneraciones y Costos Laborales,0
CL01:DF_ICL2023_RAMA(1.0),_T,M,ICL2023,VAR12,Q,2026-M01,4.780716918657735,,,2,,Encuesta Mensual de Remuneraciones y Costos Laborales,0
CL01:DF_ICL2023_RAMA(1.0),_T,M,ICL2023,VAR12,Q,2026-M02,4.178347533768156,,,2,,Encuesta Mensual de Remuneraciones y Costos Laborales,0
CL01:DF_ICL2023_RAMA(1.0),_T,M,ICL2023,VAR12,Q,2026-M03,4.534077792601243,,Valor provisional,2,,Encuesta Mensual de Remuneraciones y Costos Laborales,0
CL01:DF_ICL2023_RAMA(1.0),_T,M,ICL2023,VAR12,P,2023-M01,,R,,2,,Encuesta Mensual de Remuneraciones y Costos Laborales,0
CL01:DF_ICL2023_RAMA(1.0),_T,M,ICL2023,VAR12,P,2023-M02,,R,,2,,Encuesta Mensual de Remuneraciones y Costos Laborales,0
CL01:DF_ICL2023_RAMA(1.0),_T,M,ICL2023,VAR12,P,2023-M03,,R,,2,,Encuesta Mensual de Remuneraciones y Costos Laborales,0
CL01:DF_ICL2023_RAMA(1.0),_T,M,ICL2023,VAR12,P,2023-M04,,R,,2,,Encuesta Mensual de Remuneraciones y Costos Laborales,0
CL01:DF_ICL2023_RAMA(1.0),_T,M,ICL2023,VAR12,P,2023-M05,,R,,2,,Encuesta Mensual de Remuneraciones y Costos Laborales,0
CL01:DF_ICL2023_RAMA(1.0),_T,M,ICL2023,VAR12,P,2023-M06,,R,,2,,Encuesta Mensual de Remuneraciones y Costos Laborales,0
CL01:DF_ICL2023_RAMA(1.0),_T,M,ICL2023,VAR12,P,2023-M07,,R,,2,,Encuesta Mensual de Remuneraciones y Costos Laborales,0
CL01:DF_ICL2023_RAMA(1.0),_T,M,ICL2023,VAR12,P,2023-M08,,R,,2,,Encuesta Mensual de Remuneraciones y Costos Laborales,0
CL01:DF_ICL2023_RAMA(1.0),_T,M,ICL2023,VAR12,P,2023-M09,,R,,2,,Encuesta Mensual de Remuneraciones y Costos Laborales,0
CL01:DF_ICL2023_RAMA(1.0),_T,M,ICL2023,VAR12,P,2023-M10,,R,,2,,Encuesta Mensual de Remuneraciones y Costos Laborales,0
CL01:DF_ICL2023_RAMA(1.0),_T,M,ICL2023,VAR12,P,2023-M11,,R,,2,,Encuesta Mensual de Remuneraciones y Costos Laborales,0
CL01:DF_ICL2023_RAMA(1.0),_T,M,ICL2023,VAR12,P,2023-M12,,R,,2,,Encuesta Mensual de Remuneraciones y Costos Laborales,0
CL01:DF_ICL2023_RAMA(1.0),_T,M,ICL2023,VAR12,P,2024-M01,4.794125999496424,R,,2,,Encuesta Mensual de Remuneraciones y Costos Laborales,0
CL01:DF_ICL2023_RAMA(1.0),_T,M,ICL2023,VAR12,P,2024-M02,5.642321805031436,R,,2,,Encuesta Mensual de Remuneraciones y Costos Laborales,0
CL01:DF_ICL2023_RAMA(1.0),_T,M,ICL2023,VAR12,P,2024-M03,6.225571581207556,R,,2,,Encuesta Mensual de Remuneraciones y Costos Laborales,0
CL01:DF_ICL2023_RAMA(1.0),_T,M,ICL2023,VAR12,P,2024-M04,6.956974936902016,R,,2,,Encuesta Mensual de Remuneraciones y Costos Laborales,0
CL01:DF_ICL2023_RAMA(1.0),_T,M,ICL2023,VAR12,P,2024-M05,6.30681027061597,R,,2,,Encuesta Mensual de Remuneraciones y Costos Laborales,0
CL01:DF_ICL2023_RAMA(1.0),_T,M,ICL2023,VAR12,P,2024-M06,6.359653812959376,R,,2,,Encuesta Mensual de Remuneraciones y Costos Laborales,0
CL01:DF_ICL2023_RAMA(1.0),_T,M,ICL2023,VAR12,P,2024-M07,6.835496509042094,R,,2,,Encuesta Mensual de Remuneraciones y Costos Laborales,0
CL01:DF_ICL2023_RAMA(1.0),_T,M,ICL2023,VAR12,P,2024-M08,7.096553641086012,R,,2,,Encuesta Mensual de Remuneraciones y Costos Laborales,0
CL01:DF_ICL2023_RAMA(1.0),_T,M,ICL2023,VAR12,P,2024-M09,5.762897214221119,R,,2,,Encuesta Mensual de Remuneraciones y Costos Laborales,0
CL01:DF_ICL2023_RAMA(1.0),_T,M,ICL2023,VAR12,P,2024-M10,7.310890432415973,R,,2,,Encuesta Mensual de Remuneraciones y Costos Laborales,0
CL01:DF_ICL2023_RAMA(1.0),_T,M,ICL2023,VAR12,P,2024-M11,7.138519131929888,R,,2,,Encuesta Mensual de Remuneraciones y Costos Laborales,0
CL01:DF_ICL2023_RAMA(1.0),_T,M,ICL2023,VAR12,P,2024-M12,5.41816499271901,R,,2,,Encuesta Mensual de Remuneraciones y Costos Laborales,0
CL01:DF_ICL2023_RAMA(1.0),_T,M,ICL2023,VAR12,P,2025-M01,6.528203001521704,R,,2,,Encuesta Mensual de Remuneraciones y Costos Laborales,0
CL01:DF_ICL2023_RAMA(1.0),_T,M,ICL2023,VAR12,P,2025-M02,7.375758193889137,R,,2,,Encuesta Mensual de Remuneraciones y Costos Laborales,0
CL01:DF_ICL2023_RAMA(1.0),_T,M,ICL2023,VAR12,P,2025-M03,7.894219410232717,R,,2,,Encuesta Mensual de Remuneraciones y Costos Laborales,0
CL01:DF_ICL2023_RAMA(1.0),_T,M,ICL2023,VAR12,P,2025-M04,7.534964468574978,,,2,,Encuesta Mensual de Remuneraciones y Costos Laborales,0
CL01:DF_ICL2023_RAMA(1.0),_T,M,ICL2023,VAR12,P,2025-M05,7.8395247021951775,,,2,,Encuesta Mensual de Remuneraciones y Costos Laborales,0
CL01:DF_ICL2023_RAMA(1.0),_T,M,ICL2023,VAR12,P,2025-M06,7.161747726315837,,,2,,Encuesta Mensual de Remuneraciones y Costos Laborales,0
CL01:DF_ICL2023_RAMA(1.0),_T,M,ICL2023,VAR12,P,2025-M07,7.333194024396605,,,2,,Encuesta Mensual de Remuneraciones y Costos Laborales,0
CL01:DF_ICL2023_RAMA(1.0),_T,M,ICL2023,VAR12,P,2025-M08,7.50688884011379,,,2,,Encuesta Mensual de Remuneraciones y Costos Laborales,0
CL01:DF_ICL2023_RAMA(1.0),_T,M,ICL2023,VAR12,P,2025-M09,7.331689613322223,,,2,,Encuesta Mensual de Remuneraciones y Costos Laborales,0
CL01:DF_ICL2023_RAMA(1.0),_T,M,ICL2023,VAR12,P,2025-M10,7.676725853747457,,,2,,Encuesta Mensual de Remuneraciones y Costos Laborales,0
CL01:DF_ICL2023_RAMA(1.0),_T,M,ICL2023,VAR12,P,2025-M11,7.495113573656265,,,2,,Encuesta Mensual de Remuneraciones y Costos Laborales,0
CL01:DF_ICL2023_RAMA(1.0),_T,M,ICL2023,VAR12,P,2025-M12,6.448069038368254,,,2,,Encuesta Mensual de Remuneraciones y Costos Laborales,0
CL01:DF_ICL2023_RAMA(1.0),_T,M,ICL2023,VAR12,P,2026-M01,4.791429602986863,,,2,,Encuesta Mensual de Remuneraciones y Costos Laborales,0
CL01:DF_ICL2023_RAMA(1.0),_T,M,ICL2023,VAR12,P,2026-M02,5.240795978996493,,,2,,Encuesta Mensual de Remuneraciones y Costos Laborales,0
CL01:DF_ICL2023_RAMA(1.0),_T,M,ICL2023,VAR12,P,2026-M03,5.17455385246568,,Valor provisional,2,,Encuesta Mensual de Remuneraciones y Costos Laborales,0
CL01:DF_ICL2023_RAMA(1.0),_T,M,ICL2023,IX,E,2023-M01,97.40502288060767,R,,2,,Encuesta Mensual de Remuneraciones y Costos Laborales,0
CL01:DF_ICL2023_RAMA(1.0),_T,M,ICL2023,IX,E,2023-M02,96.92198804286546,R,,2,,Encuesta Mensual de Remuneraciones y Costos Laborales,0
CL01:DF_ICL2023_RAMA(1.0),_T,M,ICL2023,IX,E,2023-M03,96.85091942680451,R,,2,,Encuesta Mensual de Remuneraciones y Costos Laborales,0
CL01:DF_ICL2023_RAMA(1.0),_T,M,ICL2023,IX,E,2023-M04,98.25688126404579,R,,2,,Encuesta Mensual de Remuneraciones y Costos Laborales,0
CL01:DF_ICL2023_RAMA(1.0),_T,M,ICL2023,IX,E,2023-M05,99.00010559685282,R,,2,,Encuesta Mensual de Remuneraciones y Costos Laborales,0
CL01:DF_ICL2023_RAMA(1.0),_T,M,ICL2023,IX,E,2023-M06,99.48582721491657,R,,2,,Encuesta Mensual de Remuneraciones y Costos Laborales,0
CL01:DF_ICL2023_RAMA(1.0),_T,M,ICL2023,IX,E,2023-M07,100.39374915070506,R,,2,,Encuesta Mensual de Remuneraciones y Costos Laborales,0
CL01:DF_ICL2023_RAMA(1.0),_T,M,ICL2023,IX,E,2023-M08,100.24004489988957,R,,2,,Encuesta Mensual de Remuneraciones y Costos Laborales,0
CL01:DF_ICL2023_RAMA(1.0),_T,M,ICL2023,IX,E,2023-M09,101.73664691373232,R,,2,,Encuesta Mensual de Remuneraciones y Costos Laborales,0
CL01:DF_ICL2023_RAMA(1.0),_T,M,ICL2023,IX,E,2023-M10,102.05665041430123,R,,2,,Encuesta Mensual de Remuneraciones y Costos Laborales,0
CL01:DF_ICL2023_RAMA(1.0),_T,M,ICL2023,IX,E,2023-M11,103.31118545881978,R,,2,,Encuesta Mensual de Remuneraciones y Costos Laborales,0
CL01:DF_ICL2023_RAMA(1.0),_T,M,ICL2023,IX,E,2023-M12,104.34097873645923,R,,2,,Encuesta Mensual de Remuneraciones y Costos Laborales,0
CL01:DF_ICL2023_RAMA(1.0),_T,M,ICL2023,IX,E,2024-M01,105.04186397791659,R,,2,,Encuesta Mensual de Remuneraciones y Costos Laborales,0
CL01:DF_ICL2023_RAMA(1.0),_T,M,ICL2023,IX,E,2024-M02,104.10990402051364,R,,2,,Encuesta Mensual de Remuneraciones y Costos Laborales,0
CL01:DF_ICL2023_RAMA(1.0),_T,M,ICL2023,IX,E,2024-M03,105.18326896094214,R,,2,,Encuesta Mensual de Remuneraciones y Costos Laborales,0
CL01:DF_ICL2023_RAMA(1.0),_T,M,ICL2023,IX,E,2024-M04,106.5972221981791,,,2,,Encuesta Mensual de Remuneraciones y Costos Laborales,0
CL01:DF_ICL2023_RAMA(1.0),_T,M,ICL2023,IX,E,2024-M05,107.82365628107183,,,2,,Encuesta Mensual de Remuneraciones y Costos Laborales,0
CL01:DF_ICL2023_RAMA(1.0),_T,M,ICL2023,IX,E,2024-M06,108.93703454062947,,,2,,Encuesta Mensual de Remuneraciones y Costos Laborales,0
CL01:DF_ICL2023_RAMA(1.0),_T,M,ICL2023,IX,E,2024-M07,112.75917630977212,,,2,,Encuesta Mensual de Remuneraciones y Costos Laborales,0
CL01:DF_ICL2023_RAMA(1.0),_T,M,ICL2023,IX,E,2024-M08,112.46496134926224,,,2,,Encuesta Mensual de Remuneraciones y Costos Laborales,0
CL01:DF_ICL2023_RAMA(1.0),_T,M,ICL2023,IX,E,2024-M09,112.85219647362614,,,2,,Encuesta Mensual de Remuneraciones y Costos Laborales,0
CL01:DF_ICL2023_RAMA(1.0),_T,M,ICL2023,IX,E,2024-M10,112.71114755577854,,,2,,Encuesta Mensual de Remuneraciones y Costos Laborales,0
CL01:DF_ICL2023_RAMA(1.0),_T,M,ICL2023,IX,E,2024-M11,112.69344679646944,,,2,,Encuesta Mensual de Remuneraciones y Costos Laborales,0
CL01:DF_ICL2023_RAMA(1.0),_T,M,ICL2023,IX,E,2024-M12,114.14879803719201,,,2,,Encuesta Mensual de Remuneraciones y Costos Laborales,0
CL01:DF_ICL2023_RAMA(1.0),_T,M,ICL2023,IX,E,2025-M01,115.64236808257833,,,2,,Encuesta Mensual de Remuneraciones y Costos Laborales,0
CL01:DF_ICL2023_RAMA(1.0),_T,M,ICL2023,IX,E,2025-M02,115.75408627936126,,,2,,Encuesta Mensual de Remuneraciones y Costos Laborales,0
CL01:DF_ICL2023_RAMA(1.0),_T,M,ICL2023,IX,E,2025-M03,115.69730867303085,,,2,,Encuesta Mensual de Remuneraciones y Costos Laborales,0
CL01:DF_ICL2023_RAMA(1.0),_T,M,ICL2023,IX,E,2025-M04,117.44096141841214,,,2,,Encuesta Mensual de Remuneraciones y Costos Laborales,0
CL01:DF_ICL2023_RAMA(1.0),_T,M,ICL2023,IX,E,2025-M05,118.35323812302784,,,2,,Encuesta Mensual de Remuneraciones y Costos Laborales,0
CL01:DF_ICL2023_RAMA(1.0),_T,M,ICL2023,IX,E,2025-M06,119.57223669156895,,,2,,Encuesta Mensual de Remuneraciones y Costos Laborales,0
CL01:DF_ICL2023_RAMA(1.0),_T,M,ICL2023,IX,E,2025-M07,120.07810761733911,,,2,,Encuesta Mensual de Remuneraciones y Costos Laborales,0
CL01:DF_ICL2023_RAMA(1.0),_T,M,ICL2023,IX,E,2025-M08,120.93398302403509,,,2,,Encuesta Mensual de Remuneraciones y Costos Laborales,0
CL01:DF_ICL2023_RAMA(1.0),_T,M,ICL2023,IX,E,2025-M09,121.83234572979474,,,2,,Encuesta Mensual de Remuneraciones y Costos Laborales,0
CL01:DF_ICL2023_RAMA(1.0),_T,M,ICL2023,IX,E,2025-M10,120.87513455667167,,,2,,Encuesta Mensual de Remuneraciones y Costos Laborales,0
CL01:DF_ICL2023_RAMA(1.0),_T,M,ICL2023,IX,E,2025-M11,122.05146746583323,,,2,,Encuesta Mensual de Remuneraciones y Costos Laborales,0
CL01:DF_ICL2023_RAMA(1.0),_T,M,ICL2023,IX,E,2025-M12,123.23185937611002,,,2,,Encuesta Mensual de Remuneraciones y Costos Laborales,0
CL01:DF_ICL2023_RAMA(1.0),_T,M,ICL2023,IX,E,2026-M01,125.01790705190434,,,2,,Encuesta Mensual de Remuneraciones y Costos Laborales,0
CL01:DF_ICL2023_RAMA(1.0),_T,M,ICL2023,IX,E,2026-M02,124.74641538189167,,,2,,Encuesta Mensual de Remuneraciones y Costos Laborales,0
CL01:DF_ICL2023_RAMA(1.0),_T,M,ICL2023,IX,E,2026-M03,125.56297934673604,,Valor provisional,2,,Encuesta Mensual de Remuneraciones y Costos Laborales,0
CL01:DF_ICL2023_RAMA(1.0),_T,M,ICL2023,VAR12,O,2023-M01,,R,,2,,Encuesta Mensual de Remuneraciones y Costos Laborales,0
CL01:DF_ICL2023_RAMA(1.0),_T,M,ICL2023,VAR12,O,2023-M02,,R,,2,,Encuesta Mensual de Remuneraciones y Costos Laborales,0
CL01:DF_ICL2023_RAMA(1.0),_T,M,ICL2023,VAR12,O,2023-M03,,R,,2,,Encuesta Mensual de Remuneraciones y Costos Laborales,0
CL01:DF_ICL2023_RAMA(1.0),_T,M,ICL2023,VAR12,O,2023-M04,,R,,2,,Encuesta Mensual de Remuneraciones y Costos Laborales,0
CL01:DF_ICL2023_RAMA(1.0),_T,M,ICL2023,VAR12,O,2023-M05,,R,,2,,Encuesta Mensual de Remuneraciones y Costos Laborales,0
CL01:DF_ICL2023_RAMA(1.0),_T,M,ICL2023,VAR12,O,2023-M06,,R,,2,,Encuesta Mensual de Remuneraciones y Costos Laborales,0
CL01:DF_ICL2023_RAMA(1.0),_T,M,ICL2023,VAR12,O,2023-M07,,R,,2,,Encuesta Mensual de Remuneraciones y Costos Laborales,0
CL01:DF_ICL2023_RAMA(1.0),_T,M,ICL2023,VAR12,O,2023-M08,,R,,2,,Encuesta Mensual de Remuneraciones y Costos Laborales,0
CL01:DF_ICL2023_RAMA(1.0),_T,M,ICL2023,VAR12,O,2023-M09,,R,,2,,Encuesta Mensual de Remuneraciones y Costos Laborales,0
CL01:DF_ICL2023_RAMA(1.0),_T,M,ICL2023,VAR12,O,2023-M10,,R,,2,,Encuesta Mensual de Remuneraciones y Costos Laborales,0
CL01:DF_ICL2023_RAMA(1.0),_T,M,ICL2023,VAR12,O,2023-M11,,R,,2,,Encuesta Mensual de Remuneraciones y Costos Laborales,0
CL01:DF_ICL2023_RAMA(1.0),_T,M,ICL2023,VAR12,O,2023-M12,,R,,2,,Encuesta Mensual de Remuneraciones y Costos Laborales,0
CL01:DF_ICL2023_RAMA(1.0),_T,M,ICL2023,VAR12,O,2024-M01,3.7680173749049306,R,,2,,Encuesta Mensual de Remuneraciones y Costos Laborales,0
CL01:DF_ICL2023_RAMA(1.0),_T,M,ICL2023,VAR12,O,2024-M02,4.942759978862599,R,,2,,Encuesta Mensual de Remuneraciones y Costos Laborales,0
CL01:DF_ICL2023_RAMA(1.0),_T,M,ICL2023,VAR12,O,2024-M03,4.972880282748404,R,,2,,Encuesta Mensual de Remuneraciones y Costos Laborales,0
CL01:DF_ICL2023_RAMA(1.0),_T,M,ICL2023,VAR12,O,2024-M04,5.156562328080327,R,,2,,Encuesta Mensual de Remuneraciones y Costos Laborales,0
CL01:DF_ICL2023_RAMA(1.0),_T,M,ICL2023,VAR12,O,2024-M05,5.3241331359532795,R,,2,,Encuesta Mensual de Remuneraciones y Costos Laborales,0
CL01:DF_ICL2023_RAMA(1.0),_T,M,ICL2023,VAR12,O,2024-M06,4.927822727390652,R,,2,,Encuesta Mensual de Remuneraciones y Costos Laborales,0
CL01:DF_ICL2023_RAMA(1.0),_T,M,ICL2023,VAR12,O,2024-M07,5.574936855669055,R,,2,,Encuesta Mensual de Remuneraciones y Costos Laborales,0
CL01:DF_ICL2023_RAMA(1.0),_T,M,ICL2023,VAR12,O,2024-M08,6.207767714429346,R,,2,,Encuesta Mensual de Remuneraciones y Costos Laborales,0
CL01:DF_ICL2023_RAMA(1.0),_T,M,ICL2023,VAR12,O,2024-M09,5.316942217735443,R,,2,,Encuesta Mensual de Remuneraciones y Costos Laborales,0
CL01:DF_ICL2023_RAMA(1.0),_T,M,ICL2023,VAR12,O,2024-M10,5.33351241266824,R,,2,,Encuesta Mensual de Remuneraciones y Costos Laborales,0
CL01:DF_ICL2023_RAMA(1.0),_T,M,ICL2023,VAR12,O,2024-M11,5.787690698735859,R,,2,,Encuesta Mensual de Remuneraciones y Costos Laborales,0
CL01:DF_ICL2023_RAMA(1.0),_T,M,ICL2023,VAR12,O,2024-M12,3.7964335026662077,R,,2,,Encuesta Mensual de Remuneraciones y Costos Laborales,0
CL01:DF_ICL2023_RAMA(1.0),_T,M,ICL2023,VAR12,O,2025-M01,5.0743475288249185,R,,2,,Encuesta Mensual de Remuneraciones y Costos Laborales,0
CL01:DF_ICL2023_RAMA(1.0),_T,M,ICL2023,VAR12,O,2025-M02,5.329403376000164,R,,2,,Encuesta Mensual de Remuneraciones y Costos Laborales,0
CL01:DF_ICL2023_RAMA(1.0),_T,M,ICL2023,VAR12,O,2025-M03,5.308562353945323,R,,2,,Encuesta Mensual de Remuneraciones y Costos Laborales,0
CL01:DF_ICL2023_RAMA(1.0),_T,M,ICL2023,VAR12,O,2025-M04,4.6735849812559405,,,2,,Encuesta Mensual de Remuneraciones y Costos Laborales,0
CL01:DF_ICL2023_RAMA(1.0),_T,M,ICL2023,VAR12,O,2025-M05,4.923883609559931,,,2,,Encuesta Mensual de Remuneraciones y Costos Laborales,0
CL01:DF_ICL2023_RAMA(1.0),_T,M,ICL2023,VAR12,O,2025-M06,5.334429840941035,,,2,,Encuesta Mensual de Remuneraciones y Costos Laborales,0
CL01:DF_ICL2023_RAMA(1.0),_T,M,ICL2023,VAR12,O,2025-M07,5.078235367752493,,,2,,Encuesta Mensual de Remuneraciones y Costos Laborales,0
CL01:DF_ICL2023_RAMA(1.0),_T,M,ICL2023,VAR12,O,2025-M08,5.074275143936369,,,2,,Encuesta Mensual de Remuneraciones y Costos Laborales,0
CL01:DF_ICL2023_RAMA(1.0),_T,M,ICL2023,VAR12,O,2025-M09,5.081825489673464,,,2,,Encuesta Mensual de Remuneraciones y Costos Laborales,0
CL01:DF_ICL2023_RAMA(1.0),_T,M,ICL2023,VAR12,O,2025-M10,5.549117213553734,,,2,,Encuesta Mensual de Remuneraciones y Costos Laborales,0
CL01:DF_ICL2023_RAMA(1.0),_T,M,ICL2023,VAR12,O,2025-M11,5.806459288956667,,,2,,Encuesta Mensual de Remuneraciones y Costos Laborales,0
CL01:DF_ICL2023_RAMA(1.0),_T,M,ICL2023,VAR12,O,2025-M12,5.667893982403416,,,2,,Encuesta Mensual de Remuneraciones y Costos Laborales,0
CL01:DF_ICL2023_RAMA(1.0),_T,M,ICL2023,VAR12,O,2026-M01,2.4278134357931025,,,2,,Encuesta Mensual de Remuneraciones y Costos Laborales,0
CL01:DF_ICL2023_RAMA(1.0),_T,M,ICL2023,VAR12,O,2026-M02,4.475836806487066,,,2,,Encuesta Mensual de Remuneraciones y Costos Laborales,0
CL01:DF_ICL2023_RAMA(1.0),_T,M,ICL2023,VAR12,O,2026-M03,4.145116782144509,,Valor provisional,2,,Encuesta Mensual de Remuneraciones y Costos Laborales,0
CL01:DF_ICL2023_RAMA(1.0),_T,M,ICL2023,VAR12,I,2023-M01,,R,,2,,Encuesta Mensual de Remuneraciones y Costos Laborales,0
CL01:DF_ICL2023_RAMA(1.0),_T,M,ICL2023,VAR12,I,2023-M02,,R,,2,,Encuesta Mensual de Remuneraciones y Costos Laborales,0
CL01:DF_ICL2023_RAMA(1.0),_T,M,ICL2023,VAR12,I,2023-M03,,R,,2,,Encuesta Mensual de Remuneraciones y Costos Laborales,0
CL01:DF_ICL2023_RAMA(1.0),_T,M,ICL2023,VAR12,I,2023-M04,,R,,2,,Encuesta Mensual de Remuneraciones y Costos Laborales,0
CL01:DF_ICL2023_RAMA(1.0),_T,M,ICL2023,VAR12,I,2023-M05,,R,,2,,Encuesta Mensual de Remuneraciones y Costos Laborales,0
CL01:DF_ICL2023_RAMA(1.0),_T,M,ICL2023,VAR12,I,2023-M06,,R,,2,,Encuesta Mensual de Remuneraciones y Costos Laborales,0
CL01:DF_ICL2023_RAMA(1.0),_T,M,ICL2023,VAR12,I,2023-M07,,R,,2,,Encuesta Mensual de Remuneraciones y Costos Laborales,0
CL01:DF_ICL2023_RAMA(1.0),_T,M,ICL2023,VAR12,I,2023-M08,,R,,2,,Encuesta Mensual de Remuneraciones y Costos Laborales,0
CL01:DF_ICL2023_RAMA(1.0),_T,M,ICL2023,VAR12,I,2023-M09,,R,,2,,Encuesta Mensual de Remuneraciones y Costos Laborales,0
CL01:DF_ICL2023_RAMA(1.0),_T,M,ICL2023,VAR12,I,2023-M10,,R,,2,,Encuesta Mensual de Remuneraciones y Costos Laborales,0
CL01:DF_ICL2023_RAMA(1.0),_T,M,ICL2023,VAR12,I,2023-M11,,R,,2,,Encuesta Mensual de Remuneraciones y Costos Laborales,0
CL01:DF_ICL2023_RAMA(1.0),_T,M,ICL2023,VAR12,I,2023-M12,,R,,2,,Encuesta Mensual de Remuneraciones y Costos Laborales,0
CL01:DF_ICL2023_RAMA(1.0),_T,M,ICL2023,VAR12,I,2024-M01,10.11637046657623,R,,2,,Encuesta Mensual de Remuneraciones y Costos Laborales,0
CL01:DF_ICL2023_RAMA(1.0),_T,M,ICL2023,VAR12,I,2024-M02,8.879006469872985,R,,2,,Encuesta Mensual de Remuneraciones y Costos Laborales,0
CL01:DF_ICL2023_RAMA(1.0),_T,M,ICL2023,VAR12,I,2024-M03,9.578933504427955,R,,2,,Encuesta Mensual de Remuneraciones y Costos Laborales,0
CL01:DF_ICL2023_RAMA(1.0),_T,M,ICL2023,VAR12,I,2024-M04,8.593001211296137,R,,2,,Encuesta Mensual de Remuneraciones y Costos Laborales,0
CL01:DF_ICL2023_RAMA(1.0),_T,M,ICL2023,VAR12,I,2024-M05,8.147955021214726,R,,2,,Encuesta Mensual de Remuneraciones y Costos Laborales,0
CL01:DF_ICL2023_RAMA(1.0),_T,M,ICL2023,VAR12,I,2024-M06,9.015396443751689,R,,2,,Encuesta Mensual de Remuneraciones y Costos Laborales,0
CL01:DF_ICL2023_RAMA(1.0),_T,M,ICL2023,VAR12,I,2024-M07,14.110468426779699,R,,2,,Encuesta Mensual de Remuneraciones y Costos Laborales,0
CL01:DF_ICL2023_RAMA(1.0),_T,M,ICL2023,VAR12,I,2024-M08,13.080263029167272,R,,2,,Encuesta Mensual de Remuneraciones y Costos Laborales,0
CL01:DF_ICL2023_RAMA(1.0),_T,M,ICL2023,VAR12,I,2024-M09,10.174478305407941,R,,2,,Encuesta Mensual de Remuneraciones y Costos Laborales,0
CL01:DF_ICL2023_RAMA(1.0),_T,M,ICL2023,VAR12,I,2024-M10,9.927989463839214,R,,2,,Encuesta Mensual de Remuneraciones y Costos Laborales,0
CL01:DF_ICL2023_RAMA(1.0),_T,M,ICL2023,VAR12,I,2024-M11,11.021003403788132,R,,2,,Encuesta Mensual de Remuneraciones y Costos Laborales,0
CL01:DF_ICL2023_RAMA(1.0),_T,M,ICL2023,VAR12,I,2024-M12,8.834776866726802,R,,2,,Encuesta Mensual de Remuneraciones y Costos Laborales,0
CL01:DF_ICL2023_RAMA(1.0),_T,M,ICL2023,VAR12,I,2025-M01,12.521964083115655,R,,2,,Encuesta Mensual de Remuneraciones y Costos Laborales,0
CL01:DF_ICL2023_RAMA(1.0),_T,M,ICL2023,VAR12,I,2025-M02,12.923213047706938,R,,2,,Encuesta Mensual de Remuneraciones y Costos Laborales,0
CL01:DF_ICL2023_RAMA(1.0),_T,M,ICL2023,VAR12,I,2025-M03,11.66018211243658,R,,2,,Encuesta Mensual de Remuneraciones y Costos Laborales,0
CL01:DF_ICL2023_RAMA(1.0),_T,M,ICL2023,VAR12,I,2025-M04,12.852883171982764,,,2,,Encuesta Mensual de Remuneraciones y Costos Laborales,0
CL01:DF_ICL2023_RAMA(1.0),_T,M,ICL2023,VAR12,I,2025-M05,12.264155140841382,,,2,,Encuesta Mensual de Remuneraciones y Costos Laborales,0
CL01:DF_ICL2023_RAMA(1.0),_T,M,ICL2023,VAR12,I,2025-M06,10.892303832580374,,,2,,Encuesta Mensual de Remuneraciones y Costos Laborales,0
CL01:DF_ICL2023_RAMA(1.0),_T,M,ICL2023,VAR12,I,2025-M07,6.213927628379601,,,2,,Encuesta Mensual de Remuneraciones y Costos Laborales,0
CL01:DF_ICL2023_RAMA(1.0),_T,M,ICL2023,VAR12,I,2025-M08,6.754317003225152,,,2,,Encuesta Mensual de Remuneraciones y Costos Laborales,0
CL01:DF_ICL2023_RAMA(1.0),_T,M,ICL2023,VAR12,I,2025-M09,6.289327798312971,,,2,,Encuesta Mensual de Remuneraciones y Costos Laborales,0
CL01:DF_ICL2023_RAMA(1.0),_T,M,ICL2023,VAR12,I,2025-M10,6.952062004741566,,,2,,Encuesta Mensual de Remuneraciones y Costos Laborales,0
CL01:DF_ICL2023_RAMA(1.0),_T,M,ICL2023,VAR12,I,2025-M11,6.920651894680896,,,2,,Encuesta Mensual de Remuneraciones y Costos Laborales,0
CL01:DF_ICL2023_RAMA(1.0),_T,M,ICL2023,VAR12,I,2025-M12,7.2437388229007915,,,2,,Encuesta Mensual de Remuneraciones y Costos Laborales,0
CL01:DF_ICL2023_RAMA(1.0),_T,M,ICL2023,VAR12,I,2026-M01,7.691768830394219,,,2,,Encuesta Mensual de Remuneraciones y Costos Laborales,0
CL01:DF_ICL2023_RAMA(1.0),_T,M,ICL2023,VAR12,I,2026-M02,7.6734854812430475,,,2,,Encuesta Mensual de Remuneraciones y Costos Laborales,0
CL01:DF_ICL2023_RAMA(1.0),_T,M,ICL2023,VAR12,I,2026-M03,7.887715913999638,,Valor provisional,2,,Encuesta Mensual de Remuneraciones y Costos Laborales,0
CL01:DF_ICL2023_RAMA(1.0),_T,M,ICL2023,IX,J,2023-M01,98.49913070338141,R,,2,,Encuesta Mensual de Remuneraciones y Costos Laborales,0
CL01:DF_ICL2023_RAMA(1.0),_T,M,ICL2023,IX,J,2023-M02,98.27251391849593,R,,2,,Encuesta Mensual de Remuneraciones y Costos Laborales,0
CL01:DF_ICL2023_RAMA(1.0),_T,M,ICL2023,IX,J,2023-M03,98.92462964113399,R,,2,,Encuesta Mensual de Remuneraciones y Costos Laborales,0
CL01:DF_ICL2023_RAMA(1.0),_T,M,ICL2023,IX,J,2023-M04,99.45760413395702,R,,2,,Encuesta Mensual de Remuneraciones y Costos Laborales,0
CL01:DF_ICL2023_RAMA(1.0),_T,M,ICL2023,IX,J,2023-M05,99.15316141765202,R,,2,,Encuesta Mensual de Remuneraciones y Costos Laborales,0
CL01:DF_ICL2023_RAMA(1.0),_T,M,ICL2023,IX,J,2023-M06,99.26644191895488,R,,2,,Encuesta Mensual de Remuneraciones y Costos Laborales,0
CL01:DF_ICL2023_RAMA(1.0),_T,M,ICL2023,IX,J,2023-M07,100.38256584399899,R,,2,,Encuesta Mensual de Remuneraciones y Costos Laborales,0
CL01:DF_ICL2023_RAMA(1.0),_T,M,ICL2023,IX,J,2023-M08,100.39802376672928,R,,2,,Encuesta Mensual de Remuneraciones y Costos Laborales,0
CL01:DF_ICL2023_RAMA(1.0),_T,M,ICL2023,IX,J,2023-M09,101.30256460816116,R,,2,,Encuesta Mensual de Remuneraciones y Costos Laborales,0
CL01:DF_ICL2023_RAMA(1.0),_T,M,ICL2023,IX,J,2023-M10,101.48457022262495,R,,2,,Encuesta Mensual de Remuneraciones y Costos Laborales,0
CL01:DF_ICL2023_RAMA(1.0),_T,M,ICL2023,IX,J,2023-M11,101.01982201714691,R,,2,,Encuesta Mensual de Remuneraciones y Costos Laborales,0
CL01:DF_ICL2023_RAMA(1.0),_T,M,ICL2023,IX,J,2023-M12,101.83897180776344,R,,2,,Encuesta Mensual de Remuneraciones y Costos Laborales,0
CL01:DF_ICL2023_RAMA(1.0),_T,M,ICL2023,IX,J,2024-M01,103.62776951776432,R,,2,,Encuesta Mensual de Remuneraciones y Costos Laborales,0
CL01:DF_ICL2023_RAMA(1.0),_T,M,ICL2023,IX,J,2024-M02,103.59726393971499,R,,2,,Encuesta Mensual de Remuneraciones y Costos Laborales,0
CL01:DF_ICL2023_RAMA(1.0),_T,M,ICL2023,IX,J,2024-M03,105.00266460601863,R,,2,,Encuesta Mensual de Remuneraciones y Costos Laborales,0
CL01:DF_ICL2023_RAMA(1.0),_T,M,ICL2023,IX,J,2024-M04,105.13408148887339,,,2,,Encuesta Mensual de Remuneraciones y Costos Laborales,0
CL01:DF_ICL2023_RAMA(1.0),_T,M,ICL2023,IX,J,2024-M05,105.37105984491797,,,2,,Encuesta Mensual de Remuneraciones y Costos Laborales,0
CL01:DF_ICL2023_RAMA(1.0),_T,M,ICL2023,IX,J,2024-M06,106.48178984897247,,,2,,Encuesta Mensual de Remuneraciones y Costos Laborales,0
CL01:DF_ICL2023_RAMA(1.0),_T,M,ICL2023,IX,J,2024-M07,109.68129066073344,,,2,,Encuesta Mensual de Remuneraciones y Costos Laborales,0
CL01:DF_ICL2023_RAMA(1.0),_T,M,ICL2023,IX,J,2024-M08,109.24228409555944,,,2,,Encuesta Mensual de Remuneraciones y Costos Laborales,0
CL01:DF_ICL2023_RAMA(1.0),_T,M,ICL2023,IX,J,2024-M09,110.06285021156192,,,2,,Encuesta Mensual de Remuneraciones y Costos Laborales,0
CL01:DF_ICL2023_RAMA(1.0),_T,M,ICL2023,IX,J,2024-M10,110.19867641055109,,,2,,Encuesta Mensual de Remuneraciones y Costos Laborales,0
CL01:DF_ICL2023_RAMA(1.0),_T,M,ICL2023,IX,J,2024-M11,110.76599666151989,,,2,,Encuesta Mensual de Remuneraciones y Costos Laborales,0
CL01:DF_ICL2023_RAMA(1.0),_T,M,ICL2023,IX,J,2024-M12,111.54590462108877,,,2,,Encuesta Mensual de Remuneraciones y Costos Laborales,0
CL01:DF_ICL2023_RAMA(1.0),_T,M,ICL2023,IX,J,2025-M01,112.91957898444402,,,2,,Encuesta Mensual de Remuneraciones y Costos Laborales,0
CL01:DF_ICL2023_RAMA(1.0),_T,M,ICL2023,IX,J,2025-M02,112.3123127231909,,,2,,Encuesta Mensual de Remuneraciones y Costos Laborales,0
CL01:DF_ICL2023_RAMA(1.0),_T,M,ICL2023,IX,J,2025-M03,112.9935295828413,,,2,,Encuesta Mensual de Remuneraciones y Costos Laborales,0
CL01:DF_ICL2023_RAMA(1.0),_T,M,ICL2023,IX,J,2025-M04,113.3488362262836,,,2,,Encuesta Mensual de Remuneraciones y Costos Laborales,0
CL01:DF_ICL2023_RAMA(1.0),_T,M,ICL2023,IX,J,2025-M05,113.7800502612307,,,2,,Encuesta Mensual de Remuneraciones y Costos Laborales,0
CL01:DF_ICL2023_RAMA(1.0),_T,M,ICL2023,IX,J,2025-M06,114.10009984734153,,,2,,Encuesta Mensual de Remuneraciones y Costos Laborales,0
CL01:DF_ICL2023_RAMA(1.0),_T,M,ICL2023,IX,J,2025-M07,115.46066269891776,,,2,,Encuesta Mensual de Remuneraciones y Costos Laborales,0
CL01:DF_ICL2023_RAMA(1.0),_T,M,ICL2023,IX,J,2025-M08,116.51576176866433,,,2,,Encuesta Mensual de Remuneraciones y Costos Laborales,0
CL01:DF_ICL2023_RAMA(1.0),_T,M,ICL2023,IX,J,2025-M09,116.8345362362247,,,2,,Encuesta Mensual de Remuneraciones y Costos Laborales,0
CL01:DF_ICL2023_RAMA(1.0),_T,M,ICL2023,IX,J,2025-M10,117.20690908611469,,,2,,Encuesta Mensual de Remuneraciones y Costos Laborales,0
CL01:DF_ICL2023_RAMA(1.0),_T,M,ICL2023,IX,J,2025-M11,117.13233091425589,,,2,,Encuesta Mensual de Remuneraciones y Costos Laborales,0
CL01:DF_ICL2023_RAMA(1.0),_T,M,ICL2023,IX,J,2025-M12,118.54289515424009,,,2,,Encuesta Mensual de Remuneraciones y Costos Laborales,0
CL01:DF_ICL2023_RAMA(1.0),_T,M,ICL2023,IX,J,2026-M01,120.18604446418907,,,2,,Encuesta Mensual de Remuneraciones y Costos Laborales,0
CL01:DF_ICL2023_RAMA(1.0),_T,M,ICL2023,IX,J,2026-M02,120.56376284468894,,,2,,Encuesta Mensual de Remuneraciones y Costos Laborales,0
CL01:DF_ICL2023_RAMA(1.0),_T,M,ICL2023,IX,J,2026-M03,121.73301382990559,,Valor provisional,2,,Encuesta Mensual de Remuneraciones y Costos Laborales,0
CL01:DF_ICL2023_RAMA(1.0),_T,M,ICL2023,IX,L,2023-M01,97.2422878490778,R,,2,,Encuesta Mensual de Remuneraciones y Costos Laborales,0
CL01:DF_ICL2023_RAMA(1.0),_T,M,ICL2023,IX,L,2023-M02,97.61355810679942,R,,2,,Encuesta Mensual de Remuneraciones y Costos Laborales,0
CL01:DF_ICL2023_RAMA(1.0),_T,M,ICL2023,IX,L,2023-M03,98.18546598908418,R,,2,,Encuesta Mensual de Remuneraciones y Costos Laborales,0
CL01:DF_ICL2023_RAMA(1.0),_T,M,ICL2023,IX,L,2023-M04,99.29018562775163,R,,2,,Encuesta Mensual de Remuneraciones y Costos Laborales,0
CL01:DF_ICL2023_RAMA(1.0),_T,M,ICL2023,IX,L,2023-M05,100.2224517977214,R,,2,,Encuesta Mensual de Remuneraciones y Costos Laborales,0
CL01:DF_ICL2023_RAMA(1.0),_T,M,ICL2023,IX,L,2023-M06,99.8582441653404,R,,2,,Encuesta Mensual de Remuneraciones y Costos Laborales,0
CL01:DF_ICL2023_RAMA(1.0),_T,M,ICL2023,IX,L,2023-M07,100.36060003791252,R,,2,,Encuesta Mensual de Remuneraciones y Costos Laborales,0
CL01:DF_ICL2023_RAMA(1.0),_T,M,ICL2023,IX,L,2023-M08,100.53312102938145,R,,2,,Encuesta Mensual de Remuneraciones y Costos Laborales,0
CL01:DF_ICL2023_RAMA(1.0),_T,M,ICL2023,IX,L,2023-M09,102.75771978231074,R,,2,,Encuesta Mensual de Remuneraciones y Costos Laborales,0
CL01:DF_ICL2023_RAMA(1.0),_T,M,ICL2023,IX,L,2023-M10,101.22375056063711,R,,2,,Encuesta Mensual de Remuneraciones y Costos Laborales,0
CL01:DF_ICL2023_RAMA(1.0),_T,M,ICL2023,IX,L,2023-M11,100.5681303169477,R,,2,,Encuesta Mensual de Remuneraciones y Costos Laborales,0
CL01:DF_ICL2023_RAMA(1.0),_T,M,ICL2023,IX,L,2023-M12,102.14448473703565,R,,2,,Encuesta Mensual de Remuneraciones y Costos Laborales,0
CL01:DF_ICL2023_RAMA(1.0),_T,M,ICL2023,IX,L,2024-M01,102.59841886142075,R,,2,,Encuesta Mensual de Remuneraciones y Costos Laborales,0
CL01:DF_ICL2023_RAMA(1.0),_T,M,ICL2023,IX,L,2024-M02,101.31933111980499,R,,2,,Encuesta Mensual de Remuneraciones y Costos Laborales,0
CL01:DF_ICL2023_RAMA(1.0),_T,M,ICL2023,IX,L,2024-M03,103.4391224387195,R,,2,,Encuesta Mensual de Remuneraciones y Costos Laborales,0
CL01:DF_ICL2023_RAMA(1.0),_T,M,ICL2023,IX,L,2024-M04,104.3919952093871,,,2,,Encuesta Mensual de Remuneraciones y Costos Laborales,0
CL01:DF_ICL2023_RAMA(1.0),_T,M,ICL2023,IX,L,2024-M05,104.9321842438746,,,2,,Encuesta Mensual de Remuneraciones y Costos Laborales,0
CL01:DF_ICL2023_RAMA(1.0),_T,M,ICL2023,IX,L,2024-M06,105.23024554675604,,,2,,Encuesta Mensual de Remuneraciones y Costos Laborales,0
CL01:DF_ICL2023_RAMA(1.0),_T,M,ICL2023,IX,L,2024-M07,108.98097189371424,,,2,,Encuesta Mensual de Remuneraciones y Costos Laborales,0
CL01:DF_ICL2023_RAMA(1.0),_T,M,ICL2023,IX,L,2024-M08,109.4466115061166,,,2,,Encuesta Mensual de Remuneraciones y Costos Laborales,0
CL01:DF_ICL2023_RAMA(1.0),_T,M,ICL2023,IX,L,2024-M09,110.64099292602599,,,2,,Encuesta Mensual de Remuneraciones y Costos Laborales,0
CL01:DF_ICL2023_RAMA(1.0),_T,M,ICL2023,IX,L,2024-M10,110.62566720223255,,,2,,Encuesta Mensual de Remuneraciones y Costos Laborales,0
CL01:DF_ICL2023_RAMA(1.0),_T,M,ICL2023,IX,L,2024-M11,111.20267246758308,,,2,,Encuesta Mensual de Remuneraciones y Costos Laborales,0
CL01:DF_ICL2023_RAMA(1.0),_T,M,ICL2023,IX,L,2024-M12,113.28326453337137,,,2,,Encuesta Mensual de Remuneraciones y Costos Laborales,0
CL01:DF_ICL2023_RAMA(1.0),_T,M,ICL2023,IX,L,2025-M01,113.7223159209628,,,2,,Encuesta Mensual de Remuneraciones y Costos Laborales,0
CL01:DF_ICL2023_RAMA(1.0),_T,M,ICL2023,IX,L,2025-M02,113.46353579518387,,,2,,Encuesta Mensual de Remuneraciones y Costos Laborales,0
CL01:DF_ICL2023_RAMA(1.0),_T,M,ICL2023,IX,L,2025-M03,115.030285507655,,,2,,Encuesta Mensual de Remuneraciones y Costos Laborales,0
CL01:DF_ICL2023_RAMA(1.0),_T,M,ICL2023,IX,L,2025-M04,115.43545636967431,,,2,,Encuesta Mensual de Remuneraciones y Costos Laborales,0
CL01:DF_ICL2023_RAMA(1.0),_T,M,ICL2023,IX,L,2025-M05,116.26565304443209,,,2,,Encuesta Mensual de Remuneraciones y Costos Laborales,0
CL01:DF_ICL2023_RAMA(1.0),_T,M,ICL2023,IX,L,2025-M06,117.47162977312436,,,2,,Encuesta Mensual de Remuneraciones y Costos Laborales,0
CL01:DF_ICL2023_RAMA(1.0),_T,M,ICL2023,IX,L,2025-M07,118.47627111957233,,,2,,Encuesta Mensual de Remuneraciones y Costos Laborales,0
CL01:DF_ICL2023_RAMA(1.0),_T,M,ICL2023,IX,L,2025-M08,119.9286378224613,,,2,,Encuesta Mensual de Remuneraciones y Costos Laborales,0
CL01:DF_ICL2023_RAMA(1.0),_T,M,ICL2023,IX,L,2025-M09,120.08634883790526,,,2,,Encuesta Mensual de Remuneraciones y Costos Laborales,0
CL01:DF_ICL2023_RAMA(1.0),_T,M,ICL2023,IX,L,2025-M10,120.1921224604356,,,2,,Encuesta Mensual de Remuneraciones y Costos Laborales,0
CL01:DF_ICL2023_RAMA(1.0),_T,M,ICL2023,IX,L,2025-M11,121.12124192930416,,,2,,Encuesta Mensual de Remuneraciones y Costos Laborales,0
CL01:DF_ICL2023_RAMA(1.0),_T,M,ICL2023,IX,L,2025-M12,122.88545142206789,,,2,,Encuesta Mensual de Remuneraciones y Costos Laborales,0
CL01:DF_ICL2023_RAMA(1.0),_T,M,ICL2023,IX,L,2026-M01,122.12840413138183,,,2,,Encuesta Mensual de Remuneraciones y Costos Laborales,0
CL01:DF_ICL2023_RAMA(1.0),_T,M,ICL2023,IX,L,2026-M02,122.23289270232664,,,2,,Encuesta Mensual de Remuneraciones y Costos Laborales,0
CL01:DF_ICL2023_RAMA(1.0),_T,M,ICL2023,IX,L,2026-M03,123.70806910669103,,Valor provisional,2,,Encuesta Mensual de Remuneraciones y Costos Laborales,0
CL01:DF_ICL2023_RAMA(1.0),_T,M,ICL2023,VAR12,N,2023-M01,,R,,2,,Encuesta Mensual de Remuneraciones y Costos Laborales,0
CL01:DF_ICL2023_RAMA(1.0),_T,M,ICL2023,VAR12,N,2023-M02,,R,,2,,Encuesta Mensual de Remuneraciones y Costos Laborales,0
CL01:DF_ICL2023_RAMA(1.0),_T,M,ICL2023,VAR12,N,2023-M03,,R,,2,,Encuesta Mensual de Remuneraciones y Costos Laborales,0
CL01:DF_ICL2023_RAMA(1.0),_T,M,ICL2023,VAR12,N,2023-M04,,R,,2,,Encuesta Mensual de Remuneraciones y Costos Laborales,0
CL01:DF_ICL2023_RAMA(1.0),_T,M,ICL2023,VAR12,N,2023-M05,,R,,2,,Encuesta Mensual de Remuneraciones y Costos Laborales,0
CL01:DF_ICL2023_RAMA(1.0),_T,M,ICL2023,VAR12,N,2023-M06,,R,,2,,Encuesta Mensual de Remuneraciones y Costos Laborales,0
CL01:DF_ICL2023_RAMA(1.0),_T,M,ICL2023,VAR12,N,2023-M07,,R,,2,,Encuesta Mensual de Remuneraciones y Costos Laborales,0
CL01:DF_ICL2023_RAMA(1.0),_T,M,ICL2023,VAR12,N,2023-M08,,R,,2,,Encuesta Mensual de Remuneraciones y Costos Laborales,0
CL01:DF_ICL2023_RAMA(1.0),_T,M,ICL2023,VAR12,N,2023-M09,,R,,2,,Encuesta Mensual de Remuneraciones y Costos Laborales,0
CL01:DF_ICL2023_RAMA(1.0),_T,M,ICL2023,VAR12,N,2023-M10,,R,,2,,Encuesta Mensual de Remuneraciones y Costos Laborales,0
CL01:DF_ICL2023_RAMA(1.0),_T,M,ICL2023,VAR12,N,2023-M11,,R,,2,,Encuesta Mensual de Remuneraciones y Costos Laborales,0
CL01:DF_ICL2023_RAMA(1.0),_T,M,ICL2023,VAR12,N,2023-M12,,R,,2,,Encuesta Mensual de Remuneraciones y Costos Laborales,0
CL01:DF_ICL2023_RAMA(1.0),_T,M,ICL2023,VAR12,N,2024-M01,9.278718349215897,R,,2,,Encuesta Mensual de Remuneraciones y Costos Laborales,0
CL01:DF_ICL2023_RAMA(1.0),_T,M,ICL2023,VAR12,N,2024-M02,7.588267968948492,R,,2,,Encuesta Mensual de Remuneraciones y Costos Laborales,0
CL01:DF_ICL2023_RAMA(1.0),_T,M,ICL2023,VAR12,N,2024-M03,8.892851460401152,R,,2,,Encuesta Mensual de Remuneraciones y Costos Laborales,0
CL01:DF_ICL2023_RAMA(1.0),_T,M,ICL2023,VAR12,N,2024-M04,8.290640572498331,R,,2,,Encuesta Mensual de Remuneraciones y Costos Laborales,0
CL01:DF_ICL2023_RAMA(1.0),_T,M,ICL2023,VAR12,N,2024-M05,7.8877835837436905,R,,2,,Encuesta Mensual de Remuneraciones y Costos Laborales,0
CL01:DF_ICL2023_RAMA(1.0),_T,M,ICL2023,VAR12,N,2024-M06,8.56223342225988,R,,2,,Encuesta Mensual de Remuneraciones y Costos Laborales,0
CL01:DF_ICL2023_RAMA(1.0),_T,M,ICL2023,VAR12,N,2024-M07,12.50894936412912,R,,2,,Encuesta Mensual de Remuneraciones y Costos Laborales,0
CL01:DF_ICL2023_RAMA(1.0),_T,M,ICL2023,VAR12,N,2024-M08,12.761393988171289,R,,2,,Encuesta Mensual de Remuneraciones y Costos Laborales,0
CL01:DF_ICL2023_RAMA(1.0),_T,M,ICL2023,VAR12,N,2024-M09,11.460487429075283,R,,2,,Encuesta Mensual de Remuneraciones y Costos Laborales,0
CL01:DF_ICL2023_RAMA(1.0),_T,M,ICL2023,VAR12,N,2024-M10,11.851428321274128,R,,2,,Encuesta Mensual de Remuneraciones y Costos Laborales,0
CL01:DF_ICL2023_RAMA(1.0),_T,M,ICL2023,VAR12,N,2024-M11,11.420212647543714,R,,2,,Encuesta Mensual de Remuneraciones y Costos Laborales,0
CL01:DF_ICL2023_RAMA(1.0),_T,M,ICL2023,VAR12,N,2024-M12,11.866855285676214,R,,2,,Encuesta Mensual de Remuneraciones y Costos Laborales,0
CL01:DF_ICL2023_RAMA(1.0),_T,M,ICL2023,VAR12,N,2025-M01,12.08765865278032,R,,2,,Encuesta Mensual de Remuneraciones y Costos Laborales,0
CL01:DF_ICL2023_RAMA(1.0),_T,M,ICL2023,VAR12,N,2025-M02,13.133429114326045,R,,2,,Encuesta Mensual de Remuneraciones y Costos Laborales,0
CL01:DF_ICL2023_RAMA(1.0),_T,M,ICL2023,VAR12,N,2025-M03,11.914719714727017,R,,2,,Encuesta Mensual de Remuneraciones y Costos Laborales,0
CL01:DF_ICL2023_RAMA(1.0),_T,M,ICL2023,VAR12,N,2025-M04,12.555148574345099,,,2,,Encuesta Mensual de Remuneraciones y Costos Laborales,0
CL01:DF_ICL2023_RAMA(1.0),_T,M,ICL2023,VAR12,N,2025-M05,12.792426401952017,,,2,,Encuesta Mensual de Remuneraciones y Costos Laborales,0
CL01:DF_ICL2023_RAMA(1.0),_T,M,ICL2023,VAR12,N,2025-M06,11.73495557747437,,,2,,Encuesta Mensual de Remuneraciones y Costos Laborales,0
CL01:DF_ICL2023_RAMA(1.0),_T,M,ICL2023,VAR12,N,2025-M07,7.30906297096785,,,2,,Encuesta Mensual de Remuneraciones y Costos Laborales,0
CL01:DF_ICL2023_RAMA(1.0),_T,M,ICL2023,VAR12,N,2025-M08,7.380342175264021,,,2,,Encuesta Mensual de Remuneraciones y Costos Laborales,0
CL01:DF_ICL2023_RAMA(1.0),_T,M,ICL2023,VAR12,N,2025-M09,6.959899661272173,,,2,,Encuesta Mensual de Remuneraciones y Costos Laborales,0
CL01:DF_ICL2023_RAMA(1.0),_T,M,ICL2023,VAR12,N,2025-M10,6.6793715579287705,,,2,,Encuesta Mensual de Remuneraciones y Costos Laborales,0
CL01:DF_ICL2023_RAMA(1.0),_T,M,ICL2023,VAR12,N,2025-M11,7.496586764432522,,,2,,Encuesta Mensual de Remuneraciones y Costos Laborales,0
CL01:DF_ICL2023_RAMA(1.0),_T,M,ICL2023,VAR12,N,2025-M12,7.191582015242259,,,2,,Encuesta Mensual de Remuneraciones y Costos Laborales,0
CL01:DF_ICL2023_RAMA(1.0),_T,M,ICL2023,VAR12,N,2026-M01,7.108837754152808,,,2,,Encuesta Mensual de Remuneraciones y Costos Laborales,0
CL01:DF_ICL2023_RAMA(1.0),_T,M,ICL2023,VAR12,N,2026-M02,6.552185060079374,,,2,,Encuesta Mensual de Remuneraciones y Costos Laborales,0
CL01:DF_ICL2023_RAMA(1.0),_T,M,ICL2023,VAR12,N,2026-M03,6.984057084160655,,Valor provisional,2,,Encuesta Mensual de Remuneraciones y Costos Laborales,0
CL01:DF_ICL2023_RAMA(1.0),_T,M,ICL2023,IX,P,2023-M01,99.69681824496088,R,,2,,Encuesta Mensual de Remuneraciones y Costos Laborales,0
CL01:DF_ICL2023_RAMA(1.0),_T,M,ICL2023,IX,P,2023-M02,98.191642126408,R,,2,,Encuesta Mensual de Remuneraciones y Costos Laborales,0
CL01:DF_ICL2023_RAMA(1.0),_T,M,ICL2023,IX,P,2023-M03,98.807339877351,R,,2,,Encuesta Mensual de Remuneraciones y Costos Laborales,0
CL01:DF_ICL2023_RAMA(1.0),_T,M,ICL2023,IX,P,2023-M04,98.59390917101418,R,,2,,Encuesta Mensual de Remuneraciones y Costos Laborales,0
CL01:DF_ICL2023_RAMA(1.0),_T,M,ICL2023,IX,P,2023-M05,98.20236200091395,R,,2,,Encuesta Mensual de Remuneraciones y Costos Laborales,0
CL01:DF_ICL2023_RAMA(1.0),_T,M,ICL2023,IX,P,2023-M06,99.46523684500228,R,,2,,Encuesta Mensual de Remuneraciones y Costos Laborales,0
CL01:DF_ICL2023_RAMA(1.0),_T,M,ICL2023,IX,P,2023-M07,99.98700265676226,R,,2,,Encuesta Mensual de Remuneraciones y Costos Laborales,0
CL01:DF_ICL2023_RAMA(1.0),_T,M,ICL2023,IX,P,2023-M08,100.04734280947575,R,,2,,Encuesta Mensual de Remuneraciones y Costos Laborales,0
CL01:DF_ICL2023_RAMA(1.0),_T,M,ICL2023,IX,P,2023-M09,102.18110404838251,R,,2,,Encuesta Mensual de Remuneraciones y Costos Laborales,0
CL01:DF_ICL2023_RAMA(1.0),_T,M,ICL2023,IX,P,2023-M10,100.14926354612521,R,,2,,Encuesta Mensual de Remuneraciones y Costos Laborales,0
CL01:DF_ICL2023_RAMA(1.0),_T,M,ICL2023,IX,P,2023-M11,100.5344683131825,R,,2,,Encuesta Mensual de Remuneraciones y Costos Laborales,0
CL01:DF_ICL2023_RAMA(1.0),_T,M,ICL2023,IX,P,2023-M12,104.14351036042154,R,,2,,Encuesta Mensual de Remuneraciones y Costos Laborales,0
CL01:DF_ICL2023_RAMA(1.0),_T,M,ICL2023,IX,P,2024-M01,104.47640932911325,R,,2,,Encuesta Mensual de Remuneraciones y Costos Laborales,0
CL01:DF_ICL2023_RAMA(1.0),_T,M,ICL2023,IX,P,2024-M02,103.73193056082475,R,,2,,Encuesta Mensual de Remuneraciones y Costos Laborales,0
CL01:DF_ICL2023_RAMA(1.0),_T,M,ICL2023,IX,P,2024-M03,104.95866154890251,R,,2,,Encuesta Mensual de Remuneraciones y Costos Laborales,0
CL01:DF_ICL2023_RAMA(1.0),_T,M,ICL2023,IX,P,2024-M04,105.45306272135358,,,2,,Encuesta Mensual de Remuneraciones y Costos Laborales,0
CL01:DF_ICL2023_RAMA(1.0),_T,M,ICL2023,IX,P,2024-M05,104.39579865357507,,,2,,Encuesta Mensual de Remuneraciones y Costos Laborales,0
CL01:DF_ICL2023_RAMA(1.0),_T,M,ICL2023,IX,P,2024-M06,105.79088157258454,,,2,,Encuesta Mensual de Remuneraciones y Costos Laborales,0
CL01:DF_ICL2023_RAMA(1.0),_T,M,ICL2023,IX,P,2024-M07,106.82161073286107,,,2,,Encuesta Mensual de Remuneraciones y Costos Laborales,0
CL01:DF_ICL2023_RAMA(1.0),_T,M,ICL2023,IX,P,2024-M08,107.1472561584314,,,2,,Encuesta Mensual de Remuneraciones y Costos Laborales,0
CL01:DF_ICL2023_RAMA(1.0),_T,M,ICL2023,IX,P,2024-M09,108.06969604704712,,,2,,Encuesta Mensual de Remuneraciones y Costos Laborales,0
CL01:DF_ICL2023_RAMA(1.0),_T,M,ICL2023,IX,P,2024-M10,107.47106647285393,,,2,,Encuesta Mensual de Remuneraciones y Costos Laborales,0
CL01:DF_ICL2023_RAMA(1.0),_T,M,ICL2023,IX,P,2024-M11,107.71114056790302,,,2,,Encuesta Mensual de Remuneraciones y Costos Laborales,0
CL01:DF_ICL2023_RAMA(1.0),_T,M,ICL2023,IX,P,2024-M12,109.7861775809586,,,2,,Encuesta Mensual de Remuneraciones y Costos Laborales,0
CL01:DF_ICL2023_RAMA(1.0),_T,M,ICL2023,IX,P,2025-M01,111.29684141881852,,,2,,Encuesta Mensual de Remuneraciones y Costos Laborales,0
CL01:DF_ICL2023_RAMA(1.0),_T,M,ICL2023,IX,P,2025-M02,111.38294692884418,,,2,,Encuesta Mensual de Remuneraciones y Costos Laborales,0
CL01:DF_ICL2023_RAMA(1.0),_T,M,ICL2023,IX,P,2025-M03,113.24432858161644,,,2,,Encuesta Mensual de Remuneraciones y Costos Laborales,0
CL01:DF_ICL2023_RAMA(1.0),_T,M,ICL2023,IX,P,2025-M04,113.39891352843165,,,2,,Encuesta Mensual de Remuneraciones y Costos Laborales,0
CL01:DF_ICL2023_RAMA(1.0),_T,M,ICL2023,IX,P,2025-M05,112.57993307707603,,,2,,Encuesta Mensual de Remuneraciones y Costos Laborales,0
CL01:DF_ICL2023_RAMA(1.0),_T,M,ICL2023,IX,P,2025-M06,113.3673576282586,,,2,,Encuesta Mensual de Remuneraciones y Costos Laborales,0
CL01:DF_ICL2023_RAMA(1.0),_T,M,ICL2023,IX,P,2025-M07,114.65504670788744,,,2,,Encuesta Mensual de Remuneraciones y Costos Laborales,0
CL01:DF_ICL2023_RAMA(1.0),_T,M,ICL2023,IX,P,2025-M08,115.19068157347684,,,2,,Encuesta Mensual de Remuneraciones y Costos Laborales,0
CL01:DF_ICL2023_RAMA(1.0),_T,M,ICL2023,IX,P,2025-M09,115.99303072727736,,,2,,Encuesta Mensual de Remuneraciones y Costos Laborales,0
CL01:DF_ICL2023_RAMA(1.0),_T,M,ICL2023,IX,P,2025-M10,115.72132561807364,,,2,,Encuesta Mensual de Remuneraciones y Costos Laborales,0
CL01:DF_ICL2023_RAMA(1.0),_T,M,ICL2023,IX,P,2025-M11,115.7842128849479,,,2,,Encuesta Mensual de Remuneraciones y Costos Laborales,0
CL01:DF_ICL2023_RAMA(1.0),_T,M,ICL2023,IX,P,2025-M12,116.86526610596437,,,2,,Encuesta Mensual de Remuneraciones y Costos Laborales,0
CL01:DF_ICL2023_RAMA(1.0),_T,M,ICL2023,IX,P,2026-M01,116.62955122574914,,,2,,Encuesta Mensual de Remuneraciones y Costos Laborales,0
CL01:DF_ICL2023_RAMA(1.0),_T,M,ICL2023,IX,P,2026-M02,117.22029993277884,,,2,,Encuesta Mensual de Remuneraciones y Costos Laborales,0
CL01:DF_ICL2023_RAMA(1.0),_T,M,ICL2023,IX,P,2026-M03,119.10421734893538,,Valor provisional,2,,Encuesta Mensual de Remuneraciones y Costos Laborales,0
CL01:DF_ICL2023_RAMA(1.0),_T,M,ICL2023,IX,D,2023-M01,97.37263679840493,R,,2,,Encuesta Mensual de Remuneraciones y Costos Laborales,0
CL01:DF_ICL2023_RAMA(1.0),_T,M,ICL2023,IX,D,2023-M02,97.41702507137619,R,,2,,Encuesta Mensual de Remuneraciones y Costos Laborales,0
CL01:DF_ICL2023_RAMA(1.0),_T,M,ICL2023,IX,D,2023-M03,98.72008555765044,R,,2,,Encuesta Mensual de Remuneraciones y Costos Laborales,0
CL01:DF_ICL2023_RAMA(1.0),_T,M,ICL2023,IX,D,2023-M04,99.39187678473805,R,,2,,Encuesta Mensual de Remuneraciones y Costos Laborales,0
CL01:DF_ICL2023_RAMA(1.0),_T,M,ICL2023,IX,D,2023-M05,99.23547538085876,R,,2,,Encuesta Mensual de Remuneraciones y Costos Laborales,0
CL01:DF_ICL2023_RAMA(1.0),_T,M,ICL2023,IX,D,2023-M06,99.79137222926667,R,,2,,Encuesta Mensual de Remuneraciones y Costos Laborales,0
CL01:DF_ICL2023_RAMA(1.0),_T,M,ICL2023,IX,D,2023-M07,100.9264548749552,R,,2,,Encuesta Mensual de Remuneraciones y Costos Laborales,0
CL01:DF_ICL2023_RAMA(1.0),_T,M,ICL2023,IX,D,2023-M08,100.79653117510259,R,,2,,Encuesta Mensual de Remuneraciones y Costos Laborales,0
CL01:DF_ICL2023_RAMA(1.0),_T,M,ICL2023,IX,D,2023-M09,101.88271456232395,R,,2,,Encuesta Mensual de Remuneraciones y Costos Laborales,0
CL01:DF_ICL2023_RAMA(1.0),_T,M,ICL2023,IX,D,2023-M10,101.47194135908647,R,,2,,Encuesta Mensual de Remuneraciones y Costos Laborales,0
CL01:DF_ICL2023_RAMA(1.0),_T,M,ICL2023,IX,D,2023-M11,100.83699191842103,R,,2,,Encuesta Mensual de Remuneraciones y Costos Laborales,0
CL01:DF_ICL2023_RAMA(1.0),_T,M,ICL2023,IX,D,2023-M12,102.15689428781585,R,,2,,Encuesta Mensual de Remuneraciones y Costos Laborales,0
CL01:DF_ICL2023_RAMA(1.0),_T,M,ICL2023,IX,D,2024-M01,105.11304215897498,R,,2,,Encuesta Mensual de Remuneraciones y Costos Laborales,0
CL01:DF_ICL2023_RAMA(1.0),_T,M,ICL2023,IX,D,2024-M02,104.62978884957535,R,,2,,Encuesta Mensual de Remuneraciones y Costos Laborales,0
CL01:DF_ICL2023_RAMA(1.0),_T,M,ICL2023,IX,D,2024-M03,106.30184173727447,R,,2,,Encuesta Mensual de Remuneraciones y Costos Laborales,0
CL01:DF_ICL2023_RAMA(1.0),_T,M,ICL2023,IX,D,2024-M04,106.93288454696365,,,2,,Encuesta Mensual de Remuneraciones y Costos Laborales,0
CL01:DF_ICL2023_RAMA(1.0),_T,M,ICL2023,IX,D,2024-M05,107.0463485636138,,,2,,Encuesta Mensual de Remuneraciones y Costos Laborales,0
CL01:DF_ICL2023_RAMA(1.0),_T,M,ICL2023,IX,D,2024-M06,107.18201954680221,,,2,,Encuesta Mensual de Remuneraciones y Costos Laborales,0
CL01:DF_ICL2023_RAMA(1.0),_T,M,ICL2023,IX,D,2024-M07,109.44922870714294,,,2,,Encuesta Mensual de Remuneraciones y Costos Laborales,0
CL01:DF_ICL2023_RAMA(1.0),_T,M,ICL2023,IX,D,2024-M08,110.23922982935174,,,2,,Encuesta Mensual de Remuneraciones y Costos Laborales,0
CL01:DF_ICL2023_RAMA(1.0),_T,M,ICL2023,IX,D,2024-M09,110.22429410846935,,,2,,Encuesta Mensual de Remuneraciones y Costos Laborales,0
CL01:DF_ICL2023_RAMA(1.0),_T,M,ICL2023,IX,D,2024-M10,109.42533942079268,,,2,,Encuesta Mensual de Remuneraciones y Costos Laborales,0
CL01:DF_ICL2023_RAMA(1.0),_T,M,ICL2023,IX,D,2024-M11,109.5797623981199,,,2,,Encuesta Mensual de Remuneraciones y Costos Laborales,0
CL01:DF_ICL2023_RAMA(1.0),_T,M,ICL2023,IX,D,2024-M12,111.88292916089173,,,2,,Encuesta Mensual de Remuneraciones y Costos Laborales,0
CL01:DF_ICL2023_RAMA(1.0),_T,M,ICL2023,IX,D,2025-M01,113.34520352150271,,,2,,Encuesta Mensual de Remuneraciones y Costos Laborales,0
CL01:DF_ICL2023_RAMA(1.0),_T,M,ICL2023,IX,D,2025-M02,114.18393119641628,,,2,,Encuesta Mensual de Remuneraciones y Costos Laborales,0
CL01:DF_ICL2023_RAMA(1.0),_T,M,ICL2023,IX,D,2025-M03,115.00781367475795,,,2,,Encuesta Mensual de Remuneraciones y Costos Laborales,0
CL01:DF_ICL2023_RAMA(1.0),_T,M,ICL2023,IX,D,2025-M04,116.85080947426682,,,2,,Encuesta Mensual de Remuneraciones y Costos Laborales,0
CL01:DF_ICL2023_RAMA(1.0),_T,M,ICL2023,IX,D,2025-M05,115.15338848381099,,,2,,Encuesta Mensual de Remuneraciones y Costos Laborales,0
CL01:DF_ICL2023_RAMA(1.0),_T,M,ICL2023,IX,D,2025-M06,115.29016254447258,,,2,,Encuesta Mensual de Remuneraciones y Costos Laborales,0
CL01:DF_ICL2023_RAMA(1.0),_T,M,ICL2023,IX,D,2025-M07,117.10561979736714,,,2,,Encuesta Mensual de Remuneraciones y Costos Laborales,0
CL01:DF_ICL2023_RAMA(1.0),_T,M,ICL2023,IX,D,2025-M08,116.90729234198726,,,2,,Encuesta Mensual de Remuneraciones y Costos Laborales,0
CL01:DF_ICL2023_RAMA(1.0),_T,M,ICL2023,IX,D,2025-M09,117.81945855354296,,,2,,Encuesta Mensual de Remuneraciones y Costos Laborales,0
CL01:DF_ICL2023_RAMA(1.0),_T,M,ICL2023,IX,D,2025-M10,117.46530734877918,,,2,,Encuesta Mensual de Remuneraciones y Costos Laborales,0
CL01:DF_ICL2023_RAMA(1.0),_T,M,ICL2023,IX,D,2025-M11,117.67940897622012,,,2,,Encuesta Mensual de Remuneraciones y Costos Laborales,0
CL01:DF_ICL2023_RAMA(1.0),_T,M,ICL2023,IX,D,2025-M12,119.04211336442395,,,2,,Encuesta Mensual de Remuneraciones y Costos Laborales,0
CL01:DF_ICL2023_RAMA(1.0),_T,M,ICL2023,IX,D,2026-M01,119.93528265953309,,,2,,Encuesta Mensual de Remuneraciones y Costos Laborales,0
CL01:DF_ICL2023_RAMA(1.0),_T,M,ICL2023,IX,D,2026-M02,119.64607663539918,,,2,,Encuesta Mensual de Remuneraciones y Costos Laborales,0
CL01:DF_ICL2023_RAMA(1.0),_T,M,ICL2023,IX,D,2026-M03,119.67118196663486,,Valor provisional,2,,Encuesta Mensual de Remuneraciones y Costos Laborales,0
