DATAFLOW,AREA_REF,FREQ,INDICADOR,UNIDAD,RAMA,TIME_PERIOD,OBS_VALUE,OBS_STATUS,NOTAS_INDICADOR,DECIMALS,NOTAS,FUENTE,MULT
CL01:DF_IR2023_RAMA(1.0),_T,M,IR2023,VAR12,K,2023-M01,,R,,2,,Encuesta Mensual de Remuneraciones y Costos Laborales,0
CL01:DF_IR2023_RAMA(1.0),_T,M,IR2023,VAR12,K,2023-M02,,R,,2,,Encuesta Mensual de Remuneraciones y Costos Laborales,0
CL01:DF_IR2023_RAMA(1.0),_T,M,IR2023,VAR12,K,2023-M03,,R,,2,,Encuesta Mensual de Remuneraciones y Costos Laborales,0
CL01:DF_IR2023_RAMA(1.0),_T,M,IR2023,VAR12,K,2023-M04,,R,,2,,Encuesta Mensual de Remuneraciones y Costos Laborales,0
CL01:DF_IR2023_RAMA(1.0),_T,M,IR2023,VAR12,K,2023-M05,,R,,2,,Encuesta Mensual de Remuneraciones y Costos Laborales,0
CL01:DF_IR2023_RAMA(1.0),_T,M,IR2023,VAR12,K,2023-M06,,R,,2,,Encuesta Mensual de Remuneraciones y Costos Laborales,0
CL01:DF_IR2023_RAMA(1.0),_T,M,IR2023,VAR12,K,2023-M07,,R,,2,,Encuesta Mensual de Remuneraciones y Costos Laborales,0
CL01:DF_IR2023_RAMA(1.0),_T,M,IR2023,VAR12,K,2023-M08,,R,,2,,Encuesta Mensual de Remuneraciones y Costos Laborales,0
CL01:DF_IR2023_RAMA(1.0),_T,M,IR2023,VAR12,K,2023-M09,,R,,2,,Encuesta Mensual de Remuneraciones y Costos Laborales,0
CL01:DF_IR2023_RAMA(1.0),_T,M,IR2023,VAR12,K,2023-M10,,R,,2,,Encuesta Mensual de Remuneraciones y Costos Laborales,0
CL01:DF_IR2023_RAMA(1.0),_T,M,IR2023,VAR12,K,2023-M11,,R,,2,,Encuesta Mensual de Remuneraciones y Costos Laborales,0
CL01:DF_IR2023_RAMA(1.0),_T,M,IR2023,VAR12,K,2023-M12,,R,,2,,Encuesta Mensual de Remuneraciones y Costos Laborales,0
CL01:DF_IR2023_RAMA(1.0),_T,M,IR2023,VAR12,K,2024-M01,5.254088636147425,R,,2,,Encuesta Mensual de Remuneraciones y Costos Laborales,0
CL01:DF_IR2023_RAMA(1.0),_T,M,IR2023,VAR12,K,2024-M02,5.541814878293461,R,,2,,Encuesta Mensual de Remuneraciones y Costos Laborales,0
CL01:DF_IR2023_RAMA(1.0),_T,M,IR2023,VAR12,K,2024-M03,6.173061119485412,R,,2,,Encuesta Mensual de Remuneraciones y Costos Laborales,0
CL01:DF_IR2023_RAMA(1.0),_T,M,IR2023,VAR12,K,2024-M04,5.645578992364175,R,,2,,Encuesta Mensual de Remuneraciones y Costos Laborales,0
CL01:DF_IR2023_RAMA(1.0),_T,M,IR2023,VAR12,K,2024-M05,6.622366317812967,R,,2,,Encuesta Mensual de Remuneraciones y Costos Laborales,0
CL01:DF_IR2023_RAMA(1.0),_T,M,IR2023,VAR12,K,2024-M06,5.51308451048933,R,,2,,Encuesta Mensual de Remuneraciones y Costos Laborales,0
CL01:DF_IR2023_RAMA(1.0),_T,M,IR2023,VAR12,K,2024-M07,5.765336869143778,R,,2,,Encuesta Mensual de Remuneraciones y Costos Laborales,0
CL01:DF_IR2023_RAMA(1.0),_T,M,IR2023,VAR12,K,2024-M08,6.20372172409378,R,,2,,Encuesta Mensual de Remuneraciones y Costos Laborales,0
CL01:DF_IR2023_RAMA(1.0),_T,M,IR2023,VAR12,K,2024-M09,5.585230510895589,R,,2,,Encuesta Mensual de Remuneraciones y Costos Laborales,0
CL01:DF_IR2023_RAMA(1.0),_T,M,IR2023,VAR12,K,2024-M10,6.222746979369886,R,,2,,Encuesta Mensual de Remuneraciones y Costos Laborales,0
CL01:DF_IR2023_RAMA(1.0),_T,M,IR2023,VAR12,K,2024-M11,6.838043855258702,R,,2,,Encuesta Mensual de Remuneraciones y Costos Laborales,0
CL01:DF_IR2023_RAMA(1.0),_T,M,IR2023,VAR12,K,2024-M12,5.036467940596201,R,,2,,Encuesta Mensual de Remuneraciones y Costos Laborales,0
CL01:DF_IR2023_RAMA(1.0),_T,M,IR2023,VAR12,K,2025-M01,6.167736643986421,R,,2,,Encuesta Mensual de Remuneraciones y Costos Laborales,0
CL01:DF_IR2023_RAMA(1.0),_T,M,IR2023,VAR12,K,2025-M02,6.437060666807004,R,,2,,Encuesta Mensual de Remuneraciones y Costos Laborales,0
CL01:DF_IR2023_RAMA(1.0),_T,M,IR2023,VAR12,K,2025-M03,5.778395569808703,R,,2,,Encuesta Mensual de Remuneraciones y Costos Laborales,0
CL01:DF_IR2023_RAMA(1.0),_T,M,IR2023,VAR12,K,2025-M04,6.682176218569569,,,2,,Encuesta Mensual de Remuneraciones y Costos Laborales,0
CL01:DF_IR2023_RAMA(1.0),_T,M,IR2023,VAR12,K,2025-M05,6.401747609071551,,,2,,Encuesta Mensual de Remuneraciones y Costos Laborales,0
CL01:DF_IR2023_RAMA(1.0),_T,M,IR2023,VAR12,K,2025-M06,6.966573605261539,,,2,,Encuesta Mensual de Remuneraciones y Costos Laborales,0
CL01:DF_IR2023_RAMA(1.0),_T,M,IR2023,VAR12,K,2025-M07,6.0809612839439975,,,2,,Encuesta Mensual de Remuneraciones y Costos Laborales,0
CL01:DF_IR2023_RAMA(1.0),_T,M,IR2023,VAR12,K,2025-M08,7.274163544030121,,,2,,Encuesta Mensual de Remuneraciones y Costos Laborales,0
CL01:DF_IR2023_RAMA(1.0),_T,M,IR2023,VAR12,K,2025-M09,5.7462227320507875,,,2,,Encuesta Mensual de Remuneraciones y Costos Laborales,0
CL01:DF_IR2023_RAMA(1.0),_T,M,IR2023,VAR12,K,2025-M10,5.782980199550813,,,2,,Encuesta Mensual de Remuneraciones y Costos Laborales,0
CL01:DF_IR2023_RAMA(1.0),_T,M,IR2023,VAR12,K,2025-M11,4.873284268823652,,,2,,Encuesta Mensual de Remuneraciones y Costos Laborales,0
CL01:DF_IR2023_RAMA(1.0),_T,M,IR2023,VAR12,K,2025-M12,5.3561903300430425,,,2,,Encuesta Mensual de Remuneraciones y Costos Laborales,0
CL01:DF_IR2023_RAMA(1.0),_T,M,IR2023,VAR12,K,2026-M01,5.308501559476686,,,2,,Encuesta Mensual de Remuneraciones y Costos Laborales,0
CL01:DF_IR2023_RAMA(1.0),_T,M,IR2023,VAR12,K,2026-M02,5.524133889643812,,,2,,Encuesta Mensual de Remuneraciones y Costos Laborales,0
CL01:DF_IR2023_RAMA(1.0),_T,M,IR2023,VAR12,K,2026-M03,4.639793145290638,,Valor provisional,2,,Encuesta Mensual de Remuneraciones y Costos Laborales,0
CL01:DF_IR2023_RAMA(1.0),_T,M,IR2023,IX,J,2023-M01,98.65482662782581,R,,2,,Encuesta Mensual de Remuneraciones y Costos Laborales,0
CL01:DF_IR2023_RAMA(1.0),_T,M,IR2023,IX,J,2023-M02,98.14498582557238,R,,2,,Encuesta Mensual de Remuneraciones y Costos Laborales,0
CL01:DF_IR2023_RAMA(1.0),_T,M,IR2023,IX,J,2023-M03,98.52472935038398,R,,2,,Encuesta Mensual de Remuneraciones y Costos Laborales,0
CL01:DF_IR2023_RAMA(1.0),_T,M,IR2023,IX,J,2023-M04,99.37722021233417,R,,2,,Encuesta Mensual de Remuneraciones y Costos Laborales,0
CL01:DF_IR2023_RAMA(1.0),_T,M,IR2023,IX,J,2023-M05,99.05406677623418,R,,2,,Encuesta Mensual de Remuneraciones y Costos Laborales,0
CL01:DF_IR2023_RAMA(1.0),_T,M,IR2023,IX,J,2023-M06,99.12829705475166,R,,2,,Encuesta Mensual de Remuneraciones y Costos Laborales,0
CL01:DF_IR2023_RAMA(1.0),_T,M,IR2023,IX,J,2023-M07,100.23719856502323,R,,2,,Encuesta Mensual de Remuneraciones y Costos Laborales,0
CL01:DF_IR2023_RAMA(1.0),_T,M,IR2023,IX,J,2023-M08,100.22836565958706,R,,2,,Encuesta Mensual de Remuneraciones y Costos Laborales,0
CL01:DF_IR2023_RAMA(1.0),_T,M,IR2023,IX,J,2023-M09,101.07536638159833,R,,2,,Encuesta Mensual de Remuneraciones y Costos Laborales,0
CL01:DF_IR2023_RAMA(1.0),_T,M,IR2023,IX,J,2023-M10,101.98370619568713,R,,2,,Encuesta Mensual de Remuneraciones y Costos Laborales,0
CL01:DF_IR2023_RAMA(1.0),_T,M,IR2023,IX,J,2023-M11,101.50478331606226,R,,2,,Encuesta Mensual de Remuneraciones y Costos Laborales,0
CL01:DF_IR2023_RAMA(1.0),_T,M,IR2023,IX,J,2023-M12,102.08645403493979,R,,2,,Encuesta Mensual de Remuneraciones y Costos Laborales,0
CL01:DF_IR2023_RAMA(1.0),_T,M,IR2023,IX,J,2024-M01,104.0092527987709,R,,2,,Encuesta Mensual de Remuneraciones y Costos Laborales,0
CL01:DF_IR2023_RAMA(1.0),_T,M,IR2023,IX,J,2024-M02,103.84112419916204,R,,2,,Encuesta Mensual de Remuneraciones y Costos Laborales,0
CL01:DF_IR2023_RAMA(1.0),_T,M,IR2023,IX,J,2024-M03,104.92888176911673,R,,2,,Encuesta Mensual de Remuneraciones y Costos Laborales,0
CL01:DF_IR2023_RAMA(1.0),_T,M,IR2023,IX,J,2024-M04,105.02432092883643,,,2,,Encuesta Mensual de Remuneraciones y Costos Laborales,0
CL01:DF_IR2023_RAMA(1.0),_T,M,IR2023,IX,J,2024-M05,105.28173062948795,,,2,,Encuesta Mensual de Remuneraciones y Costos Laborales,0
CL01:DF_IR2023_RAMA(1.0),_T,M,IR2023,IX,J,2024-M06,106.41314021948077,,,2,,Encuesta Mensual de Remuneraciones y Costos Laborales,0
CL01:DF_IR2023_RAMA(1.0),_T,M,IR2023,IX,J,2024-M07,108.84481494079407,,,2,,Encuesta Mensual de Remuneraciones y Costos Laborales,0
CL01:DF_IR2023_RAMA(1.0),_T,M,IR2023,IX,J,2024-M08,108.63399566736298,,,2,,Encuesta Mensual de Remuneraciones y Costos Laborales,0
CL01:DF_IR2023_RAMA(1.0),_T,M,IR2023,IX,J,2024-M09,109.01918645237683,,,2,,Encuesta Mensual de Remuneraciones y Costos Laborales,0
CL01:DF_IR2023_RAMA(1.0),_T,M,IR2023,IX,J,2024-M10,109.81155858929804,,,2,,Encuesta Mensual de Remuneraciones y Costos Laborales,0
CL01:DF_IR2023_RAMA(1.0),_T,M,IR2023,IX,J,2024-M11,110.39091582050361,,,2,,Encuesta Mensual de Remuneraciones y Costos Laborales,0
CL01:DF_IR2023_RAMA(1.0),_T,M,IR2023,IX,J,2024-M12,110.88709873253009,,,2,,Encuesta Mensual de Remuneraciones y Costos Laborales,0
CL01:DF_IR2023_RAMA(1.0),_T,M,IR2023,IX,J,2025-M01,112.72126785153137,,,2,,Encuesta Mensual de Remuneraciones y Costos Laborales,0
CL01:DF_IR2023_RAMA(1.0),_T,M,IR2023,IX,J,2025-M02,112.24666199048195,,,2,,Encuesta Mensual de Remuneraciones y Costos Laborales,0
CL01:DF_IR2023_RAMA(1.0),_T,M,IR2023,IX,J,2025-M03,112.7443430086036,,,2,,Encuesta Mensual de Remuneraciones y Costos Laborales,0
CL01:DF_IR2023_RAMA(1.0),_T,M,IR2023,IX,J,2025-M04,112.90103416184078,,,2,,Encuesta Mensual de Remuneraciones y Costos Laborales,0
CL01:DF_IR2023_RAMA(1.0),_T,M,IR2023,IX,J,2025-M05,113.26129186138509,,,2,,Encuesta Mensual de Remuneraciones y Costos Laborales,0
CL01:DF_IR2023_RAMA(1.0),_T,M,IR2023,IX,J,2025-M06,113.81297117734356,,,2,,Encuesta Mensual de Remuneraciones y Costos Laborales,0
CL01:DF_IR2023_RAMA(1.0),_T,M,IR2023,IX,J,2025-M07,115.00368782146127,,,2,,Encuesta Mensual de Remuneraciones y Costos Laborales,0
CL01:DF_IR2023_RAMA(1.0),_T,M,IR2023,IX,J,2025-M08,115.43975262809201,,,2,,Encuesta Mensual de Remuneraciones y Costos Laborales,0
CL01:DF_IR2023_RAMA(1.0),_T,M,IR2023,IX,J,2025-M09,115.50157725480541,,,2,,Encuesta Mensual de Remuneraciones y Costos Laborales,0
CL01:DF_IR2023_RAMA(1.0),_T,M,IR2023,IX,J,2025-M10,116.1596890660298,,,2,,Encuesta Mensual de Remuneraciones y Costos Laborales,0
CL01:DF_IR2023_RAMA(1.0),_T,M,IR2023,IX,J,2025-M11,116.40999409863063,,,2,,Encuesta Mensual de Remuneraciones y Costos Laborales,0
CL01:DF_IR2023_RAMA(1.0),_T,M,IR2023,IX,J,2025-M12,117.52989125976605,,,2,,Encuesta Mensual de Remuneraciones y Costos Laborales,0
CL01:DF_IR2023_RAMA(1.0),_T,M,IR2023,IX,J,2026-M01,119.33469279315024,,,2,,Encuesta Mensual de Remuneraciones y Costos Laborales,0
CL01:DF_IR2023_RAMA(1.0),_T,M,IR2023,IX,J,2026-M02,119.73584867797227,,,2,,Encuesta Mensual de Remuneraciones y Costos Laborales,0
CL01:DF_IR2023_RAMA(1.0),_T,M,IR2023,IX,J,2026-M03,120.76357883641579,,Valor provisional,2,,Encuesta Mensual de Remuneraciones y Costos Laborales,0
CL01:DF_IR2023_RAMA(1.0),_T,M,IR2023,IX,F,2023-M01,96.69102191365445,R,,2,,Encuesta Mensual de Remuneraciones y Costos Laborales,0
CL01:DF_IR2023_RAMA(1.0),_T,M,IR2023,IX,F,2023-M02,96.6267666406768,R,,2,,Encuesta Mensual de Remuneraciones y Costos Laborales,0
CL01:DF_IR2023_RAMA(1.0),_T,M,IR2023,IX,F,2023-M03,97.60464015107524,R,,2,,Encuesta Mensual de Remuneraciones y Costos Laborales,0
CL01:DF_IR2023_RAMA(1.0),_T,M,IR2023,IX,F,2023-M04,98.32830051090923,R,,2,,Encuesta Mensual de Remuneraciones y Costos Laborales,0
CL01:DF_IR2023_RAMA(1.0),_T,M,IR2023,IX,F,2023-M05,99.88043695574574,R,,2,,Encuesta Mensual de Remuneraciones y Costos Laborales,0
CL01:DF_IR2023_RAMA(1.0),_T,M,IR2023,IX,F,2023-M06,99.87858491238366,R,,2,,Encuesta Mensual de Remuneraciones y Costos Laborales,0
CL01:DF_IR2023_RAMA(1.0),_T,M,IR2023,IX,F,2023-M07,100.08986911206647,R,,2,,Encuesta Mensual de Remuneraciones y Costos Laborales,0
CL01:DF_IR2023_RAMA(1.0),_T,M,IR2023,IX,F,2023-M08,100.63894337433408,R,,2,,Encuesta Mensual de Remuneraciones y Costos Laborales,0
CL01:DF_IR2023_RAMA(1.0),_T,M,IR2023,IX,F,2023-M09,102.2047441021112,R,,2,,Encuesta Mensual de Remuneraciones y Costos Laborales,0
CL01:DF_IR2023_RAMA(1.0),_T,M,IR2023,IX,F,2023-M10,101.88822676699247,R,,2,,Encuesta Mensual de Remuneraciones y Costos Laborales,0
CL01:DF_IR2023_RAMA(1.0),_T,M,IR2023,IX,F,2023-M11,102.15340192218594,R,,2,,Encuesta Mensual de Remuneraciones y Costos Laborales,0
CL01:DF_IR2023_RAMA(1.0),_T,M,IR2023,IX,F,2023-M12,104.01506363786467,R,,2,,Encuesta Mensual de Remuneraciones y Costos Laborales,0
CL01:DF_IR2023_RAMA(1.0),_T,M,IR2023,IX,F,2024-M01,104.09730650583094,R,,2,,Encuesta Mensual de Remuneraciones y Costos Laborales,0
CL01:DF_IR2023_RAMA(1.0),_T,M,IR2023,IX,F,2024-M02,103.38138403745728,R,,2,,Encuesta Mensual de Remuneraciones y Costos Laborales,0
CL01:DF_IR2023_RAMA(1.0),_T,M,IR2023,IX,F,2024-M03,104.83387125811998,R,,2,,Encuesta Mensual de Remuneraciones y Costos Laborales,0
CL01:DF_IR2023_RAMA(1.0),_T,M,IR2023,IX,F,2024-M04,104.62235374019068,,,2,,Encuesta Mensual de Remuneraciones y Costos Laborales,0
CL01:DF_IR2023_RAMA(1.0),_T,M,IR2023,IX,F,2024-M05,104.96086101585041,,,2,,Encuesta Mensual de Remuneraciones y Costos Laborales,0
CL01:DF_IR2023_RAMA(1.0),_T,M,IR2023,IX,F,2024-M06,107.09708926864292,,,2,,Encuesta Mensual de Remuneraciones y Costos Laborales,0
CL01:DF_IR2023_RAMA(1.0),_T,M,IR2023,IX,F,2024-M07,109.8924051079794,,,2,,Encuesta Mensual de Remuneraciones y Costos Laborales,0
CL01:DF_IR2023_RAMA(1.0),_T,M,IR2023,IX,F,2024-M08,110.04087538659896,,,2,,Encuesta Mensual de Remuneraciones y Costos Laborales,0
CL01:DF_IR2023_RAMA(1.0),_T,M,IR2023,IX,F,2024-M09,110.89922870425234,,,2,,Encuesta Mensual de Remuneraciones y Costos Laborales,0
CL01:DF_IR2023_RAMA(1.0),_T,M,IR2023,IX,F,2024-M10,110.29986575969123,,,2,,Encuesta Mensual de Remuneraciones y Costos Laborales,0
CL01:DF_IR2023_RAMA(1.0),_T,M,IR2023,IX,F,2024-M11,110.36625531238023,,,2,,Encuesta Mensual de Remuneraciones y Costos Laborales,0
CL01:DF_IR2023_RAMA(1.0),_T,M,IR2023,IX,F,2024-M12,110.67969641767651,,,2,,Encuesta Mensual de Remuneraciones y Costos Laborales,0
CL01:DF_IR2023_RAMA(1.0),_T,M,IR2023,IX,F,2025-M01,112.01353596047734,,,2,,Encuesta Mensual de Remuneraciones y Costos Laborales,0
CL01:DF_IR2023_RAMA(1.0),_T,M,IR2023,IX,F,2025-M02,112.19941093699636,,,2,,Encuesta Mensual de Remuneraciones y Costos Laborales,0
CL01:DF_IR2023_RAMA(1.0),_T,M,IR2023,IX,F,2025-M03,113.26427967599683,,,2,,Encuesta Mensual de Remuneraciones y Costos Laborales,0
CL01:DF_IR2023_RAMA(1.0),_T,M,IR2023,IX,F,2025-M04,114.38938351412763,,,2,,Encuesta Mensual de Remuneraciones y Costos Laborales,0
CL01:DF_IR2023_RAMA(1.0),_T,M,IR2023,IX,F,2025-M05,115.71739123346686,,,2,,Encuesta Mensual de Remuneraciones y Costos Laborales,0
CL01:DF_IR2023_RAMA(1.0),_T,M,IR2023,IX,F,2025-M06,116.07892897018087,,,2,,Encuesta Mensual de Remuneraciones y Costos Laborales,0
CL01:DF_IR2023_RAMA(1.0),_T,M,IR2023,IX,F,2025-M07,116.31022343389286,,,2,,Encuesta Mensual de Remuneraciones y Costos Laborales,0
CL01:DF_IR2023_RAMA(1.0),_T,M,IR2023,IX,F,2025-M08,116.70818741101823,,,2,,Encuesta Mensual de Remuneraciones y Costos Laborales,0
CL01:DF_IR2023_RAMA(1.0),_T,M,IR2023,IX,F,2025-M09,117.71928974988022,,,2,,Encuesta Mensual de Remuneraciones y Costos Laborales,0
CL01:DF_IR2023_RAMA(1.0),_T,M,IR2023,IX,F,2025-M10,118.28344715820072,,,2,,Encuesta Mensual de Remuneraciones y Costos Laborales,0
CL01:DF_IR2023_RAMA(1.0),_T,M,IR2023,IX,F,2025-M11,118.6028938613339,,,2,,Encuesta Mensual de Remuneraciones y Costos Laborales,0
CL01:DF_IR2023_RAMA(1.0),_T,M,IR2023,IX,F,2025-M12,119.14460991327743,,,2,,Encuesta Mensual de Remuneraciones y Costos Laborales,0
CL01:DF_IR2023_RAMA(1.0),_T,M,IR2023,IX,F,2026-M01,120.08153185106484,,,2,,Encuesta Mensual de Remuneraciones y Costos Laborales,0
CL01:DF_IR2023_RAMA(1.0),_T,M,IR2023,IX,F,2026-M02,119.62379165859794,,,2,,Encuesta Mensual de Remuneraciones y Costos Laborales,0
CL01:DF_IR2023_RAMA(1.0),_T,M,IR2023,IX,F,2026-M03,120.47128849260996,,Valor provisional,2,,Encuesta Mensual de Remuneraciones y Costos Laborales,0
CL01:DF_IR2023_RAMA(1.0),_T,M,IR2023,VAR12,O,2023-M01,,R,,2,,Encuesta Mensual de Remuneraciones y Costos Laborales,0
CL01:DF_IR2023_RAMA(1.0),_T,M,IR2023,VAR12,O,2023-M02,,R,,2,,Encuesta Mensual de Remuneraciones y Costos Laborales,0
CL01:DF_IR2023_RAMA(1.0),_T,M,IR2023,VAR12,O,2023-M03,,R,,2,,Encuesta Mensual de Remuneraciones y Costos Laborales,0
CL01:DF_IR2023_RAMA(1.0),_T,M,IR2023,VAR12,O,2023-M04,,R,,2,,Encuesta Mensual de Remuneraciones y Costos Laborales,0
CL01:DF_IR2023_RAMA(1.0),_T,M,IR2023,VAR12,O,2023-M05,,R,,2,,Encuesta Mensual de Remuneraciones y Costos Laborales,0
CL01:DF_IR2023_RAMA(1.0),_T,M,IR2023,VAR12,O,2023-M06,,R,,2,,Encuesta Mensual de Remuneraciones y Costos Laborales,0
CL01:DF_IR2023_RAMA(1.0),_T,M,IR2023,VAR12,O,2023-M07,,R,,2,,Encuesta Mensual de Remuneraciones y Costos Laborales,0
CL01:DF_IR2023_RAMA(1.0),_T,M,IR2023,VAR12,O,2023-M08,,R,,2,,Encuesta Mensual de Remuneraciones y Costos Laborales,0
CL01:DF_IR2023_RAMA(1.0),_T,M,IR2023,VAR12,O,2023-M09,,R,,2,,Encuesta Mensual de Remuneraciones y Costos Laborales,0
CL01:DF_IR2023_RAMA(1.0),_T,M,IR2023,VAR12,O,2023-M10,,R,,2,,Encuesta Mensual de Remuneraciones y Costos Laborales,0
CL01:DF_IR2023_RAMA(1.0),_T,M,IR2023,VAR12,O,2023-M11,,R,,2,,Encuesta Mensual de Remuneraciones y Costos Laborales,0
CL01:DF_IR2023_RAMA(1.0),_T,M,IR2023,VAR12,O,2023-M12,,R,,2,,Encuesta Mensual de Remuneraciones y Costos Laborales,0
CL01:DF_IR2023_RAMA(1.0),_T,M,IR2023,VAR12,O,2024-M01,3.8414266616996207,R,,2,,Encuesta Mensual de Remuneraciones y Costos Laborales,0
CL01:DF_IR2023_RAMA(1.0),_T,M,IR2023,VAR12,O,2024-M02,5.04533672547316,R,,2,,Encuesta Mensual de Remuneraciones y Costos Laborales,0
CL01:DF_IR2023_RAMA(1.0),_T,M,IR2023,VAR12,O,2024-M03,4.996050547343778,R,,2,,Encuesta Mensual de Remuneraciones y Costos Laborales,0
CL01:DF_IR2023_RAMA(1.0),_T,M,IR2023,VAR12,O,2024-M04,5.250026355099169,R,,2,,Encuesta Mensual de Remuneraciones y Costos Laborales,0
CL01:DF_IR2023_RAMA(1.0),_T,M,IR2023,VAR12,O,2024-M05,5.486630025435302,R,,2,,Encuesta Mensual de Remuneraciones y Costos Laborales,0
CL01:DF_IR2023_RAMA(1.0),_T,M,IR2023,VAR12,O,2024-M06,5.195113099967963,R,,2,,Encuesta Mensual de Remuneraciones y Costos Laborales,0
CL01:DF_IR2023_RAMA(1.0),_T,M,IR2023,VAR12,O,2024-M07,5.613079306686819,R,,2,,Encuesta Mensual de Remuneraciones y Costos Laborales,0
CL01:DF_IR2023_RAMA(1.0),_T,M,IR2023,VAR12,O,2024-M08,6.043382281423115,R,,2,,Encuesta Mensual de Remuneraciones y Costos Laborales,0
CL01:DF_IR2023_RAMA(1.0),_T,M,IR2023,VAR12,O,2024-M09,5.0994176741366415,R,,2,,Encuesta Mensual de Remuneraciones y Costos Laborales,0
CL01:DF_IR2023_RAMA(1.0),_T,M,IR2023,VAR12,O,2024-M10,5.205803704578127,R,,2,,Encuesta Mensual de Remuneraciones y Costos Laborales,0
CL01:DF_IR2023_RAMA(1.0),_T,M,IR2023,VAR12,O,2024-M11,5.714140432597925,R,,2,,Encuesta Mensual de Remuneraciones y Costos Laborales,0
CL01:DF_IR2023_RAMA(1.0),_T,M,IR2023,VAR12,O,2024-M12,3.5144251401448834,R,,2,,Encuesta Mensual de Remuneraciones y Costos Laborales,0
CL01:DF_IR2023_RAMA(1.0),_T,M,IR2023,VAR12,O,2025-M01,5.4276158536670005,R,,2,,Encuesta Mensual de Remuneraciones y Costos Laborales,0
CL01:DF_IR2023_RAMA(1.0),_T,M,IR2023,VAR12,O,2025-M02,5.372417317224554,R,,2,,Encuesta Mensual de Remuneraciones y Costos Laborales,0
CL01:DF_IR2023_RAMA(1.0),_T,M,IR2023,VAR12,O,2025-M03,5.324220830554283,R,,2,,Encuesta Mensual de Remuneraciones y Costos Laborales,0
CL01:DF_IR2023_RAMA(1.0),_T,M,IR2023,VAR12,O,2025-M04,4.432391942680902,,,2,,Encuesta Mensual de Remuneraciones y Costos Laborales,0
CL01:DF_IR2023_RAMA(1.0),_T,M,IR2023,VAR12,O,2025-M05,4.644815572236061,,,2,,Encuesta Mensual de Remuneraciones y Costos Laborales,0
CL01:DF_IR2023_RAMA(1.0),_T,M,IR2023,VAR12,O,2025-M06,4.959968250496383,,,2,,Encuesta Mensual de Remuneraciones y Costos Laborales,0
CL01:DF_IR2023_RAMA(1.0),_T,M,IR2023,VAR12,O,2025-M07,5.161478874358405,,,2,,Encuesta Mensual de Remuneraciones y Costos Laborales,0
CL01:DF_IR2023_RAMA(1.0),_T,M,IR2023,VAR12,O,2025-M08,4.759939699073956,,,2,,Encuesta Mensual de Remuneraciones y Costos Laborales,0
CL01:DF_IR2023_RAMA(1.0),_T,M,IR2023,VAR12,O,2025-M09,4.592000130110607,,,2,,Encuesta Mensual de Remuneraciones y Costos Laborales,0
CL01:DF_IR2023_RAMA(1.0),_T,M,IR2023,VAR12,O,2025-M10,5.028726517023707,,,2,,Encuesta Mensual de Remuneraciones y Costos Laborales,0
CL01:DF_IR2023_RAMA(1.0),_T,M,IR2023,VAR12,O,2025-M11,5.343116685242366,,,2,,Encuesta Mensual de Remuneraciones y Costos Laborales,0
CL01:DF_IR2023_RAMA(1.0),_T,M,IR2023,VAR12,O,2025-M12,5.00637247548017,,,2,,Encuesta Mensual de Remuneraciones y Costos Laborales,0
CL01:DF_IR2023_RAMA(1.0),_T,M,IR2023,VAR12,O,2026-M01,1.5159547170370713,,,2,,Encuesta Mensual de Remuneraciones y Costos Laborales,0
CL01:DF_IR2023_RAMA(1.0),_T,M,IR2023,VAR12,O,2026-M02,3.5892489829876473,,,2,,Encuesta Mensual de Remuneraciones y Costos Laborales,0
CL01:DF_IR2023_RAMA(1.0),_T,M,IR2023,VAR12,O,2026-M03,3.102030672886058,,Valor provisional,2,,Encuesta Mensual de Remuneraciones y Costos Laborales,0
CL01:DF_IR2023_RAMA(1.0),_T,M,IR2023,IX,I,2023-M01,94.76903371040203,R,,2,,Encuesta Mensual de Remuneraciones y Costos Laborales,0
CL01:DF_IR2023_RAMA(1.0),_T,M,IR2023,IX,I,2023-M02,95.62182313748733,R,,2,,Encuesta Mensual de Remuneraciones y Costos Laborales,0
CL01:DF_IR2023_RAMA(1.0),_T,M,IR2023,IX,I,2023-M03,96.49042741550917,R,,2,,Encuesta Mensual de Remuneraciones y Costos Laborales,0
CL01:DF_IR2023_RAMA(1.0),_T,M,IR2023,IX,I,2023-M04,97.25943806963676,R,,2,,Encuesta Mensual de Remuneraciones y Costos Laborales,0
CL01:DF_IR2023_RAMA(1.0),_T,M,IR2023,IX,I,2023-M05,98.19188662131575,R,,2,,Encuesta Mensual de Remuneraciones y Costos Laborales,0
CL01:DF_IR2023_RAMA(1.0),_T,M,IR2023,IX,I,2023-M06,99.29534271745075,R,,2,,Encuesta Mensual de Remuneraciones y Costos Laborales,0
CL01:DF_IR2023_RAMA(1.0),_T,M,IR2023,IX,I,2023-M07,99.40157928456664,R,,2,,Encuesta Mensual de Remuneraciones y Costos Laborales,0
CL01:DF_IR2023_RAMA(1.0),_T,M,IR2023,IX,I,2023-M08,100.62419325341841,R,,2,,Encuesta Mensual de Remuneraciones y Costos Laborales,0
CL01:DF_IR2023_RAMA(1.0),_T,M,IR2023,IX,I,2023-M09,103.92749113725907,R,,2,,Encuesta Mensual de Remuneraciones y Costos Laborales,0
CL01:DF_IR2023_RAMA(1.0),_T,M,IR2023,IX,I,2023-M10,104.54023592912422,R,,2,,Encuesta Mensual de Remuneraciones y Costos Laborales,0
CL01:DF_IR2023_RAMA(1.0),_T,M,IR2023,IX,I,2023-M11,103.88046218683189,R,,2,,Encuesta Mensual de Remuneraciones y Costos Laborales,0
CL01:DF_IR2023_RAMA(1.0),_T,M,IR2023,IX,I,2023-M12,105.99808653699806,R,,2,,Encuesta Mensual de Remuneraciones y Costos Laborales,0
CL01:DF_IR2023_RAMA(1.0),_T,M,IR2023,IX,I,2024-M01,105.3975773500969,R,,2,,Encuesta Mensual de Remuneraciones y Costos Laborales,0
CL01:DF_IR2023_RAMA(1.0),_T,M,IR2023,IX,I,2024-M02,105.53759426935034,R,,2,,Encuesta Mensual de Remuneraciones y Costos Laborales,0
CL01:DF_IR2023_RAMA(1.0),_T,M,IR2023,IX,I,2024-M03,106.35644586045966,R,,2,,Encuesta Mensual de Remuneraciones y Costos Laborales,0
CL01:DF_IR2023_RAMA(1.0),_T,M,IR2023,IX,I,2024-M04,106.39523743374056,,,2,,Encuesta Mensual de Remuneraciones y Costos Laborales,0
CL01:DF_IR2023_RAMA(1.0),_T,M,IR2023,IX,I,2024-M05,107.29187857567675,,,2,,Encuesta Mensual de Remuneraciones y Costos Laborales,0
CL01:DF_IR2023_RAMA(1.0),_T,M,IR2023,IX,I,2024-M06,109.1313571937551,,,2,,Encuesta Mensual de Remuneraciones y Costos Laborales,0
CL01:DF_IR2023_RAMA(1.0),_T,M,IR2023,IX,I,2024-M07,114.7208278140752,,,2,,Encuesta Mensual de Remuneraciones y Costos Laborales,0
CL01:DF_IR2023_RAMA(1.0),_T,M,IR2023,IX,I,2024-M08,114.74198930142377,,,2,,Encuesta Mensual de Remuneraciones y Costos Laborales,0
CL01:DF_IR2023_RAMA(1.0),_T,M,IR2023,IX,I,2024-M09,115.57245275916567,,,2,,Encuesta Mensual de Remuneraciones y Costos Laborales,0
CL01:DF_IR2023_RAMA(1.0),_T,M,IR2023,IX,I,2024-M10,116.08348948471404,,,2,,Encuesta Mensual de Remuneraciones y Costos Laborales,0
CL01:DF_IR2023_RAMA(1.0),_T,M,IR2023,IX,I,2024-M11,117.04220739569304,,,2,,Encuesta Mensual de Remuneraciones y Costos Laborales,0
CL01:DF_IR2023_RAMA(1.0),_T,M,IR2023,IX,I,2024-M12,116.67762319251733,,,2,,Encuesta Mensual de Remuneraciones y Costos Laborales,0
CL01:DF_IR2023_RAMA(1.0),_T,M,IR2023,IX,I,2025-M01,118.29997262216953,,,2,,Encuesta Mensual de Remuneraciones y Costos Laborales,0
CL01:DF_IR2023_RAMA(1.0),_T,M,IR2023,IX,I,2025-M02,118.66461053211088,,,2,,Encuesta Mensual de Remuneraciones y Costos Laborales,0
CL01:DF_IR2023_RAMA(1.0),_T,M,IR2023,IX,I,2025-M03,119.1883976065056,,,2,,Encuesta Mensual de Remuneraciones y Costos Laborales,0
CL01:DF_IR2023_RAMA(1.0),_T,M,IR2023,IX,I,2025-M04,120.1430065289903,,,2,,Encuesta Mensual de Remuneraciones y Costos Laborales,0
CL01:DF_IR2023_RAMA(1.0),_T,M,IR2023,IX,I,2025-M05,119.78844324619105,,,2,,Encuesta Mensual de Remuneraciones y Costos Laborales,0
CL01:DF_IR2023_RAMA(1.0),_T,M,IR2023,IX,I,2025-M06,120.97667034971515,,,2,,Encuesta Mensual de Remuneraciones y Costos Laborales,0
CL01:DF_IR2023_RAMA(1.0),_T,M,IR2023,IX,I,2025-M07,121.92278303374675,,,2,,Encuesta Mensual de Remuneraciones y Costos Laborales,0
CL01:DF_IR2023_RAMA(1.0),_T,M,IR2023,IX,I,2025-M08,122.4930656309482,,,2,,Encuesta Mensual de Remuneraciones y Costos Laborales,0
CL01:DF_IR2023_RAMA(1.0),_T,M,IR2023,IX,I,2025-M09,122.60741454597124,,,2,,Encuesta Mensual de Remuneraciones y Costos Laborales,0
CL01:DF_IR2023_RAMA(1.0),_T,M,IR2023,IX,I,2025-M10,123.33113071412352,,,2,,Encuesta Mensual de Remuneraciones y Costos Laborales,0
CL01:DF_IR2023_RAMA(1.0),_T,M,IR2023,IX,I,2025-M11,124.42581919894353,,,2,,Encuesta Mensual de Remuneraciones y Costos Laborales,0
CL01:DF_IR2023_RAMA(1.0),_T,M,IR2023,IX,I,2025-M12,124.76697708894532,,,2,,Encuesta Mensual de Remuneraciones y Costos Laborales,0
CL01:DF_IR2023_RAMA(1.0),_T,M,IR2023,IX,I,2026-M01,126.63260162278492,,,2,,Encuesta Mensual de Remuneraciones y Costos Laborales,0
CL01:DF_IR2023_RAMA(1.0),_T,M,IR2023,IX,I,2026-M02,126.89121837173916,,,2,,Encuesta Mensual de Remuneraciones y Costos Laborales,0
CL01:DF_IR2023_RAMA(1.0),_T,M,IR2023,IX,I,2026-M03,127.25964226236685,,Valor provisional,2,,Encuesta Mensual de Remuneraciones y Costos Laborales,0
CL01:DF_IR2023_RAMA(1.0),_T,M,IR2023,VAR12,E,2023-M01,,R,,2,,Encuesta Mensual de Remuneraciones y Costos Laborales,0
CL01:DF_IR2023_RAMA(1.0),_T,M,IR2023,VAR12,E,2023-M02,,R,,2,,Encuesta Mensual de Remuneraciones y Costos Laborales,0
CL01:DF_IR2023_RAMA(1.0),_T,M,IR2023,VAR12,E,2023-M03,,R,,2,,Encuesta Mensual de Remuneraciones y Costos Laborales,0
CL01:DF_IR2023_RAMA(1.0),_T,M,IR2023,VAR12,E,2023-M04,,R,,2,,Encuesta Mensual de Remuneraciones y Costos Laborales,0
CL01:DF_IR2023_RAMA(1.0),_T,M,IR2023,VAR12,E,2023-M05,,R,,2,,Encuesta Mensual de Remuneraciones y Costos Laborales,0
CL01:DF_IR2023_RAMA(1.0),_T,M,IR2023,VAR12,E,2023-M06,,R,,2,,Encuesta Mensual de Remuneraciones y Costos Laborales,0
CL01:DF_IR2023_RAMA(1.0),_T,M,IR2023,VAR12,E,2023-M07,,R,,2,,Encuesta Mensual de Remuneraciones y Costos Laborales,0
CL01:DF_IR2023_RAMA(1.0),_T,M,IR2023,VAR12,E,2023-M08,,R,,2,,Encuesta Mensual de Remuneraciones y Costos Laborales,0
CL01:DF_IR2023_RAMA(1.0),_T,M,IR2023,VAR12,E,2023-M09,,R,,2,,Encuesta Mensual de Remuneraciones y Costos Laborales,0
CL01:DF_IR2023_RAMA(1.0),_T,M,IR2023,VAR12,E,2023-M10,,R,,2,,Encuesta Mensual de Remuneraciones y Costos Laborales,0
CL01:DF_IR2023_RAMA(1.0),_T,M,IR2023,VAR12,E,2023-M11,,R,,2,,Encuesta Mensual de Remuneraciones y Costos Laborales,0
CL01:DF_IR2023_RAMA(1.0),_T,M,IR2023,VAR12,E,2023-M12,,R,,2,,Encuesta Mensual de Remuneraciones y Costos Laborales,0
CL01:DF_IR2023_RAMA(1.0),_T,M,IR2023,VAR12,E,2024-M01,8.20321324689488,R,,2,,Encuesta Mensual de Remuneraciones y Costos Laborales,0
CL01:DF_IR2023_RAMA(1.0),_T,M,IR2023,VAR12,E,2024-M02,7.6783710166704155,R,,2,,Encuesta Mensual de Remuneraciones y Costos Laborales,0
CL01:DF_IR2023_RAMA(1.0),_T,M,IR2023,VAR12,E,2024-M03,9.104702743160843,R,,2,,Encuesta Mensual de Remuneraciones y Costos Laborales,0
CL01:DF_IR2023_RAMA(1.0),_T,M,IR2023,VAR12,E,2024-M04,8.665830377042983,R,,2,,Encuesta Mensual de Remuneraciones y Costos Laborales,0
CL01:DF_IR2023_RAMA(1.0),_T,M,IR2023,VAR12,E,2024-M05,8.753616902703488,R,,2,,Encuesta Mensual de Remuneraciones y Costos Laborales,0
CL01:DF_IR2023_RAMA(1.0),_T,M,IR2023,VAR12,E,2024-M06,9.415715935980717,R,,2,,Encuesta Mensual de Remuneraciones y Costos Laborales,0
CL01:DF_IR2023_RAMA(1.0),_T,M,IR2023,VAR12,E,2024-M07,11.951910598633585,R,,2,,Encuesta Mensual de Remuneraciones y Costos Laborales,0
CL01:DF_IR2023_RAMA(1.0),_T,M,IR2023,VAR12,E,2024-M08,11.718334219407534,R,,2,,Encuesta Mensual de Remuneraciones y Costos Laborales,0
CL01:DF_IR2023_RAMA(1.0),_T,M,IR2023,VAR12,E,2024-M09,10.436321019803119,R,,2,,Encuesta Mensual de Remuneraciones y Costos Laborales,0
CL01:DF_IR2023_RAMA(1.0),_T,M,IR2023,VAR12,E,2024-M10,9.866269716025155,R,,2,,Encuesta Mensual de Remuneraciones y Costos Laborales,0
CL01:DF_IR2023_RAMA(1.0),_T,M,IR2023,VAR12,E,2024-M11,8.964026655361646,R,,2,,Encuesta Mensual de Remuneraciones y Costos Laborales,0
CL01:DF_IR2023_RAMA(1.0),_T,M,IR2023,VAR12,E,2024-M12,8.87911684165228,R,,2,,Encuesta Mensual de Remuneraciones y Costos Laborales,0
CL01:DF_IR2023_RAMA(1.0),_T,M,IR2023,VAR12,E,2025-M01,10.163754731326913,R,,2,,Encuesta Mensual de Remuneraciones y Costos Laborales,0
CL01:DF_IR2023_RAMA(1.0),_T,M,IR2023,VAR12,E,2025-M02,11.25038841409507,R,,2,,Encuesta Mensual de Remuneraciones y Costos Laborales,0
CL01:DF_IR2023_RAMA(1.0),_T,M,IR2023,VAR12,E,2025-M03,10.100139753314652,R,,2,,Encuesta Mensual de Remuneraciones y Costos Laborales,0
CL01:DF_IR2023_RAMA(1.0),_T,M,IR2023,VAR12,E,2025-M04,10.06633893954163,,,2,,Encuesta Mensual de Remuneraciones y Costos Laborales,0
CL01:DF_IR2023_RAMA(1.0),_T,M,IR2023,VAR12,E,2025-M05,9.45597025698184,,,2,,Encuesta Mensual de Remuneraciones y Costos Laborales,0
CL01:DF_IR2023_RAMA(1.0),_T,M,IR2023,VAR12,E,2025-M06,9.441694694520386,,,2,,Encuesta Mensual de Remuneraciones y Costos Laborales,0
CL01:DF_IR2023_RAMA(1.0),_T,M,IR2023,VAR12,E,2025-M07,6.96793249431007,,,2,,Encuesta Mensual de Remuneraciones y Costos Laborales,0
CL01:DF_IR2023_RAMA(1.0),_T,M,IR2023,VAR12,E,2025-M08,7.404287984461355,,,2,,Encuesta Mensual de Remuneraciones y Costos Laborales,0
CL01:DF_IR2023_RAMA(1.0),_T,M,IR2023,VAR12,E,2025-M09,7.76815615786921,,,2,,Encuesta Mensual de Remuneraciones y Costos Laborales,0
CL01:DF_IR2023_RAMA(1.0),_T,M,IR2023,VAR12,E,2025-M10,7.452637547473584,,,2,,Encuesta Mensual de Remuneraciones y Costos Laborales,0
CL01:DF_IR2023_RAMA(1.0),_T,M,IR2023,VAR12,E,2025-M11,7.839521409568628,,,2,,Encuesta Mensual de Remuneraciones y Costos Laborales,0
CL01:DF_IR2023_RAMA(1.0),_T,M,IR2023,VAR12,E,2025-M12,7.448255462778786,,,2,,Encuesta Mensual de Remuneraciones y Costos Laborales,0
CL01:DF_IR2023_RAMA(1.0),_T,M,IR2023,VAR12,E,2026-M01,7.528361939775041,,,2,,Encuesta Mensual de Remuneraciones y Costos Laborales,0
CL01:DF_IR2023_RAMA(1.0),_T,M,IR2023,VAR12,E,2026-M02,6.621127949936789,,,2,,Encuesta Mensual de Remuneraciones y Costos Laborales,0
CL01:DF_IR2023_RAMA(1.0),_T,M,IR2023,VAR12,E,2026-M03,7.400083523120915,,Valor provisional,2,,Encuesta Mensual de Remuneraciones y Costos Laborales,0
CL01:DF_IR2023_RAMA(1.0),_T,M,IR2023,IX,D,2023-M01,97.44897041171834,R,,2,,Encuesta Mensual de Remuneraciones y Costos Laborales,0
CL01:DF_IR2023_RAMA(1.0),_T,M,IR2023,IX,D,2023-M02,97.46741904330459,R,,2,,Encuesta Mensual de Remuneraciones y Costos Laborales,0
CL01:DF_IR2023_RAMA(1.0),_T,M,IR2023,IX,D,2023-M03,99.1343280055498,R,,2,,Encuesta Mensual de Remuneraciones y Costos Laborales,0
CL01:DF_IR2023_RAMA(1.0),_T,M,IR2023,IX,D,2023-M04,99.80417038808099,R,,2,,Encuesta Mensual de Remuneraciones y Costos Laborales,0
CL01:DF_IR2023_RAMA(1.0),_T,M,IR2023,IX,D,2023-M05,99.42472997533339,R,,2,,Encuesta Mensual de Remuneraciones y Costos Laborales,0
CL01:DF_IR2023_RAMA(1.0),_T,M,IR2023,IX,D,2023-M06,99.74291566448069,R,,2,,Encuesta Mensual de Remuneraciones y Costos Laborales,0
CL01:DF_IR2023_RAMA(1.0),_T,M,IR2023,IX,D,2023-M07,100.90285023521376,R,,2,,Encuesta Mensual de Remuneraciones y Costos Laborales,0
CL01:DF_IR2023_RAMA(1.0),_T,M,IR2023,IX,D,2023-M08,100.78398038639043,R,,2,,Encuesta Mensual de Remuneraciones y Costos Laborales,0
CL01:DF_IR2023_RAMA(1.0),_T,M,IR2023,IX,D,2023-M09,101.65097257441066,R,,2,,Encuesta Mensual de Remuneraciones y Costos Laborales,0
CL01:DF_IR2023_RAMA(1.0),_T,M,IR2023,IX,D,2023-M10,101.34173151864995,R,,2,,Encuesta Mensual de Remuneraciones y Costos Laborales,0
CL01:DF_IR2023_RAMA(1.0),_T,M,IR2023,IX,D,2023-M11,101.09877171303526,R,,2,,Encuesta Mensual de Remuneraciones y Costos Laborales,0
CL01:DF_IR2023_RAMA(1.0),_T,M,IR2023,IX,D,2023-M12,101.19916008383211,R,,2,,Encuesta Mensual de Remuneraciones y Costos Laborales,0
CL01:DF_IR2023_RAMA(1.0),_T,M,IR2023,IX,D,2024-M01,104.47440826794912,R,,2,,Encuesta Mensual de Remuneraciones y Costos Laborales,0
CL01:DF_IR2023_RAMA(1.0),_T,M,IR2023,IX,D,2024-M02,104.1577269454438,R,,2,,Encuesta Mensual de Remuneraciones y Costos Laborales,0
CL01:DF_IR2023_RAMA(1.0),_T,M,IR2023,IX,D,2024-M03,106.40703361819875,R,,2,,Encuesta Mensual de Remuneraciones y Costos Laborales,0
CL01:DF_IR2023_RAMA(1.0),_T,M,IR2023,IX,D,2024-M04,106.97218697956701,,,2,,Encuesta Mensual de Remuneraciones y Costos Laborales,0
CL01:DF_IR2023_RAMA(1.0),_T,M,IR2023,IX,D,2024-M05,106.7921067043025,,,2,,Encuesta Mensual de Remuneraciones y Costos Laborales,0
CL01:DF_IR2023_RAMA(1.0),_T,M,IR2023,IX,D,2024-M06,106.80855940448345,,,2,,Encuesta Mensual de Remuneraciones y Costos Laborales,0
CL01:DF_IR2023_RAMA(1.0),_T,M,IR2023,IX,D,2024-M07,109.3113640271615,,,2,,Encuesta Mensual de Remuneraciones y Costos Laborales,0
CL01:DF_IR2023_RAMA(1.0),_T,M,IR2023,IX,D,2024-M08,109.43244564862762,,,2,,Encuesta Mensual de Remuneraciones y Costos Laborales,0
CL01:DF_IR2023_RAMA(1.0),_T,M,IR2023,IX,D,2024-M09,109.17214364332435,,,2,,Encuesta Mensual de Remuneraciones y Costos Laborales,0
CL01:DF_IR2023_RAMA(1.0),_T,M,IR2023,IX,D,2024-M10,108.63064669884241,,,2,,Encuesta Mensual de Remuneraciones y Costos Laborales,0
CL01:DF_IR2023_RAMA(1.0),_T,M,IR2023,IX,D,2024-M11,108.67379596729484,,,2,,Encuesta Mensual de Remuneraciones y Costos Laborales,0
CL01:DF_IR2023_RAMA(1.0),_T,M,IR2023,IX,D,2024-M12,109.91892656993542,,,2,,Encuesta Mensual de Remuneraciones y Costos Laborales,0
CL01:DF_IR2023_RAMA(1.0),_T,M,IR2023,IX,D,2025-M01,112.42521459576247,,,2,,Encuesta Mensual de Remuneraciones y Costos Laborales,0
CL01:DF_IR2023_RAMA(1.0),_T,M,IR2023,IX,D,2025-M02,113.26770015658502,,,2,,Encuesta Mensual de Remuneraciones y Costos Laborales,0
CL01:DF_IR2023_RAMA(1.0),_T,M,IR2023,IX,D,2025-M03,114.26692741245014,,,2,,Encuesta Mensual de Remuneraciones y Costos Laborales,0
CL01:DF_IR2023_RAMA(1.0),_T,M,IR2023,IX,D,2025-M04,115.87981094588228,,,2,,Encuesta Mensual de Remuneraciones y Costos Laborales,0
CL01:DF_IR2023_RAMA(1.0),_T,M,IR2023,IX,D,2025-M05,114.66297420543809,,,2,,Encuesta Mensual de Remuneraciones y Costos Laborales,0
CL01:DF_IR2023_RAMA(1.0),_T,M,IR2023,IX,D,2025-M06,114.6578092945679,,,2,,Encuesta Mensual de Remuneraciones y Costos Laborales,0
CL01:DF_IR2023_RAMA(1.0),_T,M,IR2023,IX,D,2025-M07,116.54090172542153,,,2,,Encuesta Mensual de Remuneraciones y Costos Laborales,0
CL01:DF_IR2023_RAMA(1.0),_T,M,IR2023,IX,D,2025-M08,115.78325866568221,,,2,,Encuesta Mensual de Remuneraciones y Costos Laborales,0
CL01:DF_IR2023_RAMA(1.0),_T,M,IR2023,IX,D,2025-M09,116.45155149785256,,,2,,Encuesta Mensual de Remuneraciones y Costos Laborales,0
CL01:DF_IR2023_RAMA(1.0),_T,M,IR2023,IX,D,2025-M10,116.22731912155656,,,2,,Encuesta Mensual de Remuneraciones y Costos Laborales,0
CL01:DF_IR2023_RAMA(1.0),_T,M,IR2023,IX,D,2025-M11,116.22878108791537,,,2,,Encuesta Mensual de Remuneraciones y Costos Laborales,0
CL01:DF_IR2023_RAMA(1.0),_T,M,IR2023,IX,D,2025-M12,116.42972365228259,,,2,,Encuesta Mensual de Remuneraciones y Costos Laborales,0
CL01:DF_IR2023_RAMA(1.0),_T,M,IR2023,IX,D,2026-M01,118.19648125320344,,,2,,Encuesta Mensual de Remuneraciones y Costos Laborales,0
CL01:DF_IR2023_RAMA(1.0),_T,M,IR2023,IX,D,2026-M02,117.67861350837836,,,2,,Encuesta Mensual de Remuneraciones y Costos Laborales,0
CL01:DF_IR2023_RAMA(1.0),_T,M,IR2023,IX,D,2026-M03,118.13679175948724,,Valor provisional,2,,Encuesta Mensual de Remuneraciones y Costos Laborales,0
CL01:DF_IR2023_RAMA(1.0),_T,M,IR2023,VAR12,B,2023-M01,,R,,2,,Encuesta Mensual de Remuneraciones y Costos Laborales,0
CL01:DF_IR2023_RAMA(1.0),_T,M,IR2023,VAR12,B,2023-M02,,R,,2,,Encuesta Mensual de Remuneraciones y Costos Laborales,0
CL01:DF_IR2023_RAMA(1.0),_T,M,IR2023,VAR12,B,2023-M03,,R,,2,,Encuesta Mensual de Remuneraciones y Costos Laborales,0
CL01:DF_IR2023_RAMA(1.0),_T,M,IR2023,VAR12,B,2023-M04,,R,,2,,Encuesta Mensual de Remuneraciones y Costos Laborales,0
CL01:DF_IR2023_RAMA(1.0),_T,M,IR2023,VAR12,B,2023-M05,,R,,2,,Encuesta Mensual de Remuneraciones y Costos Laborales,0
CL01:DF_IR2023_RAMA(1.0),_T,M,IR2023,VAR12,B,2023-M06,,R,,2,,Encuesta Mensual de Remuneraciones y Costos Laborales,0
CL01:DF_IR2023_RAMA(1.0),_T,M,IR2023,VAR12,B,2023-M07,,R,,2,,Encuesta Mensual de Remuneraciones y Costos Laborales,0
CL01:DF_IR2023_RAMA(1.0),_T,M,IR2023,VAR12,B,2023-M08,,R,,2,,Encuesta Mensual de Remuneraciones y Costos Laborales,0
CL01:DF_IR2023_RAMA(1.0),_T,M,IR2023,VAR12,B,2023-M09,,R,,2,,Encuesta Mensual de Remuneraciones y Costos Laborales,0
CL01:DF_IR2023_RAMA(1.0),_T,M,IR2023,VAR12,B,2023-M10,,R,,2,,Encuesta Mensual de Remuneraciones y Costos Laborales,0
CL01:DF_IR2023_RAMA(1.0),_T,M,IR2023,VAR12,B,2023-M11,,R,,2,,Encuesta Mensual de Remuneraciones y Costos Laborales,0
CL01:DF_IR2023_RAMA(1.0),_T,M,IR2023,VAR12,B,2023-M12,,R,,2,,Encuesta Mensual de Remuneraciones y Costos Laborales,0
CL01:DF_IR2023_RAMA(1.0),_T,M,IR2023,VAR12,B,2024-M01,6.993444186518705,R,,2,,Encuesta Mensual de Remuneraciones y Costos Laborales,0
CL01:DF_IR2023_RAMA(1.0),_T,M,IR2023,VAR12,B,2024-M02,5.87630501210048,R,,2,,Encuesta Mensual de Remuneraciones y Costos Laborales,0
CL01:DF_IR2023_RAMA(1.0),_T,M,IR2023,VAR12,B,2024-M03,7.57830165726554,R,,2,,Encuesta Mensual de Remuneraciones y Costos Laborales,0
CL01:DF_IR2023_RAMA(1.0),_T,M,IR2023,VAR12,B,2024-M04,8.319165863257316,R,,2,,Encuesta Mensual de Remuneraciones y Costos Laborales,0
CL01:DF_IR2023_RAMA(1.0),_T,M,IR2023,VAR12,B,2024-M05,9.324012255254033,R,,2,,Encuesta Mensual de Remuneraciones y Costos Laborales,0
CL01:DF_IR2023_RAMA(1.0),_T,M,IR2023,VAR12,B,2024-M06,8.769377696741643,R,,2,,Encuesta Mensual de Remuneraciones y Costos Laborales,0
CL01:DF_IR2023_RAMA(1.0),_T,M,IR2023,VAR12,B,2024-M07,7.171600248283916,R,,2,,Encuesta Mensual de Remuneraciones y Costos Laborales,0
CL01:DF_IR2023_RAMA(1.0),_T,M,IR2023,VAR12,B,2024-M08,7.961505616748821,R,,2,,Encuesta Mensual de Remuneraciones y Costos Laborales,0
CL01:DF_IR2023_RAMA(1.0),_T,M,IR2023,VAR12,B,2024-M09,9.621184506841619,R,,2,,Encuesta Mensual de Remuneraciones y Costos Laborales,0
CL01:DF_IR2023_RAMA(1.0),_T,M,IR2023,VAR12,B,2024-M10,9.151296117064689,R,,2,,Encuesta Mensual de Remuneraciones y Costos Laborales,0
CL01:DF_IR2023_RAMA(1.0),_T,M,IR2023,VAR12,B,2024-M11,8.655520610502077,R,,2,,Encuesta Mensual de Remuneraciones y Costos Laborales,0
CL01:DF_IR2023_RAMA(1.0),_T,M,IR2023,VAR12,B,2024-M12,7.435920744615343,R,,2,,Encuesta Mensual de Remuneraciones y Costos Laborales,0
CL01:DF_IR2023_RAMA(1.0),_T,M,IR2023,VAR12,B,2025-M01,6.892815939600827,R,,2,,Encuesta Mensual de Remuneraciones y Costos Laborales,0
CL01:DF_IR2023_RAMA(1.0),_T,M,IR2023,VAR12,B,2025-M02,6.4965746339846975,R,,2,,Encuesta Mensual de Remuneraciones y Costos Laborales,0
CL01:DF_IR2023_RAMA(1.0),_T,M,IR2023,VAR12,B,2025-M03,5.243872050307297,R,,2,,Encuesta Mensual de Remuneraciones y Costos Laborales,0
CL01:DF_IR2023_RAMA(1.0),_T,M,IR2023,VAR12,B,2025-M04,6.650440170065375,,,2,,Encuesta Mensual de Remuneraciones y Costos Laborales,0
CL01:DF_IR2023_RAMA(1.0),_T,M,IR2023,VAR12,B,2025-M05,6.3251221413169745,,,2,,Encuesta Mensual de Remuneraciones y Costos Laborales,0
CL01:DF_IR2023_RAMA(1.0),_T,M,IR2023,VAR12,B,2025-M06,6.23250675986684,,,2,,Encuesta Mensual de Remuneraciones y Costos Laborales,0
CL01:DF_IR2023_RAMA(1.0),_T,M,IR2023,VAR12,B,2025-M07,7.263171843655969,,,2,,Encuesta Mensual de Remuneraciones y Costos Laborales,0
CL01:DF_IR2023_RAMA(1.0),_T,M,IR2023,VAR12,B,2025-M08,7.744933833853018,,,2,,Encuesta Mensual de Remuneraciones y Costos Laborales,0
CL01:DF_IR2023_RAMA(1.0),_T,M,IR2023,VAR12,B,2025-M09,6.08012298689844,,,2,,Encuesta Mensual de Remuneraciones y Costos Laborales,0
CL01:DF_IR2023_RAMA(1.0),_T,M,IR2023,VAR12,B,2025-M10,4.909895503343575,,,2,,Encuesta Mensual de Remuneraciones y Costos Laborales,0
CL01:DF_IR2023_RAMA(1.0),_T,M,IR2023,VAR12,B,2025-M11,6.446968965647981,,,2,,Encuesta Mensual de Remuneraciones y Costos Laborales,0
CL01:DF_IR2023_RAMA(1.0),_T,M,IR2023,VAR12,B,2025-M12,7.895502380785224,,,2,,Encuesta Mensual de Remuneraciones y Costos Laborales,0
CL01:DF_IR2023_RAMA(1.0),_T,M,IR2023,VAR12,B,2026-M01,6.570886834513745,,,2,,Encuesta Mensual de Remuneraciones y Costos Laborales,0
CL01:DF_IR2023_RAMA(1.0),_T,M,IR2023,VAR12,B,2026-M02,6.797770945724979,,,2,,Encuesta Mensual de Remuneraciones y Costos Laborales,0
CL01:DF_IR2023_RAMA(1.0),_T,M,IR2023,VAR12,B,2026-M03,6.95981597532267,,Valor provisional,2,,Encuesta Mensual de Remuneraciones y Costos Laborales,0
CL01:DF_IR2023_RAMA(1.0),_T,M,IR2023,IX,C,2023-M01,97.41405580997852,R,,2,,Encuesta Mensual de Remuneraciones y Costos Laborales,0
CL01:DF_IR2023_RAMA(1.0),_T,M,IR2023,IX,C,2023-M02,97.23262744508202,R,,2,,Encuesta Mensual de Remuneraciones y Costos Laborales,0
CL01:DF_IR2023_RAMA(1.0),_T,M,IR2023,IX,C,2023-M03,97.30269875914706,R,,2,,Encuesta Mensual de Remuneraciones y Costos Laborales,0
CL01:DF_IR2023_RAMA(1.0),_T,M,IR2023,IX,C,2023-M04,97.54740460778169,R,,2,,Encuesta Mensual de Remuneraciones y Costos Laborales,0
CL01:DF_IR2023_RAMA(1.0),_T,M,IR2023,IX,C,2023-M05,99.13683180389296,R,,2,,Encuesta Mensual de Remuneraciones y Costos Laborales,0
CL01:DF_IR2023_RAMA(1.0),_T,M,IR2023,IX,C,2023-M06,100.3451240301833,R,,2,,Encuesta Mensual de Remuneraciones y Costos Laborales,0
CL01:DF_IR2023_RAMA(1.0),_T,M,IR2023,IX,C,2023-M07,100.3404778924462,R,,2,,Encuesta Mensual de Remuneraciones y Costos Laborales,0
CL01:DF_IR2023_RAMA(1.0),_T,M,IR2023,IX,C,2023-M08,100.72704473837658,R,,2,,Encuesta Mensual de Remuneraciones y Costos Laborales,0
CL01:DF_IR2023_RAMA(1.0),_T,M,IR2023,IX,C,2023-M09,101.76632438338562,R,,2,,Encuesta Mensual de Remuneraciones y Costos Laborales,0
CL01:DF_IR2023_RAMA(1.0),_T,M,IR2023,IX,C,2023-M10,101.84677240762414,R,,2,,Encuesta Mensual de Remuneraciones y Costos Laborales,0
CL01:DF_IR2023_RAMA(1.0),_T,M,IR2023,IX,C,2023-M11,102.48301116401646,R,,2,,Encuesta Mensual de Remuneraciones y Costos Laborales,0
CL01:DF_IR2023_RAMA(1.0),_T,M,IR2023,IX,C,2023-M12,103.85762695808542,R,,2,,Encuesta Mensual de Remuneraciones y Costos Laborales,0
CL01:DF_IR2023_RAMA(1.0),_T,M,IR2023,IX,C,2024-M01,104.4358486906485,R,,2,,Encuesta Mensual de Remuneraciones y Costos Laborales,0
CL01:DF_IR2023_RAMA(1.0),_T,M,IR2023,IX,C,2024-M02,104.3755371045809,R,,2,,Encuesta Mensual de Remuneraciones y Costos Laborales,0
CL01:DF_IR2023_RAMA(1.0),_T,M,IR2023,IX,C,2024-M03,105.46208817625717,R,,2,,Encuesta Mensual de Remuneraciones y Costos Laborales,0
CL01:DF_IR2023_RAMA(1.0),_T,M,IR2023,IX,C,2024-M04,105.85264560997523,,,2,,Encuesta Mensual de Remuneraciones y Costos Laborales,0
CL01:DF_IR2023_RAMA(1.0),_T,M,IR2023,IX,C,2024-M05,106.39519915135426,,,2,,Encuesta Mensual de Remuneraciones y Costos Laborales,0
CL01:DF_IR2023_RAMA(1.0),_T,M,IR2023,IX,C,2024-M06,108.01905537109025,,,2,,Encuesta Mensual de Remuneraciones y Costos Laborales,0
CL01:DF_IR2023_RAMA(1.0),_T,M,IR2023,IX,C,2024-M07,109.75688039327943,,,2,,Encuesta Mensual de Remuneraciones y Costos Laborales,0
CL01:DF_IR2023_RAMA(1.0),_T,M,IR2023,IX,C,2024-M08,110.09833841437623,,,2,,Encuesta Mensual de Remuneraciones y Costos Laborales,0
CL01:DF_IR2023_RAMA(1.0),_T,M,IR2023,IX,C,2024-M09,111.21260522382629,,,2,,Encuesta Mensual de Remuneraciones y Costos Laborales,0
CL01:DF_IR2023_RAMA(1.0),_T,M,IR2023,IX,C,2024-M10,111.25941554996712,,,2,,Encuesta Mensual de Remuneraciones y Costos Laborales,0
CL01:DF_IR2023_RAMA(1.0),_T,M,IR2023,IX,C,2024-M11,111.68962047419616,,,2,,Encuesta Mensual de Remuneraciones y Costos Laborales,0
CL01:DF_IR2023_RAMA(1.0),_T,M,IR2023,IX,C,2024-M12,112.50814626470702,,,2,,Encuesta Mensual de Remuneraciones y Costos Laborales,0
CL01:DF_IR2023_RAMA(1.0),_T,M,IR2023,IX,C,2025-M01,113.82527619561098,,,2,,Encuesta Mensual de Remuneraciones y Costos Laborales,0
CL01:DF_IR2023_RAMA(1.0),_T,M,IR2023,IX,C,2025-M02,113.67080261431553,,,2,,Encuesta Mensual de Remuneraciones y Costos Laborales,0
CL01:DF_IR2023_RAMA(1.0),_T,M,IR2023,IX,C,2025-M03,114.07861233158695,,,2,,Encuesta Mensual de Remuneraciones y Costos Laborales,0
CL01:DF_IR2023_RAMA(1.0),_T,M,IR2023,IX,C,2025-M04,114.53269104248643,,,2,,Encuesta Mensual de Remuneraciones y Costos Laborales,0
CL01:DF_IR2023_RAMA(1.0),_T,M,IR2023,IX,C,2025-M05,115.78344904451404,,,2,,Encuesta Mensual de Remuneraciones y Costos Laborales,0
CL01:DF_IR2023_RAMA(1.0),_T,M,IR2023,IX,C,2025-M06,115.84990483126033,,,2,,Encuesta Mensual de Remuneraciones y Costos Laborales,0
CL01:DF_IR2023_RAMA(1.0),_T,M,IR2023,IX,C,2025-M07,116.24963299838888,,,2,,Encuesta Mensual de Remuneraciones y Costos Laborales,0
CL01:DF_IR2023_RAMA(1.0),_T,M,IR2023,IX,C,2025-M08,116.17510150902878,,,2,,Encuesta Mensual de Remuneraciones y Costos Laborales,0
CL01:DF_IR2023_RAMA(1.0),_T,M,IR2023,IX,C,2025-M09,116.3176975560163,,,2,,Encuesta Mensual de Remuneraciones y Costos Laborales,0
CL01:DF_IR2023_RAMA(1.0),_T,M,IR2023,IX,C,2025-M10,117.35493642224029,,,2,,Encuesta Mensual de Remuneraciones y Costos Laborales,0
CL01:DF_IR2023_RAMA(1.0),_T,M,IR2023,IX,C,2025-M11,117.61091367293969,,,2,,Encuesta Mensual de Remuneraciones y Costos Laborales,0
CL01:DF_IR2023_RAMA(1.0),_T,M,IR2023,IX,C,2025-M12,118.20148432366132,,,2,,Encuesta Mensual de Remuneraciones y Costos Laborales,0
CL01:DF_IR2023_RAMA(1.0),_T,M,IR2023,IX,C,2026-M01,119.10161088306471,,,2,,Encuesta Mensual de Remuneraciones y Costos Laborales,0
CL01:DF_IR2023_RAMA(1.0),_T,M,IR2023,IX,C,2026-M02,118.91919420450034,,,2,,Encuesta Mensual de Remuneraciones y Costos Laborales,0
CL01:DF_IR2023_RAMA(1.0),_T,M,IR2023,IX,C,2026-M03,119.91024234905109,,Valor provisional,2,,Encuesta Mensual de Remuneraciones y Costos Laborales,0
CL01:DF_IR2023_RAMA(1.0),_T,M,IR2023,VAR12,L,2023-M01,,R,,2,,Encuesta Mensual de Remuneraciones y Costos Laborales,0
CL01:DF_IR2023_RAMA(1.0),_T,M,IR2023,VAR12,L,2023-M02,,R,,2,,Encuesta Mensual de Remuneraciones y Costos Laborales,0
CL01:DF_IR2023_RAMA(1.0),_T,M,IR2023,VAR12,L,2023-M03,,R,,2,,Encuesta Mensual de Remuneraciones y Costos Laborales,0
CL01:DF_IR2023_RAMA(1.0),_T,M,IR2023,VAR12,L,2023-M04,,R,,2,,Encuesta Mensual de Remuneraciones y Costos Laborales,0
CL01:DF_IR2023_RAMA(1.0),_T,M,IR2023,VAR12,L,2023-M05,,R,,2,,Encuesta Mensual de Remuneraciones y Costos Laborales,0
CL01:DF_IR2023_RAMA(1.0),_T,M,IR2023,VAR12,L,2023-M06,,R,,2,,Encuesta Mensual de Remuneraciones y Costos Laborales,0
CL01:DF_IR2023_RAMA(1.0),_T,M,IR2023,VAR12,L,2023-M07,,R,,2,,Encuesta Mensual de Remuneraciones y Costos Laborales,0
CL01:DF_IR2023_RAMA(1.0),_T,M,IR2023,VAR12,L,2023-M08,,R,,2,,Encuesta Mensual de Remuneraciones y Costos Laborales,0
CL01:DF_IR2023_RAMA(1.0),_T,M,IR2023,VAR12,L,2023-M09,,R,,2,,Encuesta Mensual de Remuneraciones y Costos Laborales,0
CL01:DF_IR2023_RAMA(1.0),_T,M,IR2023,VAR12,L,2023-M10,,R,,2,,Encuesta Mensual de Remuneraciones y Costos Laborales,0
CL01:DF_IR2023_RAMA(1.0),_T,M,IR2023,VAR12,L,2023-M11,,R,,2,,Encuesta Mensual de Remuneraciones y Costos Laborales,0
CL01:DF_IR2023_RAMA(1.0),_T,M,IR2023,VAR12,L,2023-M12,,R,,2,,Encuesta Mensual de Remuneraciones y Costos Laborales,0
CL01:DF_IR2023_RAMA(1.0),_T,M,IR2023,VAR12,L,2024-M01,5.429504564797072,R,,2,,Encuesta Mensual de Remuneraciones y Costos Laborales,0
CL01:DF_IR2023_RAMA(1.0),_T,M,IR2023,VAR12,L,2024-M02,3.8812410174859924,R,,2,,Encuesta Mensual de Remuneraciones y Costos Laborales,0
CL01:DF_IR2023_RAMA(1.0),_T,M,IR2023,VAR12,L,2024-M03,5.038905026592033,R,,2,,Encuesta Mensual de Remuneraciones y Costos Laborales,0
CL01:DF_IR2023_RAMA(1.0),_T,M,IR2023,VAR12,L,2024-M04,5.187537917414775,R,,2,,Encuesta Mensual de Remuneraciones y Costos Laborales,0
CL01:DF_IR2023_RAMA(1.0),_T,M,IR2023,VAR12,L,2024-M05,4.452149928651528,R,,2,,Encuesta Mensual de Remuneraciones y Costos Laborales,0
CL01:DF_IR2023_RAMA(1.0),_T,M,IR2023,VAR12,L,2024-M06,4.899697611235232,R,,2,,Encuesta Mensual de Remuneraciones y Costos Laborales,0
CL01:DF_IR2023_RAMA(1.0),_T,M,IR2023,VAR12,L,2024-M07,8.08785269916985,R,,2,,Encuesta Mensual de Remuneraciones y Costos Laborales,0
CL01:DF_IR2023_RAMA(1.0),_T,M,IR2023,VAR12,L,2024-M08,7.817411439226807,R,,2,,Encuesta Mensual de Remuneraciones y Costos Laborales,0
CL01:DF_IR2023_RAMA(1.0),_T,M,IR2023,VAR12,L,2024-M09,6.581568462847409,R,,2,,Encuesta Mensual de Remuneraciones y Costos Laborales,0
CL01:DF_IR2023_RAMA(1.0),_T,M,IR2023,VAR12,L,2024-M10,8.475947629515979,R,,2,,Encuesta Mensual de Remuneraciones y Costos Laborales,0
CL01:DF_IR2023_RAMA(1.0),_T,M,IR2023,VAR12,L,2024-M11,9.263321543821057,R,,2,,Encuesta Mensual de Remuneraciones y Costos Laborales,0
CL01:DF_IR2023_RAMA(1.0),_T,M,IR2023,VAR12,L,2024-M12,9.683791691801048,R,,2,,Encuesta Mensual de Remuneraciones y Costos Laborales,0
CL01:DF_IR2023_RAMA(1.0),_T,M,IR2023,VAR12,L,2025-M01,10.502601906488508,R,,2,,Encuesta Mensual de Remuneraciones y Costos Laborales,0
CL01:DF_IR2023_RAMA(1.0),_T,M,IR2023,VAR12,L,2025-M02,11.197787460714448,R,,2,,Encuesta Mensual de Remuneraciones y Costos Laborales,0
CL01:DF_IR2023_RAMA(1.0),_T,M,IR2023,VAR12,L,2025-M03,11.155479885343912,R,,2,,Encuesta Mensual de Remuneraciones y Costos Laborales,0
CL01:DF_IR2023_RAMA(1.0),_T,M,IR2023,VAR12,L,2025-M04,9.959687070363877,,,2,,Encuesta Mensual de Remuneraciones y Costos Laborales,0
CL01:DF_IR2023_RAMA(1.0),_T,M,IR2023,VAR12,L,2025-M05,10.530135573337308,,,2,,Encuesta Mensual de Remuneraciones y Costos Laborales,0
CL01:DF_IR2023_RAMA(1.0),_T,M,IR2023,VAR12,L,2025-M06,11.016547559370071,,,2,,Encuesta Mensual de Remuneraciones y Costos Laborales,0
CL01:DF_IR2023_RAMA(1.0),_T,M,IR2023,VAR12,L,2025-M07,8.783113657274777,,,2,,Encuesta Mensual de Remuneraciones y Costos Laborales,0
CL01:DF_IR2023_RAMA(1.0),_T,M,IR2023,VAR12,L,2025-M08,8.986253455993843,,,2,,Encuesta Mensual de Remuneraciones y Costos Laborales,0
CL01:DF_IR2023_RAMA(1.0),_T,M,IR2023,VAR12,L,2025-M09,8.36234997234846,,,2,,Encuesta Mensual de Remuneraciones y Costos Laborales,0
CL01:DF_IR2023_RAMA(1.0),_T,M,IR2023,VAR12,L,2025-M10,8.149523941461778,,,2,,Encuesta Mensual de Remuneraciones y Costos Laborales,0
CL01:DF_IR2023_RAMA(1.0),_T,M,IR2023,VAR12,L,2025-M11,8.721111243108215,,,2,,Encuesta Mensual de Remuneraciones y Costos Laborales,0
CL01:DF_IR2023_RAMA(1.0),_T,M,IR2023,VAR12,L,2025-M12,8.051451247817297,,,2,,Encuesta Mensual de Remuneraciones y Costos Laborales,0
CL01:DF_IR2023_RAMA(1.0),_T,M,IR2023,VAR12,L,2026-M01,6.791279571827058,,,2,,Encuesta Mensual de Remuneraciones y Costos Laborales,0
CL01:DF_IR2023_RAMA(1.0),_T,M,IR2023,VAR12,L,2026-M02,7.546411112849438,,,2,,Encuesta Mensual de Remuneraciones y Costos Laborales,0
CL01:DF_IR2023_RAMA(1.0),_T,M,IR2023,VAR12,L,2026-M03,7.040281409753124,,Valor provisional,2,,Encuesta Mensual de Remuneraciones y Costos Laborales,0
CL01:DF_IR2023_RAMA(1.0),_T,M,IR2023,IX,L,2023-M01,97.12991761003754,R,,2,,Encuesta Mensual de Remuneraciones y Costos Laborales,0
CL01:DF_IR2023_RAMA(1.0),_T,M,IR2023,IX,L,2023-M02,97.48044524214777,R,,2,,Encuesta Mensual de Remuneraciones y Costos Laborales,0
CL01:DF_IR2023_RAMA(1.0),_T,M,IR2023,IX,L,2023-M03,98.07532884095774,R,,2,,Encuesta Mensual de Remuneraciones y Costos Laborales,0
CL01:DF_IR2023_RAMA(1.0),_T,M,IR2023,IX,L,2023-M04,98.94070308120796,R,,2,,Encuesta Mensual de Remuneraciones y Costos Laborales,0
CL01:DF_IR2023_RAMA(1.0),_T,M,IR2023,IX,L,2023-M05,99.9613769397226,R,,2,,Encuesta Mensual de Remuneraciones y Costos Laborales,0
CL01:DF_IR2023_RAMA(1.0),_T,M,IR2023,IX,L,2023-M06,100.14958674629521,R,,2,,Encuesta Mensual de Remuneraciones y Costos Laborales,0
CL01:DF_IR2023_RAMA(1.0),_T,M,IR2023,IX,L,2023-M07,100.09427374644189,R,,2,,Encuesta Mensual de Remuneraciones y Costos Laborales,0
CL01:DF_IR2023_RAMA(1.0),_T,M,IR2023,IX,L,2023-M08,100.78990512734076,R,,2,,Encuesta Mensual de Remuneraciones y Costos Laborales,0
CL01:DF_IR2023_RAMA(1.0),_T,M,IR2023,IX,L,2023-M09,102.86797068805292,R,,2,,Encuesta Mensual de Remuneraciones y Costos Laborales,0
CL01:DF_IR2023_RAMA(1.0),_T,M,IR2023,IX,L,2023-M10,101.41161843016522,R,,2,,Encuesta Mensual de Remuneraciones y Costos Laborales,0
CL01:DF_IR2023_RAMA(1.0),_T,M,IR2023,IX,L,2023-M11,100.91138694590566,R,,2,,Encuesta Mensual de Remuneraciones y Costos Laborales,0
CL01:DF_IR2023_RAMA(1.0),_T,M,IR2023,IX,L,2023-M12,102.18748660172466,R,,2,,Encuesta Mensual de Remuneraciones y Costos Laborales,0
CL01:DF_IR2023_RAMA(1.0),_T,M,IR2023,IX,L,2024-M01,102.40359092045817,R,,2,,Encuesta Mensual de Remuneraciones y Costos Laborales,0
CL01:DF_IR2023_RAMA(1.0),_T,M,IR2023,IX,L,2024-M02,101.26389626691399,R,,2,,Encuesta Mensual de Remuneraciones y Costos Laborales,0
CL01:DF_IR2023_RAMA(1.0),_T,M,IR2023,IX,L,2024-M03,103.01725151577143,R,,2,,Encuesta Mensual de Remuneraciones y Costos Laborales,0
CL01:DF_IR2023_RAMA(1.0),_T,M,IR2023,IX,L,2024-M04,104.07328956930239,,,2,,Encuesta Mensual de Remuneraciones y Costos Laborales,0
CL01:DF_IR2023_RAMA(1.0),_T,M,IR2023,IX,L,2024-M05,104.41180731182354,,,2,,Encuesta Mensual de Remuneraciones y Costos Laborales,0
CL01:DF_IR2023_RAMA(1.0),_T,M,IR2023,IX,L,2024-M06,105.05661365576539,,,2,,Encuesta Mensual de Remuneraciones y Costos Laborales,0
CL01:DF_IR2023_RAMA(1.0),_T,M,IR2023,IX,L,2024-M07,108.18975116735794,,,2,,Encuesta Mensual de Remuneraciones y Costos Laborales,0
CL01:DF_IR2023_RAMA(1.0),_T,M,IR2023,IX,L,2024-M08,108.66906670035134,,,2,,Encuesta Mensual de Remuneraciones y Costos Laborales,0
CL01:DF_IR2023_RAMA(1.0),_T,M,IR2023,IX,L,2024-M09,109.63829660522893,,,2,,Encuesta Mensual de Remuneraciones y Costos Laborales,0
CL01:DF_IR2023_RAMA(1.0),_T,M,IR2023,IX,L,2024-M10,110.0072140985506,,,2,,Encuesta Mensual de Remuneraciones y Costos Laborales,0
CL01:DF_IR2023_RAMA(1.0),_T,M,IR2023,IX,L,2024-M11,110.25913319303437,,,2,,Encuesta Mensual de Remuneraciones y Costos Laborales,0
CL01:DF_IR2023_RAMA(1.0),_T,M,IR2023,IX,L,2024-M12,112.08310993932278,,,2,,Encuesta Mensual de Remuneraciones y Costos Laborales,0
CL01:DF_IR2023_RAMA(1.0),_T,M,IR2023,IX,L,2025-M01,113.15863241278291,,,2,,Encuesta Mensual de Remuneraciones y Costos Laborales,0
CL01:DF_IR2023_RAMA(1.0),_T,M,IR2023,IX,L,2025-M02,112.60321214532136,,,2,,Encuesta Mensual de Remuneraciones y Costos Laborales,0
CL01:DF_IR2023_RAMA(1.0),_T,M,IR2023,IX,L,2025-M03,114.50932028704747,,,2,,Encuesta Mensual de Remuneraciones y Costos Laborales,0
CL01:DF_IR2023_RAMA(1.0),_T,M,IR2023,IX,L,2025-M04,114.43866353423856,,,2,,Encuesta Mensual de Remuneraciones y Costos Laborales,0
CL01:DF_IR2023_RAMA(1.0),_T,M,IR2023,IX,L,2025-M05,115.40651217633027,,,2,,Encuesta Mensual de Remuneraciones y Costos Laborales,0
CL01:DF_IR2023_RAMA(1.0),_T,M,IR2023,IX,L,2025-M06,116.63022546341647,,,2,,Encuesta Mensual de Remuneraciones y Costos Laborales,0
CL01:DF_IR2023_RAMA(1.0),_T,M,IR2023,IX,L,2025-M07,117.69217997790975,,,2,,Encuesta Mensual de Remuneraciones y Costos Laborales,0
CL01:DF_IR2023_RAMA(1.0),_T,M,IR2023,IX,L,2025-M08,118.43434446230792,,,2,,Encuesta Mensual de Remuneraciones y Costos Laborales,0
CL01:DF_IR2023_RAMA(1.0),_T,M,IR2023,IX,L,2025-M09,118.80663467107962,,,2,,Encuesta Mensual de Remuneraciones y Costos Laborales,0
CL01:DF_IR2023_RAMA(1.0),_T,M,IR2023,IX,L,2025-M10,118.97227834884711,,,2,,Encuesta Mensual de Remuneraciones y Costos Laborales,0
CL01:DF_IR2023_RAMA(1.0),_T,M,IR2023,IX,L,2025-M11,119.87495485448576,,,2,,Encuesta Mensual de Remuneraciones y Costos Laborales,0
CL01:DF_IR2023_RAMA(1.0),_T,M,IR2023,IX,L,2025-M12,121.10742689312481,,,2,,Encuesta Mensual de Remuneraciones y Costos Laborales,0
CL01:DF_IR2023_RAMA(1.0),_T,M,IR2023,IX,L,2026-M01,120.8435514995911,,,2,,Encuesta Mensual de Remuneraciones y Costos Laborales,0
CL01:DF_IR2023_RAMA(1.0),_T,M,IR2023,IX,L,2026-M02,121.10071346008132,,,2,,Encuesta Mensual de Remuneraciones y Costos Laborales,0
CL01:DF_IR2023_RAMA(1.0),_T,M,IR2023,IX,L,2026-M03,122.57109867565113,,Valor provisional,2,,Encuesta Mensual de Remuneraciones y Costos Laborales,0
CL01:DF_IR2023_RAMA(1.0),_T,M,IR2023,IX,R,2023-M01,97.95238446547351,R,,2,,Encuesta Mensual de Remuneraciones y Costos Laborales,0
CL01:DF_IR2023_RAMA(1.0),_T,M,IR2023,IX,R,2023-M02,97.79861611568131,R,,2,,Encuesta Mensual de Remuneraciones y Costos Laborales,0
CL01:DF_IR2023_RAMA(1.0),_T,M,IR2023,IX,R,2023-M03,99.82220154798458,R,,2,,Encuesta Mensual de Remuneraciones y Costos Laborales,0
CL01:DF_IR2023_RAMA(1.0),_T,M,IR2023,IX,R,2023-M04,99.8420650472162,R,,2,,Encuesta Mensual de Remuneraciones y Costos Laborales,0
CL01:DF_IR2023_RAMA(1.0),_T,M,IR2023,IX,R,2023-M05,99.49300339327176,R,,2,,Encuesta Mensual de Remuneraciones y Costos Laborales,0
CL01:DF_IR2023_RAMA(1.0),_T,M,IR2023,IX,R,2023-M06,99.42521255287336,R,,2,,Encuesta Mensual de Remuneraciones y Costos Laborales,0
CL01:DF_IR2023_RAMA(1.0),_T,M,IR2023,IX,R,2023-M07,100.76863270111286,R,,2,,Encuesta Mensual de Remuneraciones y Costos Laborales,0
CL01:DF_IR2023_RAMA(1.0),_T,M,IR2023,IX,R,2023-M08,100.1274239456968,R,,2,,Encuesta Mensual de Remuneraciones y Costos Laborales,0
CL01:DF_IR2023_RAMA(1.0),_T,M,IR2023,IX,R,2023-M09,101.23765466713904,R,,2,,Encuesta Mensual de Remuneraciones y Costos Laborales,0
CL01:DF_IR2023_RAMA(1.0),_T,M,IR2023,IX,R,2023-M10,100.72671067615556,R,,2,,Encuesta Mensual de Remuneraciones y Costos Laborales,0
CL01:DF_IR2023_RAMA(1.0),_T,M,IR2023,IX,R,2023-M11,100.76525476235705,R,,2,,Encuesta Mensual de Remuneraciones y Costos Laborales,0
CL01:DF_IR2023_RAMA(1.0),_T,M,IR2023,IX,R,2023-M12,102.04084012503793,R,,2,,Encuesta Mensual de Remuneraciones y Costos Laborales,0
CL01:DF_IR2023_RAMA(1.0),_T,M,IR2023,IX,R,2024-M01,103.28538654003981,R,,2,,Encuesta Mensual de Remuneraciones y Costos Laborales,0
CL01:DF_IR2023_RAMA(1.0),_T,M,IR2023,IX,R,2024-M02,103.032596394702,R,,2,,Encuesta Mensual de Remuneraciones y Costos Laborales,0
CL01:DF_IR2023_RAMA(1.0),_T,M,IR2023,IX,R,2024-M03,105.57280046749938,R,,2,,Encuesta Mensual de Remuneraciones y Costos Laborales,0
CL01:DF_IR2023_RAMA(1.0),_T,M,IR2023,IX,R,2024-M04,105.82210650276555,,,2,,Encuesta Mensual de Remuneraciones y Costos Laborales,0
CL01:DF_IR2023_RAMA(1.0),_T,M,IR2023,IX,R,2024-M05,106.46160519312915,,,2,,Encuesta Mensual de Remuneraciones y Costos Laborales,0
CL01:DF_IR2023_RAMA(1.0),_T,M,IR2023,IX,R,2024-M06,107.84119091896957,,,2,,Encuesta Mensual de Remuneraciones y Costos Laborales,0
CL01:DF_IR2023_RAMA(1.0),_T,M,IR2023,IX,R,2024-M07,109.83842509741075,,,2,,Encuesta Mensual de Remuneraciones y Costos Laborales,0
CL01:DF_IR2023_RAMA(1.0),_T,M,IR2023,IX,R,2024-M08,110.02856910989246,,,2,,Encuesta Mensual de Remuneraciones y Costos Laborales,0
CL01:DF_IR2023_RAMA(1.0),_T,M,IR2023,IX,R,2024-M09,110.85731452546263,,,2,,Encuesta Mensual de Remuneraciones y Costos Laborales,0
CL01:DF_IR2023_RAMA(1.0),_T,M,IR2023,IX,R,2024-M10,110.67752945794084,,,2,,Encuesta Mensual de Remuneraciones y Costos Laborales,0
CL01:DF_IR2023_RAMA(1.0),_T,M,IR2023,IX,R,2024-M11,111.85895633563203,,,2,,Encuesta Mensual de Remuneraciones y Costos Laborales,0
CL01:DF_IR2023_RAMA(1.0),_T,M,IR2023,IX,R,2024-M12,112.13853949431447,,,2,,Encuesta Mensual de Remuneraciones y Costos Laborales,0
CL01:DF_IR2023_RAMA(1.0),_T,M,IR2023,IX,R,2025-M01,114.71104111537349,,,2,,Encuesta Mensual de Remuneraciones y Costos Laborales,0
CL01:DF_IR2023_RAMA(1.0),_T,M,IR2023,IX,R,2025-M02,115.50066355606627,,,2,,Encuesta Mensual de Remuneraciones y Costos Laborales,0
CL01:DF_IR2023_RAMA(1.0),_T,M,IR2023,IX,R,2025-M03,116.67778500640782,,,2,,Encuesta Mensual de Remuneraciones y Costos Laborales,0
CL01:DF_IR2023_RAMA(1.0),_T,M,IR2023,IX,R,2025-M04,116.26143020543684,,,2,,Encuesta Mensual de Remuneraciones y Costos Laborales,0
CL01:DF_IR2023_RAMA(1.0),_T,M,IR2023,IX,R,2025-M05,117.15098180682305,,,2,,Encuesta Mensual de Remuneraciones y Costos Laborales,0
CL01:DF_IR2023_RAMA(1.0),_T,M,IR2023,IX,R,2025-M06,119.00272956442795,,,2,,Encuesta Mensual de Remuneraciones y Costos Laborales,0
CL01:DF_IR2023_RAMA(1.0),_T,M,IR2023,IX,R,2025-M07,118.85278984198082,,,2,,Encuesta Mensual de Remuneraciones y Costos Laborales,0
CL01:DF_IR2023_RAMA(1.0),_T,M,IR2023,IX,R,2025-M08,119.2107893451167,,,2,,Encuesta Mensual de Remuneraciones y Costos Laborales,0
CL01:DF_IR2023_RAMA(1.0),_T,M,IR2023,IX,R,2025-M09,120.08802829585612,,,2,,Encuesta Mensual de Remuneraciones y Costos Laborales,0
CL01:DF_IR2023_RAMA(1.0),_T,M,IR2023,IX,R,2025-M10,119.25427915580222,,,2,,Encuesta Mensual de Remuneraciones y Costos Laborales,0
CL01:DF_IR2023_RAMA(1.0),_T,M,IR2023,IX,R,2025-M11,119.6239579232105,,,2,,Encuesta Mensual de Remuneraciones y Costos Laborales,0
CL01:DF_IR2023_RAMA(1.0),_T,M,IR2023,IX,R,2025-M12,120.39294111886566,,,2,,Encuesta Mensual de Remuneraciones y Costos Laborales,0
CL01:DF_IR2023_RAMA(1.0),_T,M,IR2023,IX,R,2026-M01,121.83300667564883,,,2,,Encuesta Mensual de Remuneraciones y Costos Laborales,0
CL01:DF_IR2023_RAMA(1.0),_T,M,IR2023,IX,R,2026-M02,123.39312657538161,,,2,,Encuesta Mensual de Remuneraciones y Costos Laborales,0
CL01:DF_IR2023_RAMA(1.0),_T,M,IR2023,IX,R,2026-M03,125.27270584869765,,Valor provisional,2,,Encuesta Mensual de Remuneraciones y Costos Laborales,0
CL01:DF_IR2023_RAMA(1.0),_T,M,IR2023,IX,E,2023-M01,97.02058550919486,R,,2,,Encuesta Mensual de Remuneraciones y Costos Laborales,0
CL01:DF_IR2023_RAMA(1.0),_T,M,IR2023,IX,E,2023-M02,97.0029418957977,R,,2,,Encuesta Mensual de Remuneraciones y Costos Laborales,0
CL01:DF_IR2023_RAMA(1.0),_T,M,IR2023,IX,E,2023-M03,96.80903257024023,R,,2,,Encuesta Mensual de Remuneraciones y Costos Laborales,0
CL01:DF_IR2023_RAMA(1.0),_T,M,IR2023,IX,E,2023-M04,98.02519059055335,R,,2,,Encuesta Mensual de Remuneraciones y Costos Laborales,0
CL01:DF_IR2023_RAMA(1.0),_T,M,IR2023,IX,E,2023-M05,99.00188087552648,R,,2,,Encuesta Mensual de Remuneraciones y Costos Laborales,0
CL01:DF_IR2023_RAMA(1.0),_T,M,IR2023,IX,E,2023-M06,99.5265630422311,R,,2,,Encuesta Mensual de Remuneraciones y Costos Laborales,0
CL01:DF_IR2023_RAMA(1.0),_T,M,IR2023,IX,E,2023-M07,100.1200412632287,R,,2,,Encuesta Mensual de Remuneraciones y Costos Laborales,0
CL01:DF_IR2023_RAMA(1.0),_T,M,IR2023,IX,E,2023-M08,100.30873432615869,R,,2,,Encuesta Mensual de Remuneraciones y Costos Laborales,0
CL01:DF_IR2023_RAMA(1.0),_T,M,IR2023,IX,E,2023-M09,101.62351497205754,R,,2,,Encuesta Mensual de Remuneraciones y Costos Laborales,0
CL01:DF_IR2023_RAMA(1.0),_T,M,IR2023,IX,E,2023-M10,102.39864494591522,R,,2,,Encuesta Mensual de Remuneraciones y Costos Laborales,0
CL01:DF_IR2023_RAMA(1.0),_T,M,IR2023,IX,E,2023-M11,103.65072993850191,R,,2,,Encuesta Mensual de Remuneraciones y Costos Laborales,0
CL01:DF_IR2023_RAMA(1.0),_T,M,IR2023,IX,E,2023-M12,104.51214007059417,R,,2,,Encuesta Mensual de Remuneraciones y Costos Laborales,0
CL01:DF_IR2023_RAMA(1.0),_T,M,IR2023,IX,E,2024-M01,104.97939103190011,R,,2,,Encuesta Mensual de Remuneraciones y Costos Laborales,0
CL01:DF_IR2023_RAMA(1.0),_T,M,IR2023,IX,E,2024-M02,104.45118767164227,R,,2,,Encuesta Mensual de Remuneraciones y Costos Laborales,0
CL01:DF_IR2023_RAMA(1.0),_T,M,IR2023,IX,E,2024-M03,105.62320721429037,R,,2,,Encuesta Mensual de Remuneraciones y Costos Laborales,0
CL01:DF_IR2023_RAMA(1.0),_T,M,IR2023,IX,E,2024-M04,106.5198873339038,,,2,,Encuesta Mensual de Remuneraciones y Costos Laborales,0
CL01:DF_IR2023_RAMA(1.0),_T,M,IR2023,IX,E,2024-M05,107.66812625384094,,,2,,Encuesta Mensual de Remuneraciones y Costos Laborales,0
CL01:DF_IR2023_RAMA(1.0),_T,M,IR2023,IX,E,2024-M06,108.89770149913235,,,2,,Encuesta Mensual de Remuneraciones y Costos Laborales,0
CL01:DF_IR2023_RAMA(1.0),_T,M,IR2023,IX,E,2024-M07,112.08629908632484,,,2,,Encuesta Mensual de Remuneraciones y Costos Laborales,0
CL01:DF_IR2023_RAMA(1.0),_T,M,IR2023,IX,E,2024-M08,112.06324706575553,,,2,,Encuesta Mensual de Remuneraciones y Costos Laborales,0
CL01:DF_IR2023_RAMA(1.0),_T,M,IR2023,IX,E,2024-M09,112.22927122614915,,,2,,Encuesta Mensual de Remuneraciones y Costos Laborales,0
CL01:DF_IR2023_RAMA(1.0),_T,M,IR2023,IX,E,2024-M10,112.50157144183419,,,2,,Encuesta Mensual de Remuneraciones y Costos Laborales,0
CL01:DF_IR2023_RAMA(1.0),_T,M,IR2023,IX,E,2024-M11,112.94200899866613,,,2,,Encuesta Mensual de Remuneraciones y Costos Laborales,0
CL01:DF_IR2023_RAMA(1.0),_T,M,IR2023,IX,E,2024-M12,113.79189510117351,,,2,,Encuesta Mensual de Remuneraciones y Costos Laborales,0
CL01:DF_IR2023_RAMA(1.0),_T,M,IR2023,IX,E,2025-M01,115.64923885482303,,,2,,Encuesta Mensual de Remuneraciones y Costos Laborales,0
CL01:DF_IR2023_RAMA(1.0),_T,M,IR2023,IX,E,2025-M02,116.2023519878374,,,2,,Encuesta Mensual de Remuneraciones y Costos Laborales,0
CL01:DF_IR2023_RAMA(1.0),_T,M,IR2023,IX,E,2025-M03,116.29129875486683,,,2,,Encuesta Mensual de Remuneraciones y Costos Laborales,0
CL01:DF_IR2023_RAMA(1.0),_T,M,IR2023,IX,E,2025-M04,117.24254023095243,,,2,,Encuesta Mensual de Remuneraciones y Costos Laborales,0
CL01:DF_IR2023_RAMA(1.0),_T,M,IR2023,IX,E,2025-M05,117.8491922486538,,,2,,Encuesta Mensual de Remuneraciones y Costos Laborales,0
CL01:DF_IR2023_RAMA(1.0),_T,M,IR2023,IX,E,2025-M06,119.17949000403057,,,2,,Encuesta Mensual de Remuneraciones y Costos Laborales,0
CL01:DF_IR2023_RAMA(1.0),_T,M,IR2023,IX,E,2025-M07,119.89639674203043,,,2,,Encuesta Mensual de Remuneraciones y Costos Laborales,0
CL01:DF_IR2023_RAMA(1.0),_T,M,IR2023,IX,E,2025-M08,120.36073260324251,,,2,,Encuesta Mensual de Remuneraciones y Costos Laborales,0
CL01:DF_IR2023_RAMA(1.0),_T,M,IR2023,IX,E,2025-M09,120.94741626983499,,,2,,Encuesta Mensual de Remuneraciones y Costos Laborales,0
CL01:DF_IR2023_RAMA(1.0),_T,M,IR2023,IX,E,2025-M10,120.88590579660614,,,2,,Encuesta Mensual de Remuneraciones y Costos Laborales,0
CL01:DF_IR2023_RAMA(1.0),_T,M,IR2023,IX,E,2025-M11,121.79612197451348,,,2,,Encuesta Mensual de Remuneraciones y Costos Laborales,0
CL01:DF_IR2023_RAMA(1.0),_T,M,IR2023,IX,E,2025-M12,122.26740614424618,,,2,,Encuesta Mensual de Remuneraciones y Costos Laborales,0
CL01:DF_IR2023_RAMA(1.0),_T,M,IR2023,IX,E,2026-M01,124.35573213640906,,,2,,Encuesta Mensual de Remuneraciones y Costos Laborales,0
CL01:DF_IR2023_RAMA(1.0),_T,M,IR2023,IX,E,2026-M02,123.89625839378803,,,2,,Encuesta Mensual de Remuneraciones y Costos Laborales,0
CL01:DF_IR2023_RAMA(1.0),_T,M,IR2023,IX,E,2026-M03,124.89695199284905,,Valor provisional,2,,Encuesta Mensual de Remuneraciones y Costos Laborales,0
CL01:DF_IR2023_RAMA(1.0),_T,M,IR2023,IX,P,2023-M01,99.88390842510205,R,,2,,Encuesta Mensual de Remuneraciones y Costos Laborales,0
CL01:DF_IR2023_RAMA(1.0),_T,M,IR2023,IX,P,2023-M02,98.60582701776487,R,,2,,Encuesta Mensual de Remuneraciones y Costos Laborales,0
CL01:DF_IR2023_RAMA(1.0),_T,M,IR2023,IX,P,2023-M03,98.87851846735649,R,,2,,Encuesta Mensual de Remuneraciones y Costos Laborales,0
CL01:DF_IR2023_RAMA(1.0),_T,M,IR2023,IX,P,2023-M04,98.60809952382203,R,,2,,Encuesta Mensual de Remuneraciones y Costos Laborales,0
CL01:DF_IR2023_RAMA(1.0),_T,M,IR2023,IX,P,2023-M05,98.33534960396723,R,,2,,Encuesta Mensual de Remuneraciones y Costos Laborales,0
CL01:DF_IR2023_RAMA(1.0),_T,M,IR2023,IX,P,2023-M06,99.48441734988619,R,,2,,Encuesta Mensual de Remuneraciones y Costos Laborales,0
CL01:DF_IR2023_RAMA(1.0),_T,M,IR2023,IX,P,2023-M07,100.13741508725295,R,,2,,Encuesta Mensual de Remuneraciones y Costos Laborales,0
CL01:DF_IR2023_RAMA(1.0),_T,M,IR2023,IX,P,2023-M08,99.89012881333663,R,,2,,Encuesta Mensual de Remuneraciones y Costos Laborales,0
CL01:DF_IR2023_RAMA(1.0),_T,M,IR2023,IX,P,2023-M09,101.6631478298148,R,,2,,Encuesta Mensual de Remuneraciones y Costos Laborales,0
CL01:DF_IR2023_RAMA(1.0),_T,M,IR2023,IX,P,2023-M10,100.2824513155346,R,,2,,Encuesta Mensual de Remuneraciones y Costos Laborales,0
CL01:DF_IR2023_RAMA(1.0),_T,M,IR2023,IX,P,2023-M11,100.53221193601246,R,,2,,Encuesta Mensual de Remuneraciones y Costos Laborales,0
CL01:DF_IR2023_RAMA(1.0),_T,M,IR2023,IX,P,2023-M12,103.69852463014962,R,,2,,Encuesta Mensual de Remuneraciones y Costos Laborales,0
CL01:DF_IR2023_RAMA(1.0),_T,M,IR2023,IX,P,2024-M01,104.71439664083483,R,,2,,Encuesta Mensual de Remuneraciones y Costos Laborales,0
CL01:DF_IR2023_RAMA(1.0),_T,M,IR2023,IX,P,2024-M02,104.38947777024838,R,,2,,Encuesta Mensual de Remuneraciones y Costos Laborales,0
CL01:DF_IR2023_RAMA(1.0),_T,M,IR2023,IX,P,2024-M03,104.92385952270907,R,,2,,Encuesta Mensual de Remuneraciones y Costos Laborales,0
CL01:DF_IR2023_RAMA(1.0),_T,M,IR2023,IX,P,2024-M04,105.21271422021904,,,2,,Encuesta Mensual de Remuneraciones y Costos Laborales,0
CL01:DF_IR2023_RAMA(1.0),_T,M,IR2023,IX,P,2024-M05,104.40791773612366,,,2,,Encuesta Mensual de Remuneraciones y Costos Laborales,0
CL01:DF_IR2023_RAMA(1.0),_T,M,IR2023,IX,P,2024-M06,105.71690779150425,,,2,,Encuesta Mensual de Remuneraciones y Costos Laborales,0
CL01:DF_IR2023_RAMA(1.0),_T,M,IR2023,IX,P,2024-M07,106.31645561324794,,,2,,Encuesta Mensual de Remuneraciones y Costos Laborales,0
CL01:DF_IR2023_RAMA(1.0),_T,M,IR2023,IX,P,2024-M08,106.45312469461015,,,2,,Encuesta Mensual de Remuneraciones y Costos Laborales,0
CL01:DF_IR2023_RAMA(1.0),_T,M,IR2023,IX,P,2024-M09,107.26552104851666,,,2,,Encuesta Mensual de Remuneraciones y Costos Laborales,0
CL01:DF_IR2023_RAMA(1.0),_T,M,IR2023,IX,P,2024-M10,107.14801547652922,,,2,,Encuesta Mensual de Remuneraciones y Costos Laborales,0
CL01:DF_IR2023_RAMA(1.0),_T,M,IR2023,IX,P,2024-M11,107.50253590229232,,,2,,Encuesta Mensual de Remuneraciones y Costos Laborales,0
CL01:DF_IR2023_RAMA(1.0),_T,M,IR2023,IX,P,2024-M12,109.1119356399898,,,2,,Encuesta Mensual de Remuneraciones y Costos Laborales,0
CL01:DF_IR2023_RAMA(1.0),_T,M,IR2023,IX,P,2025-M01,111.52866808904423,,,2,,Encuesta Mensual de Remuneraciones y Costos Laborales,0
CL01:DF_IR2023_RAMA(1.0),_T,M,IR2023,IX,P,2025-M02,112.06873425277837,,,2,,Encuesta Mensual de Remuneraciones y Costos Laborales,0
CL01:DF_IR2023_RAMA(1.0),_T,M,IR2023,IX,P,2025-M03,113.01542160083767,,,2,,Encuesta Mensual de Remuneraciones y Costos Laborales,0
CL01:DF_IR2023_RAMA(1.0),_T,M,IR2023,IX,P,2025-M04,112.75455202620236,,,2,,Encuesta Mensual de Remuneraciones y Costos Laborales,0
CL01:DF_IR2023_RAMA(1.0),_T,M,IR2023,IX,P,2025-M05,112.17408471567717,,,2,,Encuesta Mensual de Remuneraciones y Costos Laborales,0
CL01:DF_IR2023_RAMA(1.0),_T,M,IR2023,IX,P,2025-M06,112.91857815581636,,,2,,Encuesta Mensual de Remuneraciones y Costos Laborales,0
CL01:DF_IR2023_RAMA(1.0),_T,M,IR2023,IX,P,2025-M07,114.20463985647693,,,2,,Encuesta Mensual de Remuneraciones y Costos Laborales,0
CL01:DF_IR2023_RAMA(1.0),_T,M,IR2023,IX,P,2025-M08,113.9537958001458,,,2,,Encuesta Mensual de Remuneraciones y Costos Laborales,0
CL01:DF_IR2023_RAMA(1.0),_T,M,IR2023,IX,P,2025-M09,114.54282435782946,,,2,,Encuesta Mensual de Remuneraciones y Costos Laborales,0
CL01:DF_IR2023_RAMA(1.0),_T,M,IR2023,IX,P,2025-M10,114.65004824562959,,,2,,Encuesta Mensual de Remuneraciones y Costos Laborales,0
CL01:DF_IR2023_RAMA(1.0),_T,M,IR2023,IX,P,2025-M11,114.7116459884014,,,2,,Encuesta Mensual de Remuneraciones y Costos Laborales,0
CL01:DF_IR2023_RAMA(1.0),_T,M,IR2023,IX,P,2025-M12,115.27838449330983,,,2,,Encuesta Mensual de Remuneraciones y Costos Laborales,0
CL01:DF_IR2023_RAMA(1.0),_T,M,IR2023,IX,P,2026-M01,115.96426111881004,,,2,,Encuesta Mensual de Remuneraciones y Costos Laborales,0
CL01:DF_IR2023_RAMA(1.0),_T,M,IR2023,IX,P,2026-M02,116.63239971649763,,,2,,Encuesta Mensual de Remuneraciones y Costos Laborales,0
CL01:DF_IR2023_RAMA(1.0),_T,M,IR2023,IX,P,2026-M03,117.64912284035233,,Valor provisional,2,,Encuesta Mensual de Remuneraciones y Costos Laborales,0
CL01:DF_IR2023_RAMA(1.0),_T,M,IR2023,VAR12,C,2023-M01,,R,,2,,Encuesta Mensual de Remuneraciones y Costos Laborales,0
CL01:DF_IR2023_RAMA(1.0),_T,M,IR2023,VAR12,C,2023-M02,,R,,2,,Encuesta Mensual de Remuneraciones y Costos Laborales,0
CL01:DF_IR2023_RAMA(1.0),_T,M,IR2023,VAR12,C,2023-M03,,R,,2,,Encuesta Mensual de Remuneraciones y Costos Laborales,0
CL01:DF_IR2023_RAMA(1.0),_T,M,IR2023,VAR12,C,2023-M04,,R,,2,,Encuesta Mensual de Remuneraciones y Costos Laborales,0
CL01:DF_IR2023_RAMA(1.0),_T,M,IR2023,VAR12,C,2023-M05,,R,,2,,Encuesta Mensual de Remuneraciones y Costos Laborales,0
CL01:DF_IR2023_RAMA(1.0),_T,M,IR2023,VAR12,C,2023-M06,,R,,2,,Encuesta Mensual de Remuneraciones y Costos Laborales,0
CL01:DF_IR2023_RAMA(1.0),_T,M,IR2023,VAR12,C,2023-M07,,R,,2,,Encuesta Mensual de Remuneraciones y Costos Laborales,0
CL01:DF_IR2023_RAMA(1.0),_T,M,IR2023,VAR12,C,2023-M08,,R,,2,,Encuesta Mensual de Remuneraciones y Costos Laborales,0
CL01:DF_IR2023_RAMA(1.0),_T,M,IR2023,VAR12,C,2023-M09,,R,,2,,Encuesta Mensual de Remuneraciones y Costos Laborales,0
CL01:DF_IR2023_RAMA(1.0),_T,M,IR2023,VAR12,C,2023-M10,,R,,2,,Encuesta Mensual de Remuneraciones y Costos Laborales,0
CL01:DF_IR2023_RAMA(1.0),_T,M,IR2023,VAR12,C,2023-M11,,R,,2,,Encuesta Mensual de Remuneraciones y Costos Laborales,0
CL01:DF_IR2023_RAMA(1.0),_T,M,IR2023,VAR12,C,2023-M12,,R,,2,,Encuesta Mensual de Remuneraciones y Costos Laborales,0
CL01:DF_IR2023_RAMA(1.0),_T,M,IR2023,VAR12,C,2024-M01,7.208192721558682,R,,2,,Encuesta Mensual de Remuneraciones y Costos Laborales,0
CL01:DF_IR2023_RAMA(1.0),_T,M,IR2023,VAR12,C,2024-M02,7.346206563772295,R,,2,,Encuesta Mensual de Remuneraciones y Costos Laborales,0
CL01:DF_IR2023_RAMA(1.0),_T,M,IR2023,VAR12,C,2024-M03,8.385573597816641,R,,2,,Encuesta Mensual de Remuneraciones y Costos Laborales,0
CL01:DF_IR2023_RAMA(1.0),_T,M,IR2023,VAR12,C,2024-M04,8.514056356073475,R,,2,,Encuesta Mensual de Remuneraciones y Costos Laborales,0
CL01:DF_IR2023_RAMA(1.0),_T,M,IR2023,VAR12,C,2024-M05,7.321564765978605,R,,2,,Encuesta Mensual de Remuneraciones y Costos Laborales,0
CL01:DF_IR2023_RAMA(1.0),_T,M,IR2023,VAR12,C,2024-M06,7.647537850068997,R,,2,,Encuesta Mensual de Remuneraciones y Costos Laborales,0
CL01:DF_IR2023_RAMA(1.0),_T,M,IR2023,VAR12,C,2024-M07,9.384450521480048,R,,2,,Encuesta Mensual de Remuneraciones y Costos Laborales,0
CL01:DF_IR2023_RAMA(1.0),_T,M,IR2023,VAR12,C,2024-M08,9.303651963919112,R,,2,,Encuesta Mensual de Remuneraciones y Costos Laborales,0
CL01:DF_IR2023_RAMA(1.0),_T,M,IR2023,VAR12,C,2024-M09,9.282324872866155,R,,2,,Encuesta Mensual de Remuneraciones y Costos Laborales,0
CL01:DF_IR2023_RAMA(1.0),_T,M,IR2023,VAR12,C,2024-M10,9.241965081299286,R,,2,,Encuesta Mensual de Remuneraciones y Costos Laborales,0
CL01:DF_IR2023_RAMA(1.0),_T,M,IR2023,VAR12,C,2024-M11,8.983546839236812,R,,2,,Encuesta Mensual de Remuneraciones y Costos Laborales,0
CL01:DF_IR2023_RAMA(1.0),_T,M,IR2023,VAR12,C,2024-M12,8.329209476462186,R,,2,,Encuesta Mensual de Remuneraciones y Costos Laborales,0
CL01:DF_IR2023_RAMA(1.0),_T,M,IR2023,VAR12,C,2025-M01,8.990617324109751,R,,2,,Encuesta Mensual de Remuneraciones y Costos Laborales,0
CL01:DF_IR2023_RAMA(1.0),_T,M,IR2023,VAR12,C,2025-M02,8.905597774717155,R,,2,,Encuesta Mensual de Remuneraciones y Costos Laborales,0
CL01:DF_IR2023_RAMA(1.0),_T,M,IR2023,VAR12,C,2025-M03,8.170257487154164,R,,2,,Encuesta Mensual de Remuneraciones y Costos Laborales,0
CL01:DF_IR2023_RAMA(1.0),_T,M,IR2023,VAR12,C,2025-M04,8.20012138807915,,,2,,Encuesta Mensual de Remuneraciones y Costos Laborales,0
CL01:DF_IR2023_RAMA(1.0),_T,M,IR2023,VAR12,C,2025-M05,8.82394127558741,,,2,,Encuesta Mensual de Remuneraciones y Costos Laborales,0
CL01:DF_IR2023_RAMA(1.0),_T,M,IR2023,VAR12,C,2025-M06,7.24950744409667,,,2,,Encuesta Mensual de Remuneraciones y Costos Laborales,0
CL01:DF_IR2023_RAMA(1.0),_T,M,IR2023,VAR12,C,2025-M07,5.915576847523996,,,2,,Encuesta Mensual de Remuneraciones y Costos Laborales,0
CL01:DF_IR2023_RAMA(1.0),_T,M,IR2023,VAR12,C,2025-M08,5.519395825740325,,,2,,Encuesta Mensual de Remuneraciones y Costos Laborales,0
CL01:DF_IR2023_RAMA(1.0),_T,M,IR2023,VAR12,C,2025-M09,4.590390020911306,,,2,,Encuesta Mensual de Remuneraciones y Costos Laborales,0
CL01:DF_IR2023_RAMA(1.0),_T,M,IR2023,VAR12,C,2025-M10,5.478656203740018,,,2,,Encuesta Mensual de Remuneraciones y Costos Laborales,0
CL01:DF_IR2023_RAMA(1.0),_T,M,IR2023,VAR12,C,2025-M11,5.301560855524201,,,2,,Encuesta Mensual de Remuneraciones y Costos Laborales,0
CL01:DF_IR2023_RAMA(1.0),_T,M,IR2023,VAR12,C,2025-M12,5.0603785130004075,,,2,,Encuesta Mensual de Remuneraciones y Costos Laborales,0
CL01:DF_IR2023_RAMA(1.0),_T,M,IR2023,VAR12,C,2026-M01,4.6354683808421004,,,2,,Encuesta Mensual de Remuneraciones y Costos Laborales,0
CL01:DF_IR2023_RAMA(1.0),_T,M,IR2023,VAR12,C,2026-M02,4.617185301306059,,,2,,Encuesta Mensual de Remuneraciones y Costos Laborales,0
CL01:DF_IR2023_RAMA(1.0),_T,M,IR2023,VAR12,C,2026-M03,5.111939826646572,,Valor provisional,2,,Encuesta Mensual de Remuneraciones y Costos Laborales,0
CL01:DF_IR2023_RAMA(1.0),_T,M,IR2023,VAR12,H,2023-M01,,R,,2,,Encuesta Mensual de Remuneraciones y Costos Laborales,0
CL01:DF_IR2023_RAMA(1.0),_T,M,IR2023,VAR12,H,2023-M02,,R,,2,,Encuesta Mensual de Remuneraciones y Costos Laborales,0
CL01:DF_IR2023_RAMA(1.0),_T,M,IR2023,VAR12,H,2023-M03,,R,,2,,Encuesta Mensual de Remuneraciones y Costos Laborales,0
CL01:DF_IR2023_RAMA(1.0),_T,M,IR2023,VAR12,H,2023-M04,,R,,2,,Encuesta Mensual de Remuneraciones y Costos Laborales,0
CL01:DF_IR2023_RAMA(1.0),_T,M,IR2023,VAR12,H,2023-M05,,R,,2,,Encuesta Mensual de Remuneraciones y Costos Laborales,0
CL01:DF_IR2023_RAMA(1.0),_T,M,IR2023,VAR12,H,2023-M06,,R,,2,,Encuesta Mensual de Remuneraciones y Costos Laborales,0
CL01:DF_IR2023_RAMA(1.0),_T,M,IR2023,VAR12,H,2023-M07,,R,,2,,Encuesta Mensual de Remuneraciones y Costos Laborales,0
CL01:DF_IR2023_RAMA(1.0),_T,M,IR2023,VAR12,H,2023-M08,,R,,2,,Encuesta Mensual de Remuneraciones y Costos Laborales,0
CL01:DF_IR2023_RAMA(1.0),_T,M,IR2023,VAR12,H,2023-M09,,R,,2,,Encuesta Mensual de Remuneraciones y Costos Laborales,0
CL01:DF_IR2023_RAMA(1.0),_T,M,IR2023,VAR12,H,2023-M10,,R,,2,,Encuesta Mensual de Remuneraciones y Costos Laborales,0
CL01:DF_IR2023_RAMA(1.0),_T,M,IR2023,VAR12,H,2023-M11,,R,,2,,Encuesta Mensual de Remuneraciones y Costos Laborales,0
CL01:DF_IR2023_RAMA(1.0),_T,M,IR2023,VAR12,H,2023-M12,,R,,2,,Encuesta Mensual de Remuneraciones y Costos Laborales,0
CL01:DF_IR2023_RAMA(1.0),_T,M,IR2023,VAR12,H,2024-M01,6.403214336494134,R,,2,,Encuesta Mensual de Remuneraciones y Costos Laborales,0
CL01:DF_IR2023_RAMA(1.0),_T,M,IR2023,VAR12,H,2024-M02,7.402664626853794,R,,2,,Encuesta Mensual de Remuneraciones y Costos Laborales,0
CL01:DF_IR2023_RAMA(1.0),_T,M,IR2023,VAR12,H,2024-M03,8.041712312765913,R,,2,,Encuesta Mensual de Remuneraciones y Costos Laborales,0
CL01:DF_IR2023_RAMA(1.0),_T,M,IR2023,VAR12,H,2024-M04,6.548422447633406,R,,2,,Encuesta Mensual de Remuneraciones y Costos Laborales,0
CL01:DF_IR2023_RAMA(1.0),_T,M,IR2023,VAR12,H,2024-M05,7.329558505297129,R,,2,,Encuesta Mensual de Remuneraciones y Costos Laborales,0
CL01:DF_IR2023_RAMA(1.0),_T,M,IR2023,VAR12,H,2024-M06,8.015856264534804,R,,2,,Encuesta Mensual de Remuneraciones y Costos Laborales,0
CL01:DF_IR2023_RAMA(1.0),_T,M,IR2023,VAR12,H,2024-M07,10.66638633392667,R,,2,,Encuesta Mensual de Remuneraciones y Costos Laborales,0
CL01:DF_IR2023_RAMA(1.0),_T,M,IR2023,VAR12,H,2024-M08,10.454673063651065,R,,2,,Encuesta Mensual de Remuneraciones y Costos Laborales,0
CL01:DF_IR2023_RAMA(1.0),_T,M,IR2023,VAR12,H,2024-M09,8.31936954194128,R,,2,,Encuesta Mensual de Remuneraciones y Costos Laborales,0
CL01:DF_IR2023_RAMA(1.0),_T,M,IR2023,VAR12,H,2024-M10,9.791046337645692,R,,2,,Encuesta Mensual de Remuneraciones y Costos Laborales,0
CL01:DF_IR2023_RAMA(1.0),_T,M,IR2023,VAR12,H,2024-M11,10.919571028968388,R,,2,,Encuesta Mensual de Remuneraciones y Costos Laborales,0
CL01:DF_IR2023_RAMA(1.0),_T,M,IR2023,VAR12,H,2024-M12,10.078505876134901,R,,2,,Encuesta Mensual de Remuneraciones y Costos Laborales,0
CL01:DF_IR2023_RAMA(1.0),_T,M,IR2023,VAR12,H,2025-M01,11.72094399781054,R,,2,,Encuesta Mensual de Remuneraciones y Costos Laborales,0
CL01:DF_IR2023_RAMA(1.0),_T,M,IR2023,VAR12,H,2025-M02,10.671256888956226,R,,2,,Encuesta Mensual de Remuneraciones y Costos Laborales,0
CL01:DF_IR2023_RAMA(1.0),_T,M,IR2023,VAR12,H,2025-M03,10.993230312084368,R,,2,,Encuesta Mensual de Remuneraciones y Costos Laborales,0
CL01:DF_IR2023_RAMA(1.0),_T,M,IR2023,VAR12,H,2025-M04,10.732529269158908,,,2,,Encuesta Mensual de Remuneraciones y Costos Laborales,0
CL01:DF_IR2023_RAMA(1.0),_T,M,IR2023,VAR12,H,2025-M05,10.627838398267997,,,2,,Encuesta Mensual de Remuneraciones y Costos Laborales,0
CL01:DF_IR2023_RAMA(1.0),_T,M,IR2023,VAR12,H,2025-M06,10.674728466302641,,,2,,Encuesta Mensual de Remuneraciones y Costos Laborales,0
CL01:DF_IR2023_RAMA(1.0),_T,M,IR2023,VAR12,H,2025-M07,8.849071542131814,,,2,,Encuesta Mensual de Remuneraciones y Costos Laborales,0
CL01:DF_IR2023_RAMA(1.0),_T,M,IR2023,VAR12,H,2025-M08,7.833659584541763,,,2,,Encuesta Mensual de Remuneraciones y Costos Laborales,0
CL01:DF_IR2023_RAMA(1.0),_T,M,IR2023,VAR12,H,2025-M09,6.6358932714353225,,,2,,Encuesta Mensual de Remuneraciones y Costos Laborales,0
CL01:DF_IR2023_RAMA(1.0),_T,M,IR2023,VAR12,H,2025-M10,6.065526987877812,,,2,,Encuesta Mensual de Remuneraciones y Costos Laborales,0
CL01:DF_IR2023_RAMA(1.0),_T,M,IR2023,VAR12,H,2025-M11,5.747453592274132,,,2,,Encuesta Mensual de Remuneraciones y Costos Laborales,0
CL01:DF_IR2023_RAMA(1.0),_T,M,IR2023,VAR12,H,2025-M12,5.785163072338362,,,2,,Encuesta Mensual de Remuneraciones y Costos Laborales,0
CL01:DF_IR2023_RAMA(1.0),_T,M,IR2023,VAR12,H,2026-M01,5.870625997323975,,,2,,Encuesta Mensual de Remuneraciones y Costos Laborales,0
CL01:DF_IR2023_RAMA(1.0),_T,M,IR2023,VAR12,H,2026-M02,6.355676883309425,,,2,,Encuesta Mensual de Remuneraciones y Costos Laborales,0
CL01:DF_IR2023_RAMA(1.0),_T,M,IR2023,VAR12,H,2026-M03,6.201285287966951,,Valor provisional,2,,Encuesta Mensual de Remuneraciones y Costos Laborales,0
CL01:DF_IR2023_RAMA(1.0),_T,M,IR2023,IX,K,2023-M01,97.73491943732792,R,,2,,Encuesta Mensual de Remuneraciones y Costos Laborales,0
CL01:DF_IR2023_RAMA(1.0),_T,M,IR2023,IX,K,2023-M02,97.75984887116795,R,,2,,Encuesta Mensual de Remuneraciones y Costos Laborales,0
CL01:DF_IR2023_RAMA(1.0),_T,M,IR2023,IX,K,2023-M03,97.69658665673205,R,,2,,Encuesta Mensual de Remuneraciones y Costos Laborales,0
CL01:DF_IR2023_RAMA(1.0),_T,M,IR2023,IX,K,2023-M04,99.05743757019481,R,,2,,Encuesta Mensual de Remuneraciones y Costos Laborales,0
CL01:DF_IR2023_RAMA(1.0),_T,M,IR2023,IX,K,2023-M05,98.835496328716,R,,2,,Encuesta Mensual de Remuneraciones y Costos Laborales,0
CL01:DF_IR2023_RAMA(1.0),_T,M,IR2023,IX,K,2023-M06,99.98919876780124,R,,2,,Encuesta Mensual de Remuneraciones y Costos Laborales,0
CL01:DF_IR2023_RAMA(1.0),_T,M,IR2023,IX,K,2023-M07,100.68661843571314,R,,2,,Encuesta Mensual de Remuneraciones y Costos Laborales,0
CL01:DF_IR2023_RAMA(1.0),_T,M,IR2023,IX,K,2023-M08,100.52006503571809,R,,2,,Encuesta Mensual de Remuneraciones y Costos Laborales,0
CL01:DF_IR2023_RAMA(1.0),_T,M,IR2023,IX,K,2023-M09,101.60125140798941,R,,2,,Encuesta Mensual de Remuneraciones y Costos Laborales,0
CL01:DF_IR2023_RAMA(1.0),_T,M,IR2023,IX,K,2023-M10,101.37294420493664,R,,2,,Encuesta Mensual de Remuneraciones y Costos Laborales,0
CL01:DF_IR2023_RAMA(1.0),_T,M,IR2023,IX,K,2023-M11,101.72890674595712,R,,2,,Encuesta Mensual de Remuneraciones y Costos Laborales,0
CL01:DF_IR2023_RAMA(1.0),_T,M,IR2023,IX,K,2023-M12,103.01672653774571,R,,2,,Encuesta Mensual de Remuneraciones y Costos Laborales,0
CL01:DF_IR2023_RAMA(1.0),_T,M,IR2023,IX,K,2024-M01,102.8699987330324,R,,2,,Encuesta Mensual de Remuneraciones y Costos Laborales,0
CL01:DF_IR2023_RAMA(1.0),_T,M,IR2023,IX,K,2024-M02,103.17751872090753,R,,2,,Encuesta Mensual de Remuneraciones y Costos Laborales,0
CL01:DF_IR2023_RAMA(1.0),_T,M,IR2023,IX,K,2024-M03,103.72745666270316,R,,2,,Encuesta Mensual de Remuneraciones y Costos Laborales,0
CL01:DF_IR2023_RAMA(1.0),_T,M,IR2023,IX,K,2024-M04,104.64980345603199,,,2,,Encuesta Mensual de Remuneraciones y Costos Laborales,0
CL01:DF_IR2023_RAMA(1.0),_T,M,IR2023,IX,K,2024-M05,105.38074494763217,,,2,,Encuesta Mensual de Remuneraciones y Costos Laborales,0
CL01:DF_IR2023_RAMA(1.0),_T,M,IR2023,IX,K,2024-M06,105.50168779723127,,,2,,Encuesta Mensual de Remuneraciones y Costos Laborales,0
CL01:DF_IR2023_RAMA(1.0),_T,M,IR2023,IX,K,2024-M07,106.49154117068143,,,2,,Encuesta Mensual de Remuneraciones y Costos Laborales,0
CL01:DF_IR2023_RAMA(1.0),_T,M,IR2023,IX,K,2024-M08,106.75605014741214,,,2,,Encuesta Mensual de Remuneraciones y Costos Laborales,0
CL01:DF_IR2023_RAMA(1.0),_T,M,IR2023,IX,K,2024-M09,107.27591550108018,,,2,,Encuesta Mensual de Remuneraciones y Costos Laborales,0
CL01:DF_IR2023_RAMA(1.0),_T,M,IR2023,IX,K,2024-M10,107.68112602834766,,,2,,Encuesta Mensual de Remuneraciones y Costos Laborales,0
CL01:DF_IR2023_RAMA(1.0),_T,M,IR2023,IX,K,2024-M11,108.6851740027209,,,2,,Encuesta Mensual de Remuneraciones y Costos Laborales,0
CL01:DF_IR2023_RAMA(1.0),_T,M,IR2023,IX,K,2024-M12,108.20513094327093,,,2,,Encuesta Mensual de Remuneraciones y Costos Laborales,0
CL01:DF_IR2023_RAMA(1.0),_T,M,IR2023,IX,K,2025-M01,109.21474934055801,,,2,,Encuesta Mensual de Remuneraciones y Costos Laborales,0
CL01:DF_IR2023_RAMA(1.0),_T,M,IR2023,IX,K,2025-M02,109.81911819547851,,,2,,Encuesta Mensual de Remuneraciones y Costos Laborales,0
CL01:DF_IR2023_RAMA(1.0),_T,M,IR2023,IX,K,2025-M03,109.72123942317604,,,2,,Encuesta Mensual de Remuneraciones y Costos Laborales,0
CL01:DF_IR2023_RAMA(1.0),_T,M,IR2023,IX,K,2025-M04,111.64268773535075,,,2,,Encuesta Mensual de Remuneraciones y Costos Laborales,0
CL01:DF_IR2023_RAMA(1.0),_T,M,IR2023,IX,K,2025-M05,112.12695426773901,,,2,,Encuesta Mensual de Remuneraciones y Costos Laborales,0
CL01:DF_IR2023_RAMA(1.0),_T,M,IR2023,IX,K,2025-M06,112.85154053241861,,,2,,Encuesta Mensual de Remuneraciones y Costos Laborales,0
CL01:DF_IR2023_RAMA(1.0),_T,M,IR2023,IX,K,2025-M07,112.96725055994585,,,2,,Encuesta Mensual de Remuneraciones y Costos Laborales,0
CL01:DF_IR2023_RAMA(1.0),_T,M,IR2023,IX,K,2025-M08,114.5216598282817,,,2,,Encuesta Mensual de Remuneraciones y Costos Laborales,0
CL01:DF_IR2023_RAMA(1.0),_T,M,IR2023,IX,K,2025-M09,113.44022854361884,,,2,,Encuesta Mensual de Remuneraciones y Costos Laborales,0
CL01:DF_IR2023_RAMA(1.0),_T,M,IR2023,IX,K,2025-M10,113.90830422522038,,,2,,Encuesta Mensual de Remuneraciones y Costos Laborales,0
CL01:DF_IR2023_RAMA(1.0),_T,M,IR2023,IX,K,2025-M11,113.98171148993912,,,2,,Encuesta Mensual de Remuneraciones y Costos Laborales,0
CL01:DF_IR2023_RAMA(1.0),_T,M,IR2023,IX,K,2025-M12,114.00080370346481,,,2,,Encuesta Mensual de Remuneraciones y Costos Laborales,0
CL01:DF_IR2023_RAMA(1.0),_T,M,IR2023,IX,K,2026-M01,115.01241601248009,,,2,,Encuesta Mensual de Remuneraciones y Costos Laborales,0
CL01:DF_IR2023_RAMA(1.0),_T,M,IR2023,IX,K,2026-M02,115.88567332102292,,,2,,Encuesta Mensual de Remuneraciones y Costos Laborales,0
CL01:DF_IR2023_RAMA(1.0),_T,M,IR2023,IX,K,2026-M03,114.8120779688605,,Valor provisional,2,,Encuesta Mensual de Remuneraciones y Costos Laborales,0
CL01:DF_IR2023_RAMA(1.0),_T,M,IR2023,VAR12,J,2023-M01,,R,,2,,Encuesta Mensual de Remuneraciones y Costos Laborales,0
CL01:DF_IR2023_RAMA(1.0),_T,M,IR2023,VAR12,J,2023-M02,,R,,2,,Encuesta Mensual de Remuneraciones y Costos Laborales,0
CL01:DF_IR2023_RAMA(1.0),_T,M,IR2023,VAR12,J,2023-M03,,R,,2,,Encuesta Mensual de Remuneraciones y Costos Laborales,0
CL01:DF_IR2023_RAMA(1.0),_T,M,IR2023,VAR12,J,2023-M04,,R,,2,,Encuesta Mensual de Remuneraciones y Costos Laborales,0
CL01:DF_IR2023_RAMA(1.0),_T,M,IR2023,VAR12,J,2023-M05,,R,,2,,Encuesta Mensual de Remuneraciones y Costos Laborales,0
CL01:DF_IR2023_RAMA(1.0),_T,M,IR2023,VAR12,J,2023-M06,,R,,2,,Encuesta Mensual de Remuneraciones y Costos Laborales,0
CL01:DF_IR2023_RAMA(1.0),_T,M,IR2023,VAR12,J,2023-M07,,R,,2,,Encuesta Mensual de Remuneraciones y Costos Laborales,0
CL01:DF_IR2023_RAMA(1.0),_T,M,IR2023,VAR12,J,2023-M08,,R,,2,,Encuesta Mensual de Remuneraciones y Costos Laborales,0
CL01:DF_IR2023_RAMA(1.0),_T,M,IR2023,VAR12,J,2023-M09,,R,,2,,Encuesta Mensual de Remuneraciones y Costos Laborales,0
CL01:DF_IR2023_RAMA(1.0),_T,M,IR2023,VAR12,J,2023-M10,,R,,2,,Encuesta Mensual de Remuneraciones y Costos Laborales,0
CL01:DF_IR2023_RAMA(1.0),_T,M,IR2023,VAR12,J,2023-M11,,R,,2,,Encuesta Mensual de Remuneraciones y Costos Laborales,0
CL01:DF_IR2023_RAMA(1.0),_T,M,IR2023,VAR12,J,2023-M12,,R,,2,,Encuesta Mensual de Remuneraciones y Costos Laborales,0
CL01:DF_IR2023_RAMA(1.0),_T,M,IR2023,VAR12,J,2024-M01,5.427434575648893,R,,2,,Encuesta Mensual de Remuneraciones y Costos Laborales,0
CL01:DF_IR2023_RAMA(1.0),_T,M,IR2023,VAR12,J,2024-M02,5.803799680314881,R,,2,,Encuesta Mensual de Remuneraciones y Costos Laborales,0
CL01:DF_IR2023_RAMA(1.0),_T,M,IR2023,VAR12,J,2024-M03,6.500045684934208,R,,2,,Encuesta Mensual de Remuneraciones y Costos Laborales,0
CL01:DF_IR2023_RAMA(1.0),_T,M,IR2023,VAR12,J,2024-M04,5.682490116383199,R,,2,,Encuesta Mensual de Remuneraciones y Costos Laborales,0
CL01:DF_IR2023_RAMA(1.0),_T,M,IR2023,VAR12,J,2024-M05,6.287135961133461,R,,2,,Encuesta Mensual de Remuneraciones y Costos Laborales,0
CL01:DF_IR2023_RAMA(1.0),_T,M,IR2023,VAR12,J,2024-M06,7.348903775382598,R,,2,,Encuesta Mensual de Remuneraciones y Costos Laborales,0
CL01:DF_IR2023_RAMA(1.0),_T,M,IR2023,VAR12,J,2024-M07,8.587247547812439,R,,2,,Encuesta Mensual de Remuneraciones y Costos Laborales,0
CL01:DF_IR2023_RAMA(1.0),_T,M,IR2023,VAR12,J,2024-M08,8.386478171583267,R,,2,,Encuesta Mensual de Remuneraciones y Costos Laborales,0
CL01:DF_IR2023_RAMA(1.0),_T,M,IR2023,VAR12,J,2024-M09,7.859303760312408,R,,2,,Encuesta Mensual de Remuneraciones y Costos Laborales,0
CL01:DF_IR2023_RAMA(1.0),_T,M,IR2023,VAR12,J,2024-M10,7.675591215120936,R,,2,,Encuesta Mensual de Remuneraciones y Costos Laborales,0
CL01:DF_IR2023_RAMA(1.0),_T,M,IR2023,VAR12,J,2024-M11,8.75439778711906,R,,2,,Encuesta Mensual de Remuneraciones y Costos Laborales,0
CL01:DF_IR2023_RAMA(1.0),_T,M,IR2023,VAR12,J,2024-M12,8.620776165443278,R,,2,,Encuesta Mensual de Remuneraciones y Costos Laborales,0
CL01:DF_IR2023_RAMA(1.0),_T,M,IR2023,VAR12,J,2025-M01,8.376192327442066,R,,2,,Encuesta Mensual de Remuneraciones y Costos Laborales,0
CL01:DF_IR2023_RAMA(1.0),_T,M,IR2023,VAR12,J,2025-M02,8.094613628410375,R,,2,,Encuesta Mensual de Remuneraciones y Costos Laborales,0
CL01:DF_IR2023_RAMA(1.0),_T,M,IR2023,VAR12,J,2025-M03,7.448341302906325,R,,2,,Encuesta Mensual de Remuneraciones y Costos Laborales,0
CL01:DF_IR2023_RAMA(1.0),_T,M,IR2023,VAR12,J,2025-M04,7.499894465722412,,,2,,Encuesta Mensual de Remuneraciones y Costos Laborales,0
CL01:DF_IR2023_RAMA(1.0),_T,M,IR2023,VAR12,J,2025-M05,7.579245880730401,,,2,,Encuesta Mensual de Remuneraciones y Costos Laborales,0
CL01:DF_IR2023_RAMA(1.0),_T,M,IR2023,VAR12,J,2025-M06,6.953869552764247,,,2,,Encuesta Mensual de Remuneraciones y Costos Laborales,0
CL01:DF_IR2023_RAMA(1.0),_T,M,IR2023,VAR12,J,2025-M07,5.65839804497561,,,2,,Encuesta Mensual de Remuneraciones y Costos Laborales,0
CL01:DF_IR2023_RAMA(1.0),_T,M,IR2023,VAR12,J,2025-M08,6.264850076552686,,,2,,Encuesta Mensual de Remuneraciones y Costos Laborales,0
CL01:DF_IR2023_RAMA(1.0),_T,M,IR2023,VAR12,J,2025-M09,5.946100877628835,,,2,,Encuesta Mensual de Remuneraciones y Costos Laborales,0
CL01:DF_IR2023_RAMA(1.0),_T,M,IR2023,VAR12,J,2025-M10,5.780931040669546,,,2,,Encuesta Mensual de Remuneraciones y Costos Laborales,0
CL01:DF_IR2023_RAMA(1.0),_T,M,IR2023,VAR12,J,2025-M11,5.452512313525948,,,2,,Encuesta Mensual de Remuneraciones y Costos Laborales,0
CL01:DF_IR2023_RAMA(1.0),_T,M,IR2023,VAR12,J,2025-M12,5.990590973309695,,,2,,Encuesta Mensual de Remuneraciones y Costos Laborales,0
CL01:DF_IR2023_RAMA(1.0),_T,M,IR2023,VAR12,J,2026-M01,5.867060464871288,,,2,,Encuesta Mensual de Remuneraciones y Costos Laborales,0
CL01:DF_IR2023_RAMA(1.0),_T,M,IR2023,VAR12,J,2026-M02,6.672079645562534,,,2,,Encuesta Mensual de Remuneraciones y Costos Laborales,0
CL01:DF_IR2023_RAMA(1.0),_T,M,IR2023,VAR12,J,2026-M03,7.112761149533009,,Valor provisional,2,,Encuesta Mensual de Remuneraciones y Costos Laborales,0
CL01:DF_IR2023_RAMA(1.0),_T,M,IR2023,VAR12,I,2023-M01,,R,,2,,Encuesta Mensual de Remuneraciones y Costos Laborales,0
CL01:DF_IR2023_RAMA(1.0),_T,M,IR2023,VAR12,I,2023-M02,,R,,2,,Encuesta Mensual de Remuneraciones y Costos Laborales,0
CL01:DF_IR2023_RAMA(1.0),_T,M,IR2023,VAR12,I,2023-M03,,R,,2,,Encuesta Mensual de Remuneraciones y Costos Laborales,0
CL01:DF_IR2023_RAMA(1.0),_T,M,IR2023,VAR12,I,2023-M04,,R,,2,,Encuesta Mensual de Remuneraciones y Costos Laborales,0
CL01:DF_IR2023_RAMA(1.0),_T,M,IR2023,VAR12,I,2023-M05,,R,,2,,Encuesta Mensual de Remuneraciones y Costos Laborales,0
CL01:DF_IR2023_RAMA(1.0),_T,M,IR2023,VAR12,I,2023-M06,,R,,2,,Encuesta Mensual de Remuneraciones y Costos Laborales,0
CL01:DF_IR2023_RAMA(1.0),_T,M,IR2023,VAR12,I,2023-M07,,R,,2,,Encuesta Mensual de Remuneraciones y Costos Laborales,0
CL01:DF_IR2023_RAMA(1.0),_T,M,IR2023,VAR12,I,2023-M08,,R,,2,,Encuesta Mensual de Remuneraciones y Costos Laborales,0
CL01:DF_IR2023_RAMA(1.0),_T,M,IR2023,VAR12,I,2023-M09,,R,,2,,Encuesta Mensual de Remuneraciones y Costos Laborales,0
CL01:DF_IR2023_RAMA(1.0),_T,M,IR2023,VAR12,I,2023-M10,,R,,2,,Encuesta Mensual de Remuneraciones y Costos Laborales,0
CL01:DF_IR2023_RAMA(1.0),_T,M,IR2023,VAR12,I,2023-M11,,R,,2,,Encuesta Mensual de Remuneraciones y Costos Laborales,0
CL01:DF_IR2023_RAMA(1.0),_T,M,IR2023,VAR12,I,2023-M12,,R,,2,,Encuesta Mensual de Remuneraciones y Costos Laborales,0
CL01:DF_IR2023_RAMA(1.0),_T,M,IR2023,VAR12,I,2024-M01,11.215207355784473,R,,2,,Encuesta Mensual de Remuneraciones y Costos Laborales,0
CL01:DF_IR2023_RAMA(1.0),_T,M,IR2023,VAR12,I,2024-M02,10.36977836911337,R,,2,,Encuesta Mensual de Remuneraciones y Costos Laborales,0
CL01:DF_IR2023_RAMA(1.0),_T,M,IR2023,VAR12,I,2024-M03,10.224867594860187,R,,2,,Encuesta Mensual de Remuneraciones y Costos Laborales,0
CL01:DF_IR2023_RAMA(1.0),_T,M,IR2023,VAR12,I,2024-M04,9.393226555105795,R,,2,,Encuesta Mensual de Remuneraciones y Costos Laborales,0
CL01:DF_IR2023_RAMA(1.0),_T,M,IR2023,VAR12,I,2024-M05,9.267559945615256,R,,2,,Encuesta Mensual de Remuneraciones y Costos Laborales,0
CL01:DF_IR2023_RAMA(1.0),_T,M,IR2023,VAR12,I,2024-M06,9.905816533906474,R,,2,,Encuesta Mensual de Remuneraciones y Costos Laborales,0
CL01:DF_IR2023_RAMA(1.0),_T,M,IR2023,VAR12,I,2024-M07,15.411473982372703,R,,2,,Encuesta Mensual de Remuneraciones y Costos Laborales,0
CL01:DF_IR2023_RAMA(1.0),_T,M,IR2023,VAR12,I,2024-M08,14.030220359084211,R,,2,,Encuesta Mensual de Remuneraciones y Costos Laborales,0
CL01:DF_IR2023_RAMA(1.0),_T,M,IR2023,VAR12,I,2024-M09,11.204890539045987,R,,2,,Encuesta Mensual de Remuneraciones y Costos Laborales,0
CL01:DF_IR2023_RAMA(1.0),_T,M,IR2023,VAR12,I,2024-M10,11.041924148148908,R,,2,,Encuesta Mensual de Remuneraciones y Costos Laborales,0
CL01:DF_IR2023_RAMA(1.0),_T,M,IR2023,VAR12,I,2024-M11,12.670087263560092,R,,2,,Encuesta Mensual de Remuneraciones y Costos Laborales,0
CL01:DF_IR2023_RAMA(1.0),_T,M,IR2023,VAR12,I,2024-M12,10.075216453828762,R,,2,,Encuesta Mensual de Remuneraciones y Costos Laborales,0
CL01:DF_IR2023_RAMA(1.0),_T,M,IR2023,VAR12,I,2025-M01,12.241643115965584,R,,2,,Encuesta Mensual de Remuneraciones y Costos Laborales,0
CL01:DF_IR2023_RAMA(1.0),_T,M,IR2023,VAR12,I,2025-M02,12.438237154864563,R,,2,,Encuesta Mensual de Remuneraciones y Costos Laborales,0
CL01:DF_IR2023_RAMA(1.0),_T,M,IR2023,VAR12,I,2025-M03,12.065043770719397,R,,2,,Encuesta Mensual de Remuneraciones y Costos Laborales,0
CL01:DF_IR2023_RAMA(1.0),_T,M,IR2023,VAR12,I,2025-M04,12.921413990745023,,,2,,Encuesta Mensual de Remuneraciones y Costos Laborales,0
CL01:DF_IR2023_RAMA(1.0),_T,M,IR2023,VAR12,I,2025-M05,11.647260572197027,,,2,,Encuesta Mensual de Remuneraciones y Costos Laborales,0
CL01:DF_IR2023_RAMA(1.0),_T,M,IR2023,VAR12,I,2025-M06,10.854179275833186,,,2,,Encuesta Mensual de Remuneraciones y Costos Laborales,0
CL01:DF_IR2023_RAMA(1.0),_T,M,IR2023,VAR12,I,2025-M07,6.277809667956347,,,2,,Encuesta Mensual de Remuneraciones y Costos Laborales,0
CL01:DF_IR2023_RAMA(1.0),_T,M,IR2023,VAR12,I,2025-M08,6.755222196089505,,,2,,Encuesta Mensual de Remuneraciones y Costos Laborales,0
CL01:DF_IR2023_RAMA(1.0),_T,M,IR2023,VAR12,I,2025-M09,6.087057615247904,,,2,,Encuesta Mensual de Remuneraciones y Costos Laborales,0
CL01:DF_IR2023_RAMA(1.0),_T,M,IR2023,VAR12,I,2025-M10,6.243472919000981,,,2,,Encuesta Mensual de Remuneraciones y Costos Laborales,0
CL01:DF_IR2023_RAMA(1.0),_T,M,IR2023,VAR12,I,2025-M11,6.308503545467303,,,2,,Encuesta Mensual de Remuneraciones y Costos Laborales,0
CL01:DF_IR2023_RAMA(1.0),_T,M,IR2023,VAR12,I,2025-M12,6.9330808042606495,,,2,,Encuesta Mensual de Remuneraciones y Costos Laborales,0
CL01:DF_IR2023_RAMA(1.0),_T,M,IR2023,VAR12,I,2026-M01,7.043644065099164,,,2,,Encuesta Mensual de Remuneraciones y Costos Laborales,0
CL01:DF_IR2023_RAMA(1.0),_T,M,IR2023,VAR12,I,2026-M02,6.932654818263728,,,2,,Encuesta Mensual de Remuneraciones y Costos Laborales,0
CL01:DF_IR2023_RAMA(1.0),_T,M,IR2023,VAR12,I,2026-M03,6.7718375428689415,,Valor provisional,2,,Encuesta Mensual de Remuneraciones y Costos Laborales,0
CL01:DF_IR2023_RAMA(1.0),_T,M,IR2023,VAR12,D,2023-M01,,R,,2,,Encuesta Mensual de Remuneraciones y Costos Laborales,0
CL01:DF_IR2023_RAMA(1.0),_T,M,IR2023,VAR12,D,2023-M02,,R,,2,,Encuesta Mensual de Remuneraciones y Costos Laborales,0
CL01:DF_IR2023_RAMA(1.0),_T,M,IR2023,VAR12,D,2023-M03,,R,,2,,Encuesta Mensual de Remuneraciones y Costos Laborales,0
CL01:DF_IR2023_RAMA(1.0),_T,M,IR2023,VAR12,D,2023-M04,,R,,2,,Encuesta Mensual de Remuneraciones y Costos Laborales,0
CL01:DF_IR2023_RAMA(1.0),_T,M,IR2023,VAR12,D,2023-M05,,R,,2,,Encuesta Mensual de Remuneraciones y Costos Laborales,0
CL01:DF_IR2023_RAMA(1.0),_T,M,IR2023,VAR12,D,2023-M06,,R,,2,,Encuesta Mensual de Remuneraciones y Costos Laborales,0
CL01:DF_IR2023_RAMA(1.0),_T,M,IR2023,VAR12,D,2023-M07,,R,,2,,Encuesta Mensual de Remuneraciones y Costos Laborales,0
CL01:DF_IR2023_RAMA(1.0),_T,M,IR2023,VAR12,D,2023-M08,,R,,2,,Encuesta Mensual de Remuneraciones y Costos Laborales,0
CL01:DF_IR2023_RAMA(1.0),_T,M,IR2023,VAR12,D,2023-M09,,R,,2,,Encuesta Mensual de Remuneraciones y Costos Laborales,0
CL01:DF_IR2023_RAMA(1.0),_T,M,IR2023,VAR12,D,2023-M10,,R,,2,,Encuesta Mensual de Remuneraciones y Costos Laborales,0
CL01:DF_IR2023_RAMA(1.0),_T,M,IR2023,VAR12,D,2023-M11,,R,,2,,Encuesta Mensual de Remuneraciones y Costos Laborales,0
CL01:DF_IR2023_RAMA(1.0),_T,M,IR2023,VAR12,D,2023-M12,,R,,2,,Encuesta Mensual de Remuneraciones y Costos Laborales,0
CL01:DF_IR2023_RAMA(1.0),_T,M,IR2023,VAR12,D,2024-M01,7.209350521148217,R,,2,,Encuesta Mensual de Remuneraciones y Costos Laborales,0
CL01:DF_IR2023_RAMA(1.0),_T,M,IR2023,VAR12,D,2024-M02,6.864148007414372,R,,2,,Encuesta Mensual de Remuneraciones y Costos Laborales,0
CL01:DF_IR2023_RAMA(1.0),_T,M,IR2023,VAR12,D,2024-M03,7.336213155388327,R,,2,,Encuesta Mensual de Remuneraciones y Costos Laborales,0
CL01:DF_IR2023_RAMA(1.0),_T,M,IR2023,VAR12,D,2024-M04,7.182081233292892,R,,2,,Encuesta Mensual de Remuneraciones y Costos Laborales,0
CL01:DF_IR2023_RAMA(1.0),_T,M,IR2023,VAR12,D,2024-M05,7.410004262316727,R,,2,,Encuesta Mensual de Remuneraciones y Costos Laborales,0
CL01:DF_IR2023_RAMA(1.0),_T,M,IR2023,VAR12,D,2024-M06,7.083855222129709,R,,2,,Encuesta Mensual de Remuneraciones y Costos Laborales,0
CL01:DF_IR2023_RAMA(1.0),_T,M,IR2023,VAR12,D,2024-M07,8.333276782912202,R,,2,,Encuesta Mensual de Remuneraciones y Costos Laborales,0
CL01:DF_IR2023_RAMA(1.0),_T,M,IR2023,VAR12,D,2024-M08,8.581190412484506,R,,2,,Encuesta Mensual de Remuneraciones y Costos Laborales,0
CL01:DF_IR2023_RAMA(1.0),_T,M,IR2023,VAR12,D,2024-M09,7.399015354632277,R,,2,,Encuesta Mensual de Remuneraciones y Costos Laborales,0
CL01:DF_IR2023_RAMA(1.0),_T,M,IR2023,VAR12,D,2024-M10,7.1924123171815735,R,,2,,Encuesta Mensual de Remuneraciones y Costos Laborales,0
CL01:DF_IR2023_RAMA(1.0),_T,M,IR2023,VAR12,D,2024-M11,7.492696623220074,R,,2,,Encuesta Mensual de Remuneraciones y Costos Laborales,0
CL01:DF_IR2023_RAMA(1.0),_T,M,IR2023,VAR12,D,2024-M12,8.616441558289578,R,,2,,Encuesta Mensual de Remuneraciones y Costos Laborales,0
CL01:DF_IR2023_RAMA(1.0),_T,M,IR2023,VAR12,D,2025-M01,7.610290845028422,R,,2,,Encuesta Mensual de Remuneraciones y Costos Laborales,0
CL01:DF_IR2023_RAMA(1.0),_T,M,IR2023,VAR12,D,2025-M02,8.74632490387668,R,,2,,Encuesta Mensual de Remuneraciones y Costos Laborales,0
CL01:DF_IR2023_RAMA(1.0),_T,M,IR2023,VAR12,D,2025-M03,7.386629931301014,R,,2,,Encuesta Mensual de Remuneraciones y Costos Laborales,0
CL01:DF_IR2023_RAMA(1.0),_T,M,IR2023,VAR12,D,2025-M04,8.32704670048181,,,2,,Encuesta Mensual de Remuneraciones y Costos Laborales,0
CL01:DF_IR2023_RAMA(1.0),_T,M,IR2023,VAR12,D,2025-M05,7.370270841204873,,,2,,Encuesta Mensual de Remuneraciones y Costos Laborales,0
CL01:DF_IR2023_RAMA(1.0),_T,M,IR2023,VAR12,D,2025-M06,7.348895944153111,,,2,,Encuesta Mensual de Remuneraciones y Costos Laborales,0
CL01:DF_IR2023_RAMA(1.0),_T,M,IR2023,VAR12,D,2025-M07,6.613710992082811,,,2,,Encuesta Mensual de Remuneraciones y Costos Laborales,0
CL01:DF_IR2023_RAMA(1.0),_T,M,IR2023,VAR12,D,2025-M08,5.803409564148976,,,2,,Encuesta Mensual de Remuneraciones y Costos Laborales,0
CL01:DF_IR2023_RAMA(1.0),_T,M,IR2023,VAR12,D,2025-M09,6.667825336755073,,,2,,Encuesta Mensual de Remuneraciones y Costos Laborales,0
CL01:DF_IR2023_RAMA(1.0),_T,M,IR2023,VAR12,D,2025-M10,6.9931208674237855,,,2,,Encuesta Mensual de Remuneraciones y Costos Laborales,0
CL01:DF_IR2023_RAMA(1.0),_T,M,IR2023,VAR12,D,2025-M11,6.9519841957983886,,,2,,Encuesta Mensual de Remuneraciones y Costos Laborales,0
CL01:DF_IR2023_RAMA(1.0),_T,M,IR2023,VAR12,D,2025-M12,5.9232720747183665,,,2,,Encuesta Mensual de Remuneraciones y Costos Laborales,0
CL01:DF_IR2023_RAMA(1.0),_T,M,IR2023,VAR12,D,2026-M01,5.133427299376048,,,2,,Encuesta Mensual de Remuneraciones y Costos Laborales,0
CL01:DF_IR2023_RAMA(1.0),_T,M,IR2023,VAR12,D,2026-M02,3.894237585556648,,,2,,Encuesta Mensual de Remuneraciones y Costos Laborales,0
CL01:DF_IR2023_RAMA(1.0),_T,M,IR2023,VAR12,D,2026-M03,3.386688024846163,,Valor provisional,2,,Encuesta Mensual de Remuneraciones y Costos Laborales,0
CL01:DF_IR2023_RAMA(1.0),_T,M,IR2023,IX,O,2023-M01,100.10912040436685,R,,2,,Encuesta Mensual de Remuneraciones y Costos Laborales,0
CL01:DF_IR2023_RAMA(1.0),_T,M,IR2023,IX,O,2023-M02,99.2643647752026,R,,2,,Encuesta Mensual de Remuneraciones y Costos Laborales,0
CL01:DF_IR2023_RAMA(1.0),_T,M,IR2023,IX,O,2023-M03,99.97095165336482,R,,2,,Encuesta Mensual de Remuneraciones y Costos Laborales,0
CL01:DF_IR2023_RAMA(1.0),_T,M,IR2023,IX,O,2023-M04,99.66287551315365,R,,2,,Encuesta Mensual de Remuneraciones y Costos Laborales,0
CL01:DF_IR2023_RAMA(1.0),_T,M,IR2023,IX,O,2023-M05,99.07357852643736,R,,2,,Encuesta Mensual de Remuneraciones y Costos Laborales,0
CL01:DF_IR2023_RAMA(1.0),_T,M,IR2023,IX,O,2023-M06,100.41842418169307,R,,2,,Encuesta Mensual de Remuneraciones y Costos Laborales,0
CL01:DF_IR2023_RAMA(1.0),_T,M,IR2023,IX,O,2023-M07,99.43347966300311,R,,2,,Encuesta Mensual de Remuneraciones y Costos Laborales,0
CL01:DF_IR2023_RAMA(1.0),_T,M,IR2023,IX,O,2023-M08,99.23515765231946,R,,2,,Encuesta Mensual de Remuneraciones y Costos Laborales,0
CL01:DF_IR2023_RAMA(1.0),_T,M,IR2023,IX,O,2023-M09,100.58018148779321,R,,2,,Encuesta Mensual de Remuneraciones y Costos Laborales,0
CL01:DF_IR2023_RAMA(1.0),_T,M,IR2023,IX,O,2023-M10,99.92577517638021,R,,2,,Encuesta Mensual de Remuneraciones y Costos Laborales,0
CL01:DF_IR2023_RAMA(1.0),_T,M,IR2023,IX,O,2023-M11,99.50794813060715,R,,2,,Encuesta Mensual de Remuneraciones y Costos Laborales,0
CL01:DF_IR2023_RAMA(1.0),_T,M,IR2023,IX,O,2023-M12,102.81814283567867,R,,2,,Encuesta Mensual de Remuneraciones y Costos Laborales,0
CL01:DF_IR2023_RAMA(1.0),_T,M,IR2023,IX,O,2024-M01,103.95473884637317,R,,2,,Encuesta Mensual de Remuneraciones y Costos Laborales,0
CL01:DF_IR2023_RAMA(1.0),_T,M,IR2023,IX,O,2024-M02,104.27258622651352,R,,2,,Encuesta Mensual de Remuneraciones y Costos Laborales,0
CL01:DF_IR2023_RAMA(1.0),_T,M,IR2023,IX,O,2024-M03,104.96555093062753,R,,2,,Encuesta Mensual de Remuneraciones y Costos Laborales,0
CL01:DF_IR2023_RAMA(1.0),_T,M,IR2023,IX,O,2024-M04,104.8952027438439,,,2,,Encuesta Mensual de Remuneraciones y Costos Laborales,0
CL01:DF_IR2023_RAMA(1.0),_T,M,IR2023,IX,O,2024-M05,104.5093792331421,,,2,,Encuesta Mensual de Remuneraciones y Costos Laborales,0
CL01:DF_IR2023_RAMA(1.0),_T,M,IR2023,IX,O,2024-M06,105.63527489113761,,,2,,Encuesta Mensual de Remuneraciones y Costos Laborales,0
CL01:DF_IR2023_RAMA(1.0),_T,M,IR2023,IX,O,2024-M07,105.0147597338858,,,2,,Encuesta Mensual de Remuneraciones y Costos Laborales,0
CL01:DF_IR2023_RAMA(1.0),_T,M,IR2023,IX,O,2024-M08,105.23231758682202,,,2,,Encuesta Mensual de Remuneraciones y Costos Laborales,0
CL01:DF_IR2023_RAMA(1.0),_T,M,IR2023,IX,O,2024-M09,105.70918503926045,,,2,,Encuesta Mensual de Remuneraciones y Costos Laborales,0
CL01:DF_IR2023_RAMA(1.0),_T,M,IR2023,IX,O,2024-M10,105.12771488234063,,,2,,Encuesta Mensual de Remuneraciones y Costos Laborales,0
CL01:DF_IR2023_RAMA(1.0),_T,M,IR2023,IX,O,2024-M11,105.19397202838674,,,2,,Encuesta Mensual de Remuneraciones y Costos Laborales,0
CL01:DF_IR2023_RAMA(1.0),_T,M,IR2023,IX,O,2024-M12,106.43160949612583,,,2,,Encuesta Mensual de Remuneraciones y Costos Laborales,0
CL01:DF_IR2023_RAMA(1.0),_T,M,IR2023,IX,O,2025-M01,109.59700273263705,,,2,,Encuesta Mensual de Remuneraciones y Costos Laborales,0
CL01:DF_IR2023_RAMA(1.0),_T,M,IR2023,IX,O,2025-M02,109.87454470606464,,,2,,Encuesta Mensual de Remuneraciones y Costos Laborales,0
CL01:DF_IR2023_RAMA(1.0),_T,M,IR2023,IX,O,2025-M03,110.55414865818206,,,2,,Encuesta Mensual de Remuneraciones y Costos Laborales,0
CL01:DF_IR2023_RAMA(1.0),_T,M,IR2023,IX,O,2025-M04,109.54456925852084,,,2,,Encuesta Mensual de Remuneraciones y Costos Laborales,0
CL01:DF_IR2023_RAMA(1.0),_T,M,IR2023,IX,O,2025-M05,109.36364715421033,,,2,,Encuesta Mensual de Remuneraciones y Costos Laborales,0
CL01:DF_IR2023_RAMA(1.0),_T,M,IR2023,IX,O,2025-M06,110.87475098706263,,,2,,Encuesta Mensual de Remuneraciones y Costos Laborales,0
CL01:DF_IR2023_RAMA(1.0),_T,M,IR2023,IX,O,2025-M07,110.43507437250854,,,2,,Encuesta Mensual de Remuneraciones y Costos Laborales,0
CL01:DF_IR2023_RAMA(1.0),_T,M,IR2023,IX,O,2025-M08,110.24131244789275,,,2,,Encuesta Mensual de Remuneraciones y Costos Laborales,0
CL01:DF_IR2023_RAMA(1.0),_T,M,IR2023,IX,O,2025-M09,110.56335095380214,,,2,,Encuesta Mensual de Remuneraciones y Costos Laborales,0
CL01:DF_IR2023_RAMA(1.0),_T,M,IR2023,IX,O,2025-M10,110.41430015736996,,,2,,Encuesta Mensual de Remuneraciones y Costos Laborales,0
CL01:DF_IR2023_RAMA(1.0),_T,M,IR2023,IX,O,2025-M11,110.81460869970465,,,2,,Encuesta Mensual de Remuneraciones y Costos Laborales,0
CL01:DF_IR2023_RAMA(1.0),_T,M,IR2023,IX,O,2025-M12,111.75997229915042,,,2,,Encuesta Mensual de Remuneraciones y Costos Laborales,0
CL01:DF_IR2023_RAMA(1.0),_T,M,IR2023,IX,O,2026-M01,111.25844366529371,,,2,,Encuesta Mensual de Remuneraciones y Costos Laborales,0
CL01:DF_IR2023_RAMA(1.0),_T,M,IR2023,IX,O,2026-M02,113.81821568448937,,,2,,Encuesta Mensual de Remuneraciones y Costos Laborales,0
CL01:DF_IR2023_RAMA(1.0),_T,M,IR2023,IX,O,2026-M03,113.98357225970692,,Valor provisional,2,,Encuesta Mensual de Remuneraciones y Costos Laborales,0
CL01:DF_IR2023_RAMA(1.0),_T,M,IR2023,VAR12,N,2023-M01,,R,,2,,Encuesta Mensual de Remuneraciones y Costos Laborales,0
CL01:DF_IR2023_RAMA(1.0),_T,M,IR2023,VAR12,N,2023-M02,,R,,2,,Encuesta Mensual de Remuneraciones y Costos Laborales,0
CL01:DF_IR2023_RAMA(1.0),_T,M,IR2023,VAR12,N,2023-M03,,R,,2,,Encuesta Mensual de Remuneraciones y Costos Laborales,0
CL01:DF_IR2023_RAMA(1.0),_T,M,IR2023,VAR12,N,2023-M04,,R,,2,,Encuesta Mensual de Remuneraciones y Costos Laborales,0
CL01:DF_IR2023_RAMA(1.0),_T,M,IR2023,VAR12,N,2023-M05,,R,,2,,Encuesta Mensual de Remuneraciones y Costos Laborales,0
CL01:DF_IR2023_RAMA(1.0),_T,M,IR2023,VAR12,N,2023-M06,,R,,2,,Encuesta Mensual de Remuneraciones y Costos Laborales,0
CL01:DF_IR2023_RAMA(1.0),_T,M,IR2023,VAR12,N,2023-M07,,R,,2,,Encuesta Mensual de Remuneraciones y Costos Laborales,0
CL01:DF_IR2023_RAMA(1.0),_T,M,IR2023,VAR12,N,2023-M08,,R,,2,,Encuesta Mensual de Remuneraciones y Costos Laborales,0
CL01:DF_IR2023_RAMA(1.0),_T,M,IR2023,VAR12,N,2023-M09,,R,,2,,Encuesta Mensual de Remuneraciones y Costos Laborales,0
CL01:DF_IR2023_RAMA(1.0),_T,M,IR2023,VAR12,N,2023-M10,,R,,2,,Encuesta Mensual de Remuneraciones y Costos Laborales,0
CL01:DF_IR2023_RAMA(1.0),_T,M,IR2023,VAR12,N,2023-M11,,R,,2,,Encuesta Mensual de Remuneraciones y Costos Laborales,0
CL01:DF_IR2023_RAMA(1.0),_T,M,IR2023,VAR12,N,2023-M12,,R,,2,,Encuesta Mensual de Remuneraciones y Costos Laborales,0
CL01:DF_IR2023_RAMA(1.0),_T,M,IR2023,VAR12,N,2024-M01,9.998231496082411,R,,2,,Encuesta Mensual de Remuneraciones y Costos Laborales,0
CL01:DF_IR2023_RAMA(1.0),_T,M,IR2023,VAR12,N,2024-M02,7.708588601129729,R,,2,,Encuesta Mensual de Remuneraciones y Costos Laborales,0
CL01:DF_IR2023_RAMA(1.0),_T,M,IR2023,VAR12,N,2024-M03,9.321687859310801,R,,2,,Encuesta Mensual de Remuneraciones y Costos Laborales,0
CL01:DF_IR2023_RAMA(1.0),_T,M,IR2023,VAR12,N,2024-M04,8.449429308362944,R,,2,,Encuesta Mensual de Remuneraciones y Costos Laborales,0
CL01:DF_IR2023_RAMA(1.0),_T,M,IR2023,VAR12,N,2024-M05,8.64207035005169,R,,2,,Encuesta Mensual de Remuneraciones y Costos Laborales,0
CL01:DF_IR2023_RAMA(1.0),_T,M,IR2023,VAR12,N,2024-M06,9.178453551420084,R,,2,,Encuesta Mensual de Remuneraciones y Costos Laborales,0
CL01:DF_IR2023_RAMA(1.0),_T,M,IR2023,VAR12,N,2024-M07,12.958112826607593,R,,2,,Encuesta Mensual de Remuneraciones y Costos Laborales,0
CL01:DF_IR2023_RAMA(1.0),_T,M,IR2023,VAR12,N,2024-M08,13.351112103900299,R,,2,,Encuesta Mensual de Remuneraciones y Costos Laborales,0
CL01:DF_IR2023_RAMA(1.0),_T,M,IR2023,VAR12,N,2024-M09,11.75894148454557,R,,2,,Encuesta Mensual de Remuneraciones y Costos Laborales,0
CL01:DF_IR2023_RAMA(1.0),_T,M,IR2023,VAR12,N,2024-M10,12.240562657959387,R,,2,,Encuesta Mensual de Remuneraciones y Costos Laborales,0
CL01:DF_IR2023_RAMA(1.0),_T,M,IR2023,VAR12,N,2024-M11,12.063867958366359,R,,2,,Encuesta Mensual de Remuneraciones y Costos Laborales,0
CL01:DF_IR2023_RAMA(1.0),_T,M,IR2023,VAR12,N,2024-M12,11.457567313984818,R,,2,,Encuesta Mensual de Remuneraciones y Costos Laborales,0
CL01:DF_IR2023_RAMA(1.0),_T,M,IR2023,VAR12,N,2025-M01,11.949264652988223,R,,2,,Encuesta Mensual de Remuneraciones y Costos Laborales,0
CL01:DF_IR2023_RAMA(1.0),_T,M,IR2023,VAR12,N,2025-M02,13.438070410119707,R,,2,,Encuesta Mensual de Remuneraciones y Costos Laborales,0
CL01:DF_IR2023_RAMA(1.0),_T,M,IR2023,VAR12,N,2025-M03,12.258366478489101,R,,2,,Encuesta Mensual de Remuneraciones y Costos Laborales,0
CL01:DF_IR2023_RAMA(1.0),_T,M,IR2023,VAR12,N,2025-M04,12.708765461288273,,,2,,Encuesta Mensual de Remuneraciones y Costos Laborales,0
CL01:DF_IR2023_RAMA(1.0),_T,M,IR2023,VAR12,N,2025-M05,12.168406806511545,,,2,,Encuesta Mensual de Remuneraciones y Costos Laborales,0
CL01:DF_IR2023_RAMA(1.0),_T,M,IR2023,VAR12,N,2025-M06,10.874576442920647,,,2,,Encuesta Mensual de Remuneraciones y Costos Laborales,0
CL01:DF_IR2023_RAMA(1.0),_T,M,IR2023,VAR12,N,2025-M07,7.175395391152906,,,2,,Encuesta Mensual de Remuneraciones y Costos Laborales,0
CL01:DF_IR2023_RAMA(1.0),_T,M,IR2023,VAR12,N,2025-M08,6.679232956778658,,,2,,Encuesta Mensual de Remuneraciones y Costos Laborales,0
CL01:DF_IR2023_RAMA(1.0),_T,M,IR2023,VAR12,N,2025-M09,6.214984967646919,,,2,,Encuesta Mensual de Remuneraciones y Costos Laborales,0
CL01:DF_IR2023_RAMA(1.0),_T,M,IR2023,VAR12,N,2025-M10,6.0827651141313055,,,2,,Encuesta Mensual de Remuneraciones y Costos Laborales,0
CL01:DF_IR2023_RAMA(1.0),_T,M,IR2023,VAR12,N,2025-M11,6.807388207362797,,,2,,Encuesta Mensual de Remuneraciones y Costos Laborales,0
CL01:DF_IR2023_RAMA(1.0),_T,M,IR2023,VAR12,N,2025-M12,6.3236351558909165,,,2,,Encuesta Mensual de Remuneraciones y Costos Laborales,0
CL01:DF_IR2023_RAMA(1.0),_T,M,IR2023,VAR12,N,2026-M01,6.393520224088167,,,2,,Encuesta Mensual de Remuneraciones y Costos Laborales,0
CL01:DF_IR2023_RAMA(1.0),_T,M,IR2023,VAR12,N,2026-M02,5.6328670690395155,,,2,,Encuesta Mensual de Remuneraciones y Costos Laborales,0
CL01:DF_IR2023_RAMA(1.0),_T,M,IR2023,VAR12,N,2026-M03,6.083195701831978,,Valor provisional,2,,Encuesta Mensual de Remuneraciones y Costos Laborales,0
CL01:DF_IR2023_RAMA(1.0),_T,M,IR2023,IX,M,2023-M01,98.22328443577852,R,,2,,Encuesta Mensual de Remuneraciones y Costos Laborales,0
CL01:DF_IR2023_RAMA(1.0),_T,M,IR2023,IX,M,2023-M02,97.18552751570341,R,,2,,Encuesta Mensual de Remuneraciones y Costos Laborales,0
CL01:DF_IR2023_RAMA(1.0),_T,M,IR2023,IX,M,2023-M03,98.01988795113718,R,,2,,Encuesta Mensual de Remuneraciones y Costos Laborales,0
CL01:DF_IR2023_RAMA(1.0),_T,M,IR2023,IX,M,2023-M04,99.0543775054416,R,,2,,Encuesta Mensual de Remuneraciones y Costos Laborales,0
CL01:DF_IR2023_RAMA(1.0),_T,M,IR2023,IX,M,2023-M05,98.30412931836202,R,,2,,Encuesta Mensual de Remuneraciones y Costos Laborales,0
CL01:DF_IR2023_RAMA(1.0),_T,M,IR2023,IX,M,2023-M06,99.5198744199615,R,,2,,Encuesta Mensual de Remuneraciones y Costos Laborales,0
CL01:DF_IR2023_RAMA(1.0),_T,M,IR2023,IX,M,2023-M07,100.30957279091606,R,,2,,Encuesta Mensual de Remuneraciones y Costos Laborales,0
CL01:DF_IR2023_RAMA(1.0),_T,M,IR2023,IX,M,2023-M08,100.9965069178555,R,,2,,Encuesta Mensual de Remuneraciones y Costos Laborales,0
CL01:DF_IR2023_RAMA(1.0),_T,M,IR2023,IX,M,2023-M09,101.85791758205994,R,,2,,Encuesta Mensual de Remuneraciones y Costos Laborales,0
CL01:DF_IR2023_RAMA(1.0),_T,M,IR2023,IX,M,2023-M10,101.6431433218923,R,,2,,Encuesta Mensual de Remuneraciones y Costos Laborales,0
CL01:DF_IR2023_RAMA(1.0),_T,M,IR2023,IX,M,2023-M11,102.43849846983932,R,,2,,Encuesta Mensual de Remuneraciones y Costos Laborales,0
CL01:DF_IR2023_RAMA(1.0),_T,M,IR2023,IX,M,2023-M12,102.4472797710526,R,,2,,Encuesta Mensual de Remuneraciones y Costos Laborales,0
CL01:DF_IR2023_RAMA(1.0),_T,M,IR2023,IX,M,2024-M01,103.58256718926998,R,,2,,Encuesta Mensual de Remuneraciones y Costos Laborales,0
CL01:DF_IR2023_RAMA(1.0),_T,M,IR2023,IX,M,2024-M02,104.22630651038035,R,,2,,Encuesta Mensual de Remuneraciones y Costos Laborales,0
CL01:DF_IR2023_RAMA(1.0),_T,M,IR2023,IX,M,2024-M03,105.08096274834722,R,,2,,Encuesta Mensual de Remuneraciones y Costos Laborales,0
CL01:DF_IR2023_RAMA(1.0),_T,M,IR2023,IX,M,2024-M04,105.80527446378157,,,2,,Encuesta Mensual de Remuneraciones y Costos Laborales,0
CL01:DF_IR2023_RAMA(1.0),_T,M,IR2023,IX,M,2024-M05,107.97846246840652,,,2,,Encuesta Mensual de Remuneraciones y Costos Laborales,0
CL01:DF_IR2023_RAMA(1.0),_T,M,IR2023,IX,M,2024-M06,108.63229217114639,,,2,,Encuesta Mensual de Remuneraciones y Costos Laborales,0
CL01:DF_IR2023_RAMA(1.0),_T,M,IR2023,IX,M,2024-M07,109.78289438419552,,,2,,Encuesta Mensual de Remuneraciones y Costos Laborales,0
CL01:DF_IR2023_RAMA(1.0),_T,M,IR2023,IX,M,2024-M08,110.2643904617266,,,2,,Encuesta Mensual de Remuneraciones y Costos Laborales,0
CL01:DF_IR2023_RAMA(1.0),_T,M,IR2023,IX,M,2024-M09,110.49868278245079,,,2,,Encuesta Mensual de Remuneraciones y Costos Laborales,0
CL01:DF_IR2023_RAMA(1.0),_T,M,IR2023,IX,M,2024-M10,112.12530201218728,,,2,,Encuesta Mensual de Remuneraciones y Costos Laborales,0
CL01:DF_IR2023_RAMA(1.0),_T,M,IR2023,IX,M,2024-M11,112.05851106433373,,,2,,Encuesta Mensual de Remuneraciones y Costos Laborales,0
CL01:DF_IR2023_RAMA(1.0),_T,M,IR2023,IX,M,2024-M12,112.79733867129578,,,2,,Encuesta Mensual de Remuneraciones y Costos Laborales,0
CL01:DF_IR2023_RAMA(1.0),_T,M,IR2023,IX,M,2025-M01,114.30578647229646,,,2,,Encuesta Mensual de Remuneraciones y Costos Laborales,0
CL01:DF_IR2023_RAMA(1.0),_T,M,IR2023,IX,M,2025-M02,116.13451532985654,,,2,,Encuesta Mensual de Remuneraciones y Costos Laborales,0
CL01:DF_IR2023_RAMA(1.0),_T,M,IR2023,IX,M,2025-M03,115.119737765926,,,2,,Encuesta Mensual de Remuneraciones y Costos Laborales,0
CL01:DF_IR2023_RAMA(1.0),_T,M,IR2023,IX,M,2025-M04,114.41000828670634,,,2,,Encuesta Mensual de Remuneraciones y Costos Laborales,0
CL01:DF_IR2023_RAMA(1.0),_T,M,IR2023,IX,M,2025-M05,114.42089262924458,,,2,,Encuesta Mensual de Remuneraciones y Costos Laborales,0
CL01:DF_IR2023_RAMA(1.0),_T,M,IR2023,IX,M,2025-M06,115.335193389924,,,2,,Encuesta Mensual de Remuneraciones y Costos Laborales,0
CL01:DF_IR2023_RAMA(1.0),_T,M,IR2023,IX,M,2025-M07,116.67322817545487,,,2,,Encuesta Mensual de Remuneraciones y Costos Laborales,0
CL01:DF_IR2023_RAMA(1.0),_T,M,IR2023,IX,M,2025-M08,116.55013697672075,,,2,,Encuesta Mensual de Remuneraciones y Costos Laborales,0
CL01:DF_IR2023_RAMA(1.0),_T,M,IR2023,IX,M,2025-M09,117.52139252614947,,,2,,Encuesta Mensual de Remuneraciones y Costos Laborales,0
CL01:DF_IR2023_RAMA(1.0),_T,M,IR2023,IX,M,2025-M10,118.48995804692724,,,2,,Encuesta Mensual de Remuneraciones y Costos Laborales,0
CL01:DF_IR2023_RAMA(1.0),_T,M,IR2023,IX,M,2025-M11,118.63680598611879,,,2,,Encuesta Mensual de Remuneraciones y Costos Laborales,0
CL01:DF_IR2023_RAMA(1.0),_T,M,IR2023,IX,M,2025-M12,120.71010890286495,,,2,,Encuesta Mensual de Remuneraciones y Costos Laborales,0
CL01:DF_IR2023_RAMA(1.0),_T,M,IR2023,IX,M,2026-M01,120.73929809078368,,,2,,Encuesta Mensual de Remuneraciones y Costos Laborales,0
CL01:DF_IR2023_RAMA(1.0),_T,M,IR2023,IX,M,2026-M02,121.52917479810401,,,2,,Encuesta Mensual de Remuneraciones y Costos Laborales,0
CL01:DF_IR2023_RAMA(1.0),_T,M,IR2023,IX,M,2026-M03,121.71732903679093,,Valor provisional,2,,Encuesta Mensual de Remuneraciones y Costos Laborales,0
CL01:DF_IR2023_RAMA(1.0),_T,M,IR2023,VAR12,P,2023-M01,,R,,2,,Encuesta Mensual de Remuneraciones y Costos Laborales,0
CL01:DF_IR2023_RAMA(1.0),_T,M,IR2023,VAR12,P,2023-M02,,R,,2,,Encuesta Mensual de Remuneraciones y Costos Laborales,0
CL01:DF_IR2023_RAMA(1.0),_T,M,IR2023,VAR12,P,2023-M03,,R,,2,,Encuesta Mensual de Remuneraciones y Costos Laborales,0
CL01:DF_IR2023_RAMA(1.0),_T,M,IR2023,VAR12,P,2023-M04,,R,,2,,Encuesta Mensual de Remuneraciones y Costos Laborales,0
CL01:DF_IR2023_RAMA(1.0),_T,M,IR2023,VAR12,P,2023-M05,,R,,2,,Encuesta Mensual de Remuneraciones y Costos Laborales,0
CL01:DF_IR2023_RAMA(1.0),_T,M,IR2023,VAR12,P,2023-M06,,R,,2,,Encuesta Mensual de Remuneraciones y Costos Laborales,0
CL01:DF_IR2023_RAMA(1.0),_T,M,IR2023,VAR12,P,2023-M07,,R,,2,,Encuesta Mensual de Remuneraciones y Costos Laborales,0
CL01:DF_IR2023_RAMA(1.0),_T,M,IR2023,VAR12,P,2023-M08,,R,,2,,Encuesta Mensual de Remuneraciones y Costos Laborales,0
CL01:DF_IR2023_RAMA(1.0),_T,M,IR2023,VAR12,P,2023-M09,,R,,2,,Encuesta Mensual de Remuneraciones y Costos Laborales,0
CL01:DF_IR2023_RAMA(1.0),_T,M,IR2023,VAR12,P,2023-M10,,R,,2,,Encuesta Mensual de Remuneraciones y Costos Laborales,0
CL01:DF_IR2023_RAMA(1.0),_T,M,IR2023,VAR12,P,2023-M11,,R,,2,,Encuesta Mensual de Remuneraciones y Costos Laborales,0
CL01:DF_IR2023_RAMA(1.0),_T,M,IR2023,VAR12,P,2023-M12,,R,,2,,Encuesta Mensual de Remuneraciones y Costos Laborales,0
CL01:DF_IR2023_RAMA(1.0),_T,M,IR2023,VAR12,P,2024-M01,4.836102523315788,R,,2,,Encuesta Mensual de Remuneraciones y Costos Laborales,0
CL01:DF_IR2023_RAMA(1.0),_T,M,IR2023,VAR12,P,2024-M02,5.865424922039875,R,,2,,Encuesta Mensual de Remuneraciones y Costos Laborales,0
CL01:DF_IR2023_RAMA(1.0),_T,M,IR2023,VAR12,P,2024-M03,6.113907397741181,R,,2,,Encuesta Mensual de Remuneraciones y Costos Laborales,0
CL01:DF_IR2023_RAMA(1.0),_T,M,IR2023,VAR12,P,2024-M04,6.697841990962861,R,,2,,Encuesta Mensual de Remuneraciones y Costos Laborales,0
CL01:DF_IR2023_RAMA(1.0),_T,M,IR2023,VAR12,P,2024-M05,6.175366393278625,R,,2,,Encuesta Mensual de Remuneraciones y Costos Laborales,0
CL01:DF_IR2023_RAMA(1.0),_T,M,IR2023,VAR12,P,2024-M06,6.264790615095461,R,,2,,Encuesta Mensual de Remuneraciones y Costos Laborales,0
CL01:DF_IR2023_RAMA(1.0),_T,M,IR2023,VAR12,P,2024-M07,6.170561243877715,R,,2,,Encuesta Mensual de Remuneraciones y Costos Laborales,0
CL01:DF_IR2023_RAMA(1.0),_T,M,IR2023,VAR12,P,2024-M08,6.5702146540802975,R,,2,,Encuesta Mensual de Remuneraciones y Costos Laborales,0
CL01:DF_IR2023_RAMA(1.0),_T,M,IR2023,VAR12,P,2024-M09,5.51072176919043,R,,2,,Encuesta Mensual de Remuneraciones y Costos Laborales,0
CL01:DF_IR2023_RAMA(1.0),_T,M,IR2023,VAR12,P,2024-M10,6.846226903042485,R,,2,,Encuesta Mensual de Remuneraciones y Costos Laborales,0
CL01:DF_IR2023_RAMA(1.0),_T,M,IR2023,VAR12,P,2024-M11,6.933423459056476,R,,2,,Encuesta Mensual de Remuneraciones y Costos Laborales,0
CL01:DF_IR2023_RAMA(1.0),_T,M,IR2023,VAR12,P,2024-M12,5.22033561147337,R,,2,,Encuesta Mensual de Remuneraciones y Costos Laborales,0
CL01:DF_IR2023_RAMA(1.0),_T,M,IR2023,VAR12,P,2025-M01,6.507482893285443,R,,2,,Encuesta Mensual de Remuneraciones y Costos Laborales,0
CL01:DF_IR2023_RAMA(1.0),_T,M,IR2023,VAR12,P,2025-M02,7.356351086870383,R,,2,,Encuesta Mensual de Remuneraciones y Costos Laborales,0
CL01:DF_IR2023_RAMA(1.0),_T,M,IR2023,VAR12,P,2025-M03,7.711841820284282,R,,2,,Encuesta Mensual de Remuneraciones y Costos Laborales,0
CL01:DF_IR2023_RAMA(1.0),_T,M,IR2023,VAR12,P,2025-M04,7.168181014889141,,,2,,Encuesta Mensual de Remuneraciones y Costos Laborales,0
CL01:DF_IR2023_RAMA(1.0),_T,M,IR2023,VAR12,P,2025-M05,7.438293137098473,,,2,,Encuesta Mensual de Remuneraciones y Costos Laborales,0
CL01:DF_IR2023_RAMA(1.0),_T,M,IR2023,VAR12,P,2025-M06,6.812221918669148,,,2,,Encuesta Mensual de Remuneraciones y Costos Laborales,0
CL01:DF_IR2023_RAMA(1.0),_T,M,IR2023,VAR12,P,2025-M07,7.419532750343172,,,2,,Encuesta Mensual de Remuneraciones y Costos Laborales,0
CL01:DF_IR2023_RAMA(1.0),_T,M,IR2023,VAR12,P,2025-M08,7.045984913128067,,,2,,Encuesta Mensual de Remuneraciones y Costos Laborales,0
CL01:DF_IR2023_RAMA(1.0),_T,M,IR2023,VAR12,P,2025-M09,6.784382565970337,,,2,,Encuesta Mensual de Remuneraciones y Costos Laborales,0
CL01:DF_IR2023_RAMA(1.0),_T,M,IR2023,VAR12,P,2025-M10,7.001560164913823,,,2,,Encuesta Mensual de Remuneraciones y Costos Laborales,0
CL01:DF_IR2023_RAMA(1.0),_T,M,IR2023,VAR12,P,2025-M11,6.705990724406119,,,2,,Encuesta Mensual de Remuneraciones y Costos Laborales,0
CL01:DF_IR2023_RAMA(1.0),_T,M,IR2023,VAR12,P,2025-M12,5.6514888285603915,,,2,,Encuesta Mensual de Remuneraciones y Costos Laborales,0
CL01:DF_IR2023_RAMA(1.0),_T,M,IR2023,VAR12,P,2026-M01,3.9770877799996995,,,2,,Encuesta Mensual de Remuneraciones y Costos Laborales,0
CL01:DF_IR2023_RAMA(1.0),_T,M,IR2023,VAR12,P,2026-M02,4.072202201753794,,,2,,Encuesta Mensual de Remuneraciones y Costos Laborales,0
CL01:DF_IR2023_RAMA(1.0),_T,M,IR2023,VAR12,P,2026-M03,4.100061012806333,,Valor provisional,2,,Encuesta Mensual de Remuneraciones y Costos Laborales,0
CL01:DF_IR2023_RAMA(1.0),_T,M,IR2023,IX,H,2023-M01,97.88737393948584,R,,2,,Encuesta Mensual de Remuneraciones y Costos Laborales,0
CL01:DF_IR2023_RAMA(1.0),_T,M,IR2023,IX,H,2023-M02,97.30022647948057,R,,2,,Encuesta Mensual de Remuneraciones y Costos Laborales,0
CL01:DF_IR2023_RAMA(1.0),_T,M,IR2023,IX,H,2023-M03,96.60176500024221,R,,2,,Encuesta Mensual de Remuneraciones y Costos Laborales,0
CL01:DF_IR2023_RAMA(1.0),_T,M,IR2023,IX,H,2023-M04,98.58314341687368,R,,2,,Encuesta Mensual de Remuneraciones y Costos Laborales,0
CL01:DF_IR2023_RAMA(1.0),_T,M,IR2023,IX,H,2023-M05,99.11689169504247,R,,2,,Encuesta Mensual de Remuneraciones y Costos Laborales,0
CL01:DF_IR2023_RAMA(1.0),_T,M,IR2023,IX,H,2023-M06,99.19920140569009,R,,2,,Encuesta Mensual de Remuneraciones y Costos Laborales,0
CL01:DF_IR2023_RAMA(1.0),_T,M,IR2023,IX,H,2023-M07,99.11962793564949,R,,2,,Encuesta Mensual de Remuneraciones y Costos Laborales,0
CL01:DF_IR2023_RAMA(1.0),_T,M,IR2023,IX,H,2023-M08,100.23765808009452,R,,2,,Encuesta Mensual de Remuneraciones y Costos Laborales,0
CL01:DF_IR2023_RAMA(1.0),_T,M,IR2023,IX,H,2023-M09,103.33211161925922,R,,2,,Encuesta Mensual de Remuneraciones y Costos Laborales,0
CL01:DF_IR2023_RAMA(1.0),_T,M,IR2023,IX,H,2023-M10,102.58753511642841,R,,2,,Encuesta Mensual de Remuneraciones y Costos Laborales,0
CL01:DF_IR2023_RAMA(1.0),_T,M,IR2023,IX,H,2023-M11,102.26270541432865,R,,2,,Encuesta Mensual de Remuneraciones y Costos Laborales,0
CL01:DF_IR2023_RAMA(1.0),_T,M,IR2023,IX,H,2023-M12,103.77175989742489,R,,2,,Encuesta Mensual de Remuneraciones y Costos Laborales,0
CL01:DF_IR2023_RAMA(1.0),_T,M,IR2023,IX,H,2024-M01,104.15531230119662,R,,2,,Encuesta Mensual de Remuneraciones y Costos Laborales,0
CL01:DF_IR2023_RAMA(1.0),_T,M,IR2023,IX,H,2024-M02,104.50303592692572,R,,2,,Encuesta Mensual de Remuneraciones y Costos Laborales,0
CL01:DF_IR2023_RAMA(1.0),_T,M,IR2023,IX,H,2024-M03,104.37020103061589,R,,2,,Encuesta Mensual de Remuneraciones y Costos Laborales,0
CL01:DF_IR2023_RAMA(1.0),_T,M,IR2023,IX,H,2024-M04,105.03878410996688,,,2,,Encuesta Mensual de Remuneraciones y Costos Laborales,0
CL01:DF_IR2023_RAMA(1.0),_T,M,IR2023,IX,H,2024-M05,106.3817222604626,,,2,,Encuesta Mensual de Remuneraciones y Costos Laborales,0
CL01:DF_IR2023_RAMA(1.0),_T,M,IR2023,IX,H,2024-M06,107.15086680593659,,,2,,Encuesta Mensual de Remuneraciones y Costos Laborales,0
CL01:DF_IR2023_RAMA(1.0),_T,M,IR2023,IX,H,2024-M07,109.69211038401657,,,2,,Encuesta Mensual de Remuneraciones y Costos Laborales,0
CL01:DF_IR2023_RAMA(1.0),_T,M,IR2023,IX,H,2024-M08,110.71717751902882,,,2,,Encuesta Mensual de Remuneraciones y Costos Laborales,0
CL01:DF_IR2023_RAMA(1.0),_T,M,IR2023,IX,H,2024-M09,111.92869184035665,,,2,,Encuesta Mensual de Remuneraciones y Costos Laborales,0
CL01:DF_IR2023_RAMA(1.0),_T,M,IR2023,IX,H,2024-M10,112.63192821632646,,,2,,Encuesta Mensual de Remuneraciones y Costos Laborales,0
CL01:DF_IR2023_RAMA(1.0),_T,M,IR2023,IX,H,2024-M11,113.42935416819097,,,2,,Encuesta Mensual de Remuneraciones y Costos Laborales,0
CL01:DF_IR2023_RAMA(1.0),_T,M,IR2023,IX,H,2024-M12,114.23040281645545,,,2,,Encuesta Mensual de Remuneraciones y Costos Laborales,0
CL01:DF_IR2023_RAMA(1.0),_T,M,IR2023,IX,H,2025-M01,116.36329812676455,,,2,,Encuesta Mensual de Remuneraciones y Costos Laborales,0
CL01:DF_IR2023_RAMA(1.0),_T,M,IR2023,IX,H,2025-M02,115.65482334744618,,,2,,Encuesta Mensual de Remuneraciones y Costos Laborales,0
CL01:DF_IR2023_RAMA(1.0),_T,M,IR2023,IX,H,2025-M03,115.84385760709695,,,2,,Encuesta Mensual de Remuneraciones y Costos Laborales,0
CL01:DF_IR2023_RAMA(1.0),_T,M,IR2023,IX,H,2025-M04,116.31210235853771,,,2,,Encuesta Mensual de Remuneraciones y Costos Laborales,0
CL01:DF_IR2023_RAMA(1.0),_T,M,IR2023,IX,H,2025-M05,117.68779978759886,,,2,,Encuesta Mensual de Remuneraciones y Costos Laborales,0
CL01:DF_IR2023_RAMA(1.0),_T,M,IR2023,IX,H,2025-M06,118.58893088675993,,,2,,Encuesta Mensual de Remuneraciones y Costos Laborales,0
CL01:DF_IR2023_RAMA(1.0),_T,M,IR2023,IX,H,2025-M07,119.3988437079724,,,2,,Encuesta Mensual de Remuneraciones y Costos Laborales,0
CL01:DF_IR2023_RAMA(1.0),_T,M,IR2023,IX,H,2025-M08,119.39038430748235,,,2,,Encuesta Mensual de Remuneraciones y Costos Laborales,0
CL01:DF_IR2023_RAMA(1.0),_T,M,IR2023,IX,H,2025-M09,119.35616037099646,,,2,,Encuesta Mensual de Remuneraciones y Costos Laborales,0
CL01:DF_IR2023_RAMA(1.0),_T,M,IR2023,IX,H,2025-M10,119.4636482192549,,,2,,Encuesta Mensual de Remuneraciones y Costos Laborales,0
CL01:DF_IR2023_RAMA(1.0),_T,M,IR2023,IX,H,2025-M11,119.948653659024,,,2,,Encuesta Mensual de Remuneraciones y Costos Laborales,0
CL01:DF_IR2023_RAMA(1.0),_T,M,IR2023,IX,H,2025-M12,120.8388178975764,,,2,,Encuesta Mensual de Remuneraciones y Costos Laborales,0
CL01:DF_IR2023_RAMA(1.0),_T,M,IR2023,IX,H,2026-M01,123.19455215793799,,,2,,Encuesta Mensual de Remuneraciones y Costos Laborales,0
CL01:DF_IR2023_RAMA(1.0),_T,M,IR2023,IX,H,2026-M02,123.00547021937217,,,2,,Encuesta Mensual de Remuneraciones y Costos Laborales,0
CL01:DF_IR2023_RAMA(1.0),_T,M,IR2023,IX,H,2026-M03,123.02766570589924,,Valor provisional,2,,Encuesta Mensual de Remuneraciones y Costos Laborales,0
CL01:DF_IR2023_RAMA(1.0),_T,M,IR2023,VAR12,R,2023-M01,,R,,2,,Encuesta Mensual de Remuneraciones y Costos Laborales,0
CL01:DF_IR2023_RAMA(1.0),_T,M,IR2023,VAR12,R,2023-M02,,R,,2,,Encuesta Mensual de Remuneraciones y Costos Laborales,0
CL01:DF_IR2023_RAMA(1.0),_T,M,IR2023,VAR12,R,2023-M03,,R,,2,,Encuesta Mensual de Remuneraciones y Costos Laborales,0
CL01:DF_IR2023_RAMA(1.0),_T,M,IR2023,VAR12,R,2023-M04,,R,,2,,Encuesta Mensual de Remuneraciones y Costos Laborales,0
CL01:DF_IR2023_RAMA(1.0),_T,M,IR2023,VAR12,R,2023-M05,,R,,2,,Encuesta Mensual de Remuneraciones y Costos Laborales,0
CL01:DF_IR2023_RAMA(1.0),_T,M,IR2023,VAR12,R,2023-M06,,R,,2,,Encuesta Mensual de Remuneraciones y Costos Laborales,0
CL01:DF_IR2023_RAMA(1.0),_T,M,IR2023,VAR12,R,2023-M07,,R,,2,,Encuesta Mensual de Remuneraciones y Costos Laborales,0
CL01:DF_IR2023_RAMA(1.0),_T,M,IR2023,VAR12,R,2023-M08,,R,,2,,Encuesta Mensual de Remuneraciones y Costos Laborales,0
CL01:DF_IR2023_RAMA(1.0),_T,M,IR2023,VAR12,R,2023-M09,,R,,2,,Encuesta Mensual de Remuneraciones y Costos Laborales,0
CL01:DF_IR2023_RAMA(1.0),_T,M,IR2023,VAR12,R,2023-M10,,R,,2,,Encuesta Mensual de Remuneraciones y Costos Laborales,0
CL01:DF_IR2023_RAMA(1.0),_T,M,IR2023,VAR12,R,2023-M11,,R,,2,,Encuesta Mensual de Remuneraciones y Costos Laborales,0
CL01:DF_IR2023_RAMA(1.0),_T,M,IR2023,VAR12,R,2023-M12,,R,,2,,Encuesta Mensual de Remuneraciones y Costos Laborales,0
CL01:DF_IR2023_RAMA(1.0),_T,M,IR2023,VAR12,R,2024-M01,5.4444841783775955,R,,2,,Encuesta Mensual de Remuneraciones y Costos Laborales,0
CL01:DF_IR2023_RAMA(1.0),_T,M,IR2023,VAR12,R,2024-M02,5.351793805374161,R,,2,,Encuesta Mensual de Remuneraciones y Costos Laborales,0
CL01:DF_IR2023_RAMA(1.0),_T,M,IR2023,VAR12,R,2024-M03,5.760841606714595,R,,2,,Encuesta Mensual de Remuneraciones y Costos Laborales,0
CL01:DF_IR2023_RAMA(1.0),_T,M,IR2023,VAR12,R,2024-M04,5.9895009710800196,R,,2,,Encuesta Mensual de Remuneraciones y Costos Laborales,0
CL01:DF_IR2023_RAMA(1.0),_T,M,IR2023,VAR12,R,2024-M05,7.004112412118246,R,,2,,Encuesta Mensual de Remuneraciones y Costos Laborales,0
CL01:DF_IR2023_RAMA(1.0),_T,M,IR2023,VAR12,R,2024-M06,8.464632008325523,R,,2,,Encuesta Mensual de Remuneraciones y Costos Laborales,0
CL01:DF_IR2023_RAMA(1.0),_T,M,IR2023,VAR12,R,2024-M07,9.000610758706573,R,,2,,Encuesta Mensual de Remuneraciones y Costos Laborales,0
CL01:DF_IR2023_RAMA(1.0),_T,M,IR2023,VAR12,R,2024-M08,9.888544790251919,R,,2,,Encuesta Mensual de Remuneraciones y Costos Laborales,0
CL01:DF_IR2023_RAMA(1.0),_T,M,IR2023,VAR12,R,2024-M09,9.502057203865721,R,,2,,Encuesta Mensual de Remuneraciones y Costos Laborales,0
CL01:DF_IR2023_RAMA(1.0),_T,M,IR2023,VAR12,R,2024-M10,9.879026839045647,R,,2,,Encuesta Mensual de Remuneraciones y Costos Laborales,0
CL01:DF_IR2023_RAMA(1.0),_T,M,IR2023,VAR12,R,2024-M11,11.009451223477939,R,,2,,Encuesta Mensual de Remuneraciones y Costos Laborales,0
CL01:DF_IR2023_RAMA(1.0),_T,M,IR2023,VAR12,R,2024-M12,9.895743073952644,R,,2,,Encuesta Mensual de Remuneraciones y Costos Laborales,0
CL01:DF_IR2023_RAMA(1.0),_T,M,IR2023,VAR12,R,2025-M01,11.062217955590835,R,,2,,Encuesta Mensual de Remuneraciones y Costos Laborales,0
CL01:DF_IR2023_RAMA(1.0),_T,M,IR2023,VAR12,R,2025-M02,12.101089944002808,R,,2,,Encuesta Mensual de Remuneraciones y Costos Laborales,0
CL01:DF_IR2023_RAMA(1.0),_T,M,IR2023,VAR12,R,2025-M03,10.518793183218733,R,,2,,Encuesta Mensual de Remuneraciones y Costos Laborales,0
CL01:DF_IR2023_RAMA(1.0),_T,M,IR2023,VAR12,R,2025-M04,9.864974387368175,,,2,,Encuesta Mensual de Remuneraciones y Costos Laborales,0
CL01:DF_IR2023_RAMA(1.0),_T,M,IR2023,VAR12,R,2025-M05,10.04059312679213,,,2,,Encuesta Mensual de Remuneraciones y Costos Laborales,0
CL01:DF_IR2023_RAMA(1.0),_T,M,IR2023,VAR12,R,2025-M06,10.349977175089808,,,2,,Encuesta Mensual de Remuneraciones y Costos Laborales,0
CL01:DF_IR2023_RAMA(1.0),_T,M,IR2023,VAR12,R,2025-M07,8.206931897080306,,,2,,Encuesta Mensual de Remuneraciones y Costos Laborales,0
CL01:DF_IR2023_RAMA(1.0),_T,M,IR2023,VAR12,R,2025-M08,8.345305505203271,,,2,,Encuesta Mensual de Remuneraciones y Costos Laborales,0
CL01:DF_IR2023_RAMA(1.0),_T,M,IR2023,VAR12,R,2025-M09,8.326661898591547,,,2,,Encuesta Mensual de Remuneraciones y Costos Laborales,0
CL01:DF_IR2023_RAMA(1.0),_T,M,IR2023,VAR12,R,2025-M10,7.749314372905913,,,2,,Encuesta Mensual de Remuneraciones y Costos Laborales,0
CL01:DF_IR2023_RAMA(1.0),_T,M,IR2023,VAR12,R,2025-M11,6.9417790420640335,,,2,,Encuesta Mensual de Remuneraciones y Costos Laborales,0
CL01:DF_IR2023_RAMA(1.0),_T,M,IR2023,VAR12,R,2025-M12,7.360896317870891,,,2,,Encuesta Mensual de Remuneraciones y Costos Laborales,0
CL01:DF_IR2023_RAMA(1.0),_T,M,IR2023,VAR12,R,2026-M01,6.2086138274277,,,2,,Encuesta Mensual de Remuneraciones y Costos Laborales,0
CL01:DF_IR2023_RAMA(1.0),_T,M,IR2023,VAR12,R,2026-M02,6.833262057827216,,,2,,Encuesta Mensual de Remuneraciones y Costos Laborales,0
CL01:DF_IR2023_RAMA(1.0),_T,M,IR2023,VAR12,R,2026-M03,7.366372991926284,,Valor provisional,2,,Encuesta Mensual de Remuneraciones y Costos Laborales,0
CL01:DF_IR2023_RAMA(1.0),_T,M,IR2023,IX,B,2023-M01,97.70007015137529,R,,2,,Encuesta Mensual de Remuneraciones y Costos Laborales,0
CL01:DF_IR2023_RAMA(1.0),_T,M,IR2023,IX,B,2023-M02,97.20286670411782,R,,2,,Encuesta Mensual de Remuneraciones y Costos Laborales,0
CL01:DF_IR2023_RAMA(1.0),_T,M,IR2023,IX,B,2023-M03,99.02742859832917,R,,2,,Encuesta Mensual de Remuneraciones y Costos Laborales,0
CL01:DF_IR2023_RAMA(1.0),_T,M,IR2023,IX,B,2023-M04,100.09379554932576,R,,2,,Encuesta Mensual de Remuneraciones y Costos Laborales,0
CL01:DF_IR2023_RAMA(1.0),_T,M,IR2023,IX,B,2023-M05,98.67683416381941,R,,2,,Encuesta Mensual de Remuneraciones y Costos Laborales,0
CL01:DF_IR2023_RAMA(1.0),_T,M,IR2023,IX,B,2023-M06,99.06188698731106,R,,2,,Encuesta Mensual de Remuneraciones y Costos Laborales,0
CL01:DF_IR2023_RAMA(1.0),_T,M,IR2023,IX,B,2023-M07,100.75848707247292,R,,2,,Encuesta Mensual de Remuneraciones y Costos Laborales,0
CL01:DF_IR2023_RAMA(1.0),_T,M,IR2023,IX,B,2023-M08,100.25849342933942,R,,2,,Encuesta Mensual de Remuneraciones y Costos Laborales,0
CL01:DF_IR2023_RAMA(1.0),_T,M,IR2023,IX,B,2023-M09,101.21378526665032,R,,2,,Encuesta Mensual de Remuneraciones y Costos Laborales,0
CL01:DF_IR2023_RAMA(1.0),_T,M,IR2023,IX,B,2023-M10,101.80699031451516,R,,2,,Encuesta Mensual de Remuneraciones y Costos Laborales,0
CL01:DF_IR2023_RAMA(1.0),_T,M,IR2023,IX,B,2023-M11,101.7471350794288,R,,2,,Encuesta Mensual de Remuneraciones y Costos Laborales,0
CL01:DF_IR2023_RAMA(1.0),_T,M,IR2023,IX,B,2023-M12,102.45222668331492,R,,2,,Encuesta Mensual de Remuneraciones y Costos Laborales,0
CL01:DF_IR2023_RAMA(1.0),_T,M,IR2023,IX,B,2024-M01,104.53267002760134,R,,2,,Encuesta Mensual de Remuneraciones y Costos Laborales,0
CL01:DF_IR2023_RAMA(1.0),_T,M,IR2023,IX,B,2024-M02,102.91480363215724,R,,2,,Encuesta Mensual de Remuneraciones y Costos Laborales,0
CL01:DF_IR2023_RAMA(1.0),_T,M,IR2023,IX,B,2024-M03,106.53202586094379,R,,2,,Encuesta Mensual de Remuneraciones y Costos Laborales,0
CL01:DF_IR2023_RAMA(1.0),_T,M,IR2023,IX,B,2024-M04,108.42076441990385,,,2,,Encuesta Mensual de Remuneraciones y Costos Laborales,0
CL01:DF_IR2023_RAMA(1.0),_T,M,IR2023,IX,B,2024-M05,107.87747427435062,,,2,,Encuesta Mensual de Remuneraciones y Costos Laborales,0
CL01:DF_IR2023_RAMA(1.0),_T,M,IR2023,IX,B,2024-M06,107.74899801074771,,,2,,Encuesta Mensual de Remuneraciones y Costos Laborales,0
CL01:DF_IR2023_RAMA(1.0),_T,M,IR2023,IX,B,2024-M07,107.98448298152951,,,2,,Encuesta Mensual de Remuneraciones y Costos Laborales,0
CL01:DF_IR2023_RAMA(1.0),_T,M,IR2023,IX,B,2024-M08,108.24057901498404,,,2,,Encuesta Mensual de Remuneraciones y Costos Laborales,0
CL01:DF_IR2023_RAMA(1.0),_T,M,IR2023,IX,B,2024-M09,110.95175029351323,,,2,,Encuesta Mensual de Remuneraciones y Costos Laborales,0
CL01:DF_IR2023_RAMA(1.0),_T,M,IR2023,IX,B,2024-M10,111.12364946606782,,,2,,Encuesta Mensual de Remuneraciones y Costos Laborales,0
CL01:DF_IR2023_RAMA(1.0),_T,M,IR2023,IX,B,2024-M11,110.55387932682416,,,2,,Encuesta Mensual de Remuneraciones y Costos Laborales,0
CL01:DF_IR2023_RAMA(1.0),_T,M,IR2023,IX,B,2024-M12,110.07049306057986,,,2,,Encuesta Mensual de Remuneraciones y Costos Laborales,0
CL01:DF_IR2023_RAMA(1.0),_T,M,IR2023,IX,B,2025-M01,111.73791456935417,,,2,,Encuesta Mensual de Remuneraciones y Costos Laborales,0
CL01:DF_IR2023_RAMA(1.0),_T,M,IR2023,IX,B,2025-M02,109.60074065953913,,,2,,Encuesta Mensual de Remuneraciones y Costos Laborales,0
CL01:DF_IR2023_RAMA(1.0),_T,M,IR2023,IX,B,2025-M03,112.11842898969196,,,2,,Encuesta Mensual de Remuneraciones y Costos Laborales,0
CL01:DF_IR2023_RAMA(1.0),_T,M,IR2023,IX,B,2025-M04,115.63122248957707,,,2,,Encuesta Mensual de Remuneraciones y Costos Laborales,0
CL01:DF_IR2023_RAMA(1.0),_T,M,IR2023,IX,B,2025-M05,114.70085628517108,,,2,,Encuesta Mensual de Remuneraciones y Costos Laborales,0
CL01:DF_IR2023_RAMA(1.0),_T,M,IR2023,IX,B,2025-M06,114.46446159545636,,,2,,Encuesta Mensual de Remuneraciones y Costos Laborales,0
CL01:DF_IR2023_RAMA(1.0),_T,M,IR2023,IX,B,2025-M07,115.82758154496143,,,2,,Encuesta Mensual de Remuneraciones y Costos Laborales,0
CL01:DF_IR2023_RAMA(1.0),_T,M,IR2023,IX,B,2025-M08,116.62374024107395,,,2,,Encuesta Mensual de Remuneraciones y Costos Laborales,0
CL01:DF_IR2023_RAMA(1.0),_T,M,IR2023,IX,B,2025-M09,117.69775316747528,,,2,,Encuesta Mensual de Remuneraciones y Costos Laborales,0
CL01:DF_IR2023_RAMA(1.0),_T,M,IR2023,IX,B,2025-M10,116.57970453435357,,,2,,Encuesta Mensual de Remuneraciones y Costos Laborales,0
CL01:DF_IR2023_RAMA(1.0),_T,M,IR2023,IX,B,2025-M11,117.68125361734444,,,2,,Encuesta Mensual de Remuneraciones y Costos Laborales,0
CL01:DF_IR2023_RAMA(1.0),_T,M,IR2023,IX,B,2025-M12,118.76111146071999,,,2,,Encuesta Mensual de Remuneraciones y Costos Laborales,0
CL01:DF_IR2023_RAMA(1.0),_T,M,IR2023,IX,B,2026-M01,119.08008648695208,,,2,,Encuesta Mensual de Remuneraciones y Costos Laborales,0
CL01:DF_IR2023_RAMA(1.0),_T,M,IR2023,IX,B,2026-M02,117.05114796439267,,,2,,Encuesta Mensual de Remuneraciones y Costos Laborales,0
CL01:DF_IR2023_RAMA(1.0),_T,M,IR2023,IX,B,2026-M03,119.92166532179735,,Valor provisional,2,,Encuesta Mensual de Remuneraciones y Costos Laborales,0
CL01:DF_IR2023_RAMA(1.0),_T,M,IR2023,VAR12,Q,2023-M01,,R,,2,,Encuesta Mensual de Remuneraciones y Costos Laborales,0
CL01:DF_IR2023_RAMA(1.0),_T,M,IR2023,VAR12,Q,2023-M02,,R,,2,,Encuesta Mensual de Remuneraciones y Costos Laborales,0
CL01:DF_IR2023_RAMA(1.0),_T,M,IR2023,VAR12,Q,2023-M03,,R,,2,,Encuesta Mensual de Remuneraciones y Costos Laborales,0
CL01:DF_IR2023_RAMA(1.0),_T,M,IR2023,VAR12,Q,2023-M04,,R,,2,,Encuesta Mensual de Remuneraciones y Costos Laborales,0
CL01:DF_IR2023_RAMA(1.0),_T,M,IR2023,VAR12,Q,2023-M05,,R,,2,,Encuesta Mensual de Remuneraciones y Costos Laborales,0
CL01:DF_IR2023_RAMA(1.0),_T,M,IR2023,VAR12,Q,2023-M06,,R,,2,,Encuesta Mensual de Remuneraciones y Costos Laborales,0
CL01:DF_IR2023_RAMA(1.0),_T,M,IR2023,VAR12,Q,2023-M07,,R,,2,,Encuesta Mensual de Remuneraciones y Costos Laborales,0
CL01:DF_IR2023_RAMA(1.0),_T,M,IR2023,VAR12,Q,2023-M08,,R,,2,,Encuesta Mensual de Remuneraciones y Costos Laborales,0
CL01:DF_IR2023_RAMA(1.0),_T,M,IR2023,VAR12,Q,2023-M09,,R,,2,,Encuesta Mensual de Remuneraciones y Costos Laborales,0
CL01:DF_IR2023_RAMA(1.0),_T,M,IR2023,VAR12,Q,2023-M10,,R,,2,,Encuesta Mensual de Remuneraciones y Costos Laborales,0
CL01:DF_IR2023_RAMA(1.0),_T,M,IR2023,VAR12,Q,2023-M11,,R,,2,,Encuesta Mensual de Remuneraciones y Costos Laborales,0
CL01:DF_IR2023_RAMA(1.0),_T,M,IR2023,VAR12,Q,2023-M12,,R,,2,,Encuesta Mensual de Remuneraciones y Costos Laborales,0
CL01:DF_IR2023_RAMA(1.0),_T,M,IR2023,VAR12,Q,2024-M01,4.577315585162878,R,,2,,Encuesta Mensual de Remuneraciones y Costos Laborales,0
CL01:DF_IR2023_RAMA(1.0),_T,M,IR2023,VAR12,Q,2024-M02,5.182167022274875,R,,2,,Encuesta Mensual de Remuneraciones y Costos Laborales,0
CL01:DF_IR2023_RAMA(1.0),_T,M,IR2023,VAR12,Q,2024-M03,5.426435001647878,R,,2,,Encuesta Mensual de Remuneraciones y Costos Laborales,0
CL01:DF_IR2023_RAMA(1.0),_T,M,IR2023,VAR12,Q,2024-M04,5.281686890372539,R,,2,,Encuesta Mensual de Remuneraciones y Costos Laborales,0
CL01:DF_IR2023_RAMA(1.0),_T,M,IR2023,VAR12,Q,2024-M05,6.205854401475985,R,,2,,Encuesta Mensual de Remuneraciones y Costos Laborales,0
CL01:DF_IR2023_RAMA(1.0),_T,M,IR2023,VAR12,Q,2024-M06,8.004279705709516,R,,2,,Encuesta Mensual de Remuneraciones y Costos Laborales,0
CL01:DF_IR2023_RAMA(1.0),_T,M,IR2023,VAR12,Q,2024-M07,8.18680432288701,R,,2,,Encuesta Mensual de Remuneraciones y Costos Laborales,0
CL01:DF_IR2023_RAMA(1.0),_T,M,IR2023,VAR12,Q,2024-M08,9.316203342646133,R,,2,,Encuesta Mensual de Remuneraciones y Costos Laborales,0
CL01:DF_IR2023_RAMA(1.0),_T,M,IR2023,VAR12,Q,2024-M09,8.810883669821724,R,,2,,Encuesta Mensual de Remuneraciones y Costos Laborales,0
CL01:DF_IR2023_RAMA(1.0),_T,M,IR2023,VAR12,Q,2024-M10,9.448636240459706,R,,2,,Encuesta Mensual de Remuneraciones y Costos Laborales,0
CL01:DF_IR2023_RAMA(1.0),_T,M,IR2023,VAR12,Q,2024-M11,8.893507899793217,R,,2,,Encuesta Mensual de Remuneraciones y Costos Laborales,0
CL01:DF_IR2023_RAMA(1.0),_T,M,IR2023,VAR12,Q,2024-M12,8.958437150354271,R,,2,,Encuesta Mensual de Remuneraciones y Costos Laborales,0
CL01:DF_IR2023_RAMA(1.0),_T,M,IR2023,VAR12,Q,2025-M01,9.78092961092145,R,,2,,Encuesta Mensual de Remuneraciones y Costos Laborales,0
CL01:DF_IR2023_RAMA(1.0),_T,M,IR2023,VAR12,Q,2025-M02,9.9437033117741,R,,2,,Encuesta Mensual de Remuneraciones y Costos Laborales,0
CL01:DF_IR2023_RAMA(1.0),_T,M,IR2023,VAR12,Q,2025-M03,10.156418764437781,R,,2,,Encuesta Mensual de Remuneraciones y Costos Laborales,0
CL01:DF_IR2023_RAMA(1.0),_T,M,IR2023,VAR12,Q,2025-M04,8.947614861346098,,,2,,Encuesta Mensual de Remuneraciones y Costos Laborales,0
CL01:DF_IR2023_RAMA(1.0),_T,M,IR2023,VAR12,Q,2025-M05,8.136206209624653,,,2,,Encuesta Mensual de Remuneraciones y Costos Laborales,0
CL01:DF_IR2023_RAMA(1.0),_T,M,IR2023,VAR12,Q,2025-M06,7.604022687983636,,,2,,Encuesta Mensual de Remuneraciones y Costos Laborales,0
CL01:DF_IR2023_RAMA(1.0),_T,M,IR2023,VAR12,Q,2025-M07,6.780871430599422,,,2,,Encuesta Mensual de Remuneraciones y Costos Laborales,0
CL01:DF_IR2023_RAMA(1.0),_T,M,IR2023,VAR12,Q,2025-M08,5.824583980350462,,,2,,Encuesta Mensual de Remuneraciones y Costos Laborales,0
CL01:DF_IR2023_RAMA(1.0),_T,M,IR2023,VAR12,Q,2025-M09,5.954392818728693,,,2,,Encuesta Mensual de Remuneraciones y Costos Laborales,0
CL01:DF_IR2023_RAMA(1.0),_T,M,IR2023,VAR12,Q,2025-M10,5.233132848313993,,,2,,Encuesta Mensual de Remuneraciones y Costos Laborales,0
CL01:DF_IR2023_RAMA(1.0),_T,M,IR2023,VAR12,Q,2025-M11,5.5427568933086535,,,2,,Encuesta Mensual de Remuneraciones y Costos Laborales,0
CL01:DF_IR2023_RAMA(1.0),_T,M,IR2023,VAR12,Q,2025-M12,5.118182945995553,,,2,,Encuesta Mensual de Remuneraciones y Costos Laborales,0
CL01:DF_IR2023_RAMA(1.0),_T,M,IR2023,VAR12,Q,2026-M01,3.737195666324644,,,2,,Encuesta Mensual de Remuneraciones y Costos Laborales,0
CL01:DF_IR2023_RAMA(1.0),_T,M,IR2023,VAR12,Q,2026-M02,3.1568998954211613,,,2,,Encuesta Mensual de Remuneraciones y Costos Laborales,0
CL01:DF_IR2023_RAMA(1.0),_T,M,IR2023,VAR12,Q,2026-M03,3.1431362476631364,,Valor provisional,2,,Encuesta Mensual de Remuneraciones y Costos Laborales,0
CL01:DF_IR2023_RAMA(1.0),_T,M,IR2023,IX,Q,2023-M01,98.6633123886773,R,,2,,Encuesta Mensual de Remuneraciones y Costos Laborales,0
CL01:DF_IR2023_RAMA(1.0),_T,M,IR2023,IX,Q,2023-M02,98.16790405378417,R,,2,,Encuesta Mensual de Remuneraciones y Costos Laborales,0
CL01:DF_IR2023_RAMA(1.0),_T,M,IR2023,IX,Q,2023-M03,98.99980741961255,R,,2,,Encuesta Mensual de Remuneraciones y Costos Laborales,0
CL01:DF_IR2023_RAMA(1.0),_T,M,IR2023,IX,Q,2023-M04,99.39767128667617,R,,2,,Encuesta Mensual de Remuneraciones y Costos Laborales,0
CL01:DF_IR2023_RAMA(1.0),_T,M,IR2023,IX,Q,2023-M05,99.56311842740925,R,,2,,Encuesta Mensual de Remuneraciones y Costos Laborales,0
CL01:DF_IR2023_RAMA(1.0),_T,M,IR2023,IX,Q,2023-M06,99.7468841790201,R,,2,,Encuesta Mensual de Remuneraciones y Costos Laborales,0
CL01:DF_IR2023_RAMA(1.0),_T,M,IR2023,IX,Q,2023-M07,100.49710379959426,R,,2,,Encuesta Mensual de Remuneraciones y Costos Laborales,0
CL01:DF_IR2023_RAMA(1.0),_T,M,IR2023,IX,Q,2023-M08,100.35726598556845,R,,2,,Encuesta Mensual de Remuneraciones y Costos Laborales,0
CL01:DF_IR2023_RAMA(1.0),_T,M,IR2023,IX,Q,2023-M09,100.94394074478986,R,,2,,Encuesta Mensual de Remuneraciones y Costos Laborales,0
CL01:DF_IR2023_RAMA(1.0),_T,M,IR2023,IX,Q,2023-M10,100.72178145701747,R,,2,,Encuesta Mensual de Remuneraciones y Costos Laborales,0
CL01:DF_IR2023_RAMA(1.0),_T,M,IR2023,IX,Q,2023-M11,101.38523426050077,R,,2,,Encuesta Mensual de Remuneraciones y Costos Laborales,0
CL01:DF_IR2023_RAMA(1.0),_T,M,IR2023,IX,Q,2023-M12,101.5559759973497,R,,2,,Encuesta Mensual de Remuneraciones y Costos Laborales,0
CL01:DF_IR2023_RAMA(1.0),_T,M,IR2023,IX,Q,2024-M01,103.17944356348215,R,,2,,Encuesta Mensual de Remuneraciones y Costos Laborales,0
CL01:DF_IR2023_RAMA(1.0),_T,M,IR2023,IX,Q,2024-M02,103.25512880411782,R,,2,,Encuesta Mensual de Remuneraciones y Costos Laborales,0
CL01:DF_IR2023_RAMA(1.0),_T,M,IR2023,IX,Q,2024-M03,104.3719676209944,R,,2,,Encuesta Mensual de Remuneraciones y Costos Laborales,0
CL01:DF_IR2023_RAMA(1.0),_T,M,IR2023,IX,Q,2024-M04,104.64754506036014,,,2,,Encuesta Mensual de Remuneraciones y Costos Laborales,0
CL01:DF_IR2023_RAMA(1.0),_T,M,IR2023,IX,Q,2024-M05,105.74186059458339,,,2,,Encuesta Mensual de Remuneraciones y Costos Laborales,0
CL01:DF_IR2023_RAMA(1.0),_T,M,IR2023,IX,Q,2024-M06,107.73090378643897,,,2,,Encuesta Mensual de Remuneraciones y Costos Laborales,0
CL01:DF_IR2023_RAMA(1.0),_T,M,IR2023,IX,Q,2024-M07,108.72460503783569,,,2,,Encuesta Mensual de Remuneraciones y Costos Laborales,0
CL01:DF_IR2023_RAMA(1.0),_T,M,IR2023,IX,Q,2024-M08,109.70675295390424,,,2,,Encuesta Mensual de Remuneraciones y Costos Laborales,0
CL01:DF_IR2023_RAMA(1.0),_T,M,IR2023,IX,Q,2024-M09,109.83799393554706,,,2,,Encuesta Mensual de Remuneraciones y Costos Laborales,0
CL01:DF_IR2023_RAMA(1.0),_T,M,IR2023,IX,Q,2024-M10,110.23861620180185,,,2,,Encuesta Mensual de Remuneraciones y Costos Laborales,0
CL01:DF_IR2023_RAMA(1.0),_T,M,IR2023,IX,Q,2024-M11,110.40193807868226,,,2,,Encuesta Mensual de Remuneraciones y Costos Laborales,0
CL01:DF_IR2023_RAMA(1.0),_T,M,IR2023,IX,Q,2024-M12,110.65380427950114,,,2,,Encuesta Mensual de Remuneraciones y Costos Laborales,0
CL01:DF_IR2023_RAMA(1.0),_T,M,IR2023,IX,Q,2025-M01,113.27135231136677,,,2,,Encuesta Mensual de Remuneraciones y Costos Laborales,0
CL01:DF_IR2023_RAMA(1.0),_T,M,IR2023,IX,Q,2025-M02,113.52251246658949,,,2,,Encuesta Mensual de Remuneraciones y Costos Laborales,0
CL01:DF_IR2023_RAMA(1.0),_T,M,IR2023,IX,Q,2025-M03,114.97242172526599,,,2,,Encuesta Mensual de Remuneraciones y Costos Laborales,0
CL01:DF_IR2023_RAMA(1.0),_T,M,IR2023,IX,Q,2025-M04,114.01100435421479,,,2,,Encuesta Mensual de Remuneraciones y Costos Laborales,0
CL01:DF_IR2023_RAMA(1.0),_T,M,IR2023,IX,Q,2025-M05,114.34523642245252,,,2,,Encuesta Mensual de Remuneraciones y Costos Laborales,0
CL01:DF_IR2023_RAMA(1.0),_T,M,IR2023,IX,Q,2025-M06,115.92278615232962,,,2,,Encuesta Mensual de Remuneraciones y Costos Laborales,0
CL01:DF_IR2023_RAMA(1.0),_T,M,IR2023,IX,Q,2025-M07,116.09708071887835,,,2,,Encuesta Mensual de Remuneraciones y Costos Laborales,0
CL01:DF_IR2023_RAMA(1.0),_T,M,IR2023,IX,Q,2025-M08,116.09671491182,,,2,,Encuesta Mensual de Remuneraciones y Costos Laborales,0
CL01:DF_IR2023_RAMA(1.0),_T,M,IR2023,IX,Q,2025-M09,116.37817955868094,,,2,,Encuesta Mensual de Remuneraciones y Costos Laborales,0
CL01:DF_IR2023_RAMA(1.0),_T,M,IR2023,IX,Q,2025-M10,116.00754943778513,,,2,,Encuesta Mensual de Remuneraciones y Costos Laborales,0
CL01:DF_IR2023_RAMA(1.0),_T,M,IR2023,IX,Q,2025-M11,116.52124911188479,,,2,,Encuesta Mensual de Remuneraciones y Costos Laborales,0
CL01:DF_IR2023_RAMA(1.0),_T,M,IR2023,IX,Q,2025-M12,116.31726841922988,,,2,,Encuesta Mensual de Remuneraciones y Costos Laborales,0
CL01:DF_IR2023_RAMA(1.0),_T,M,IR2023,IX,Q,2026-M01,117.50452438113449,,,2,,Encuesta Mensual de Remuneraciones y Costos Laborales,0
CL01:DF_IR2023_RAMA(1.0),_T,M,IR2023,IX,Q,2026-M02,117.10630454392673,,,2,,Encuesta Mensual de Remuneraciones y Costos Laborales,0
CL01:DF_IR2023_RAMA(1.0),_T,M,IR2023,IX,Q,2026-M03,118.58616158732895,,Valor provisional,2,,Encuesta Mensual de Remuneraciones y Costos Laborales,0
CL01:DF_IR2023_RAMA(1.0),_T,M,IR2023,IX,G,2023-M01,97.60321468373442,R,,2,,Encuesta Mensual de Remuneraciones y Costos Laborales,0
CL01:DF_IR2023_RAMA(1.0),_T,M,IR2023,IX,G,2023-M02,96.29293648167713,R,,2,,Encuesta Mensual de Remuneraciones y Costos Laborales,0
CL01:DF_IR2023_RAMA(1.0),_T,M,IR2023,IX,G,2023-M03,97.56980883254214,R,,2,,Encuesta Mensual de Remuneraciones y Costos Laborales,0
CL01:DF_IR2023_RAMA(1.0),_T,M,IR2023,IX,G,2023-M04,98.717915211634,R,,2,,Encuesta Mensual de Remuneraciones y Costos Laborales,0
CL01:DF_IR2023_RAMA(1.0),_T,M,IR2023,IX,G,2023-M05,98.74460484744064,R,,2,,Encuesta Mensual de Remuneraciones y Costos Laborales,0
CL01:DF_IR2023_RAMA(1.0),_T,M,IR2023,IX,G,2023-M06,100.28122668628511,R,,2,,Encuesta Mensual de Remuneraciones y Costos Laborales,0
CL01:DF_IR2023_RAMA(1.0),_T,M,IR2023,IX,G,2023-M07,101.34031117883697,R,,2,,Encuesta Mensual de Remuneraciones y Costos Laborales,0
CL01:DF_IR2023_RAMA(1.0),_T,M,IR2023,IX,G,2023-M08,100.54216102135881,R,,2,,Encuesta Mensual de Remuneraciones y Costos Laborales,0
CL01:DF_IR2023_RAMA(1.0),_T,M,IR2023,IX,G,2023-M09,102.13139000098975,R,,2,,Encuesta Mensual de Remuneraciones y Costos Laborales,0
CL01:DF_IR2023_RAMA(1.0),_T,M,IR2023,IX,G,2023-M10,102.11391243895135,R,,2,,Encuesta Mensual de Remuneraciones y Costos Laborales,0
CL01:DF_IR2023_RAMA(1.0),_T,M,IR2023,IX,G,2023-M11,101.3672868784359,R,,2,,Encuesta Mensual de Remuneraciones y Costos Laborales,0
CL01:DF_IR2023_RAMA(1.0),_T,M,IR2023,IX,G,2023-M12,103.2952317381138,R,,2,,Encuesta Mensual de Remuneraciones y Costos Laborales,0
CL01:DF_IR2023_RAMA(1.0),_T,M,IR2023,IX,G,2024-M01,103.983222615174,R,,2,,Encuesta Mensual de Remuneraciones y Costos Laborales,0
CL01:DF_IR2023_RAMA(1.0),_T,M,IR2023,IX,G,2024-M02,102.77509462801719,R,,2,,Encuesta Mensual de Remuneraciones y Costos Laborales,0
CL01:DF_IR2023_RAMA(1.0),_T,M,IR2023,IX,G,2024-M03,103.93697327649784,R,,2,,Encuesta Mensual de Remuneraciones y Costos Laborales,0
CL01:DF_IR2023_RAMA(1.0),_T,M,IR2023,IX,G,2024-M04,104.78751189047854,,,2,,Encuesta Mensual de Remuneraciones y Costos Laborales,0
CL01:DF_IR2023_RAMA(1.0),_T,M,IR2023,IX,G,2024-M05,105.23400011632536,,,2,,Encuesta Mensual de Remuneraciones y Costos Laborales,0
CL01:DF_IR2023_RAMA(1.0),_T,M,IR2023,IX,G,2024-M06,106.4761573356448,,,2,,Encuesta Mensual de Remuneraciones y Costos Laborales,0
CL01:DF_IR2023_RAMA(1.0),_T,M,IR2023,IX,G,2024-M07,109.08733226992199,,,2,,Encuesta Mensual de Remuneraciones y Costos Laborales,0
CL01:DF_IR2023_RAMA(1.0),_T,M,IR2023,IX,G,2024-M08,109.85383541531284,,,2,,Encuesta Mensual de Remuneraciones y Costos Laborales,0
CL01:DF_IR2023_RAMA(1.0),_T,M,IR2023,IX,G,2024-M09,110.30077672582829,,,2,,Encuesta Mensual de Remuneraciones y Costos Laborales,0
CL01:DF_IR2023_RAMA(1.0),_T,M,IR2023,IX,G,2024-M10,110.5450805010607,,,2,,Encuesta Mensual de Remuneraciones y Costos Laborales,0
CL01:DF_IR2023_RAMA(1.0),_T,M,IR2023,IX,G,2024-M11,110.49925936103213,,,2,,Encuesta Mensual de Remuneraciones y Costos Laborales,0
CL01:DF_IR2023_RAMA(1.0),_T,M,IR2023,IX,G,2024-M12,111.60631942629034,,,2,,Encuesta Mensual de Remuneraciones y Costos Laborales,0
CL01:DF_IR2023_RAMA(1.0),_T,M,IR2023,IX,G,2025-M01,112.90716913037404,,,2,,Encuesta Mensual de Remuneraciones y Costos Laborales,0
CL01:DF_IR2023_RAMA(1.0),_T,M,IR2023,IX,G,2025-M02,112.57400898127787,,,2,,Encuesta Mensual de Remuneraciones y Costos Laborales,0
CL01:DF_IR2023_RAMA(1.0),_T,M,IR2023,IX,G,2025-M03,112.81124980206152,,,2,,Encuesta Mensual de Remuneraciones y Costos Laborales,0
CL01:DF_IR2023_RAMA(1.0),_T,M,IR2023,IX,G,2025-M04,113.5225657020329,,,2,,Encuesta Mensual de Remuneraciones y Costos Laborales,0
CL01:DF_IR2023_RAMA(1.0),_T,M,IR2023,IX,G,2025-M05,113.83613932331596,,,2,,Encuesta Mensual de Remuneraciones y Costos Laborales,0
CL01:DF_IR2023_RAMA(1.0),_T,M,IR2023,IX,G,2025-M06,114.49347345658437,,,2,,Encuesta Mensual de Remuneraciones y Costos Laborales,0
CL01:DF_IR2023_RAMA(1.0),_T,M,IR2023,IX,G,2025-M07,115.2646172059888,,,2,,Encuesta Mensual de Remuneraciones y Costos Laborales,0
CL01:DF_IR2023_RAMA(1.0),_T,M,IR2023,IX,G,2025-M08,115.72636707326483,,,2,,Encuesta Mensual de Remuneraciones y Costos Laborales,0
CL01:DF_IR2023_RAMA(1.0),_T,M,IR2023,IX,G,2025-M09,116.86292021736743,,,2,,Encuesta Mensual de Remuneraciones y Costos Laborales,0
CL01:DF_IR2023_RAMA(1.0),_T,M,IR2023,IX,G,2025-M10,116.84319452049537,,,2,,Encuesta Mensual de Remuneraciones y Costos Laborales,0
CL01:DF_IR2023_RAMA(1.0),_T,M,IR2023,IX,G,2025-M11,116.94856766914673,,,2,,Encuesta Mensual de Remuneraciones y Costos Laborales,0
CL01:DF_IR2023_RAMA(1.0),_T,M,IR2023,IX,G,2025-M12,118.68054594688464,,,2,,Encuesta Mensual de Remuneraciones y Costos Laborales,0
CL01:DF_IR2023_RAMA(1.0),_T,M,IR2023,IX,G,2026-M01,118.26590200012248,,,2,,Encuesta Mensual de Remuneraciones y Costos Laborales,0
CL01:DF_IR2023_RAMA(1.0),_T,M,IR2023,IX,G,2026-M02,117.56929023654476,,,2,,Encuesta Mensual de Remuneraciones y Costos Laborales,0
CL01:DF_IR2023_RAMA(1.0),_T,M,IR2023,IX,G,2026-M03,118.33155771870251,,Valor provisional,2,,Encuesta Mensual de Remuneraciones y Costos Laborales,0
CL01:DF_IR2023_RAMA(1.0),_T,M,IR2023,VAR12,F,2023-M01,,R,,2,,Encuesta Mensual de Remuneraciones y Costos Laborales,0
CL01:DF_IR2023_RAMA(1.0),_T,M,IR2023,VAR12,F,2023-M02,,R,,2,,Encuesta Mensual de Remuneraciones y Costos Laborales,0
CL01:DF_IR2023_RAMA(1.0),_T,M,IR2023,VAR12,F,2023-M03,,R,,2,,Encuesta Mensual de Remuneraciones y Costos Laborales,0
CL01:DF_IR2023_RAMA(1.0),_T,M,IR2023,VAR12,F,2023-M04,,R,,2,,Encuesta Mensual de Remuneraciones y Costos Laborales,0
CL01:DF_IR2023_RAMA(1.0),_T,M,IR2023,VAR12,F,2023-M05,,R,,2,,Encuesta Mensual de Remuneraciones y Costos Laborales,0
CL01:DF_IR2023_RAMA(1.0),_T,M,IR2023,VAR12,F,2023-M06,,R,,2,,Encuesta Mensual de Remuneraciones y Costos Laborales,0
CL01:DF_IR2023_RAMA(1.0),_T,M,IR2023,VAR12,F,2023-M07,,R,,2,,Encuesta Mensual de Remuneraciones y Costos Laborales,0
CL01:DF_IR2023_RAMA(1.0),_T,M,IR2023,VAR12,F,2023-M08,,R,,2,,Encuesta Mensual de Remuneraciones y Costos Laborales,0
CL01:DF_IR2023_RAMA(1.0),_T,M,IR2023,VAR12,F,2023-M09,,R,,2,,Encuesta Mensual de Remuneraciones y Costos Laborales,0
CL01:DF_IR2023_RAMA(1.0),_T,M,IR2023,VAR12,F,2023-M10,,R,,2,,Encuesta Mensual de Remuneraciones y Costos Laborales,0
CL01:DF_IR2023_RAMA(1.0),_T,M,IR2023,VAR12,F,2023-M11,,R,,2,,Encuesta Mensual de Remuneraciones y Costos Laborales,0
CL01:DF_IR2023_RAMA(1.0),_T,M,IR2023,VAR12,F,2023-M12,,R,,2,,Encuesta Mensual de Remuneraciones y Costos Laborales,0
CL01:DF_IR2023_RAMA(1.0),_T,M,IR2023,VAR12,F,2024-M01,7.659743837220323,R,,2,,Encuesta Mensual de Remuneraciones y Costos Laborales,0
CL01:DF_IR2023_RAMA(1.0),_T,M,IR2023,VAR12,F,2024-M02,6.99042059629158,R,,2,,Encuesta Mensual de Remuneraciones y Costos Laborales,0
CL01:DF_IR2023_RAMA(1.0),_T,M,IR2023,VAR12,F,2024-M03,7.406646954340612,R,,2,,Encuesta Mensual de Remuneraciones y Costos Laborales,0
CL01:DF_IR2023_RAMA(1.0),_T,M,IR2023,VAR12,F,2024-M04,6.401059711779666,R,,2,,Encuesta Mensual de Remuneraciones y Costos Laborales,0
CL01:DF_IR2023_RAMA(1.0),_T,M,IR2023,VAR12,F,2024-M05,5.08650564109534,R,,2,,Encuesta Mensual de Remuneraciones y Costos Laborales,0
CL01:DF_IR2023_RAMA(1.0),_T,M,IR2023,VAR12,F,2024-M06,7.227279363831141,R,,2,,Encuesta Mensual de Remuneraciones y Costos Laborales,0
CL01:DF_IR2023_RAMA(1.0),_T,M,IR2023,VAR12,F,2024-M07,9.793734453721225,R,,2,,Encuesta Mensual de Remuneraciones y Costos Laborales,0
CL01:DF_IR2023_RAMA(1.0),_T,M,IR2023,VAR12,F,2024-M08,9.342240386302247,R,,2,,Encuesta Mensual de Remuneraciones y Costos Laborales,0
CL01:DF_IR2023_RAMA(1.0),_T,M,IR2023,VAR12,F,2024-M09,8.506928595657559,R,,2,,Encuesta Mensual de Remuneraciones y Costos Laborales,0
CL01:DF_IR2023_RAMA(1.0),_T,M,IR2023,VAR12,F,2024-M10,8.255751679666856,R,,2,,Encuesta Mensual de Remuneraciones y Costos Laborales,0
CL01:DF_IR2023_RAMA(1.0),_T,M,IR2023,VAR12,F,2024-M11,8.03972578069434,R,,2,,Encuesta Mensual de Remuneraciones y Costos Laborales,0
CL01:DF_IR2023_RAMA(1.0),_T,M,IR2023,VAR12,F,2024-M12,6.407372688839752,R,,2,,Encuesta Mensual de Remuneraciones y Costos Laborales,0
CL01:DF_IR2023_RAMA(1.0),_T,M,IR2023,VAR12,F,2025-M01,7.604643885961626,R,,2,,Encuesta Mensual de Remuneraciones y Costos Laborales,0
CL01:DF_IR2023_RAMA(1.0),_T,M,IR2023,VAR12,F,2025-M02,8.5296080930239,R,,2,,Encuesta Mensual de Remuneraciones y Costos Laborales,0
CL01:DF_IR2023_RAMA(1.0),_T,M,IR2023,VAR12,F,2025-M03,8.041683777106412,R,,2,,Encuesta Mensual de Remuneraciones y Costos Laborales,0
CL01:DF_IR2023_RAMA(1.0),_T,M,IR2023,VAR12,F,2025-M04,9.33550950133608,,,2,,Encuesta Mensual de Remuneraciones y Costos Laborales,0
CL01:DF_IR2023_RAMA(1.0),_T,M,IR2023,VAR12,F,2025-M05,10.248134507959183,,,2,,Encuesta Mensual de Remuneraciones y Costos Laborales,0
CL01:DF_IR2023_RAMA(1.0),_T,M,IR2023,VAR12,F,2025-M06,8.38663287945003,,,2,,Encuesta Mensual de Remuneraciones y Costos Laborales,0
CL01:DF_IR2023_RAMA(1.0),_T,M,IR2023,VAR12,F,2025-M07,5.840092697586674,,,2,,Encuesta Mensual de Remuneraciones y Costos Laborales,0
CL01:DF_IR2023_RAMA(1.0),_T,M,IR2023,VAR12,F,2025-M08,6.0589412806790754,,,2,,Encuesta Mensual de Remuneraciones y Costos Laborales,0
CL01:DF_IR2023_RAMA(1.0),_T,M,IR2023,VAR12,F,2025-M09,6.149782216985211,,,2,,Encuesta Mensual de Remuneraciones y Costos Laborales,0
CL01:DF_IR2023_RAMA(1.0),_T,M,IR2023,VAR12,F,2025-M10,7.238069913795919,,,2,,Encuesta Mensual de Remuneraciones y Costos Laborales,0
CL01:DF_IR2023_RAMA(1.0),_T,M,IR2023,VAR12,F,2025-M11,7.463004453345556,,,2,,Encuesta Mensual de Remuneraciones y Costos Laborales,0
CL01:DF_IR2023_RAMA(1.0),_T,M,IR2023,VAR12,F,2025-M12,7.648117739369775,,,2,,Encuesta Mensual de Remuneraciones y Costos Laborales,0
CL01:DF_IR2023_RAMA(1.0),_T,M,IR2023,VAR12,F,2026-M01,7.202697264582558,,,2,,Encuesta Mensual de Remuneraciones y Costos Laborales,0
CL01:DF_IR2023_RAMA(1.0),_T,M,IR2023,VAR12,F,2026-M02,6.617129857990611,,,2,,Encuesta Mensual de Remuneraciones y Costos Laborales,0
CL01:DF_IR2023_RAMA(1.0),_T,M,IR2023,VAR12,F,2026-M03,6.363002384537708,,Valor provisional,2,,Encuesta Mensual de Remuneraciones y Costos Laborales,0
CL01:DF_IR2023_RAMA(1.0),_T,M,IR2023,VAR12,G,2023-M01,,R,,2,,Encuesta Mensual de Remuneraciones y Costos Laborales,0
CL01:DF_IR2023_RAMA(1.0),_T,M,IR2023,VAR12,G,2023-M02,,R,,2,,Encuesta Mensual de Remuneraciones y Costos Laborales,0
CL01:DF_IR2023_RAMA(1.0),_T,M,IR2023,VAR12,G,2023-M03,,R,,2,,Encuesta Mensual de Remuneraciones y Costos Laborales,0
CL01:DF_IR2023_RAMA(1.0),_T,M,IR2023,VAR12,G,2023-M04,,R,,2,,Encuesta Mensual de Remuneraciones y Costos Laborales,0
CL01:DF_IR2023_RAMA(1.0),_T,M,IR2023,VAR12,G,2023-M05,,R,,2,,Encuesta Mensual de Remuneraciones y Costos Laborales,0
CL01:DF_IR2023_RAMA(1.0),_T,M,IR2023,VAR12,G,2023-M06,,R,,2,,Encuesta Mensual de Remuneraciones y Costos Laborales,0
CL01:DF_IR2023_RAMA(1.0),_T,M,IR2023,VAR12,G,2023-M07,,R,,2,,Encuesta Mensual de Remuneraciones y Costos Laborales,0
CL01:DF_IR2023_RAMA(1.0),_T,M,IR2023,VAR12,G,2023-M08,,R,,2,,Encuesta Mensual de Remuneraciones y Costos Laborales,0
CL01:DF_IR2023_RAMA(1.0),_T,M,IR2023,VAR12,G,2023-M09,,R,,2,,Encuesta Mensual de Remuneraciones y Costos Laborales,0
CL01:DF_IR2023_RAMA(1.0),_T,M,IR2023,VAR12,G,2023-M10,,R,,2,,Encuesta Mensual de Remuneraciones y Costos Laborales,0
CL01:DF_IR2023_RAMA(1.0),_T,M,IR2023,VAR12,G,2023-M11,,R,,2,,Encuesta Mensual de Remuneraciones y Costos Laborales,0
CL01:DF_IR2023_RAMA(1.0),_T,M,IR2023,VAR12,G,2023-M12,,R,,2,,Encuesta Mensual de Remuneraciones y Costos Laborales,0
CL01:DF_IR2023_RAMA(1.0),_T,M,IR2023,VAR12,G,2024-M01,6.536678071632007,R,,2,,Encuesta Mensual de Remuneraciones y Costos Laborales,0
CL01:DF_IR2023_RAMA(1.0),_T,M,IR2023,VAR12,G,2024-M02,6.731706793024728,R,,2,,Encuesta Mensual de Remuneraciones y Costos Laborales,0
CL01:DF_IR2023_RAMA(1.0),_T,M,IR2023,VAR12,G,2024-M03,6.525752709922372,R,,2,,Encuesta Mensual de Remuneraciones y Costos Laborales,0
CL01:DF_IR2023_RAMA(1.0),_T,M,IR2023,VAR12,G,2024-M04,6.148424696603838,R,,2,,Encuesta Mensual de Remuneraciones y Costos Laborales,0
CL01:DF_IR2023_RAMA(1.0),_T,M,IR2023,VAR12,G,2024-M05,6.571898564899592,R,,2,,Encuesta Mensual de Remuneraciones y Costos Laborales,0
CL01:DF_IR2023_RAMA(1.0),_T,M,IR2023,VAR12,G,2024-M06,6.177557708522663,R,,2,,Encuesta Mensual de Remuneraciones y Costos Laborales,0
CL01:DF_IR2023_RAMA(1.0),_T,M,IR2023,VAR12,G,2024-M07,7.644560196202388,R,,2,,Encuesta Mensual de Remuneraciones y Costos Laborales,0
CL01:DF_IR2023_RAMA(1.0),_T,M,IR2023,VAR12,G,2024-M08,9.261462355057093,R,,2,,Encuesta Mensual de Remuneraciones y Costos Laborales,0
CL01:DF_IR2023_RAMA(1.0),_T,M,IR2023,VAR12,G,2024-M09,7.998898991543513,R,,2,,Encuesta Mensual de Remuneraciones y Costos Laborales,0
CL01:DF_IR2023_RAMA(1.0),_T,M,IR2023,VAR12,G,2024-M10,8.256630130737497,R,,2,,Encuesta Mensual de Remuneraciones y Costos Laborales,0
CL01:DF_IR2023_RAMA(1.0),_T,M,IR2023,VAR12,G,2024-M11,9.008796391628483,R,,2,,Encuesta Mensual de Remuneraciones y Costos Laborales,0
CL01:DF_IR2023_RAMA(1.0),_T,M,IR2023,VAR12,G,2024-M12,8.045954830952695,R,,2,,Encuesta Mensual de Remuneraciones y Costos Laborales,0
CL01:DF_IR2023_RAMA(1.0),_T,M,IR2023,VAR12,G,2025-M01,8.582102276466475,R,,2,,Encuesta Mensual de Remuneraciones y Costos Laborales,0
CL01:DF_IR2023_RAMA(1.0),_T,M,IR2023,VAR12,G,2025-M02,9.534327736429482,R,,2,,Encuesta Mensual de Remuneraciones y Costos Laborales,0
CL01:DF_IR2023_RAMA(1.0),_T,M,IR2023,VAR12,G,2025-M03,8.538132529562837,R,,2,,Encuesta Mensual de Remuneraciones y Costos Laborales,0
CL01:DF_IR2023_RAMA(1.0),_T,M,IR2023,VAR12,G,2025-M04,8.335968336268973,,,2,,Encuesta Mensual de Remuneraciones y Costos Laborales,0
CL01:DF_IR2023_RAMA(1.0),_T,M,IR2023,VAR12,G,2025-M05,8.174296517743151,,,2,,Encuesta Mensual de Remuneraciones y Costos Laborales,0
CL01:DF_IR2023_RAMA(1.0),_T,M,IR2023,VAR12,G,2025-M06,7.529682063625365,,,2,,Encuesta Mensual de Remuneraciones y Costos Laborales,0
CL01:DF_IR2023_RAMA(1.0),_T,M,IR2023,VAR12,G,2025-M07,5.66269685721339,,,2,,Encuesta Mensual de Remuneraciones y Costos Laborales,0
CL01:DF_IR2023_RAMA(1.0),_T,M,IR2023,VAR12,G,2025-M08,5.345768434711751,,,2,,Encuesta Mensual de Remuneraciones y Costos Laborales,0
CL01:DF_IR2023_RAMA(1.0),_T,M,IR2023,VAR12,G,2025-M09,5.949317571761514,,,2,,Encuesta Mensual de Remuneraciones y Costos Laborales,0
CL01:DF_IR2023_RAMA(1.0),_T,M,IR2023,VAR12,G,2025-M10,5.697326367566613,,,2,,Encuesta Mensual de Remuneraciones y Costos Laborales,0
CL01:DF_IR2023_RAMA(1.0),_T,M,IR2023,VAR12,G,2025-M11,5.836517226819504,,,2,,Encuesta Mensual de Remuneraciones y Costos Laborales,0
CL01:DF_IR2023_RAMA(1.0),_T,M,IR2023,VAR12,G,2025-M12,6.3385537279243565,,,2,,Encuesta Mensual de Remuneraciones y Costos Laborales,0
CL01:DF_IR2023_RAMA(1.0),_T,M,IR2023,VAR12,G,2026-M01,4.746140489591677,,,2,,Encuesta Mensual de Remuneraciones y Costos Laborales,0
CL01:DF_IR2023_RAMA(1.0),_T,M,IR2023,VAR12,G,2026-M02,4.4373308727928995,,,2,,Encuesta Mensual de Remuneraciones y Costos Laborales,0
CL01:DF_IR2023_RAMA(1.0),_T,M,IR2023,VAR12,G,2026-M03,4.893401966848976,,Valor provisional,2,,Encuesta Mensual de Remuneraciones y Costos Laborales,0
CL01:DF_IR2023_RAMA(1.0),_T,M,IR2023,IX,N,2023-M01,95.7663903397148,R,,2,,Encuesta Mensual de Remuneraciones y Costos Laborales,0
CL01:DF_IR2023_RAMA(1.0),_T,M,IR2023,IX,N,2023-M02,96.54414387950415,R,,2,,Encuesta Mensual de Remuneraciones y Costos Laborales,0
CL01:DF_IR2023_RAMA(1.0),_T,M,IR2023,IX,N,2023-M03,96.73820002388865,R,,2,,Encuesta Mensual de Remuneraciones y Costos Laborales,0
CL01:DF_IR2023_RAMA(1.0),_T,M,IR2023,IX,N,2023-M04,97.81339982699933,R,,2,,Encuesta Mensual de Remuneraciones y Costos Laborales,0
CL01:DF_IR2023_RAMA(1.0),_T,M,IR2023,IX,N,2023-M05,98.32158807595115,R,,2,,Encuesta Mensual de Remuneraciones y Costos Laborales,0
CL01:DF_IR2023_RAMA(1.0),_T,M,IR2023,IX,N,2023-M06,99.9100464938347,R,,2,,Encuesta Mensual de Remuneraciones y Costos Laborales,0
CL01:DF_IR2023_RAMA(1.0),_T,M,IR2023,IX,N,2023-M07,100.3708476870017,R,,2,,Encuesta Mensual de Remuneraciones y Costos Laborales,0
CL01:DF_IR2023_RAMA(1.0),_T,M,IR2023,IX,N,2023-M08,100.65174126949519,R,,2,,Encuesta Mensual de Remuneraciones y Costos Laborales,0
CL01:DF_IR2023_RAMA(1.0),_T,M,IR2023,IX,N,2023-M09,103.27915865057228,R,,2,,Encuesta Mensual de Remuneraciones y Costos Laborales,0
CL01:DF_IR2023_RAMA(1.0),_T,M,IR2023,IX,N,2023-M10,102.5527758439593,R,,2,,Encuesta Mensual de Remuneraciones y Costos Laborales,0
CL01:DF_IR2023_RAMA(1.0),_T,M,IR2023,IX,N,2023-M11,103.18277302988304,R,,2,,Encuesta Mensual de Remuneraciones y Costos Laborales,0
CL01:DF_IR2023_RAMA(1.0),_T,M,IR2023,IX,N,2023-M12,104.86893487919562,R,,2,,Encuesta Mensual de Remuneraciones y Costos Laborales,0
CL01:DF_IR2023_RAMA(1.0),_T,M,IR2023,IX,N,2024-M01,105.3413357413214,R,,2,,Encuesta Mensual de Remuneraciones y Costos Laborales,0
CL01:DF_IR2023_RAMA(1.0),_T,M,IR2023,IX,N,2024-M02,103.9863347496579,R,,2,,Encuesta Mensual de Remuneraciones y Costos Laborales,0
CL01:DF_IR2023_RAMA(1.0),_T,M,IR2023,IX,N,2024-M03,105.75583307083127,R,,2,,Encuesta Mensual de Remuneraciones y Costos Laborales,0
CL01:DF_IR2023_RAMA(1.0),_T,M,IR2023,IX,N,2024-M04,106.07807389948805,,,2,,Encuesta Mensual de Remuneraciones y Costos Laborales,0
CL01:DF_IR2023_RAMA(1.0),_T,M,IR2023,IX,N,2024-M05,106.81860888676289,,,2,,Encuesta Mensual de Remuneraciones y Costos Laborales,0
CL01:DF_IR2023_RAMA(1.0),_T,M,IR2023,IX,N,2024-M06,109.08024370447353,,,2,,Encuesta Mensual de Remuneraciones y Costos Laborales,0
CL01:DF_IR2023_RAMA(1.0),_T,M,IR2023,IX,N,2024-M07,113.37701537530583,,,2,,Encuesta Mensual de Remuneraciones y Costos Laborales,0
CL01:DF_IR2023_RAMA(1.0),_T,M,IR2023,IX,N,2024-M08,114.08986808091316,,,2,,Encuesta Mensual de Remuneraciones y Costos Laborales,0
CL01:DF_IR2023_RAMA(1.0),_T,M,IR2023,IX,N,2024-M09,115.42369448202406,,,2,,Encuesta Mensual de Remuneraciones y Costos Laborales,0
CL01:DF_IR2023_RAMA(1.0),_T,M,IR2023,IX,N,2024-M10,115.10581262861577,,,2,,Encuesta Mensual de Remuneraciones y Costos Laborales,0
CL01:DF_IR2023_RAMA(1.0),_T,M,IR2023,IX,N,2024-M11,115.63060652398897,,,2,,Encuesta Mensual de Remuneraciones y Costos Laborales,0
CL01:DF_IR2023_RAMA(1.0),_T,M,IR2023,IX,N,2024-M12,116.88436368443836,,,2,,Encuesta Mensual de Remuneraciones y Costos Laborales,0
CL01:DF_IR2023_RAMA(1.0),_T,M,IR2023,IX,N,2025-M01,117.92885073804477,,,2,,Encuesta Mensual de Remuneraciones y Costos Laborales,0
CL01:DF_IR2023_RAMA(1.0),_T,M,IR2023,IX,N,2025-M02,117.96009163021971,,,2,,Encuesta Mensual de Remuneraciones y Costos Laborales,0
CL01:DF_IR2023_RAMA(1.0),_T,M,IR2023,IX,N,2025-M03,118.71977066103295,,,2,,Encuesta Mensual de Remuneraciones y Costos Laborales,0
CL01:DF_IR2023_RAMA(1.0),_T,M,IR2023,IX,N,2025-M04,119.55928751722604,,,2,,Encuesta Mensual de Remuneraciones y Costos Laborales,0
CL01:DF_IR2023_RAMA(1.0),_T,M,IR2023,IX,N,2025-M05,119.81673176116068,,,2,,Encuesta Mensual de Remuneraciones y Costos Laborales,0
CL01:DF_IR2023_RAMA(1.0),_T,M,IR2023,IX,N,2025-M06,120.94225819024065,,,2,,Encuesta Mensual de Remuneraciones y Costos Laborales,0
CL01:DF_IR2023_RAMA(1.0),_T,M,IR2023,IX,N,2025-M07,121.51226451117225,,,2,,Encuesta Mensual de Remuneraciones y Costos Laborales,0
CL01:DF_IR2023_RAMA(1.0),_T,M,IR2023,IX,N,2025-M08,121.7101961501188,,,2,,Encuesta Mensual de Remuneraciones y Costos Laborales,0
CL01:DF_IR2023_RAMA(1.0),_T,M,IR2023,IX,N,2025-M09,122.59725974318455,,,2,,Encuesta Mensual de Remuneraciones y Costos Laborales,0
CL01:DF_IR2023_RAMA(1.0),_T,M,IR2023,IX,N,2025-M10,122.10742884352655,,,2,,Encuesta Mensual de Remuneraciones y Costos Laborales,0
CL01:DF_IR2023_RAMA(1.0),_T,M,IR2023,IX,N,2025-M11,123.50203079660508,,,2,,Encuesta Mensual de Remuneraciones y Costos Laborales,0
CL01:DF_IR2023_RAMA(1.0),_T,M,IR2023,IX,N,2025-M12,124.27570439812689,,,2,,Encuesta Mensual de Remuneraciones y Costos Laborales,0
CL01:DF_IR2023_RAMA(1.0),_T,M,IR2023,IX,N,2026-M01,125.46865566001641,,,2,,Encuesta Mensual de Remuneraciones y Costos Laborales,0
CL01:DF_IR2023_RAMA(1.0),_T,M,IR2023,IX,N,2026-M02,124.60462678626719,,,2,,Encuesta Mensual de Remuneraciones y Costos Laborales,0
CL01:DF_IR2023_RAMA(1.0),_T,M,IR2023,IX,N,2026-M03,125.94172664710969,,Valor provisional,2,,Encuesta Mensual de Remuneraciones y Costos Laborales,0
CL01:DF_IR2023_RAMA(1.0),_T,M,IR2023,VAR12,M,2023-M01,,R,,2,,Encuesta Mensual de Remuneraciones y Costos Laborales,0
CL01:DF_IR2023_RAMA(1.0),_T,M,IR2023,VAR12,M,2023-M02,,R,,2,,Encuesta Mensual de Remuneraciones y Costos Laborales,0
CL01:DF_IR2023_RAMA(1.0),_T,M,IR2023,VAR12,M,2023-M03,,R,,2,,Encuesta Mensual de Remuneraciones y Costos Laborales,0
CL01:DF_IR2023_RAMA(1.0),_T,M,IR2023,VAR12,M,2023-M04,,R,,2,,Encuesta Mensual de Remuneraciones y Costos Laborales,0
CL01:DF_IR2023_RAMA(1.0),_T,M,IR2023,VAR12,M,2023-M05,,R,,2,,Encuesta Mensual de Remuneraciones y Costos Laborales,0
CL01:DF_IR2023_RAMA(1.0),_T,M,IR2023,VAR12,M,2023-M06,,R,,2,,Encuesta Mensual de Remuneraciones y Costos Laborales,0
CL01:DF_IR2023_RAMA(1.0),_T,M,IR2023,VAR12,M,2023-M07,,R,,2,,Encuesta Mensual de Remuneraciones y Costos Laborales,0
CL01:DF_IR2023_RAMA(1.0),_T,M,IR2023,VAR12,M,2023-M08,,R,,2,,Encuesta Mensual de Remuneraciones y Costos Laborales,0
CL01:DF_IR2023_RAMA(1.0),_T,M,IR2023,VAR12,M,2023-M09,,R,,2,,Encuesta Mensual de Remuneraciones y Costos Laborales,0
CL01:DF_IR2023_RAMA(1.0),_T,M,IR2023,VAR12,M,2023-M10,,R,,2,,Encuesta Mensual de Remuneraciones y Costos Laborales,0
CL01:DF_IR2023_RAMA(1.0),_T,M,IR2023,VAR12,M,2023-M11,,R,,2,,Encuesta Mensual de Remuneraciones y Costos Laborales,0
CL01:DF_IR2023_RAMA(1.0),_T,M,IR2023,VAR12,M,2023-M12,,R,,2,,Encuesta Mensual de Remuneraciones y Costos Laborales,0
CL01:DF_IR2023_RAMA(1.0),_T,M,IR2023,VAR12,M,2024-M01,5.456224340569182,R,,2,,Encuesta Mensual de Remuneraciones y Costos Laborales,0
CL01:DF_IR2023_RAMA(1.0),_T,M,IR2023,VAR12,M,2024-M02,7.244678476987509,R,,2,,Encuesta Mensual de Remuneraciones y Costos Laborales,0
CL01:DF_IR2023_RAMA(1.0),_T,M,IR2023,VAR12,M,2024-M03,7.203716454695375,R,,2,,Encuesta Mensual de Remuneraciones y Costos Laborales,0
CL01:DF_IR2023_RAMA(1.0),_T,M,IR2023,VAR12,M,2024-M04,6.815344387954103,R,,2,,Encuesta Mensual de Remuneraciones y Costos Laborales,0
CL01:DF_IR2023_RAMA(1.0),_T,M,IR2023,VAR12,M,2024-M05,9.84122764437878,R,,2,,Encuesta Mensual de Remuneraciones y Costos Laborales,0
CL01:DF_IR2023_RAMA(1.0),_T,M,IR2023,VAR12,M,2024-M06,9.156379873161447,R,,2,,Encuesta Mensual de Remuneraciones y Costos Laborales,0
CL01:DF_IR2023_RAMA(1.0),_T,M,IR2023,VAR12,M,2024-M07,9.444085274917402,R,,2,,Encuesta Mensual de Remuneraciones y Costos Laborales,0
CL01:DF_IR2023_RAMA(1.0),_T,M,IR2023,VAR12,M,2024-M08,9.176439687571625,R,,2,,Encuesta Mensual de Remuneraciones y Costos Laborales,0
CL01:DF_IR2023_RAMA(1.0),_T,M,IR2023,VAR12,M,2024-M09,8.483155168992695,R,,2,,Encuesta Mensual de Remuneraciones y Costos Laborales,0
CL01:DF_IR2023_RAMA(1.0),_T,M,IR2023,VAR12,M,2024-M10,10.312706147919082,R,,2,,Encuesta Mensual de Remuneraciones y Costos Laborales,0
CL01:DF_IR2023_RAMA(1.0),_T,M,IR2023,VAR12,M,2024-M11,9.391012888896256,R,,2,,Encuesta Mensual de Remuneraciones y Costos Laborales,0
CL01:DF_IR2023_RAMA(1.0),_T,M,IR2023,VAR12,M,2024-M12,10.102814758355038,R,,2,,Encuesta Mensual de Remuneraciones y Costos Laborales,0
CL01:DF_IR2023_RAMA(1.0),_T,M,IR2023,VAR12,M,2025-M01,10.352339755619887,R,,2,,Encuesta Mensual de Remuneraciones y Costos Laborales,0
CL01:DF_IR2023_RAMA(1.0),_T,M,IR2023,VAR12,M,2025-M02,11.425338974561283,R,,2,,Encuesta Mensual de Remuneraciones y Costos Laborales,0
CL01:DF_IR2023_RAMA(1.0),_T,M,IR2023,VAR12,M,2025-M03,9.553371757375405,R,,2,,Encuesta Mensual de Remuneraciones y Costos Laborales,0
CL01:DF_IR2023_RAMA(1.0),_T,M,IR2023,VAR12,M,2025-M04,8.132613299793734,,,2,,Encuesta Mensual de Remuneraciones y Costos Laborales,0
CL01:DF_IR2023_RAMA(1.0),_T,M,IR2023,VAR12,M,2025-M05,5.966402941441262,,,2,,Encuesta Mensual de Remuneraciones y Costos Laborales,0
CL01:DF_IR2023_RAMA(1.0),_T,M,IR2023,VAR12,M,2025-M06,6.170265843435785,,,2,,Encuesta Mensual de Remuneraciones y Costos Laborales,0
CL01:DF_IR2023_RAMA(1.0),_T,M,IR2023,VAR12,M,2025-M07,6.276327318485508,,,2,,Encuesta Mensual de Remuneraciones y Costos Laborales,0
CL01:DF_IR2023_RAMA(1.0),_T,M,IR2023,VAR12,M,2025-M08,5.700613306501667,,,2,,Encuesta Mensual de Remuneraciones y Costos Laborales,0
CL01:DF_IR2023_RAMA(1.0),_T,M,IR2023,VAR12,M,2025-M09,6.355469193714236,,,2,,Encuesta Mensual de Remuneraciones y Costos Laborales,0
CL01:DF_IR2023_RAMA(1.0),_T,M,IR2023,VAR12,M,2025-M10,5.676378052518571,,,2,,Encuesta Mensual de Remuneraciones y Costos Laborales,0
CL01:DF_IR2023_RAMA(1.0),_T,M,IR2023,VAR12,M,2025-M11,5.870410787457647,,,2,,Encuesta Mensual de Remuneraciones y Costos Laborales,0
CL01:DF_IR2023_RAMA(1.0),_T,M,IR2023,VAR12,M,2025-M12,7.015032734617854,,,2,,Encuesta Mensual de Remuneraciones y Costos Laborales,0
CL01:DF_IR2023_RAMA(1.0),_T,M,IR2023,VAR12,M,2026-M01,5.628334152660308,,,2,,Encuesta Mensual de Remuneraciones y Costos Laborales,0
CL01:DF_IR2023_RAMA(1.0),_T,M,IR2023,VAR12,M,2026-M02,4.6451818849245985,,,2,,Encuesta Mensual de Remuneraciones y Costos Laborales,0
CL01:DF_IR2023_RAMA(1.0),_T,M,IR2023,VAR12,M,2026-M03,5.731068710632292,,Valor provisional,2,,Encuesta Mensual de Remuneraciones y Costos Laborales,0
