DATAFLOW,FREQ,INDICADOR,AREA_REF,CIUO,TIME_PERIOD,OBS_VALUE,OBS_STATUS,NOTAS_INDICADOR,DECIMALS,NOTAS,FUENTE,UNIDAD,MULT
CL01:DF_BGYMEDIOOCU_CIUO(1.0),A,BGYMEDIOOCU,01,CIUO_2,2017,-30.8996737697073,Y,,1,"<a href="" https://www.ine.gob.cl/docs/default-source/institucionalidad/buenas-pr%C3%A1cticas/clasificaciones-y-estandares/est%C3%A1ndar-evaluaci%C3%B3n-de-calidad-de-estimaciones-publicaci%C3%B3n-27022020.pdf/"" target=""_blank"" rel=""noopener noreferrer"">La clasificación en estimaciones Fiables, Poco fiables y No fiables provienen del Estándar para la evaluación de la calidad de las estimaciones en encuestas de hogares del INE.</a>",Encuesta Suplementaria de Ingresos (ESI),PT,0
CL01:DF_BGYMEDIOOCU_CIUO(1.0),A,BGYMEDIOOCU,01,CIUO_2,2018,-20.5508198725877,,,1,"<a href="" https://www.ine.gob.cl/docs/default-source/institucionalidad/buenas-pr%C3%A1cticas/clasificaciones-y-estandares/est%C3%A1ndar-evaluaci%C3%B3n-de-calidad-de-estimaciones-publicaci%C3%B3n-27022020.pdf/"" target=""_blank"" rel=""noopener noreferrer"">La clasificación en estimaciones Fiables, Poco fiables y No fiables provienen del Estándar para la evaluación de la calidad de las estimaciones en encuestas de hogares del INE.</a>",Encuesta Suplementaria de Ingresos (ESI),PT,0
CL01:DF_BGYMEDIOOCU_CIUO(1.0),A,BGYMEDIOOCU,01,CIUO_2,2019,-7.45327163840947,,,1,"<a href="" https://www.ine.gob.cl/docs/default-source/institucionalidad/buenas-pr%C3%A1cticas/clasificaciones-y-estandares/est%C3%A1ndar-evaluaci%C3%B3n-de-calidad-de-estimaciones-publicaci%C3%B3n-27022020.pdf/"" target=""_blank"" rel=""noopener noreferrer"">La clasificación en estimaciones Fiables, Poco fiables y No fiables provienen del Estándar para la evaluación de la calidad de las estimaciones en encuestas de hogares del INE.</a>",Encuesta Suplementaria de Ingresos (ESI),PT,0
CL01:DF_BGYMEDIOOCU_CIUO(1.0),A,BGYMEDIOOCU,01,CIUO_2,2020,-25.0995938387293,,,1,"<a href="" https://www.ine.gob.cl/docs/default-source/institucionalidad/buenas-pr%C3%A1cticas/clasificaciones-y-estandares/est%C3%A1ndar-evaluaci%C3%B3n-de-calidad-de-estimaciones-publicaci%C3%B3n-27022020.pdf/"" target=""_blank"" rel=""noopener noreferrer"">La clasificación en estimaciones Fiables, Poco fiables y No fiables provienen del Estándar para la evaluación de la calidad de las estimaciones en encuestas de hogares del INE.</a>",Encuesta Suplementaria de Ingresos (ESI),PT,0
CL01:DF_BGYMEDIOOCU_CIUO(1.0),A,BGYMEDIOOCU,01,CIUO_2,2021,-20.2176083804873,,,1,"<a href="" https://www.ine.gob.cl/docs/default-source/institucionalidad/buenas-pr%C3%A1cticas/clasificaciones-y-estandares/est%C3%A1ndar-evaluaci%C3%B3n-de-calidad-de-estimaciones-publicaci%C3%B3n-27022020.pdf/"" target=""_blank"" rel=""noopener noreferrer"">La clasificación en estimaciones Fiables, Poco fiables y No fiables provienen del Estándar para la evaluación de la calidad de las estimaciones en encuestas de hogares del INE.</a>",Encuesta Suplementaria de Ingresos (ESI),PT,0
CL01:DF_BGYMEDIOOCU_CIUO(1.0),A,BGYMEDIOOCU,01,CIUO_2,2022,-23.624647097424,,,1,"<a href="" https://www.ine.gob.cl/docs/default-source/institucionalidad/buenas-pr%C3%A1cticas/clasificaciones-y-estandares/est%C3%A1ndar-evaluaci%C3%B3n-de-calidad-de-estimaciones-publicaci%C3%B3n-27022020.pdf/"" target=""_blank"" rel=""noopener noreferrer"">La clasificación en estimaciones Fiables, Poco fiables y No fiables provienen del Estándar para la evaluación de la calidad de las estimaciones en encuestas de hogares del INE.</a>",Encuesta Suplementaria de Ingresos (ESI),PT,0
CL01:DF_BGYMEDIOOCU_CIUO(1.0),A,BGYMEDIOOCU,01,CIUO_2,2023,-28.6363666397135,,,1,"<a href="" https://www.ine.gob.cl/docs/default-source/institucionalidad/buenas-pr%C3%A1cticas/clasificaciones-y-estandares/est%C3%A1ndar-evaluaci%C3%B3n-de-calidad-de-estimaciones-publicaci%C3%B3n-27022020.pdf/"" target=""_blank"" rel=""noopener noreferrer"">La clasificación en estimaciones Fiables, Poco fiables y No fiables provienen del Estándar para la evaluación de la calidad de las estimaciones en encuestas de hogares del INE.</a>",Encuesta Suplementaria de Ingresos (ESI),PT,0
CL01:DF_BGYMEDIOOCU_CIUO(1.0),A,BGYMEDIOOCU,01,CIUO_2,2024,-18.5964494611334,,,1,"<a href="" https://www.ine.gob.cl/docs/default-source/institucionalidad/buenas-pr%C3%A1cticas/clasificaciones-y-estandares/est%C3%A1ndar-evaluaci%C3%B3n-de-calidad-de-estimaciones-publicaci%C3%B3n-27022020.pdf/"" target=""_blank"" rel=""noopener noreferrer"">La clasificación en estimaciones Fiables, Poco fiables y No fiables provienen del Estándar para la evaluación de la calidad de las estimaciones en encuestas de hogares del INE.</a>",Encuesta Suplementaria de Ingresos (ESI),PT,0
CL01:DF_BGYMEDIOOCU_CIUO(1.0),A,BGYMEDIOOCU,02,CIUO_5,2017,-40.6863295243673,,,1,"<a href="" https://www.ine.gob.cl/docs/default-source/institucionalidad/buenas-pr%C3%A1cticas/clasificaciones-y-estandares/est%C3%A1ndar-evaluaci%C3%B3n-de-calidad-de-estimaciones-publicaci%C3%B3n-27022020.pdf/"" target=""_blank"" rel=""noopener noreferrer"">La clasificación en estimaciones Fiables, Poco fiables y No fiables provienen del Estándar para la evaluación de la calidad de las estimaciones en encuestas de hogares del INE.</a>",Encuesta Suplementaria de Ingresos (ESI),PT,0
CL01:DF_BGYMEDIOOCU_CIUO(1.0),A,BGYMEDIOOCU,02,CIUO_5,2018,-38.9427833769282,,,1,"<a href="" https://www.ine.gob.cl/docs/default-source/institucionalidad/buenas-pr%C3%A1cticas/clasificaciones-y-estandares/est%C3%A1ndar-evaluaci%C3%B3n-de-calidad-de-estimaciones-publicaci%C3%B3n-27022020.pdf/"" target=""_blank"" rel=""noopener noreferrer"">La clasificación en estimaciones Fiables, Poco fiables y No fiables provienen del Estándar para la evaluación de la calidad de las estimaciones en encuestas de hogares del INE.</a>",Encuesta Suplementaria de Ingresos (ESI),PT,0
CL01:DF_BGYMEDIOOCU_CIUO(1.0),A,BGYMEDIOOCU,02,CIUO_5,2019,-40.4213707344416,,,1,"<a href="" https://www.ine.gob.cl/docs/default-source/institucionalidad/buenas-pr%C3%A1cticas/clasificaciones-y-estandares/est%C3%A1ndar-evaluaci%C3%B3n-de-calidad-de-estimaciones-publicaci%C3%B3n-27022020.pdf/"" target=""_blank"" rel=""noopener noreferrer"">La clasificación en estimaciones Fiables, Poco fiables y No fiables provienen del Estándar para la evaluación de la calidad de las estimaciones en encuestas de hogares del INE.</a>",Encuesta Suplementaria de Ingresos (ESI),PT,0
CL01:DF_BGYMEDIOOCU_CIUO(1.0),A,BGYMEDIOOCU,02,CIUO_5,2020,-38.8127795849863,Y,,1,"<a href="" https://www.ine.gob.cl/docs/default-source/institucionalidad/buenas-pr%C3%A1cticas/clasificaciones-y-estandares/est%C3%A1ndar-evaluaci%C3%B3n-de-calidad-de-estimaciones-publicaci%C3%B3n-27022020.pdf/"" target=""_blank"" rel=""noopener noreferrer"">La clasificación en estimaciones Fiables, Poco fiables y No fiables provienen del Estándar para la evaluación de la calidad de las estimaciones en encuestas de hogares del INE.</a>",Encuesta Suplementaria de Ingresos (ESI),PT,0
CL01:DF_BGYMEDIOOCU_CIUO(1.0),A,BGYMEDIOOCU,02,CIUO_5,2021,-25.1959727999273,,,1,"<a href="" https://www.ine.gob.cl/docs/default-source/institucionalidad/buenas-pr%C3%A1cticas/clasificaciones-y-estandares/est%C3%A1ndar-evaluaci%C3%B3n-de-calidad-de-estimaciones-publicaci%C3%B3n-27022020.pdf/"" target=""_blank"" rel=""noopener noreferrer"">La clasificación en estimaciones Fiables, Poco fiables y No fiables provienen del Estándar para la evaluación de la calidad de las estimaciones en encuestas de hogares del INE.</a>",Encuesta Suplementaria de Ingresos (ESI),PT,0
CL01:DF_BGYMEDIOOCU_CIUO(1.0),A,BGYMEDIOOCU,02,CIUO_5,2022,-26.4995655711417,,,1,"<a href="" https://www.ine.gob.cl/docs/default-source/institucionalidad/buenas-pr%C3%A1cticas/clasificaciones-y-estandares/est%C3%A1ndar-evaluaci%C3%B3n-de-calidad-de-estimaciones-publicaci%C3%B3n-27022020.pdf/"" target=""_blank"" rel=""noopener noreferrer"">La clasificación en estimaciones Fiables, Poco fiables y No fiables provienen del Estándar para la evaluación de la calidad de las estimaciones en encuestas de hogares del INE.</a>",Encuesta Suplementaria de Ingresos (ESI),PT,0
CL01:DF_BGYMEDIOOCU_CIUO(1.0),A,BGYMEDIOOCU,02,CIUO_5,2023,-37.6030227198953,,,1,"<a href="" https://www.ine.gob.cl/docs/default-source/institucionalidad/buenas-pr%C3%A1cticas/clasificaciones-y-estandares/est%C3%A1ndar-evaluaci%C3%B3n-de-calidad-de-estimaciones-publicaci%C3%B3n-27022020.pdf/"" target=""_blank"" rel=""noopener noreferrer"">La clasificación en estimaciones Fiables, Poco fiables y No fiables provienen del Estándar para la evaluación de la calidad de las estimaciones en encuestas de hogares del INE.</a>",Encuesta Suplementaria de Ingresos (ESI),PT,0
CL01:DF_BGYMEDIOOCU_CIUO(1.0),A,BGYMEDIOOCU,02,CIUO_5,2024,-24.9602310588506,,,1,"<a href="" https://www.ine.gob.cl/docs/default-source/institucionalidad/buenas-pr%C3%A1cticas/clasificaciones-y-estandares/est%C3%A1ndar-evaluaci%C3%B3n-de-calidad-de-estimaciones-publicaci%C3%B3n-27022020.pdf/"" target=""_blank"" rel=""noopener noreferrer"">La clasificación en estimaciones Fiables, Poco fiables y No fiables provienen del Estándar para la evaluación de la calidad de las estimaciones en encuestas de hogares del INE.</a>",Encuesta Suplementaria de Ingresos (ESI),PT,0
CL01:DF_BGYMEDIOOCU_CIUO(1.0),A,BGYMEDIOOCU,05,CIUO_2,2017,-28.31848136392,,,1,"<a href="" https://www.ine.gob.cl/docs/default-source/institucionalidad/buenas-pr%C3%A1cticas/clasificaciones-y-estandares/est%C3%A1ndar-evaluaci%C3%B3n-de-calidad-de-estimaciones-publicaci%C3%B3n-27022020.pdf/"" target=""_blank"" rel=""noopener noreferrer"">La clasificación en estimaciones Fiables, Poco fiables y No fiables provienen del Estándar para la evaluación de la calidad de las estimaciones en encuestas de hogares del INE.</a>",Encuesta Suplementaria de Ingresos (ESI),PT,0
CL01:DF_BGYMEDIOOCU_CIUO(1.0),A,BGYMEDIOOCU,05,CIUO_2,2018,-23.1082632421922,,,1,"<a href="" https://www.ine.gob.cl/docs/default-source/institucionalidad/buenas-pr%C3%A1cticas/clasificaciones-y-estandares/est%C3%A1ndar-evaluaci%C3%B3n-de-calidad-de-estimaciones-publicaci%C3%B3n-27022020.pdf/"" target=""_blank"" rel=""noopener noreferrer"">La clasificación en estimaciones Fiables, Poco fiables y No fiables provienen del Estándar para la evaluación de la calidad de las estimaciones en encuestas de hogares del INE.</a>",Encuesta Suplementaria de Ingresos (ESI),PT,0
CL01:DF_BGYMEDIOOCU_CIUO(1.0),A,BGYMEDIOOCU,05,CIUO_2,2019,-29.0310884823181,,,1,"<a href="" https://www.ine.gob.cl/docs/default-source/institucionalidad/buenas-pr%C3%A1cticas/clasificaciones-y-estandares/est%C3%A1ndar-evaluaci%C3%B3n-de-calidad-de-estimaciones-publicaci%C3%B3n-27022020.pdf/"" target=""_blank"" rel=""noopener noreferrer"">La clasificación en estimaciones Fiables, Poco fiables y No fiables provienen del Estándar para la evaluación de la calidad de las estimaciones en encuestas de hogares del INE.</a>",Encuesta Suplementaria de Ingresos (ESI),PT,0
CL01:DF_BGYMEDIOOCU_CIUO(1.0),A,BGYMEDIOOCU,05,CIUO_2,2020,-18.5265370137931,,,1,"<a href="" https://www.ine.gob.cl/docs/default-source/institucionalidad/buenas-pr%C3%A1cticas/clasificaciones-y-estandares/est%C3%A1ndar-evaluaci%C3%B3n-de-calidad-de-estimaciones-publicaci%C3%B3n-27022020.pdf/"" target=""_blank"" rel=""noopener noreferrer"">La clasificación en estimaciones Fiables, Poco fiables y No fiables provienen del Estándar para la evaluación de la calidad de las estimaciones en encuestas de hogares del INE.</a>",Encuesta Suplementaria de Ingresos (ESI),PT,0
CL01:DF_BGYMEDIOOCU_CIUO(1.0),A,BGYMEDIOOCU,05,CIUO_2,2021,-28.3573891015596,,,1,"<a href="" https://www.ine.gob.cl/docs/default-source/institucionalidad/buenas-pr%C3%A1cticas/clasificaciones-y-estandares/est%C3%A1ndar-evaluaci%C3%B3n-de-calidad-de-estimaciones-publicaci%C3%B3n-27022020.pdf/"" target=""_blank"" rel=""noopener noreferrer"">La clasificación en estimaciones Fiables, Poco fiables y No fiables provienen del Estándar para la evaluación de la calidad de las estimaciones en encuestas de hogares del INE.</a>",Encuesta Suplementaria de Ingresos (ESI),PT,0
CL01:DF_BGYMEDIOOCU_CIUO(1.0),A,BGYMEDIOOCU,05,CIUO_2,2022,-27.4047648814503,,,1,"<a href="" https://www.ine.gob.cl/docs/default-source/institucionalidad/buenas-pr%C3%A1cticas/clasificaciones-y-estandares/est%C3%A1ndar-evaluaci%C3%B3n-de-calidad-de-estimaciones-publicaci%C3%B3n-27022020.pdf/"" target=""_blank"" rel=""noopener noreferrer"">La clasificación en estimaciones Fiables, Poco fiables y No fiables provienen del Estándar para la evaluación de la calidad de las estimaciones en encuestas de hogares del INE.</a>",Encuesta Suplementaria de Ingresos (ESI),PT,0
CL01:DF_BGYMEDIOOCU_CIUO(1.0),A,BGYMEDIOOCU,05,CIUO_2,2023,-25.8073014904325,,,1,"<a href="" https://www.ine.gob.cl/docs/default-source/institucionalidad/buenas-pr%C3%A1cticas/clasificaciones-y-estandares/est%C3%A1ndar-evaluaci%C3%B3n-de-calidad-de-estimaciones-publicaci%C3%B3n-27022020.pdf/"" target=""_blank"" rel=""noopener noreferrer"">La clasificación en estimaciones Fiables, Poco fiables y No fiables provienen del Estándar para la evaluación de la calidad de las estimaciones en encuestas de hogares del INE.</a>",Encuesta Suplementaria de Ingresos (ESI),PT,0
CL01:DF_BGYMEDIOOCU_CIUO(1.0),A,BGYMEDIOOCU,05,CIUO_2,2024,-28.3628272984378,,,1,"<a href="" https://www.ine.gob.cl/docs/default-source/institucionalidad/buenas-pr%C3%A1cticas/clasificaciones-y-estandares/est%C3%A1ndar-evaluaci%C3%B3n-de-calidad-de-estimaciones-publicaci%C3%B3n-27022020.pdf/"" target=""_blank"" rel=""noopener noreferrer"">La clasificación en estimaciones Fiables, Poco fiables y No fiables provienen del Estándar para la evaluación de la calidad de las estimaciones en encuestas de hogares del INE.</a>",Encuesta Suplementaria de Ingresos (ESI),PT,0
CL01:DF_BGYMEDIOOCU_CIUO(1.0),A,BGYMEDIOOCU,06,CIUO_2,2017,-12.9360263802384,,,1,"<a href="" https://www.ine.gob.cl/docs/default-source/institucionalidad/buenas-pr%C3%A1cticas/clasificaciones-y-estandares/est%C3%A1ndar-evaluaci%C3%B3n-de-calidad-de-estimaciones-publicaci%C3%B3n-27022020.pdf/"" target=""_blank"" rel=""noopener noreferrer"">La clasificación en estimaciones Fiables, Poco fiables y No fiables provienen del Estándar para la evaluación de la calidad de las estimaciones en encuestas de hogares del INE.</a>",Encuesta Suplementaria de Ingresos (ESI),PT,0
CL01:DF_BGYMEDIOOCU_CIUO(1.0),A,BGYMEDIOOCU,06,CIUO_2,2018,-17.054520376234,,,1,"<a href="" https://www.ine.gob.cl/docs/default-source/institucionalidad/buenas-pr%C3%A1cticas/clasificaciones-y-estandares/est%C3%A1ndar-evaluaci%C3%B3n-de-calidad-de-estimaciones-publicaci%C3%B3n-27022020.pdf/"" target=""_blank"" rel=""noopener noreferrer"">La clasificación en estimaciones Fiables, Poco fiables y No fiables provienen del Estándar para la evaluación de la calidad de las estimaciones en encuestas de hogares del INE.</a>",Encuesta Suplementaria de Ingresos (ESI),PT,0
CL01:DF_BGYMEDIOOCU_CIUO(1.0),A,BGYMEDIOOCU,06,CIUO_2,2019,-28.6225297385416,,,1,"<a href="" https://www.ine.gob.cl/docs/default-source/institucionalidad/buenas-pr%C3%A1cticas/clasificaciones-y-estandares/est%C3%A1ndar-evaluaci%C3%B3n-de-calidad-de-estimaciones-publicaci%C3%B3n-27022020.pdf/"" target=""_blank"" rel=""noopener noreferrer"">La clasificación en estimaciones Fiables, Poco fiables y No fiables provienen del Estándar para la evaluación de la calidad de las estimaciones en encuestas de hogares del INE.</a>",Encuesta Suplementaria de Ingresos (ESI),PT,0
CL01:DF_BGYMEDIOOCU_CIUO(1.0),A,BGYMEDIOOCU,06,CIUO_2,2020,-18.9135650818107,,,1,"<a href="" https://www.ine.gob.cl/docs/default-source/institucionalidad/buenas-pr%C3%A1cticas/clasificaciones-y-estandares/est%C3%A1ndar-evaluaci%C3%B3n-de-calidad-de-estimaciones-publicaci%C3%B3n-27022020.pdf/"" target=""_blank"" rel=""noopener noreferrer"">La clasificación en estimaciones Fiables, Poco fiables y No fiables provienen del Estándar para la evaluación de la calidad de las estimaciones en encuestas de hogares del INE.</a>",Encuesta Suplementaria de Ingresos (ESI),PT,0
CL01:DF_BGYMEDIOOCU_CIUO(1.0),A,BGYMEDIOOCU,06,CIUO_2,2021,-21.9204485212813,,,1,"<a href="" https://www.ine.gob.cl/docs/default-source/institucionalidad/buenas-pr%C3%A1cticas/clasificaciones-y-estandares/est%C3%A1ndar-evaluaci%C3%B3n-de-calidad-de-estimaciones-publicaci%C3%B3n-27022020.pdf/"" target=""_blank"" rel=""noopener noreferrer"">La clasificación en estimaciones Fiables, Poco fiables y No fiables provienen del Estándar para la evaluación de la calidad de las estimaciones en encuestas de hogares del INE.</a>",Encuesta Suplementaria de Ingresos (ESI),PT,0
CL01:DF_BGYMEDIOOCU_CIUO(1.0),A,BGYMEDIOOCU,06,CIUO_2,2022,-29.0038759549684,,,1,"<a href="" https://www.ine.gob.cl/docs/default-source/institucionalidad/buenas-pr%C3%A1cticas/clasificaciones-y-estandares/est%C3%A1ndar-evaluaci%C3%B3n-de-calidad-de-estimaciones-publicaci%C3%B3n-27022020.pdf/"" target=""_blank"" rel=""noopener noreferrer"">La clasificación en estimaciones Fiables, Poco fiables y No fiables provienen del Estándar para la evaluación de la calidad de las estimaciones en encuestas de hogares del INE.</a>",Encuesta Suplementaria de Ingresos (ESI),PT,0
CL01:DF_BGYMEDIOOCU_CIUO(1.0),A,BGYMEDIOOCU,06,CIUO_2,2023,-23.6896685981233,,,1,"<a href="" https://www.ine.gob.cl/docs/default-source/institucionalidad/buenas-pr%C3%A1cticas/clasificaciones-y-estandares/est%C3%A1ndar-evaluaci%C3%B3n-de-calidad-de-estimaciones-publicaci%C3%B3n-27022020.pdf/"" target=""_blank"" rel=""noopener noreferrer"">La clasificación en estimaciones Fiables, Poco fiables y No fiables provienen del Estándar para la evaluación de la calidad de las estimaciones en encuestas de hogares del INE.</a>",Encuesta Suplementaria de Ingresos (ESI),PT,0
CL01:DF_BGYMEDIOOCU_CIUO(1.0),A,BGYMEDIOOCU,06,CIUO_2,2024,-21.0902451661781,,,1,"<a href="" https://www.ine.gob.cl/docs/default-source/institucionalidad/buenas-pr%C3%A1cticas/clasificaciones-y-estandares/est%C3%A1ndar-evaluaci%C3%B3n-de-calidad-de-estimaciones-publicaci%C3%B3n-27022020.pdf/"" target=""_blank"" rel=""noopener noreferrer"">La clasificación en estimaciones Fiables, Poco fiables y No fiables provienen del Estándar para la evaluación de la calidad de las estimaciones en encuestas de hogares del INE.</a>",Encuesta Suplementaria de Ingresos (ESI),PT,0
CL01:DF_BGYMEDIOOCU_CIUO(1.0),A,BGYMEDIOOCU,06,CIUO_3,2017,-32.8124141132205,,,1,"<a href="" https://www.ine.gob.cl/docs/default-source/institucionalidad/buenas-pr%C3%A1cticas/clasificaciones-y-estandares/est%C3%A1ndar-evaluaci%C3%B3n-de-calidad-de-estimaciones-publicaci%C3%B3n-27022020.pdf/"" target=""_blank"" rel=""noopener noreferrer"">La clasificación en estimaciones Fiables, Poco fiables y No fiables provienen del Estándar para la evaluación de la calidad de las estimaciones en encuestas de hogares del INE.</a>",Encuesta Suplementaria de Ingresos (ESI),PT,0
CL01:DF_BGYMEDIOOCU_CIUO(1.0),A,BGYMEDIOOCU,06,CIUO_3,2018,-34.8949303585733,,,1,"<a href="" https://www.ine.gob.cl/docs/default-source/institucionalidad/buenas-pr%C3%A1cticas/clasificaciones-y-estandares/est%C3%A1ndar-evaluaci%C3%B3n-de-calidad-de-estimaciones-publicaci%C3%B3n-27022020.pdf/"" target=""_blank"" rel=""noopener noreferrer"">La clasificación en estimaciones Fiables, Poco fiables y No fiables provienen del Estándar para la evaluación de la calidad de las estimaciones en encuestas de hogares del INE.</a>",Encuesta Suplementaria de Ingresos (ESI),PT,0
CL01:DF_BGYMEDIOOCU_CIUO(1.0),A,BGYMEDIOOCU,06,CIUO_3,2019,-21.4661912021116,,,1,"<a href="" https://www.ine.gob.cl/docs/default-source/institucionalidad/buenas-pr%C3%A1cticas/clasificaciones-y-estandares/est%C3%A1ndar-evaluaci%C3%B3n-de-calidad-de-estimaciones-publicaci%C3%B3n-27022020.pdf/"" target=""_blank"" rel=""noopener noreferrer"">La clasificación en estimaciones Fiables, Poco fiables y No fiables provienen del Estándar para la evaluación de la calidad de las estimaciones en encuestas de hogares del INE.</a>",Encuesta Suplementaria de Ingresos (ESI),PT,0
CL01:DF_BGYMEDIOOCU_CIUO(1.0),A,BGYMEDIOOCU,06,CIUO_3,2020,-31.8799174612168,,,1,"<a href="" https://www.ine.gob.cl/docs/default-source/institucionalidad/buenas-pr%C3%A1cticas/clasificaciones-y-estandares/est%C3%A1ndar-evaluaci%C3%B3n-de-calidad-de-estimaciones-publicaci%C3%B3n-27022020.pdf/"" target=""_blank"" rel=""noopener noreferrer"">La clasificación en estimaciones Fiables, Poco fiables y No fiables provienen del Estándar para la evaluación de la calidad de las estimaciones en encuestas de hogares del INE.</a>",Encuesta Suplementaria de Ingresos (ESI),PT,0
CL01:DF_BGYMEDIOOCU_CIUO(1.0),A,BGYMEDIOOCU,06,CIUO_3,2021,-29.1546702983835,,,1,"<a href="" https://www.ine.gob.cl/docs/default-source/institucionalidad/buenas-pr%C3%A1cticas/clasificaciones-y-estandares/est%C3%A1ndar-evaluaci%C3%B3n-de-calidad-de-estimaciones-publicaci%C3%B3n-27022020.pdf/"" target=""_blank"" rel=""noopener noreferrer"">La clasificación en estimaciones Fiables, Poco fiables y No fiables provienen del Estándar para la evaluación de la calidad de las estimaciones en encuestas de hogares del INE.</a>",Encuesta Suplementaria de Ingresos (ESI),PT,0
CL01:DF_BGYMEDIOOCU_CIUO(1.0),A,BGYMEDIOOCU,06,CIUO_3,2022,-37.9709489132628,,,1,"<a href="" https://www.ine.gob.cl/docs/default-source/institucionalidad/buenas-pr%C3%A1cticas/clasificaciones-y-estandares/est%C3%A1ndar-evaluaci%C3%B3n-de-calidad-de-estimaciones-publicaci%C3%B3n-27022020.pdf/"" target=""_blank"" rel=""noopener noreferrer"">La clasificación en estimaciones Fiables, Poco fiables y No fiables provienen del Estándar para la evaluación de la calidad de las estimaciones en encuestas de hogares del INE.</a>",Encuesta Suplementaria de Ingresos (ESI),PT,0
CL01:DF_BGYMEDIOOCU_CIUO(1.0),A,BGYMEDIOOCU,06,CIUO_3,2023,-43.7088538958635,,,1,"<a href="" https://www.ine.gob.cl/docs/default-source/institucionalidad/buenas-pr%C3%A1cticas/clasificaciones-y-estandares/est%C3%A1ndar-evaluaci%C3%B3n-de-calidad-de-estimaciones-publicaci%C3%B3n-27022020.pdf/"" target=""_blank"" rel=""noopener noreferrer"">La clasificación en estimaciones Fiables, Poco fiables y No fiables provienen del Estándar para la evaluación de la calidad de las estimaciones en encuestas de hogares del INE.</a>",Encuesta Suplementaria de Ingresos (ESI),PT,0
CL01:DF_BGYMEDIOOCU_CIUO(1.0),A,BGYMEDIOOCU,06,CIUO_3,2024,-27.341839568043,,,1,"<a href="" https://www.ine.gob.cl/docs/default-source/institucionalidad/buenas-pr%C3%A1cticas/clasificaciones-y-estandares/est%C3%A1ndar-evaluaci%C3%B3n-de-calidad-de-estimaciones-publicaci%C3%B3n-27022020.pdf/"" target=""_blank"" rel=""noopener noreferrer"">La clasificación en estimaciones Fiables, Poco fiables y No fiables provienen del Estándar para la evaluación de la calidad de las estimaciones en encuestas de hogares del INE.</a>",Encuesta Suplementaria de Ingresos (ESI),PT,0
CL01:DF_BGYMEDIOOCU_CIUO(1.0),A,BGYMEDIOOCU,07,CIUO_1,2017,-35.3953183823657,X,,1,"<a href="" https://www.ine.gob.cl/docs/default-source/institucionalidad/buenas-pr%C3%A1cticas/clasificaciones-y-estandares/est%C3%A1ndar-evaluaci%C3%B3n-de-calidad-de-estimaciones-publicaci%C3%B3n-27022020.pdf/"" target=""_blank"" rel=""noopener noreferrer"">La clasificación en estimaciones Fiables, Poco fiables y No fiables provienen del Estándar para la evaluación de la calidad de las estimaciones en encuestas de hogares del INE.</a>",Encuesta Suplementaria de Ingresos (ESI),PT,0
CL01:DF_BGYMEDIOOCU_CIUO(1.0),A,BGYMEDIOOCU,07,CIUO_1,2018,8.09536679761057,Y,,1,"<a href="" https://www.ine.gob.cl/docs/default-source/institucionalidad/buenas-pr%C3%A1cticas/clasificaciones-y-estandares/est%C3%A1ndar-evaluaci%C3%B3n-de-calidad-de-estimaciones-publicaci%C3%B3n-27022020.pdf/"" target=""_blank"" rel=""noopener noreferrer"">La clasificación en estimaciones Fiables, Poco fiables y No fiables provienen del Estándar para la evaluación de la calidad de las estimaciones en encuestas de hogares del INE.</a>",Encuesta Suplementaria de Ingresos (ESI),PT,0
CL01:DF_BGYMEDIOOCU_CIUO(1.0),A,BGYMEDIOOCU,07,CIUO_1,2019,6.64478660435284,X,,1,"<a href="" https://www.ine.gob.cl/docs/default-source/institucionalidad/buenas-pr%C3%A1cticas/clasificaciones-y-estandares/est%C3%A1ndar-evaluaci%C3%B3n-de-calidad-de-estimaciones-publicaci%C3%B3n-27022020.pdf/"" target=""_blank"" rel=""noopener noreferrer"">La clasificación en estimaciones Fiables, Poco fiables y No fiables provienen del Estándar para la evaluación de la calidad de las estimaciones en encuestas de hogares del INE.</a>",Encuesta Suplementaria de Ingresos (ESI),PT,0
CL01:DF_BGYMEDIOOCU_CIUO(1.0),A,BGYMEDIOOCU,07,CIUO_1,2020,19.2176071561814,X,,1,"<a href="" https://www.ine.gob.cl/docs/default-source/institucionalidad/buenas-pr%C3%A1cticas/clasificaciones-y-estandares/est%C3%A1ndar-evaluaci%C3%B3n-de-calidad-de-estimaciones-publicaci%C3%B3n-27022020.pdf/"" target=""_blank"" rel=""noopener noreferrer"">La clasificación en estimaciones Fiables, Poco fiables y No fiables provienen del Estándar para la evaluación de la calidad de las estimaciones en encuestas de hogares del INE.</a>",Encuesta Suplementaria de Ingresos (ESI),PT,0
CL01:DF_BGYMEDIOOCU_CIUO(1.0),A,BGYMEDIOOCU,07,CIUO_1,2021,-14.2107891393797,X,,1,"<a href="" https://www.ine.gob.cl/docs/default-source/institucionalidad/buenas-pr%C3%A1cticas/clasificaciones-y-estandares/est%C3%A1ndar-evaluaci%C3%B3n-de-calidad-de-estimaciones-publicaci%C3%B3n-27022020.pdf/"" target=""_blank"" rel=""noopener noreferrer"">La clasificación en estimaciones Fiables, Poco fiables y No fiables provienen del Estándar para la evaluación de la calidad de las estimaciones en encuestas de hogares del INE.</a>",Encuesta Suplementaria de Ingresos (ESI),PT,0
CL01:DF_BGYMEDIOOCU_CIUO(1.0),A,BGYMEDIOOCU,07,CIUO_1,2022,-19.9139939594032,X,,1,"<a href="" https://www.ine.gob.cl/docs/default-source/institucionalidad/buenas-pr%C3%A1cticas/clasificaciones-y-estandares/est%C3%A1ndar-evaluaci%C3%B3n-de-calidad-de-estimaciones-publicaci%C3%B3n-27022020.pdf/"" target=""_blank"" rel=""noopener noreferrer"">La clasificación en estimaciones Fiables, Poco fiables y No fiables provienen del Estándar para la evaluación de la calidad de las estimaciones en encuestas de hogares del INE.</a>",Encuesta Suplementaria de Ingresos (ESI),PT,0
CL01:DF_BGYMEDIOOCU_CIUO(1.0),A,BGYMEDIOOCU,07,CIUO_1,2023,3.26268176087703,X,,1,"<a href="" https://www.ine.gob.cl/docs/default-source/institucionalidad/buenas-pr%C3%A1cticas/clasificaciones-y-estandares/est%C3%A1ndar-evaluaci%C3%B3n-de-calidad-de-estimaciones-publicaci%C3%B3n-27022020.pdf/"" target=""_blank"" rel=""noopener noreferrer"">La clasificación en estimaciones Fiables, Poco fiables y No fiables provienen del Estándar para la evaluación de la calidad de las estimaciones en encuestas de hogares del INE.</a>",Encuesta Suplementaria de Ingresos (ESI),PT,0
CL01:DF_BGYMEDIOOCU_CIUO(1.0),A,BGYMEDIOOCU,07,CIUO_1,2024,-51.4922873198912,X,,1,"<a href="" https://www.ine.gob.cl/docs/default-source/institucionalidad/buenas-pr%C3%A1cticas/clasificaciones-y-estandares/est%C3%A1ndar-evaluaci%C3%B3n-de-calidad-de-estimaciones-publicaci%C3%B3n-27022020.pdf/"" target=""_blank"" rel=""noopener noreferrer"">La clasificación en estimaciones Fiables, Poco fiables y No fiables provienen del Estándar para la evaluación de la calidad de las estimaciones en encuestas de hogares del INE.</a>",Encuesta Suplementaria de Ingresos (ESI),PT,0
CL01:DF_BGYMEDIOOCU_CIUO(1.0),A,BGYMEDIOOCU,08,CIUO_2,2017,-8.81122376983838,,,1,"<a href="" https://www.ine.gob.cl/docs/default-source/institucionalidad/buenas-pr%C3%A1cticas/clasificaciones-y-estandares/est%C3%A1ndar-evaluaci%C3%B3n-de-calidad-de-estimaciones-publicaci%C3%B3n-27022020.pdf/"" target=""_blank"" rel=""noopener noreferrer"">La clasificación en estimaciones Fiables, Poco fiables y No fiables provienen del Estándar para la evaluación de la calidad de las estimaciones en encuestas de hogares del INE.</a>",Encuesta Suplementaria de Ingresos (ESI),PT,0
CL01:DF_BGYMEDIOOCU_CIUO(1.0),A,BGYMEDIOOCU,08,CIUO_2,2018,-15.6716892006669,,,1,"<a href="" https://www.ine.gob.cl/docs/default-source/institucionalidad/buenas-pr%C3%A1cticas/clasificaciones-y-estandares/est%C3%A1ndar-evaluaci%C3%B3n-de-calidad-de-estimaciones-publicaci%C3%B3n-27022020.pdf/"" target=""_blank"" rel=""noopener noreferrer"">La clasificación en estimaciones Fiables, Poco fiables y No fiables provienen del Estándar para la evaluación de la calidad de las estimaciones en encuestas de hogares del INE.</a>",Encuesta Suplementaria de Ingresos (ESI),PT,0
CL01:DF_BGYMEDIOOCU_CIUO(1.0),A,BGYMEDIOOCU,08,CIUO_2,2019,-22.5900961925771,,,1,"<a href="" https://www.ine.gob.cl/docs/default-source/institucionalidad/buenas-pr%C3%A1cticas/clasificaciones-y-estandares/est%C3%A1ndar-evaluaci%C3%B3n-de-calidad-de-estimaciones-publicaci%C3%B3n-27022020.pdf/"" target=""_blank"" rel=""noopener noreferrer"">La clasificación en estimaciones Fiables, Poco fiables y No fiables provienen del Estándar para la evaluación de la calidad de las estimaciones en encuestas de hogares del INE.</a>",Encuesta Suplementaria de Ingresos (ESI),PT,0
CL01:DF_BGYMEDIOOCU_CIUO(1.0),A,BGYMEDIOOCU,08,CIUO_2,2020,-24.4276849236843,,,1,"<a href="" https://www.ine.gob.cl/docs/default-source/institucionalidad/buenas-pr%C3%A1cticas/clasificaciones-y-estandares/est%C3%A1ndar-evaluaci%C3%B3n-de-calidad-de-estimaciones-publicaci%C3%B3n-27022020.pdf/"" target=""_blank"" rel=""noopener noreferrer"">La clasificación en estimaciones Fiables, Poco fiables y No fiables provienen del Estándar para la evaluación de la calidad de las estimaciones en encuestas de hogares del INE.</a>",Encuesta Suplementaria de Ingresos (ESI),PT,0
CL01:DF_BGYMEDIOOCU_CIUO(1.0),A,BGYMEDIOOCU,08,CIUO_2,2021,-29.1960598281526,,,1,"<a href="" https://www.ine.gob.cl/docs/default-source/institucionalidad/buenas-pr%C3%A1cticas/clasificaciones-y-estandares/est%C3%A1ndar-evaluaci%C3%B3n-de-calidad-de-estimaciones-publicaci%C3%B3n-27022020.pdf/"" target=""_blank"" rel=""noopener noreferrer"">La clasificación en estimaciones Fiables, Poco fiables y No fiables provienen del Estándar para la evaluación de la calidad de las estimaciones en encuestas de hogares del INE.</a>",Encuesta Suplementaria de Ingresos (ESI),PT,0
CL01:DF_BGYMEDIOOCU_CIUO(1.0),A,BGYMEDIOOCU,08,CIUO_2,2022,-19.2683807709784,,,1,"<a href="" https://www.ine.gob.cl/docs/default-source/institucionalidad/buenas-pr%C3%A1cticas/clasificaciones-y-estandares/est%C3%A1ndar-evaluaci%C3%B3n-de-calidad-de-estimaciones-publicaci%C3%B3n-27022020.pdf/"" target=""_blank"" rel=""noopener noreferrer"">La clasificación en estimaciones Fiables, Poco fiables y No fiables provienen del Estándar para la evaluación de la calidad de las estimaciones en encuestas de hogares del INE.</a>",Encuesta Suplementaria de Ingresos (ESI),PT,0
CL01:DF_BGYMEDIOOCU_CIUO(1.0),A,BGYMEDIOOCU,08,CIUO_2,2023,-19.1275358779873,,,1,"<a href="" https://www.ine.gob.cl/docs/default-source/institucionalidad/buenas-pr%C3%A1cticas/clasificaciones-y-estandares/est%C3%A1ndar-evaluaci%C3%B3n-de-calidad-de-estimaciones-publicaci%C3%B3n-27022020.pdf/"" target=""_blank"" rel=""noopener noreferrer"">La clasificación en estimaciones Fiables, Poco fiables y No fiables provienen del Estándar para la evaluación de la calidad de las estimaciones en encuestas de hogares del INE.</a>",Encuesta Suplementaria de Ingresos (ESI),PT,0
CL01:DF_BGYMEDIOOCU_CIUO(1.0),A,BGYMEDIOOCU,08,CIUO_2,2024,-23.8481925200533,,,1,"<a href="" https://www.ine.gob.cl/docs/default-source/institucionalidad/buenas-pr%C3%A1cticas/clasificaciones-y-estandares/est%C3%A1ndar-evaluaci%C3%B3n-de-calidad-de-estimaciones-publicaci%C3%B3n-27022020.pdf/"" target=""_blank"" rel=""noopener noreferrer"">La clasificación en estimaciones Fiables, Poco fiables y No fiables provienen del Estándar para la evaluación de la calidad de las estimaciones en encuestas de hogares del INE.</a>",Encuesta Suplementaria de Ingresos (ESI),PT,0
CL01:DF_BGYMEDIOOCU_CIUO(1.0),A,BGYMEDIOOCU,08,CIUO_3,2017,-31.9273469316671,,,1,"<a href="" https://www.ine.gob.cl/docs/default-source/institucionalidad/buenas-pr%C3%A1cticas/clasificaciones-y-estandares/est%C3%A1ndar-evaluaci%C3%B3n-de-calidad-de-estimaciones-publicaci%C3%B3n-27022020.pdf/"" target=""_blank"" rel=""noopener noreferrer"">La clasificación en estimaciones Fiables, Poco fiables y No fiables provienen del Estándar para la evaluación de la calidad de las estimaciones en encuestas de hogares del INE.</a>",Encuesta Suplementaria de Ingresos (ESI),PT,0
CL01:DF_BGYMEDIOOCU_CIUO(1.0),A,BGYMEDIOOCU,08,CIUO_3,2018,-40.3628324903588,,,1,"<a href="" https://www.ine.gob.cl/docs/default-source/institucionalidad/buenas-pr%C3%A1cticas/clasificaciones-y-estandares/est%C3%A1ndar-evaluaci%C3%B3n-de-calidad-de-estimaciones-publicaci%C3%B3n-27022020.pdf/"" target=""_blank"" rel=""noopener noreferrer"">La clasificación en estimaciones Fiables, Poco fiables y No fiables provienen del Estándar para la evaluación de la calidad de las estimaciones en encuestas de hogares del INE.</a>",Encuesta Suplementaria de Ingresos (ESI),PT,0
CL01:DF_BGYMEDIOOCU_CIUO(1.0),A,BGYMEDIOOCU,08,CIUO_3,2019,-31.8035447804554,,,1,"<a href="" https://www.ine.gob.cl/docs/default-source/institucionalidad/buenas-pr%C3%A1cticas/clasificaciones-y-estandares/est%C3%A1ndar-evaluaci%C3%B3n-de-calidad-de-estimaciones-publicaci%C3%B3n-27022020.pdf/"" target=""_blank"" rel=""noopener noreferrer"">La clasificación en estimaciones Fiables, Poco fiables y No fiables provienen del Estándar para la evaluación de la calidad de las estimaciones en encuestas de hogares del INE.</a>",Encuesta Suplementaria de Ingresos (ESI),PT,0
CL01:DF_BGYMEDIOOCU_CIUO(1.0),A,BGYMEDIOOCU,08,CIUO_3,2020,-18.2129756818153,,,1,"<a href="" https://www.ine.gob.cl/docs/default-source/institucionalidad/buenas-pr%C3%A1cticas/clasificaciones-y-estandares/est%C3%A1ndar-evaluaci%C3%B3n-de-calidad-de-estimaciones-publicaci%C3%B3n-27022020.pdf/"" target=""_blank"" rel=""noopener noreferrer"">La clasificación en estimaciones Fiables, Poco fiables y No fiables provienen del Estándar para la evaluación de la calidad de las estimaciones en encuestas de hogares del INE.</a>",Encuesta Suplementaria de Ingresos (ESI),PT,0
CL01:DF_BGYMEDIOOCU_CIUO(1.0),A,BGYMEDIOOCU,08,CIUO_3,2021,-25.5271551652957,,,1,"<a href="" https://www.ine.gob.cl/docs/default-source/institucionalidad/buenas-pr%C3%A1cticas/clasificaciones-y-estandares/est%C3%A1ndar-evaluaci%C3%B3n-de-calidad-de-estimaciones-publicaci%C3%B3n-27022020.pdf/"" target=""_blank"" rel=""noopener noreferrer"">La clasificación en estimaciones Fiables, Poco fiables y No fiables provienen del Estándar para la evaluación de la calidad de las estimaciones en encuestas de hogares del INE.</a>",Encuesta Suplementaria de Ingresos (ESI),PT,0
CL01:DF_BGYMEDIOOCU_CIUO(1.0),A,BGYMEDIOOCU,08,CIUO_3,2022,-33.7069568610097,,,1,"<a href="" https://www.ine.gob.cl/docs/default-source/institucionalidad/buenas-pr%C3%A1cticas/clasificaciones-y-estandares/est%C3%A1ndar-evaluaci%C3%B3n-de-calidad-de-estimaciones-publicaci%C3%B3n-27022020.pdf/"" target=""_blank"" rel=""noopener noreferrer"">La clasificación en estimaciones Fiables, Poco fiables y No fiables provienen del Estándar para la evaluación de la calidad de las estimaciones en encuestas de hogares del INE.</a>",Encuesta Suplementaria de Ingresos (ESI),PT,0
CL01:DF_BGYMEDIOOCU_CIUO(1.0),A,BGYMEDIOOCU,08,CIUO_3,2023,-38.8814866306384,,,1,"<a href="" https://www.ine.gob.cl/docs/default-source/institucionalidad/buenas-pr%C3%A1cticas/clasificaciones-y-estandares/est%C3%A1ndar-evaluaci%C3%B3n-de-calidad-de-estimaciones-publicaci%C3%B3n-27022020.pdf/"" target=""_blank"" rel=""noopener noreferrer"">La clasificación en estimaciones Fiables, Poco fiables y No fiables provienen del Estándar para la evaluación de la calidad de las estimaciones en encuestas de hogares del INE.</a>",Encuesta Suplementaria de Ingresos (ESI),PT,0
CL01:DF_BGYMEDIOOCU_CIUO(1.0),A,BGYMEDIOOCU,08,CIUO_3,2024,-33.5782992333413,,,1,"<a href="" https://www.ine.gob.cl/docs/default-source/institucionalidad/buenas-pr%C3%A1cticas/clasificaciones-y-estandares/est%C3%A1ndar-evaluaci%C3%B3n-de-calidad-de-estimaciones-publicaci%C3%B3n-27022020.pdf/"" target=""_blank"" rel=""noopener noreferrer"">La clasificación en estimaciones Fiables, Poco fiables y No fiables provienen del Estándar para la evaluación de la calidad de las estimaciones en encuestas de hogares del INE.</a>",Encuesta Suplementaria de Ingresos (ESI),PT,0
CL01:DF_BGYMEDIOOCU_CIUO(1.0),A,BGYMEDIOOCU,09,CIUO_1,2017,-53.6728176416739,Y,,1,"<a href="" https://www.ine.gob.cl/docs/default-source/institucionalidad/buenas-pr%C3%A1cticas/clasificaciones-y-estandares/est%C3%A1ndar-evaluaci%C3%B3n-de-calidad-de-estimaciones-publicaci%C3%B3n-27022020.pdf/"" target=""_blank"" rel=""noopener noreferrer"">La clasificación en estimaciones Fiables, Poco fiables y No fiables provienen del Estándar para la evaluación de la calidad de las estimaciones en encuestas de hogares del INE.</a>",Encuesta Suplementaria de Ingresos (ESI),PT,0
CL01:DF_BGYMEDIOOCU_CIUO(1.0),A,BGYMEDIOOCU,09,CIUO_1,2018,-28.2158735177092,Y,,1,"<a href="" https://www.ine.gob.cl/docs/default-source/institucionalidad/buenas-pr%C3%A1cticas/clasificaciones-y-estandares/est%C3%A1ndar-evaluaci%C3%B3n-de-calidad-de-estimaciones-publicaci%C3%B3n-27022020.pdf/"" target=""_blank"" rel=""noopener noreferrer"">La clasificación en estimaciones Fiables, Poco fiables y No fiables provienen del Estándar para la evaluación de la calidad de las estimaciones en encuestas de hogares del INE.</a>",Encuesta Suplementaria de Ingresos (ESI),PT,0
CL01:DF_BGYMEDIOOCU_CIUO(1.0),A,BGYMEDIOOCU,09,CIUO_1,2019,-6.01441726729019,X,,1,"<a href="" https://www.ine.gob.cl/docs/default-source/institucionalidad/buenas-pr%C3%A1cticas/clasificaciones-y-estandares/est%C3%A1ndar-evaluaci%C3%B3n-de-calidad-de-estimaciones-publicaci%C3%B3n-27022020.pdf/"" target=""_blank"" rel=""noopener noreferrer"">La clasificación en estimaciones Fiables, Poco fiables y No fiables provienen del Estándar para la evaluación de la calidad de las estimaciones en encuestas de hogares del INE.</a>",Encuesta Suplementaria de Ingresos (ESI),PT,0
CL01:DF_BGYMEDIOOCU_CIUO(1.0),A,BGYMEDIOOCU,09,CIUO_1,2020,-69.5278961252609,X,,1,"<a href="" https://www.ine.gob.cl/docs/default-source/institucionalidad/buenas-pr%C3%A1cticas/clasificaciones-y-estandares/est%C3%A1ndar-evaluaci%C3%B3n-de-calidad-de-estimaciones-publicaci%C3%B3n-27022020.pdf/"" target=""_blank"" rel=""noopener noreferrer"">La clasificación en estimaciones Fiables, Poco fiables y No fiables provienen del Estándar para la evaluación de la calidad de las estimaciones en encuestas de hogares del INE.</a>",Encuesta Suplementaria de Ingresos (ESI),PT,0
CL01:DF_BGYMEDIOOCU_CIUO(1.0),A,BGYMEDIOOCU,09,CIUO_1,2021,-36.0697966089604,X,,1,"<a href="" https://www.ine.gob.cl/docs/default-source/institucionalidad/buenas-pr%C3%A1cticas/clasificaciones-y-estandares/est%C3%A1ndar-evaluaci%C3%B3n-de-calidad-de-estimaciones-publicaci%C3%B3n-27022020.pdf/"" target=""_blank"" rel=""noopener noreferrer"">La clasificación en estimaciones Fiables, Poco fiables y No fiables provienen del Estándar para la evaluación de la calidad de las estimaciones en encuestas de hogares del INE.</a>",Encuesta Suplementaria de Ingresos (ESI),PT,0
CL01:DF_BGYMEDIOOCU_CIUO(1.0),A,BGYMEDIOOCU,09,CIUO_1,2022,-24.0765089260613,X,,1,"<a href="" https://www.ine.gob.cl/docs/default-source/institucionalidad/buenas-pr%C3%A1cticas/clasificaciones-y-estandares/est%C3%A1ndar-evaluaci%C3%B3n-de-calidad-de-estimaciones-publicaci%C3%B3n-27022020.pdf/"" target=""_blank"" rel=""noopener noreferrer"">La clasificación en estimaciones Fiables, Poco fiables y No fiables provienen del Estándar para la evaluación de la calidad de las estimaciones en encuestas de hogares del INE.</a>",Encuesta Suplementaria de Ingresos (ESI),PT,0
CL01:DF_BGYMEDIOOCU_CIUO(1.0),A,BGYMEDIOOCU,09,CIUO_1,2023,-37.9774170050493,X,,1,"<a href="" https://www.ine.gob.cl/docs/default-source/institucionalidad/buenas-pr%C3%A1cticas/clasificaciones-y-estandares/est%C3%A1ndar-evaluaci%C3%B3n-de-calidad-de-estimaciones-publicaci%C3%B3n-27022020.pdf/"" target=""_blank"" rel=""noopener noreferrer"">La clasificación en estimaciones Fiables, Poco fiables y No fiables provienen del Estándar para la evaluación de la calidad de las estimaciones en encuestas de hogares del INE.</a>",Encuesta Suplementaria de Ingresos (ESI),PT,0
CL01:DF_BGYMEDIOOCU_CIUO(1.0),A,BGYMEDIOOCU,09,CIUO_1,2024,21.545745699147,X,,1,"<a href="" https://www.ine.gob.cl/docs/default-source/institucionalidad/buenas-pr%C3%A1cticas/clasificaciones-y-estandares/est%C3%A1ndar-evaluaci%C3%B3n-de-calidad-de-estimaciones-publicaci%C3%B3n-27022020.pdf/"" target=""_blank"" rel=""noopener noreferrer"">La clasificación en estimaciones Fiables, Poco fiables y No fiables provienen del Estándar para la evaluación de la calidad de las estimaciones en encuestas de hogares del INE.</a>",Encuesta Suplementaria de Ingresos (ESI),PT,0
CL01:DF_BGYMEDIOOCU_CIUO(1.0),A,BGYMEDIOOCU,10,CIUO_2,2017,-28.0981392500412,,,1,"<a href="" https://www.ine.gob.cl/docs/default-source/institucionalidad/buenas-pr%C3%A1cticas/clasificaciones-y-estandares/est%C3%A1ndar-evaluaci%C3%B3n-de-calidad-de-estimaciones-publicaci%C3%B3n-27022020.pdf/"" target=""_blank"" rel=""noopener noreferrer"">La clasificación en estimaciones Fiables, Poco fiables y No fiables provienen del Estándar para la evaluación de la calidad de las estimaciones en encuestas de hogares del INE.</a>",Encuesta Suplementaria de Ingresos (ESI),PT,0
CL01:DF_BGYMEDIOOCU_CIUO(1.0),A,BGYMEDIOOCU,10,CIUO_2,2018,-25.7193608592672,,,1,"<a href="" https://www.ine.gob.cl/docs/default-source/institucionalidad/buenas-pr%C3%A1cticas/clasificaciones-y-estandares/est%C3%A1ndar-evaluaci%C3%B3n-de-calidad-de-estimaciones-publicaci%C3%B3n-27022020.pdf/"" target=""_blank"" rel=""noopener noreferrer"">La clasificación en estimaciones Fiables, Poco fiables y No fiables provienen del Estándar para la evaluación de la calidad de las estimaciones en encuestas de hogares del INE.</a>",Encuesta Suplementaria de Ingresos (ESI),PT,0
CL01:DF_BGYMEDIOOCU_CIUO(1.0),A,BGYMEDIOOCU,10,CIUO_2,2019,-17.7131036813503,,,1,"<a href="" https://www.ine.gob.cl/docs/default-source/institucionalidad/buenas-pr%C3%A1cticas/clasificaciones-y-estandares/est%C3%A1ndar-evaluaci%C3%B3n-de-calidad-de-estimaciones-publicaci%C3%B3n-27022020.pdf/"" target=""_blank"" rel=""noopener noreferrer"">La clasificación en estimaciones Fiables, Poco fiables y No fiables provienen del Estándar para la evaluación de la calidad de las estimaciones en encuestas de hogares del INE.</a>",Encuesta Suplementaria de Ingresos (ESI),PT,0
CL01:DF_BGYMEDIOOCU_CIUO(1.0),A,BGYMEDIOOCU,10,CIUO_2,2020,-4.42015490308985,,,1,"<a href="" https://www.ine.gob.cl/docs/default-source/institucionalidad/buenas-pr%C3%A1cticas/clasificaciones-y-estandares/est%C3%A1ndar-evaluaci%C3%B3n-de-calidad-de-estimaciones-publicaci%C3%B3n-27022020.pdf/"" target=""_blank"" rel=""noopener noreferrer"">La clasificación en estimaciones Fiables, Poco fiables y No fiables provienen del Estándar para la evaluación de la calidad de las estimaciones en encuestas de hogares del INE.</a>",Encuesta Suplementaria de Ingresos (ESI),PT,0
CL01:DF_BGYMEDIOOCU_CIUO(1.0),A,BGYMEDIOOCU,10,CIUO_2,2021,-34.0074825837601,,,1,"<a href="" https://www.ine.gob.cl/docs/default-source/institucionalidad/buenas-pr%C3%A1cticas/clasificaciones-y-estandares/est%C3%A1ndar-evaluaci%C3%B3n-de-calidad-de-estimaciones-publicaci%C3%B3n-27022020.pdf/"" target=""_blank"" rel=""noopener noreferrer"">La clasificación en estimaciones Fiables, Poco fiables y No fiables provienen del Estándar para la evaluación de la calidad de las estimaciones en encuestas de hogares del INE.</a>",Encuesta Suplementaria de Ingresos (ESI),PT,0
CL01:DF_BGYMEDIOOCU_CIUO(1.0),A,BGYMEDIOOCU,10,CIUO_2,2022,-27.4890309475918,,,1,"<a href="" https://www.ine.gob.cl/docs/default-source/institucionalidad/buenas-pr%C3%A1cticas/clasificaciones-y-estandares/est%C3%A1ndar-evaluaci%C3%B3n-de-calidad-de-estimaciones-publicaci%C3%B3n-27022020.pdf/"" target=""_blank"" rel=""noopener noreferrer"">La clasificación en estimaciones Fiables, Poco fiables y No fiables provienen del Estándar para la evaluación de la calidad de las estimaciones en encuestas de hogares del INE.</a>",Encuesta Suplementaria de Ingresos (ESI),PT,0
CL01:DF_BGYMEDIOOCU_CIUO(1.0),A,BGYMEDIOOCU,10,CIUO_2,2023,-14.775354402069,,,1,"<a href="" https://www.ine.gob.cl/docs/default-source/institucionalidad/buenas-pr%C3%A1cticas/clasificaciones-y-estandares/est%C3%A1ndar-evaluaci%C3%B3n-de-calidad-de-estimaciones-publicaci%C3%B3n-27022020.pdf/"" target=""_blank"" rel=""noopener noreferrer"">La clasificación en estimaciones Fiables, Poco fiables y No fiables provienen del Estándar para la evaluación de la calidad de las estimaciones en encuestas de hogares del INE.</a>",Encuesta Suplementaria de Ingresos (ESI),PT,0
CL01:DF_BGYMEDIOOCU_CIUO(1.0),A,BGYMEDIOOCU,10,CIUO_2,2024,-18.5126351244645,,,1,"<a href="" https://www.ine.gob.cl/docs/default-source/institucionalidad/buenas-pr%C3%A1cticas/clasificaciones-y-estandares/est%C3%A1ndar-evaluaci%C3%B3n-de-calidad-de-estimaciones-publicaci%C3%B3n-27022020.pdf/"" target=""_blank"" rel=""noopener noreferrer"">La clasificación en estimaciones Fiables, Poco fiables y No fiables provienen del Estándar para la evaluación de la calidad de las estimaciones en encuestas de hogares del INE.</a>",Encuesta Suplementaria de Ingresos (ESI),PT,0
CL01:DF_BGYMEDIOOCU_CIUO(1.0),A,BGYMEDIOOCU,11,CIUO_0,2017,-43.0012947436764,X,,1,"<a href="" https://www.ine.gob.cl/docs/default-source/institucionalidad/buenas-pr%C3%A1cticas/clasificaciones-y-estandares/est%C3%A1ndar-evaluaci%C3%B3n-de-calidad-de-estimaciones-publicaci%C3%B3n-27022020.pdf/"" target=""_blank"" rel=""noopener noreferrer"">La clasificación en estimaciones Fiables, Poco fiables y No fiables provienen del Estándar para la evaluación de la calidad de las estimaciones en encuestas de hogares del INE.</a>",Encuesta Suplementaria de Ingresos (ESI),PT,0
CL01:DF_BGYMEDIOOCU_CIUO(1.0),A,BGYMEDIOOCU,11,CIUO_0,2018,-75.5982855848603,X,,1,"<a href="" https://www.ine.gob.cl/docs/default-source/institucionalidad/buenas-pr%C3%A1cticas/clasificaciones-y-estandares/est%C3%A1ndar-evaluaci%C3%B3n-de-calidad-de-estimaciones-publicaci%C3%B3n-27022020.pdf/"" target=""_blank"" rel=""noopener noreferrer"">La clasificación en estimaciones Fiables, Poco fiables y No fiables provienen del Estándar para la evaluación de la calidad de las estimaciones en encuestas de hogares del INE.</a>",Encuesta Suplementaria de Ingresos (ESI),PT,0
CL01:DF_BGYMEDIOOCU_CIUO(1.0),A,BGYMEDIOOCU,11,CIUO_0,2019,,X,,1,"<a href="" https://www.ine.gob.cl/docs/default-source/institucionalidad/buenas-pr%C3%A1cticas/clasificaciones-y-estandares/est%C3%A1ndar-evaluaci%C3%B3n-de-calidad-de-estimaciones-publicaci%C3%B3n-27022020.pdf/"" target=""_blank"" rel=""noopener noreferrer"">La clasificación en estimaciones Fiables, Poco fiables y No fiables provienen del Estándar para la evaluación de la calidad de las estimaciones en encuestas de hogares del INE.</a>",Encuesta Suplementaria de Ingresos (ESI),PT,0
CL01:DF_BGYMEDIOOCU_CIUO(1.0),A,BGYMEDIOOCU,11,CIUO_0,2020,,X,,1,"<a href="" https://www.ine.gob.cl/docs/default-source/institucionalidad/buenas-pr%C3%A1cticas/clasificaciones-y-estandares/est%C3%A1ndar-evaluaci%C3%B3n-de-calidad-de-estimaciones-publicaci%C3%B3n-27022020.pdf/"" target=""_blank"" rel=""noopener noreferrer"">La clasificación en estimaciones Fiables, Poco fiables y No fiables provienen del Estándar para la evaluación de la calidad de las estimaciones en encuestas de hogares del INE.</a>",Encuesta Suplementaria de Ingresos (ESI),PT,0
CL01:DF_BGYMEDIOOCU_CIUO(1.0),A,BGYMEDIOOCU,11,CIUO_0,2021,,X,,1,"<a href="" https://www.ine.gob.cl/docs/default-source/institucionalidad/buenas-pr%C3%A1cticas/clasificaciones-y-estandares/est%C3%A1ndar-evaluaci%C3%B3n-de-calidad-de-estimaciones-publicaci%C3%B3n-27022020.pdf/"" target=""_blank"" rel=""noopener noreferrer"">La clasificación en estimaciones Fiables, Poco fiables y No fiables provienen del Estándar para la evaluación de la calidad de las estimaciones en encuestas de hogares del INE.</a>",Encuesta Suplementaria de Ingresos (ESI),PT,0
CL01:DF_BGYMEDIOOCU_CIUO(1.0),A,BGYMEDIOOCU,11,CIUO_0,2022,-31.9135695597405,X,,1,"<a href="" https://www.ine.gob.cl/docs/default-source/institucionalidad/buenas-pr%C3%A1cticas/clasificaciones-y-estandares/est%C3%A1ndar-evaluaci%C3%B3n-de-calidad-de-estimaciones-publicaci%C3%B3n-27022020.pdf/"" target=""_blank"" rel=""noopener noreferrer"">La clasificación en estimaciones Fiables, Poco fiables y No fiables provienen del Estándar para la evaluación de la calidad de las estimaciones en encuestas de hogares del INE.</a>",Encuesta Suplementaria de Ingresos (ESI),PT,0
CL01:DF_BGYMEDIOOCU_CIUO(1.0),A,BGYMEDIOOCU,11,CIUO_0,2023,-13.688642713856,X,,1,"<a href="" https://www.ine.gob.cl/docs/default-source/institucionalidad/buenas-pr%C3%A1cticas/clasificaciones-y-estandares/est%C3%A1ndar-evaluaci%C3%B3n-de-calidad-de-estimaciones-publicaci%C3%B3n-27022020.pdf/"" target=""_blank"" rel=""noopener noreferrer"">La clasificación en estimaciones Fiables, Poco fiables y No fiables provienen del Estándar para la evaluación de la calidad de las estimaciones en encuestas de hogares del INE.</a>",Encuesta Suplementaria de Ingresos (ESI),PT,0
CL01:DF_BGYMEDIOOCU_CIUO(1.0),A,BGYMEDIOOCU,11,CIUO_0,2024,-34.979089494576,X,,1,"<a href="" https://www.ine.gob.cl/docs/default-source/institucionalidad/buenas-pr%C3%A1cticas/clasificaciones-y-estandares/est%C3%A1ndar-evaluaci%C3%B3n-de-calidad-de-estimaciones-publicaci%C3%B3n-27022020.pdf/"" target=""_blank"" rel=""noopener noreferrer"">La clasificación en estimaciones Fiables, Poco fiables y No fiables provienen del Estándar para la evaluación de la calidad de las estimaciones en encuestas de hogares del INE.</a>",Encuesta Suplementaria de Ingresos (ESI),PT,0
CL01:DF_BGYMEDIOOCU_CIUO(1.0),A,BGYMEDIOOCU,15,CIUO_2,2017,2.18211967925442,,,1,"<a href="" https://www.ine.gob.cl/docs/default-source/institucionalidad/buenas-pr%C3%A1cticas/clasificaciones-y-estandares/est%C3%A1ndar-evaluaci%C3%B3n-de-calidad-de-estimaciones-publicaci%C3%B3n-27022020.pdf/"" target=""_blank"" rel=""noopener noreferrer"">La clasificación en estimaciones Fiables, Poco fiables y No fiables provienen del Estándar para la evaluación de la calidad de las estimaciones en encuestas de hogares del INE.</a>",Encuesta Suplementaria de Ingresos (ESI),PT,0
CL01:DF_BGYMEDIOOCU_CIUO(1.0),A,BGYMEDIOOCU,15,CIUO_2,2018,-23.789065228143,Y,,1,"<a href="" https://www.ine.gob.cl/docs/default-source/institucionalidad/buenas-pr%C3%A1cticas/clasificaciones-y-estandares/est%C3%A1ndar-evaluaci%C3%B3n-de-calidad-de-estimaciones-publicaci%C3%B3n-27022020.pdf/"" target=""_blank"" rel=""noopener noreferrer"">La clasificación en estimaciones Fiables, Poco fiables y No fiables provienen del Estándar para la evaluación de la calidad de las estimaciones en encuestas de hogares del INE.</a>",Encuesta Suplementaria de Ingresos (ESI),PT,0
CL01:DF_BGYMEDIOOCU_CIUO(1.0),A,BGYMEDIOOCU,15,CIUO_2,2019,-19.3192898104418,,,1,"<a href="" https://www.ine.gob.cl/docs/default-source/institucionalidad/buenas-pr%C3%A1cticas/clasificaciones-y-estandares/est%C3%A1ndar-evaluaci%C3%B3n-de-calidad-de-estimaciones-publicaci%C3%B3n-27022020.pdf/"" target=""_blank"" rel=""noopener noreferrer"">La clasificación en estimaciones Fiables, Poco fiables y No fiables provienen del Estándar para la evaluación de la calidad de las estimaciones en encuestas de hogares del INE.</a>",Encuesta Suplementaria de Ingresos (ESI),PT,0
CL01:DF_BGYMEDIOOCU_CIUO(1.0),A,BGYMEDIOOCU,15,CIUO_2,2020,-16.6090283733719,,,1,"<a href="" https://www.ine.gob.cl/docs/default-source/institucionalidad/buenas-pr%C3%A1cticas/clasificaciones-y-estandares/est%C3%A1ndar-evaluaci%C3%B3n-de-calidad-de-estimaciones-publicaci%C3%B3n-27022020.pdf/"" target=""_blank"" rel=""noopener noreferrer"">La clasificación en estimaciones Fiables, Poco fiables y No fiables provienen del Estándar para la evaluación de la calidad de las estimaciones en encuestas de hogares del INE.</a>",Encuesta Suplementaria de Ingresos (ESI),PT,0
CL01:DF_BGYMEDIOOCU_CIUO(1.0),A,BGYMEDIOOCU,15,CIUO_2,2021,-34.3927121861875,,,1,"<a href="" https://www.ine.gob.cl/docs/default-source/institucionalidad/buenas-pr%C3%A1cticas/clasificaciones-y-estandares/est%C3%A1ndar-evaluaci%C3%B3n-de-calidad-de-estimaciones-publicaci%C3%B3n-27022020.pdf/"" target=""_blank"" rel=""noopener noreferrer"">La clasificación en estimaciones Fiables, Poco fiables y No fiables provienen del Estándar para la evaluación de la calidad de las estimaciones en encuestas de hogares del INE.</a>",Encuesta Suplementaria de Ingresos (ESI),PT,0
CL01:DF_BGYMEDIOOCU_CIUO(1.0),A,BGYMEDIOOCU,15,CIUO_2,2022,-17.5416439383272,,,1,"<a href="" https://www.ine.gob.cl/docs/default-source/institucionalidad/buenas-pr%C3%A1cticas/clasificaciones-y-estandares/est%C3%A1ndar-evaluaci%C3%B3n-de-calidad-de-estimaciones-publicaci%C3%B3n-27022020.pdf/"" target=""_blank"" rel=""noopener noreferrer"">La clasificación en estimaciones Fiables, Poco fiables y No fiables provienen del Estándar para la evaluación de la calidad de las estimaciones en encuestas de hogares del INE.</a>",Encuesta Suplementaria de Ingresos (ESI),PT,0
CL01:DF_BGYMEDIOOCU_CIUO(1.0),A,BGYMEDIOOCU,15,CIUO_2,2023,-8.19031458511847,,,1,"<a href="" https://www.ine.gob.cl/docs/default-source/institucionalidad/buenas-pr%C3%A1cticas/clasificaciones-y-estandares/est%C3%A1ndar-evaluaci%C3%B3n-de-calidad-de-estimaciones-publicaci%C3%B3n-27022020.pdf/"" target=""_blank"" rel=""noopener noreferrer"">La clasificación en estimaciones Fiables, Poco fiables y No fiables provienen del Estándar para la evaluación de la calidad de las estimaciones en encuestas de hogares del INE.</a>",Encuesta Suplementaria de Ingresos (ESI),PT,0
CL01:DF_BGYMEDIOOCU_CIUO(1.0),A,BGYMEDIOOCU,15,CIUO_2,2024,-17.0813481344869,,,1,"<a href="" https://www.ine.gob.cl/docs/default-source/institucionalidad/buenas-pr%C3%A1cticas/clasificaciones-y-estandares/est%C3%A1ndar-evaluaci%C3%B3n-de-calidad-de-estimaciones-publicaci%C3%B3n-27022020.pdf/"" target=""_blank"" rel=""noopener noreferrer"">La clasificación en estimaciones Fiables, Poco fiables y No fiables provienen del Estándar para la evaluación de la calidad de las estimaciones en encuestas de hogares del INE.</a>",Encuesta Suplementaria de Ingresos (ESI),PT,0
CL01:DF_BGYMEDIOOCU_CIUO(1.0),A,BGYMEDIOOCU,15,CIUO_3,2017,-31.3577072126081,,,1,"<a href="" https://www.ine.gob.cl/docs/default-source/institucionalidad/buenas-pr%C3%A1cticas/clasificaciones-y-estandares/est%C3%A1ndar-evaluaci%C3%B3n-de-calidad-de-estimaciones-publicaci%C3%B3n-27022020.pdf/"" target=""_blank"" rel=""noopener noreferrer"">La clasificación en estimaciones Fiables, Poco fiables y No fiables provienen del Estándar para la evaluación de la calidad de las estimaciones en encuestas de hogares del INE.</a>",Encuesta Suplementaria de Ingresos (ESI),PT,0
CL01:DF_BGYMEDIOOCU_CIUO(1.0),A,BGYMEDIOOCU,15,CIUO_3,2018,-16.2312218499935,Y,,1,"<a href="" https://www.ine.gob.cl/docs/default-source/institucionalidad/buenas-pr%C3%A1cticas/clasificaciones-y-estandares/est%C3%A1ndar-evaluaci%C3%B3n-de-calidad-de-estimaciones-publicaci%C3%B3n-27022020.pdf/"" target=""_blank"" rel=""noopener noreferrer"">La clasificación en estimaciones Fiables, Poco fiables y No fiables provienen del Estándar para la evaluación de la calidad de las estimaciones en encuestas de hogares del INE.</a>",Encuesta Suplementaria de Ingresos (ESI),PT,0
CL01:DF_BGYMEDIOOCU_CIUO(1.0),A,BGYMEDIOOCU,15,CIUO_3,2019,-16.9073714679084,,,1,"<a href="" https://www.ine.gob.cl/docs/default-source/institucionalidad/buenas-pr%C3%A1cticas/clasificaciones-y-estandares/est%C3%A1ndar-evaluaci%C3%B3n-de-calidad-de-estimaciones-publicaci%C3%B3n-27022020.pdf/"" target=""_blank"" rel=""noopener noreferrer"">La clasificación en estimaciones Fiables, Poco fiables y No fiables provienen del Estándar para la evaluación de la calidad de las estimaciones en encuestas de hogares del INE.</a>",Encuesta Suplementaria de Ingresos (ESI),PT,0
CL01:DF_BGYMEDIOOCU_CIUO(1.0),A,BGYMEDIOOCU,15,CIUO_3,2020,-26.9265729805056,,,1,"<a href="" https://www.ine.gob.cl/docs/default-source/institucionalidad/buenas-pr%C3%A1cticas/clasificaciones-y-estandares/est%C3%A1ndar-evaluaci%C3%B3n-de-calidad-de-estimaciones-publicaci%C3%B3n-27022020.pdf/"" target=""_blank"" rel=""noopener noreferrer"">La clasificación en estimaciones Fiables, Poco fiables y No fiables provienen del Estándar para la evaluación de la calidad de las estimaciones en encuestas de hogares del INE.</a>",Encuesta Suplementaria de Ingresos (ESI),PT,0
CL01:DF_BGYMEDIOOCU_CIUO(1.0),A,BGYMEDIOOCU,15,CIUO_3,2021,-30.6825225414604,,,1,"<a href="" https://www.ine.gob.cl/docs/default-source/institucionalidad/buenas-pr%C3%A1cticas/clasificaciones-y-estandares/est%C3%A1ndar-evaluaci%C3%B3n-de-calidad-de-estimaciones-publicaci%C3%B3n-27022020.pdf/"" target=""_blank"" rel=""noopener noreferrer"">La clasificación en estimaciones Fiables, Poco fiables y No fiables provienen del Estándar para la evaluación de la calidad de las estimaciones en encuestas de hogares del INE.</a>",Encuesta Suplementaria de Ingresos (ESI),PT,0
CL01:DF_BGYMEDIOOCU_CIUO(1.0),A,BGYMEDIOOCU,15,CIUO_3,2022,-38.4383467171524,,,1,"<a href="" https://www.ine.gob.cl/docs/default-source/institucionalidad/buenas-pr%C3%A1cticas/clasificaciones-y-estandares/est%C3%A1ndar-evaluaci%C3%B3n-de-calidad-de-estimaciones-publicaci%C3%B3n-27022020.pdf/"" target=""_blank"" rel=""noopener noreferrer"">La clasificación en estimaciones Fiables, Poco fiables y No fiables provienen del Estándar para la evaluación de la calidad de las estimaciones en encuestas de hogares del INE.</a>",Encuesta Suplementaria de Ingresos (ESI),PT,0
CL01:DF_BGYMEDIOOCU_CIUO(1.0),A,BGYMEDIOOCU,15,CIUO_3,2023,-41.709305959715,,,1,"<a href="" https://www.ine.gob.cl/docs/default-source/institucionalidad/buenas-pr%C3%A1cticas/clasificaciones-y-estandares/est%C3%A1ndar-evaluaci%C3%B3n-de-calidad-de-estimaciones-publicaci%C3%B3n-27022020.pdf/"" target=""_blank"" rel=""noopener noreferrer"">La clasificación en estimaciones Fiables, Poco fiables y No fiables provienen del Estándar para la evaluación de la calidad de las estimaciones en encuestas de hogares del INE.</a>",Encuesta Suplementaria de Ingresos (ESI),PT,0
CL01:DF_BGYMEDIOOCU_CIUO(1.0),A,BGYMEDIOOCU,15,CIUO_3,2024,-44.7725664319446,,,1,"<a href="" https://www.ine.gob.cl/docs/default-source/institucionalidad/buenas-pr%C3%A1cticas/clasificaciones-y-estandares/est%C3%A1ndar-evaluaci%C3%B3n-de-calidad-de-estimaciones-publicaci%C3%B3n-27022020.pdf/"" target=""_blank"" rel=""noopener noreferrer"">La clasificación en estimaciones Fiables, Poco fiables y No fiables provienen del Estándar para la evaluación de la calidad de las estimaciones en encuestas de hogares del INE.</a>",Encuesta Suplementaria de Ingresos (ESI),PT,0
CL01:DF_BGYMEDIOOCU_CIUO(1.0),A,BGYMEDIOOCU,16,CIUO_8,2017,-40.1741307185274,,,1,"<a href="" https://www.ine.gob.cl/docs/default-source/institucionalidad/buenas-pr%C3%A1cticas/clasificaciones-y-estandares/est%C3%A1ndar-evaluaci%C3%B3n-de-calidad-de-estimaciones-publicaci%C3%B3n-27022020.pdf/"" target=""_blank"" rel=""noopener noreferrer"">La clasificación en estimaciones Fiables, Poco fiables y No fiables provienen del Estándar para la evaluación de la calidad de las estimaciones en encuestas de hogares del INE.</a>",Encuesta Suplementaria de Ingresos (ESI),PT,0
CL01:DF_BGYMEDIOOCU_CIUO(1.0),A,BGYMEDIOOCU,16,CIUO_8,2018,-11.7246919192532,Y,,1,"<a href="" https://www.ine.gob.cl/docs/default-source/institucionalidad/buenas-pr%C3%A1cticas/clasificaciones-y-estandares/est%C3%A1ndar-evaluaci%C3%B3n-de-calidad-de-estimaciones-publicaci%C3%B3n-27022020.pdf/"" target=""_blank"" rel=""noopener noreferrer"">La clasificación en estimaciones Fiables, Poco fiables y No fiables provienen del Estándar para la evaluación de la calidad de las estimaciones en encuestas de hogares del INE.</a>",Encuesta Suplementaria de Ingresos (ESI),PT,0
CL01:DF_BGYMEDIOOCU_CIUO(1.0),A,BGYMEDIOOCU,16,CIUO_8,2019,695.739902233304,,,1,"<a href="" https://www.ine.gob.cl/docs/default-source/institucionalidad/buenas-pr%C3%A1cticas/clasificaciones-y-estandares/est%C3%A1ndar-evaluaci%C3%B3n-de-calidad-de-estimaciones-publicaci%C3%B3n-27022020.pdf/"" target=""_blank"" rel=""noopener noreferrer"">La clasificación en estimaciones Fiables, Poco fiables y No fiables provienen del Estándar para la evaluación de la calidad de las estimaciones en encuestas de hogares del INE.</a>",Encuesta Suplementaria de Ingresos (ESI),PT,0
CL01:DF_BGYMEDIOOCU_CIUO(1.0),A,BGYMEDIOOCU,16,CIUO_8,2020,-9.06186339855915,X,,1,"<a href="" https://www.ine.gob.cl/docs/default-source/institucionalidad/buenas-pr%C3%A1cticas/clasificaciones-y-estandares/est%C3%A1ndar-evaluaci%C3%B3n-de-calidad-de-estimaciones-publicaci%C3%B3n-27022020.pdf/"" target=""_blank"" rel=""noopener noreferrer"">La clasificación en estimaciones Fiables, Poco fiables y No fiables provienen del Estándar para la evaluación de la calidad de las estimaciones en encuestas de hogares del INE.</a>",Encuesta Suplementaria de Ingresos (ESI),PT,0
CL01:DF_BGYMEDIOOCU_CIUO(1.0),A,BGYMEDIOOCU,16,CIUO_8,2021,,X,,1,"<a href="" https://www.ine.gob.cl/docs/default-source/institucionalidad/buenas-pr%C3%A1cticas/clasificaciones-y-estandares/est%C3%A1ndar-evaluaci%C3%B3n-de-calidad-de-estimaciones-publicaci%C3%B3n-27022020.pdf/"" target=""_blank"" rel=""noopener noreferrer"">La clasificación en estimaciones Fiables, Poco fiables y No fiables provienen del Estándar para la evaluación de la calidad de las estimaciones en encuestas de hogares del INE.</a>",Encuesta Suplementaria de Ingresos (ESI),PT,0
CL01:DF_BGYMEDIOOCU_CIUO(1.0),A,BGYMEDIOOCU,16,CIUO_8,2022,16.3387480033494,X,,1,"<a href="" https://www.ine.gob.cl/docs/default-source/institucionalidad/buenas-pr%C3%A1cticas/clasificaciones-y-estandares/est%C3%A1ndar-evaluaci%C3%B3n-de-calidad-de-estimaciones-publicaci%C3%B3n-27022020.pdf/"" target=""_blank"" rel=""noopener noreferrer"">La clasificación en estimaciones Fiables, Poco fiables y No fiables provienen del Estándar para la evaluación de la calidad de las estimaciones en encuestas de hogares del INE.</a>",Encuesta Suplementaria de Ingresos (ESI),PT,0
CL01:DF_BGYMEDIOOCU_CIUO(1.0),A,BGYMEDIOOCU,16,CIUO_8,2023,-20.9764374927419,Y,,1,"<a href="" https://www.ine.gob.cl/docs/default-source/institucionalidad/buenas-pr%C3%A1cticas/clasificaciones-y-estandares/est%C3%A1ndar-evaluaci%C3%B3n-de-calidad-de-estimaciones-publicaci%C3%B3n-27022020.pdf/"" target=""_blank"" rel=""noopener noreferrer"">La clasificación en estimaciones Fiables, Poco fiables y No fiables provienen del Estándar para la evaluación de la calidad de las estimaciones en encuestas de hogares del INE.</a>",Encuesta Suplementaria de Ingresos (ESI),PT,0
CL01:DF_BGYMEDIOOCU_CIUO(1.0),A,BGYMEDIOOCU,16,CIUO_8,2024,-25.5574915936849,X,,1,"<a href="" https://www.ine.gob.cl/docs/default-source/institucionalidad/buenas-pr%C3%A1cticas/clasificaciones-y-estandares/est%C3%A1ndar-evaluaci%C3%B3n-de-calidad-de-estimaciones-publicaci%C3%B3n-27022020.pdf/"" target=""_blank"" rel=""noopener noreferrer"">La clasificación en estimaciones Fiables, Poco fiables y No fiables provienen del Estándar para la evaluación de la calidad de las estimaciones en encuestas de hogares del INE.</a>",Encuesta Suplementaria de Ingresos (ESI),PT,0
CL01:DF_BGYMEDIOOCU_CIUO(1.0),A,BGYMEDIOOCU,11,CIUO_SC,2017,,X,,1,"<a href="" https://www.ine.gob.cl/docs/default-source/institucionalidad/buenas-pr%C3%A1cticas/clasificaciones-y-estandares/est%C3%A1ndar-evaluaci%C3%B3n-de-calidad-de-estimaciones-publicaci%C3%B3n-27022020.pdf/"" target=""_blank"" rel=""noopener noreferrer"">La clasificación en estimaciones Fiables, Poco fiables y No fiables provienen del Estándar para la evaluación de la calidad de las estimaciones en encuestas de hogares del INE.</a>",Encuesta Suplementaria de Ingresos (ESI),PT,0
CL01:DF_BGYMEDIOOCU_CIUO(1.0),A,BGYMEDIOOCU,11,CIUO_SC,2018,,X,,1,"<a href="" https://www.ine.gob.cl/docs/default-source/institucionalidad/buenas-pr%C3%A1cticas/clasificaciones-y-estandares/est%C3%A1ndar-evaluaci%C3%B3n-de-calidad-de-estimaciones-publicaci%C3%B3n-27022020.pdf/"" target=""_blank"" rel=""noopener noreferrer"">La clasificación en estimaciones Fiables, Poco fiables y No fiables provienen del Estándar para la evaluación de la calidad de las estimaciones en encuestas de hogares del INE.</a>",Encuesta Suplementaria de Ingresos (ESI),PT,0
CL01:DF_BGYMEDIOOCU_CIUO(1.0),A,BGYMEDIOOCU,11,CIUO_SC,2019,,X,,1,"<a href="" https://www.ine.gob.cl/docs/default-source/institucionalidad/buenas-pr%C3%A1cticas/clasificaciones-y-estandares/est%C3%A1ndar-evaluaci%C3%B3n-de-calidad-de-estimaciones-publicaci%C3%B3n-27022020.pdf/"" target=""_blank"" rel=""noopener noreferrer"">La clasificación en estimaciones Fiables, Poco fiables y No fiables provienen del Estándar para la evaluación de la calidad de las estimaciones en encuestas de hogares del INE.</a>",Encuesta Suplementaria de Ingresos (ESI),PT,0
CL01:DF_BGYMEDIOOCU_CIUO(1.0),A,BGYMEDIOOCU,11,CIUO_SC,2020,,X,,1,"<a href="" https://www.ine.gob.cl/docs/default-source/institucionalidad/buenas-pr%C3%A1cticas/clasificaciones-y-estandares/est%C3%A1ndar-evaluaci%C3%B3n-de-calidad-de-estimaciones-publicaci%C3%B3n-27022020.pdf/"" target=""_blank"" rel=""noopener noreferrer"">La clasificación en estimaciones Fiables, Poco fiables y No fiables provienen del Estándar para la evaluación de la calidad de las estimaciones en encuestas de hogares del INE.</a>",Encuesta Suplementaria de Ingresos (ESI),PT,0
CL01:DF_BGYMEDIOOCU_CIUO(1.0),A,BGYMEDIOOCU,11,CIUO_SC,2021,,X,,1,"<a href="" https://www.ine.gob.cl/docs/default-source/institucionalidad/buenas-pr%C3%A1cticas/clasificaciones-y-estandares/est%C3%A1ndar-evaluaci%C3%B3n-de-calidad-de-estimaciones-publicaci%C3%B3n-27022020.pdf/"" target=""_blank"" rel=""noopener noreferrer"">La clasificación en estimaciones Fiables, Poco fiables y No fiables provienen del Estándar para la evaluación de la calidad de las estimaciones en encuestas de hogares del INE.</a>",Encuesta Suplementaria de Ingresos (ESI),PT,0
CL01:DF_BGYMEDIOOCU_CIUO(1.0),A,BGYMEDIOOCU,11,CIUO_SC,2022,,X,,1,"<a href="" https://www.ine.gob.cl/docs/default-source/institucionalidad/buenas-pr%C3%A1cticas/clasificaciones-y-estandares/est%C3%A1ndar-evaluaci%C3%B3n-de-calidad-de-estimaciones-publicaci%C3%B3n-27022020.pdf/"" target=""_blank"" rel=""noopener noreferrer"">La clasificación en estimaciones Fiables, Poco fiables y No fiables provienen del Estándar para la evaluación de la calidad de las estimaciones en encuestas de hogares del INE.</a>",Encuesta Suplementaria de Ingresos (ESI),PT,0
CL01:DF_BGYMEDIOOCU_CIUO(1.0),A,BGYMEDIOOCU,11,CIUO_SC,2023,,X,,1,"<a href="" https://www.ine.gob.cl/docs/default-source/institucionalidad/buenas-pr%C3%A1cticas/clasificaciones-y-estandares/est%C3%A1ndar-evaluaci%C3%B3n-de-calidad-de-estimaciones-publicaci%C3%B3n-27022020.pdf/"" target=""_blank"" rel=""noopener noreferrer"">La clasificación en estimaciones Fiables, Poco fiables y No fiables provienen del Estándar para la evaluación de la calidad de las estimaciones en encuestas de hogares del INE.</a>",Encuesta Suplementaria de Ingresos (ESI),PT,0
CL01:DF_BGYMEDIOOCU_CIUO(1.0),A,BGYMEDIOOCU,11,CIUO_SC,2024,,X,,1,"<a href="" https://www.ine.gob.cl/docs/default-source/institucionalidad/buenas-pr%C3%A1cticas/clasificaciones-y-estandares/est%C3%A1ndar-evaluaci%C3%B3n-de-calidad-de-estimaciones-publicaci%C3%B3n-27022020.pdf/"" target=""_blank"" rel=""noopener noreferrer"">La clasificación en estimaciones Fiables, Poco fiables y No fiables provienen del Estándar para la evaluación de la calidad de las estimaciones en encuestas de hogares del INE.</a>",Encuesta Suplementaria de Ingresos (ESI),PT,0
CL01:DF_BGYMEDIOOCU_CIUO(1.0),A,BGYMEDIOOCU,01,CIUO_9,2017,16.1135639049452,,,1,"<a href="" https://www.ine.gob.cl/docs/default-source/institucionalidad/buenas-pr%C3%A1cticas/clasificaciones-y-estandares/est%C3%A1ndar-evaluaci%C3%B3n-de-calidad-de-estimaciones-publicaci%C3%B3n-27022020.pdf/"" target=""_blank"" rel=""noopener noreferrer"">La clasificación en estimaciones Fiables, Poco fiables y No fiables provienen del Estándar para la evaluación de la calidad de las estimaciones en encuestas de hogares del INE.</a>",Encuesta Suplementaria de Ingresos (ESI),PT,0
CL01:DF_BGYMEDIOOCU_CIUO(1.0),A,BGYMEDIOOCU,01,CIUO_9,2018,-9.94163723824203,,,1,"<a href="" https://www.ine.gob.cl/docs/default-source/institucionalidad/buenas-pr%C3%A1cticas/clasificaciones-y-estandares/est%C3%A1ndar-evaluaci%C3%B3n-de-calidad-de-estimaciones-publicaci%C3%B3n-27022020.pdf/"" target=""_blank"" rel=""noopener noreferrer"">La clasificación en estimaciones Fiables, Poco fiables y No fiables provienen del Estándar para la evaluación de la calidad de las estimaciones en encuestas de hogares del INE.</a>",Encuesta Suplementaria de Ingresos (ESI),PT,0
CL01:DF_BGYMEDIOOCU_CIUO(1.0),A,BGYMEDIOOCU,01,CIUO_9,2019,-8.42704670866083,,,1,"<a href="" https://www.ine.gob.cl/docs/default-source/institucionalidad/buenas-pr%C3%A1cticas/clasificaciones-y-estandares/est%C3%A1ndar-evaluaci%C3%B3n-de-calidad-de-estimaciones-publicaci%C3%B3n-27022020.pdf/"" target=""_blank"" rel=""noopener noreferrer"">La clasificación en estimaciones Fiables, Poco fiables y No fiables provienen del Estándar para la evaluación de la calidad de las estimaciones en encuestas de hogares del INE.</a>",Encuesta Suplementaria de Ingresos (ESI),PT,0
CL01:DF_BGYMEDIOOCU_CIUO(1.0),A,BGYMEDIOOCU,01,CIUO_9,2020,-1.22948741948037,,,1,"<a href="" https://www.ine.gob.cl/docs/default-source/institucionalidad/buenas-pr%C3%A1cticas/clasificaciones-y-estandares/est%C3%A1ndar-evaluaci%C3%B3n-de-calidad-de-estimaciones-publicaci%C3%B3n-27022020.pdf/"" target=""_blank"" rel=""noopener noreferrer"">La clasificación en estimaciones Fiables, Poco fiables y No fiables provienen del Estándar para la evaluación de la calidad de las estimaciones en encuestas de hogares del INE.</a>",Encuesta Suplementaria de Ingresos (ESI),PT,0
CL01:DF_BGYMEDIOOCU_CIUO(1.0),A,BGYMEDIOOCU,01,CIUO_9,2021,-5.07638093388163,,,1,"<a href="" https://www.ine.gob.cl/docs/default-source/institucionalidad/buenas-pr%C3%A1cticas/clasificaciones-y-estandares/est%C3%A1ndar-evaluaci%C3%B3n-de-calidad-de-estimaciones-publicaci%C3%B3n-27022020.pdf/"" target=""_blank"" rel=""noopener noreferrer"">La clasificación en estimaciones Fiables, Poco fiables y No fiables provienen del Estándar para la evaluación de la calidad de las estimaciones en encuestas de hogares del INE.</a>",Encuesta Suplementaria de Ingresos (ESI),PT,0
CL01:DF_BGYMEDIOOCU_CIUO(1.0),A,BGYMEDIOOCU,01,CIUO_9,2022,-18.9366378436053,,,1,"<a href="" https://www.ine.gob.cl/docs/default-source/institucionalidad/buenas-pr%C3%A1cticas/clasificaciones-y-estandares/est%C3%A1ndar-evaluaci%C3%B3n-de-calidad-de-estimaciones-publicaci%C3%B3n-27022020.pdf/"" target=""_blank"" rel=""noopener noreferrer"">La clasificación en estimaciones Fiables, Poco fiables y No fiables provienen del Estándar para la evaluación de la calidad de las estimaciones en encuestas de hogares del INE.</a>",Encuesta Suplementaria de Ingresos (ESI),PT,0
CL01:DF_BGYMEDIOOCU_CIUO(1.0),A,BGYMEDIOOCU,01,CIUO_9,2023,-6.0986432916567,,,1,"<a href="" https://www.ine.gob.cl/docs/default-source/institucionalidad/buenas-pr%C3%A1cticas/clasificaciones-y-estandares/est%C3%A1ndar-evaluaci%C3%B3n-de-calidad-de-estimaciones-publicaci%C3%B3n-27022020.pdf/"" target=""_blank"" rel=""noopener noreferrer"">La clasificación en estimaciones Fiables, Poco fiables y No fiables provienen del Estándar para la evaluación de la calidad de las estimaciones en encuestas de hogares del INE.</a>",Encuesta Suplementaria de Ingresos (ESI),PT,0
CL01:DF_BGYMEDIOOCU_CIUO(1.0),A,BGYMEDIOOCU,01,CIUO_9,2024,-4.35104012136044,,,1,"<a href="" https://www.ine.gob.cl/docs/default-source/institucionalidad/buenas-pr%C3%A1cticas/clasificaciones-y-estandares/est%C3%A1ndar-evaluaci%C3%B3n-de-calidad-de-estimaciones-publicaci%C3%B3n-27022020.pdf/"" target=""_blank"" rel=""noopener noreferrer"">La clasificación en estimaciones Fiables, Poco fiables y No fiables provienen del Estándar para la evaluación de la calidad de las estimaciones en encuestas de hogares del INE.</a>",Encuesta Suplementaria de Ingresos (ESI),PT,0
CL01:DF_BGYMEDIOOCU_CIUO(1.0),A,BGYMEDIOOCU,05,CIUO_9,2017,-27.9836120237623,,,1,"<a href="" https://www.ine.gob.cl/docs/default-source/institucionalidad/buenas-pr%C3%A1cticas/clasificaciones-y-estandares/est%C3%A1ndar-evaluaci%C3%B3n-de-calidad-de-estimaciones-publicaci%C3%B3n-27022020.pdf/"" target=""_blank"" rel=""noopener noreferrer"">La clasificación en estimaciones Fiables, Poco fiables y No fiables provienen del Estándar para la evaluación de la calidad de las estimaciones en encuestas de hogares del INE.</a>",Encuesta Suplementaria de Ingresos (ESI),PT,0
CL01:DF_BGYMEDIOOCU_CIUO(1.0),A,BGYMEDIOOCU,05,CIUO_9,2018,-26.3174777939333,,,1,"<a href="" https://www.ine.gob.cl/docs/default-source/institucionalidad/buenas-pr%C3%A1cticas/clasificaciones-y-estandares/est%C3%A1ndar-evaluaci%C3%B3n-de-calidad-de-estimaciones-publicaci%C3%B3n-27022020.pdf/"" target=""_blank"" rel=""noopener noreferrer"">La clasificación en estimaciones Fiables, Poco fiables y No fiables provienen del Estándar para la evaluación de la calidad de las estimaciones en encuestas de hogares del INE.</a>",Encuesta Suplementaria de Ingresos (ESI),PT,0
CL01:DF_BGYMEDIOOCU_CIUO(1.0),A,BGYMEDIOOCU,05,CIUO_9,2019,-32.4435941320628,,,1,"<a href="" https://www.ine.gob.cl/docs/default-source/institucionalidad/buenas-pr%C3%A1cticas/clasificaciones-y-estandares/est%C3%A1ndar-evaluaci%C3%B3n-de-calidad-de-estimaciones-publicaci%C3%B3n-27022020.pdf/"" target=""_blank"" rel=""noopener noreferrer"">La clasificación en estimaciones Fiables, Poco fiables y No fiables provienen del Estándar para la evaluación de la calidad de las estimaciones en encuestas de hogares del INE.</a>",Encuesta Suplementaria de Ingresos (ESI),PT,0
CL01:DF_BGYMEDIOOCU_CIUO(1.0),A,BGYMEDIOOCU,05,CIUO_9,2020,-27.1152662481419,,,1,"<a href="" https://www.ine.gob.cl/docs/default-source/institucionalidad/buenas-pr%C3%A1cticas/clasificaciones-y-estandares/est%C3%A1ndar-evaluaci%C3%B3n-de-calidad-de-estimaciones-publicaci%C3%B3n-27022020.pdf/"" target=""_blank"" rel=""noopener noreferrer"">La clasificación en estimaciones Fiables, Poco fiables y No fiables provienen del Estándar para la evaluación de la calidad de las estimaciones en encuestas de hogares del INE.</a>",Encuesta Suplementaria de Ingresos (ESI),PT,0
CL01:DF_BGYMEDIOOCU_CIUO(1.0),A,BGYMEDIOOCU,05,CIUO_9,2021,-25.7716011737639,,,1,"<a href="" https://www.ine.gob.cl/docs/default-source/institucionalidad/buenas-pr%C3%A1cticas/clasificaciones-y-estandares/est%C3%A1ndar-evaluaci%C3%B3n-de-calidad-de-estimaciones-publicaci%C3%B3n-27022020.pdf/"" target=""_blank"" rel=""noopener noreferrer"">La clasificación en estimaciones Fiables, Poco fiables y No fiables provienen del Estándar para la evaluación de la calidad de las estimaciones en encuestas de hogares del INE.</a>",Encuesta Suplementaria de Ingresos (ESI),PT,0
CL01:DF_BGYMEDIOOCU_CIUO(1.0),A,BGYMEDIOOCU,05,CIUO_9,2022,-25.6864981068489,,,1,"<a href="" https://www.ine.gob.cl/docs/default-source/institucionalidad/buenas-pr%C3%A1cticas/clasificaciones-y-estandares/est%C3%A1ndar-evaluaci%C3%B3n-de-calidad-de-estimaciones-publicaci%C3%B3n-27022020.pdf/"" target=""_blank"" rel=""noopener noreferrer"">La clasificación en estimaciones Fiables, Poco fiables y No fiables provienen del Estándar para la evaluación de la calidad de las estimaciones en encuestas de hogares del INE.</a>",Encuesta Suplementaria de Ingresos (ESI),PT,0
CL01:DF_BGYMEDIOOCU_CIUO(1.0),A,BGYMEDIOOCU,05,CIUO_9,2023,-19.3469342023164,,,1,"<a href="" https://www.ine.gob.cl/docs/default-source/institucionalidad/buenas-pr%C3%A1cticas/clasificaciones-y-estandares/est%C3%A1ndar-evaluaci%C3%B3n-de-calidad-de-estimaciones-publicaci%C3%B3n-27022020.pdf/"" target=""_blank"" rel=""noopener noreferrer"">La clasificación en estimaciones Fiables, Poco fiables y No fiables provienen del Estándar para la evaluación de la calidad de las estimaciones en encuestas de hogares del INE.</a>",Encuesta Suplementaria de Ingresos (ESI),PT,0
CL01:DF_BGYMEDIOOCU_CIUO(1.0),A,BGYMEDIOOCU,05,CIUO_9,2024,-26.0100068763259,,,1,"<a href="" https://www.ine.gob.cl/docs/default-source/institucionalidad/buenas-pr%C3%A1cticas/clasificaciones-y-estandares/est%C3%A1ndar-evaluaci%C3%B3n-de-calidad-de-estimaciones-publicaci%C3%B3n-27022020.pdf/"" target=""_blank"" rel=""noopener noreferrer"">La clasificación en estimaciones Fiables, Poco fiables y No fiables provienen del Estándar para la evaluación de la calidad de las estimaciones en encuestas de hogares del INE.</a>",Encuesta Suplementaria de Ingresos (ESI),PT,0
CL01:DF_BGYMEDIOOCU_CIUO(1.0),A,BGYMEDIOOCU,10,CIUO_9,2017,-29.2142036599714,,,1,"<a href="" https://www.ine.gob.cl/docs/default-source/institucionalidad/buenas-pr%C3%A1cticas/clasificaciones-y-estandares/est%C3%A1ndar-evaluaci%C3%B3n-de-calidad-de-estimaciones-publicaci%C3%B3n-27022020.pdf/"" target=""_blank"" rel=""noopener noreferrer"">La clasificación en estimaciones Fiables, Poco fiables y No fiables provienen del Estándar para la evaluación de la calidad de las estimaciones en encuestas de hogares del INE.</a>",Encuesta Suplementaria de Ingresos (ESI),PT,0
CL01:DF_BGYMEDIOOCU_CIUO(1.0),A,BGYMEDIOOCU,10,CIUO_9,2018,-22.9553438938525,,,1,"<a href="" https://www.ine.gob.cl/docs/default-source/institucionalidad/buenas-pr%C3%A1cticas/clasificaciones-y-estandares/est%C3%A1ndar-evaluaci%C3%B3n-de-calidad-de-estimaciones-publicaci%C3%B3n-27022020.pdf/"" target=""_blank"" rel=""noopener noreferrer"">La clasificación en estimaciones Fiables, Poco fiables y No fiables provienen del Estándar para la evaluación de la calidad de las estimaciones en encuestas de hogares del INE.</a>",Encuesta Suplementaria de Ingresos (ESI),PT,0
CL01:DF_BGYMEDIOOCU_CIUO(1.0),A,BGYMEDIOOCU,10,CIUO_9,2019,-18.2081847526162,,,1,"<a href="" https://www.ine.gob.cl/docs/default-source/institucionalidad/buenas-pr%C3%A1cticas/clasificaciones-y-estandares/est%C3%A1ndar-evaluaci%C3%B3n-de-calidad-de-estimaciones-publicaci%C3%B3n-27022020.pdf/"" target=""_blank"" rel=""noopener noreferrer"">La clasificación en estimaciones Fiables, Poco fiables y No fiables provienen del Estándar para la evaluación de la calidad de las estimaciones en encuestas de hogares del INE.</a>",Encuesta Suplementaria de Ingresos (ESI),PT,0
CL01:DF_BGYMEDIOOCU_CIUO(1.0),A,BGYMEDIOOCU,10,CIUO_9,2020,-18.3535885013317,,,1,"<a href="" https://www.ine.gob.cl/docs/default-source/institucionalidad/buenas-pr%C3%A1cticas/clasificaciones-y-estandares/est%C3%A1ndar-evaluaci%C3%B3n-de-calidad-de-estimaciones-publicaci%C3%B3n-27022020.pdf/"" target=""_blank"" rel=""noopener noreferrer"">La clasificación en estimaciones Fiables, Poco fiables y No fiables provienen del Estándar para la evaluación de la calidad de las estimaciones en encuestas de hogares del INE.</a>",Encuesta Suplementaria de Ingresos (ESI),PT,0
CL01:DF_BGYMEDIOOCU_CIUO(1.0),A,BGYMEDIOOCU,10,CIUO_9,2021,-14.3563126976293,,,1,"<a href="" https://www.ine.gob.cl/docs/default-source/institucionalidad/buenas-pr%C3%A1cticas/clasificaciones-y-estandares/est%C3%A1ndar-evaluaci%C3%B3n-de-calidad-de-estimaciones-publicaci%C3%B3n-27022020.pdf/"" target=""_blank"" rel=""noopener noreferrer"">La clasificación en estimaciones Fiables, Poco fiables y No fiables provienen del Estándar para la evaluación de la calidad de las estimaciones en encuestas de hogares del INE.</a>",Encuesta Suplementaria de Ingresos (ESI),PT,0
CL01:DF_BGYMEDIOOCU_CIUO(1.0),A,BGYMEDIOOCU,10,CIUO_9,2022,-8.02267229683511,,,1,"<a href="" https://www.ine.gob.cl/docs/default-source/institucionalidad/buenas-pr%C3%A1cticas/clasificaciones-y-estandares/est%C3%A1ndar-evaluaci%C3%B3n-de-calidad-de-estimaciones-publicaci%C3%B3n-27022020.pdf/"" target=""_blank"" rel=""noopener noreferrer"">La clasificación en estimaciones Fiables, Poco fiables y No fiables provienen del Estándar para la evaluación de la calidad de las estimaciones en encuestas de hogares del INE.</a>",Encuesta Suplementaria de Ingresos (ESI),PT,0
CL01:DF_BGYMEDIOOCU_CIUO(1.0),A,BGYMEDIOOCU,10,CIUO_9,2023,-13.7019938943666,,,1,"<a href="" https://www.ine.gob.cl/docs/default-source/institucionalidad/buenas-pr%C3%A1cticas/clasificaciones-y-estandares/est%C3%A1ndar-evaluaci%C3%B3n-de-calidad-de-estimaciones-publicaci%C3%B3n-27022020.pdf/"" target=""_blank"" rel=""noopener noreferrer"">La clasificación en estimaciones Fiables, Poco fiables y No fiables provienen del Estándar para la evaluación de la calidad de las estimaciones en encuestas de hogares del INE.</a>",Encuesta Suplementaria de Ingresos (ESI),PT,0
CL01:DF_BGYMEDIOOCU_CIUO(1.0),A,BGYMEDIOOCU,10,CIUO_9,2024,-12.2501348374306,,,1,"<a href="" https://www.ine.gob.cl/docs/default-source/institucionalidad/buenas-pr%C3%A1cticas/clasificaciones-y-estandares/est%C3%A1ndar-evaluaci%C3%B3n-de-calidad-de-estimaciones-publicaci%C3%B3n-27022020.pdf/"" target=""_blank"" rel=""noopener noreferrer"">La clasificación en estimaciones Fiables, Poco fiables y No fiables provienen del Estándar para la evaluación de la calidad de las estimaciones en encuestas de hogares del INE.</a>",Encuesta Suplementaria de Ingresos (ESI),PT,0
CL01:DF_BGYMEDIOOCU_CIUO(1.0),A,BGYMEDIOOCU,11,CIUO_7,2017,-62.8164778292244,Y,,1,"<a href="" https://www.ine.gob.cl/docs/default-source/institucionalidad/buenas-pr%C3%A1cticas/clasificaciones-y-estandares/est%C3%A1ndar-evaluaci%C3%B3n-de-calidad-de-estimaciones-publicaci%C3%B3n-27022020.pdf/"" target=""_blank"" rel=""noopener noreferrer"">La clasificación en estimaciones Fiables, Poco fiables y No fiables provienen del Estándar para la evaluación de la calidad de las estimaciones en encuestas de hogares del INE.</a>",Encuesta Suplementaria de Ingresos (ESI),PT,0
CL01:DF_BGYMEDIOOCU_CIUO(1.0),A,BGYMEDIOOCU,11,CIUO_7,2018,-65.3092118143344,Y,,1,"<a href="" https://www.ine.gob.cl/docs/default-source/institucionalidad/buenas-pr%C3%A1cticas/clasificaciones-y-estandares/est%C3%A1ndar-evaluaci%C3%B3n-de-calidad-de-estimaciones-publicaci%C3%B3n-27022020.pdf/"" target=""_blank"" rel=""noopener noreferrer"">La clasificación en estimaciones Fiables, Poco fiables y No fiables provienen del Estándar para la evaluación de la calidad de las estimaciones en encuestas de hogares del INE.</a>",Encuesta Suplementaria de Ingresos (ESI),PT,0
CL01:DF_BGYMEDIOOCU_CIUO(1.0),A,BGYMEDIOOCU,11,CIUO_7,2019,-47.6942373773754,Y,,1,"<a href="" https://www.ine.gob.cl/docs/default-source/institucionalidad/buenas-pr%C3%A1cticas/clasificaciones-y-estandares/est%C3%A1ndar-evaluaci%C3%B3n-de-calidad-de-estimaciones-publicaci%C3%B3n-27022020.pdf/"" target=""_blank"" rel=""noopener noreferrer"">La clasificación en estimaciones Fiables, Poco fiables y No fiables provienen del Estándar para la evaluación de la calidad de las estimaciones en encuestas de hogares del INE.</a>",Encuesta Suplementaria de Ingresos (ESI),PT,0
CL01:DF_BGYMEDIOOCU_CIUO(1.0),A,BGYMEDIOOCU,11,CIUO_7,2020,-80.8189902307686,Y,,1,"<a href="" https://www.ine.gob.cl/docs/default-source/institucionalidad/buenas-pr%C3%A1cticas/clasificaciones-y-estandares/est%C3%A1ndar-evaluaci%C3%B3n-de-calidad-de-estimaciones-publicaci%C3%B3n-27022020.pdf/"" target=""_blank"" rel=""noopener noreferrer"">La clasificación en estimaciones Fiables, Poco fiables y No fiables provienen del Estándar para la evaluación de la calidad de las estimaciones en encuestas de hogares del INE.</a>",Encuesta Suplementaria de Ingresos (ESI),PT,0
CL01:DF_BGYMEDIOOCU_CIUO(1.0),A,BGYMEDIOOCU,11,CIUO_7,2021,-60.3604272939732,Y,,1,"<a href="" https://www.ine.gob.cl/docs/default-source/institucionalidad/buenas-pr%C3%A1cticas/clasificaciones-y-estandares/est%C3%A1ndar-evaluaci%C3%B3n-de-calidad-de-estimaciones-publicaci%C3%B3n-27022020.pdf/"" target=""_blank"" rel=""noopener noreferrer"">La clasificación en estimaciones Fiables, Poco fiables y No fiables provienen del Estándar para la evaluación de la calidad de las estimaciones en encuestas de hogares del INE.</a>",Encuesta Suplementaria de Ingresos (ESI),PT,0
CL01:DF_BGYMEDIOOCU_CIUO(1.0),A,BGYMEDIOOCU,11,CIUO_7,2022,-67.7036384202991,Y,,1,"<a href="" https://www.ine.gob.cl/docs/default-source/institucionalidad/buenas-pr%C3%A1cticas/clasificaciones-y-estandares/est%C3%A1ndar-evaluaci%C3%B3n-de-calidad-de-estimaciones-publicaci%C3%B3n-27022020.pdf/"" target=""_blank"" rel=""noopener noreferrer"">La clasificación en estimaciones Fiables, Poco fiables y No fiables provienen del Estándar para la evaluación de la calidad de las estimaciones en encuestas de hogares del INE.</a>",Encuesta Suplementaria de Ingresos (ESI),PT,0
CL01:DF_BGYMEDIOOCU_CIUO(1.0),A,BGYMEDIOOCU,11,CIUO_7,2023,-63.3536279174597,Y,,1,"<a href="" https://www.ine.gob.cl/docs/default-source/institucionalidad/buenas-pr%C3%A1cticas/clasificaciones-y-estandares/est%C3%A1ndar-evaluaci%C3%B3n-de-calidad-de-estimaciones-publicaci%C3%B3n-27022020.pdf/"" target=""_blank"" rel=""noopener noreferrer"">La clasificación en estimaciones Fiables, Poco fiables y No fiables provienen del Estándar para la evaluación de la calidad de las estimaciones en encuestas de hogares del INE.</a>",Encuesta Suplementaria de Ingresos (ESI),PT,0
CL01:DF_BGYMEDIOOCU_CIUO(1.0),A,BGYMEDIOOCU,11,CIUO_7,2024,-53.147309644623,Y,,1,"<a href="" https://www.ine.gob.cl/docs/default-source/institucionalidad/buenas-pr%C3%A1cticas/clasificaciones-y-estandares/est%C3%A1ndar-evaluaci%C3%B3n-de-calidad-de-estimaciones-publicaci%C3%B3n-27022020.pdf/"" target=""_blank"" rel=""noopener noreferrer"">La clasificación en estimaciones Fiables, Poco fiables y No fiables provienen del Estándar para la evaluación de la calidad de las estimaciones en encuestas de hogares del INE.</a>",Encuesta Suplementaria de Ingresos (ESI),PT,0
CL01:DF_BGYMEDIOOCU_CIUO(1.0),A,BGYMEDIOOCU,13,CIUO_4,2017,-14.8867975275202,,,1,"<a href="" https://www.ine.gob.cl/docs/default-source/institucionalidad/buenas-pr%C3%A1cticas/clasificaciones-y-estandares/est%C3%A1ndar-evaluaci%C3%B3n-de-calidad-de-estimaciones-publicaci%C3%B3n-27022020.pdf/"" target=""_blank"" rel=""noopener noreferrer"">La clasificación en estimaciones Fiables, Poco fiables y No fiables provienen del Estándar para la evaluación de la calidad de las estimaciones en encuestas de hogares del INE.</a>",Encuesta Suplementaria de Ingresos (ESI),PT,0
CL01:DF_BGYMEDIOOCU_CIUO(1.0),A,BGYMEDIOOCU,13,CIUO_4,2018,-10.8472634399509,,,1,"<a href="" https://www.ine.gob.cl/docs/default-source/institucionalidad/buenas-pr%C3%A1cticas/clasificaciones-y-estandares/est%C3%A1ndar-evaluaci%C3%B3n-de-calidad-de-estimaciones-publicaci%C3%B3n-27022020.pdf/"" target=""_blank"" rel=""noopener noreferrer"">La clasificación en estimaciones Fiables, Poco fiables y No fiables provienen del Estándar para la evaluación de la calidad de las estimaciones en encuestas de hogares del INE.</a>",Encuesta Suplementaria de Ingresos (ESI),PT,0
CL01:DF_BGYMEDIOOCU_CIUO(1.0),A,BGYMEDIOOCU,13,CIUO_4,2019,-25.1746982906854,,,1,"<a href="" https://www.ine.gob.cl/docs/default-source/institucionalidad/buenas-pr%C3%A1cticas/clasificaciones-y-estandares/est%C3%A1ndar-evaluaci%C3%B3n-de-calidad-de-estimaciones-publicaci%C3%B3n-27022020.pdf/"" target=""_blank"" rel=""noopener noreferrer"">La clasificación en estimaciones Fiables, Poco fiables y No fiables provienen del Estándar para la evaluación de la calidad de las estimaciones en encuestas de hogares del INE.</a>",Encuesta Suplementaria de Ingresos (ESI),PT,0
CL01:DF_BGYMEDIOOCU_CIUO(1.0),A,BGYMEDIOOCU,13,CIUO_4,2020,3.61987390880211,,,1,"<a href="" https://www.ine.gob.cl/docs/default-source/institucionalidad/buenas-pr%C3%A1cticas/clasificaciones-y-estandares/est%C3%A1ndar-evaluaci%C3%B3n-de-calidad-de-estimaciones-publicaci%C3%B3n-27022020.pdf/"" target=""_blank"" rel=""noopener noreferrer"">La clasificación en estimaciones Fiables, Poco fiables y No fiables provienen del Estándar para la evaluación de la calidad de las estimaciones en encuestas de hogares del INE.</a>",Encuesta Suplementaria de Ingresos (ESI),PT,0
CL01:DF_BGYMEDIOOCU_CIUO(1.0),A,BGYMEDIOOCU,13,CIUO_4,2021,-7.13392212417614,,,1,"<a href="" https://www.ine.gob.cl/docs/default-source/institucionalidad/buenas-pr%C3%A1cticas/clasificaciones-y-estandares/est%C3%A1ndar-evaluaci%C3%B3n-de-calidad-de-estimaciones-publicaci%C3%B3n-27022020.pdf/"" target=""_blank"" rel=""noopener noreferrer"">La clasificación en estimaciones Fiables, Poco fiables y No fiables provienen del Estándar para la evaluación de la calidad de las estimaciones en encuestas de hogares del INE.</a>",Encuesta Suplementaria de Ingresos (ESI),PT,0
CL01:DF_BGYMEDIOOCU_CIUO(1.0),A,BGYMEDIOOCU,13,CIUO_4,2022,-7.88207755418829,,,1,"<a href="" https://www.ine.gob.cl/docs/default-source/institucionalidad/buenas-pr%C3%A1cticas/clasificaciones-y-estandares/est%C3%A1ndar-evaluaci%C3%B3n-de-calidad-de-estimaciones-publicaci%C3%B3n-27022020.pdf/"" target=""_blank"" rel=""noopener noreferrer"">La clasificación en estimaciones Fiables, Poco fiables y No fiables provienen del Estándar para la evaluación de la calidad de las estimaciones en encuestas de hogares del INE.</a>",Encuesta Suplementaria de Ingresos (ESI),PT,0
CL01:DF_BGYMEDIOOCU_CIUO(1.0),A,BGYMEDIOOCU,13,CIUO_4,2023,1.12462409851295,,,1,"<a href="" https://www.ine.gob.cl/docs/default-source/institucionalidad/buenas-pr%C3%A1cticas/clasificaciones-y-estandares/est%C3%A1ndar-evaluaci%C3%B3n-de-calidad-de-estimaciones-publicaci%C3%B3n-27022020.pdf/"" target=""_blank"" rel=""noopener noreferrer"">La clasificación en estimaciones Fiables, Poco fiables y No fiables provienen del Estándar para la evaluación de la calidad de las estimaciones en encuestas de hogares del INE.</a>",Encuesta Suplementaria de Ingresos (ESI),PT,0
CL01:DF_BGYMEDIOOCU_CIUO(1.0),A,BGYMEDIOOCU,13,CIUO_4,2024,-8.73156393769703,,,1,"<a href="" https://www.ine.gob.cl/docs/default-source/institucionalidad/buenas-pr%C3%A1cticas/clasificaciones-y-estandares/est%C3%A1ndar-evaluaci%C3%B3n-de-calidad-de-estimaciones-publicaci%C3%B3n-27022020.pdf/"" target=""_blank"" rel=""noopener noreferrer"">La clasificación en estimaciones Fiables, Poco fiables y No fiables provienen del Estándar para la evaluación de la calidad de las estimaciones en encuestas de hogares del INE.</a>",Encuesta Suplementaria de Ingresos (ESI),PT,0
CL01:DF_BGYMEDIOOCU_CIUO(1.0),A,BGYMEDIOOCU,14,CIUO_4,2017,-6.09844416044417,,,1,"<a href="" https://www.ine.gob.cl/docs/default-source/institucionalidad/buenas-pr%C3%A1cticas/clasificaciones-y-estandares/est%C3%A1ndar-evaluaci%C3%B3n-de-calidad-de-estimaciones-publicaci%C3%B3n-27022020.pdf/"" target=""_blank"" rel=""noopener noreferrer"">La clasificación en estimaciones Fiables, Poco fiables y No fiables provienen del Estándar para la evaluación de la calidad de las estimaciones en encuestas de hogares del INE.</a>",Encuesta Suplementaria de Ingresos (ESI),PT,0
CL01:DF_BGYMEDIOOCU_CIUO(1.0),A,BGYMEDIOOCU,14,CIUO_4,2018,12.8098369919148,X,,1,"<a href="" https://www.ine.gob.cl/docs/default-source/institucionalidad/buenas-pr%C3%A1cticas/clasificaciones-y-estandares/est%C3%A1ndar-evaluaci%C3%B3n-de-calidad-de-estimaciones-publicaci%C3%B3n-27022020.pdf/"" target=""_blank"" rel=""noopener noreferrer"">La clasificación en estimaciones Fiables, Poco fiables y No fiables provienen del Estándar para la evaluación de la calidad de las estimaciones en encuestas de hogares del INE.</a>",Encuesta Suplementaria de Ingresos (ESI),PT,0
CL01:DF_BGYMEDIOOCU_CIUO(1.0),A,BGYMEDIOOCU,14,CIUO_4,2019,-22.5466035096844,X,,1,"<a href="" https://www.ine.gob.cl/docs/default-source/institucionalidad/buenas-pr%C3%A1cticas/clasificaciones-y-estandares/est%C3%A1ndar-evaluaci%C3%B3n-de-calidad-de-estimaciones-publicaci%C3%B3n-27022020.pdf/"" target=""_blank"" rel=""noopener noreferrer"">La clasificación en estimaciones Fiables, Poco fiables y No fiables provienen del Estándar para la evaluación de la calidad de las estimaciones en encuestas de hogares del INE.</a>",Encuesta Suplementaria de Ingresos (ESI),PT,0
CL01:DF_BGYMEDIOOCU_CIUO(1.0),A,BGYMEDIOOCU,14,CIUO_4,2020,4.90870357755872,X,,1,"<a href="" https://www.ine.gob.cl/docs/default-source/institucionalidad/buenas-pr%C3%A1cticas/clasificaciones-y-estandares/est%C3%A1ndar-evaluaci%C3%B3n-de-calidad-de-estimaciones-publicaci%C3%B3n-27022020.pdf/"" target=""_blank"" rel=""noopener noreferrer"">La clasificación en estimaciones Fiables, Poco fiables y No fiables provienen del Estándar para la evaluación de la calidad de las estimaciones en encuestas de hogares del INE.</a>",Encuesta Suplementaria de Ingresos (ESI),PT,0
CL01:DF_BGYMEDIOOCU_CIUO(1.0),A,BGYMEDIOOCU,14,CIUO_4,2021,10.2850870538677,,,1,"<a href="" https://www.ine.gob.cl/docs/default-source/institucionalidad/buenas-pr%C3%A1cticas/clasificaciones-y-estandares/est%C3%A1ndar-evaluaci%C3%B3n-de-calidad-de-estimaciones-publicaci%C3%B3n-27022020.pdf/"" target=""_blank"" rel=""noopener noreferrer"">La clasificación en estimaciones Fiables, Poco fiables y No fiables provienen del Estándar para la evaluación de la calidad de las estimaciones en encuestas de hogares del INE.</a>",Encuesta Suplementaria de Ingresos (ESI),PT,0
CL01:DF_BGYMEDIOOCU_CIUO(1.0),A,BGYMEDIOOCU,14,CIUO_4,2022,-7.25283793353623,X,,1,"<a href="" https://www.ine.gob.cl/docs/default-source/institucionalidad/buenas-pr%C3%A1cticas/clasificaciones-y-estandares/est%C3%A1ndar-evaluaci%C3%B3n-de-calidad-de-estimaciones-publicaci%C3%B3n-27022020.pdf/"" target=""_blank"" rel=""noopener noreferrer"">La clasificación en estimaciones Fiables, Poco fiables y No fiables provienen del Estándar para la evaluación de la calidad de las estimaciones en encuestas de hogares del INE.</a>",Encuesta Suplementaria de Ingresos (ESI),PT,0
CL01:DF_BGYMEDIOOCU_CIUO(1.0),A,BGYMEDIOOCU,14,CIUO_4,2023,-21.6781014954017,X,,1,"<a href="" https://www.ine.gob.cl/docs/default-source/institucionalidad/buenas-pr%C3%A1cticas/clasificaciones-y-estandares/est%C3%A1ndar-evaluaci%C3%B3n-de-calidad-de-estimaciones-publicaci%C3%B3n-27022020.pdf/"" target=""_blank"" rel=""noopener noreferrer"">La clasificación en estimaciones Fiables, Poco fiables y No fiables provienen del Estándar para la evaluación de la calidad de las estimaciones en encuestas de hogares del INE.</a>",Encuesta Suplementaria de Ingresos (ESI),PT,0
CL01:DF_BGYMEDIOOCU_CIUO(1.0),A,BGYMEDIOOCU,14,CIUO_4,2024,-22.310853594034,X,,1,"<a href="" https://www.ine.gob.cl/docs/default-source/institucionalidad/buenas-pr%C3%A1cticas/clasificaciones-y-estandares/est%C3%A1ndar-evaluaci%C3%B3n-de-calidad-de-estimaciones-publicaci%C3%B3n-27022020.pdf/"" target=""_blank"" rel=""noopener noreferrer"">La clasificación en estimaciones Fiables, Poco fiables y No fiables provienen del Estándar para la evaluación de la calidad de las estimaciones en encuestas de hogares del INE.</a>",Encuesta Suplementaria de Ingresos (ESI),PT,0
CL01:DF_BGYMEDIOOCU_CIUO(1.0),A,BGYMEDIOOCU,09,_T,2017,-22.7700397755376,,,1,"<a href="" https://www.ine.gob.cl/docs/default-source/institucionalidad/buenas-pr%C3%A1cticas/clasificaciones-y-estandares/est%C3%A1ndar-evaluaci%C3%B3n-de-calidad-de-estimaciones-publicaci%C3%B3n-27022020.pdf/"" target=""_blank"" rel=""noopener noreferrer"">La clasificación en estimaciones Fiables, Poco fiables y No fiables provienen del Estándar para la evaluación de la calidad de las estimaciones en encuestas de hogares del INE.</a>",Encuesta Suplementaria de Ingresos (ESI),PT,0
CL01:DF_BGYMEDIOOCU_CIUO(1.0),A,BGYMEDIOOCU,09,_T,2018,-19.4333086840062,,,1,"<a href="" https://www.ine.gob.cl/docs/default-source/institucionalidad/buenas-pr%C3%A1cticas/clasificaciones-y-estandares/est%C3%A1ndar-evaluaci%C3%B3n-de-calidad-de-estimaciones-publicaci%C3%B3n-27022020.pdf/"" target=""_blank"" rel=""noopener noreferrer"">La clasificación en estimaciones Fiables, Poco fiables y No fiables provienen del Estándar para la evaluación de la calidad de las estimaciones en encuestas de hogares del INE.</a>",Encuesta Suplementaria de Ingresos (ESI),PT,0
CL01:DF_BGYMEDIOOCU_CIUO(1.0),A,BGYMEDIOOCU,09,_T,2019,-11.9578396567562,,,1,"<a href="" https://www.ine.gob.cl/docs/default-source/institucionalidad/buenas-pr%C3%A1cticas/clasificaciones-y-estandares/est%C3%A1ndar-evaluaci%C3%B3n-de-calidad-de-estimaciones-publicaci%C3%B3n-27022020.pdf/"" target=""_blank"" rel=""noopener noreferrer"">La clasificación en estimaciones Fiables, Poco fiables y No fiables provienen del Estándar para la evaluación de la calidad de las estimaciones en encuestas de hogares del INE.</a>",Encuesta Suplementaria de Ingresos (ESI),PT,0
CL01:DF_BGYMEDIOOCU_CIUO(1.0),A,BGYMEDIOOCU,09,_T,2020,-18.0127758790936,,,1,"<a href="" https://www.ine.gob.cl/docs/default-source/institucionalidad/buenas-pr%C3%A1cticas/clasificaciones-y-estandares/est%C3%A1ndar-evaluaci%C3%B3n-de-calidad-de-estimaciones-publicaci%C3%B3n-27022020.pdf/"" target=""_blank"" rel=""noopener noreferrer"">La clasificación en estimaciones Fiables, Poco fiables y No fiables provienen del Estándar para la evaluación de la calidad de las estimaciones en encuestas de hogares del INE.</a>",Encuesta Suplementaria de Ingresos (ESI),PT,0
CL01:DF_BGYMEDIOOCU_CIUO(1.0),A,BGYMEDIOOCU,09,_T,2021,-15.8252393691484,,,1,"<a href="" https://www.ine.gob.cl/docs/default-source/institucionalidad/buenas-pr%C3%A1cticas/clasificaciones-y-estandares/est%C3%A1ndar-evaluaci%C3%B3n-de-calidad-de-estimaciones-publicaci%C3%B3n-27022020.pdf/"" target=""_blank"" rel=""noopener noreferrer"">La clasificación en estimaciones Fiables, Poco fiables y No fiables provienen del Estándar para la evaluación de la calidad de las estimaciones en encuestas de hogares del INE.</a>",Encuesta Suplementaria de Ingresos (ESI),PT,0
CL01:DF_BGYMEDIOOCU_CIUO(1.0),A,BGYMEDIOOCU,09,_T,2022,-19.4692144905116,,,1,"<a href="" https://www.ine.gob.cl/docs/default-source/institucionalidad/buenas-pr%C3%A1cticas/clasificaciones-y-estandares/est%C3%A1ndar-evaluaci%C3%B3n-de-calidad-de-estimaciones-publicaci%C3%B3n-27022020.pdf/"" target=""_blank"" rel=""noopener noreferrer"">La clasificación en estimaciones Fiables, Poco fiables y No fiables provienen del Estándar para la evaluación de la calidad de las estimaciones en encuestas de hogares del INE.</a>",Encuesta Suplementaria de Ingresos (ESI),PT,0
CL01:DF_BGYMEDIOOCU_CIUO(1.0),A,BGYMEDIOOCU,09,_T,2023,-19.991601811491,,,1,"<a href="" https://www.ine.gob.cl/docs/default-source/institucionalidad/buenas-pr%C3%A1cticas/clasificaciones-y-estandares/est%C3%A1ndar-evaluaci%C3%B3n-de-calidad-de-estimaciones-publicaci%C3%B3n-27022020.pdf/"" target=""_blank"" rel=""noopener noreferrer"">La clasificación en estimaciones Fiables, Poco fiables y No fiables provienen del Estándar para la evaluación de la calidad de las estimaciones en encuestas de hogares del INE.</a>",Encuesta Suplementaria de Ingresos (ESI),PT,0
CL01:DF_BGYMEDIOOCU_CIUO(1.0),A,BGYMEDIOOCU,09,_T,2024,-15.5847567843105,,,1,"<a href="" https://www.ine.gob.cl/docs/default-source/institucionalidad/buenas-pr%C3%A1cticas/clasificaciones-y-estandares/est%C3%A1ndar-evaluaci%C3%B3n-de-calidad-de-estimaciones-publicaci%C3%B3n-27022020.pdf/"" target=""_blank"" rel=""noopener noreferrer"">La clasificación en estimaciones Fiables, Poco fiables y No fiables provienen del Estándar para la evaluación de la calidad de las estimaciones en encuestas de hogares del INE.</a>",Encuesta Suplementaria de Ingresos (ESI),PT,0
CL01:DF_BGYMEDIOOCU_CIUO(1.0),A,BGYMEDIOOCU,_T,CIUO_1,2017,-32.3599897227367,,,1,"<a href="" https://www.ine.gob.cl/docs/default-source/institucionalidad/buenas-pr%C3%A1cticas/clasificaciones-y-estandares/est%C3%A1ndar-evaluaci%C3%B3n-de-calidad-de-estimaciones-publicaci%C3%B3n-27022020.pdf/"" target=""_blank"" rel=""noopener noreferrer"">La clasificación en estimaciones Fiables, Poco fiables y No fiables provienen del Estándar para la evaluación de la calidad de las estimaciones en encuestas de hogares del INE.</a>",Encuesta Suplementaria de Ingresos (ESI),PT,0
CL01:DF_BGYMEDIOOCU_CIUO(1.0),A,BGYMEDIOOCU,_T,CIUO_1,2018,-33.4698151852906,,,1,"<a href="" https://www.ine.gob.cl/docs/default-source/institucionalidad/buenas-pr%C3%A1cticas/clasificaciones-y-estandares/est%C3%A1ndar-evaluaci%C3%B3n-de-calidad-de-estimaciones-publicaci%C3%B3n-27022020.pdf/"" target=""_blank"" rel=""noopener noreferrer"">La clasificación en estimaciones Fiables, Poco fiables y No fiables provienen del Estándar para la evaluación de la calidad de las estimaciones en encuestas de hogares del INE.</a>",Encuesta Suplementaria de Ingresos (ESI),PT,0
CL01:DF_BGYMEDIOOCU_CIUO(1.0),A,BGYMEDIOOCU,_T,CIUO_1,2019,-40.5141905001749,,,1,"<a href="" https://www.ine.gob.cl/docs/default-source/institucionalidad/buenas-pr%C3%A1cticas/clasificaciones-y-estandares/est%C3%A1ndar-evaluaci%C3%B3n-de-calidad-de-estimaciones-publicaci%C3%B3n-27022020.pdf/"" target=""_blank"" rel=""noopener noreferrer"">La clasificación en estimaciones Fiables, Poco fiables y No fiables provienen del Estándar para la evaluación de la calidad de las estimaciones en encuestas de hogares del INE.</a>",Encuesta Suplementaria de Ingresos (ESI),PT,0
CL01:DF_BGYMEDIOOCU_CIUO(1.0),A,BGYMEDIOOCU,_T,CIUO_1,2020,-11.6910235374499,,,1,"<a href="" https://www.ine.gob.cl/docs/default-source/institucionalidad/buenas-pr%C3%A1cticas/clasificaciones-y-estandares/est%C3%A1ndar-evaluaci%C3%B3n-de-calidad-de-estimaciones-publicaci%C3%B3n-27022020.pdf/"" target=""_blank"" rel=""noopener noreferrer"">La clasificación en estimaciones Fiables, Poco fiables y No fiables provienen del Estándar para la evaluación de la calidad de las estimaciones en encuestas de hogares del INE.</a>",Encuesta Suplementaria de Ingresos (ESI),PT,0
CL01:DF_BGYMEDIOOCU_CIUO(1.0),A,BGYMEDIOOCU,_T,CIUO_1,2021,-12.0701985379849,,,1,"<a href="" https://www.ine.gob.cl/docs/default-source/institucionalidad/buenas-pr%C3%A1cticas/clasificaciones-y-estandares/est%C3%A1ndar-evaluaci%C3%B3n-de-calidad-de-estimaciones-publicaci%C3%B3n-27022020.pdf/"" target=""_blank"" rel=""noopener noreferrer"">La clasificación en estimaciones Fiables, Poco fiables y No fiables provienen del Estándar para la evaluación de la calidad de las estimaciones en encuestas de hogares del INE.</a>",Encuesta Suplementaria de Ingresos (ESI),PT,0
CL01:DF_BGYMEDIOOCU_CIUO(1.0),A,BGYMEDIOOCU,_T,CIUO_1,2022,-21.3757877816199,,,1,"<a href="" https://www.ine.gob.cl/docs/default-source/institucionalidad/buenas-pr%C3%A1cticas/clasificaciones-y-estandares/est%C3%A1ndar-evaluaci%C3%B3n-de-calidad-de-estimaciones-publicaci%C3%B3n-27022020.pdf/"" target=""_blank"" rel=""noopener noreferrer"">La clasificación en estimaciones Fiables, Poco fiables y No fiables provienen del Estándar para la evaluación de la calidad de las estimaciones en encuestas de hogares del INE.</a>",Encuesta Suplementaria de Ingresos (ESI),PT,0
CL01:DF_BGYMEDIOOCU_CIUO(1.0),A,BGYMEDIOOCU,_T,CIUO_1,2023,-20.6047665481534,,,1,"<a href="" https://www.ine.gob.cl/docs/default-source/institucionalidad/buenas-pr%C3%A1cticas/clasificaciones-y-estandares/est%C3%A1ndar-evaluaci%C3%B3n-de-calidad-de-estimaciones-publicaci%C3%B3n-27022020.pdf/"" target=""_blank"" rel=""noopener noreferrer"">La clasificación en estimaciones Fiables, Poco fiables y No fiables provienen del Estándar para la evaluación de la calidad de las estimaciones en encuestas de hogares del INE.</a>",Encuesta Suplementaria de Ingresos (ESI),PT,0
CL01:DF_BGYMEDIOOCU_CIUO(1.0),A,BGYMEDIOOCU,_T,CIUO_1,2024,-22.6937468973536,,,1,"<a href="" https://www.ine.gob.cl/docs/default-source/institucionalidad/buenas-pr%C3%A1cticas/clasificaciones-y-estandares/est%C3%A1ndar-evaluaci%C3%B3n-de-calidad-de-estimaciones-publicaci%C3%B3n-27022020.pdf/"" target=""_blank"" rel=""noopener noreferrer"">La clasificación en estimaciones Fiables, Poco fiables y No fiables provienen del Estándar para la evaluación de la calidad de las estimaciones en encuestas de hogares del INE.</a>",Encuesta Suplementaria de Ingresos (ESI),PT,0
CL01:DF_BGYMEDIOOCU_CIUO(1.0),A,BGYMEDIOOCU,_T,_T,2017,-29.6981215216246,,,1,"<a href="" https://www.ine.gob.cl/docs/default-source/institucionalidad/buenas-pr%C3%A1cticas/clasificaciones-y-estandares/est%C3%A1ndar-evaluaci%C3%B3n-de-calidad-de-estimaciones-publicaci%C3%B3n-27022020.pdf/"" target=""_blank"" rel=""noopener noreferrer"">La clasificación en estimaciones Fiables, Poco fiables y No fiables provienen del Estándar para la evaluación de la calidad de las estimaciones en encuestas de hogares del INE.</a>",Encuesta Suplementaria de Ingresos (ESI),PT,0
CL01:DF_BGYMEDIOOCU_CIUO(1.0),A,BGYMEDIOOCU,_T,_T,2018,-27.0991682643241,,,1,"<a href="" https://www.ine.gob.cl/docs/default-source/institucionalidad/buenas-pr%C3%A1cticas/clasificaciones-y-estandares/est%C3%A1ndar-evaluaci%C3%B3n-de-calidad-de-estimaciones-publicaci%C3%B3n-27022020.pdf/"" target=""_blank"" rel=""noopener noreferrer"">La clasificación en estimaciones Fiables, Poco fiables y No fiables provienen del Estándar para la evaluación de la calidad de las estimaciones en encuestas de hogares del INE.</a>",Encuesta Suplementaria de Ingresos (ESI),PT,0
CL01:DF_BGYMEDIOOCU_CIUO(1.0),A,BGYMEDIOOCU,_T,_T,2019,-28.0605842908339,,,1,"<a href="" https://www.ine.gob.cl/docs/default-source/institucionalidad/buenas-pr%C3%A1cticas/clasificaciones-y-estandares/est%C3%A1ndar-evaluaci%C3%B3n-de-calidad-de-estimaciones-publicaci%C3%B3n-27022020.pdf/"" target=""_blank"" rel=""noopener noreferrer"">La clasificación en estimaciones Fiables, Poco fiables y No fiables provienen del Estándar para la evaluación de la calidad de las estimaciones en encuestas de hogares del INE.</a>",Encuesta Suplementaria de Ingresos (ESI),PT,0
CL01:DF_BGYMEDIOOCU_CIUO(1.0),A,BGYMEDIOOCU,_T,_T,2020,-20.3617110618107,,,1,"<a href="" https://www.ine.gob.cl/docs/default-source/institucionalidad/buenas-pr%C3%A1cticas/clasificaciones-y-estandares/est%C3%A1ndar-evaluaci%C3%B3n-de-calidad-de-estimaciones-publicaci%C3%B3n-27022020.pdf/"" target=""_blank"" rel=""noopener noreferrer"">La clasificación en estimaciones Fiables, Poco fiables y No fiables provienen del Estándar para la evaluación de la calidad de las estimaciones en encuestas de hogares del INE.</a>",Encuesta Suplementaria de Ingresos (ESI),PT,0
CL01:DF_BGYMEDIOOCU_CIUO(1.0),A,BGYMEDIOOCU,_T,_T,2021,-21.7432800501847,,,1,"<a href="" https://www.ine.gob.cl/docs/default-source/institucionalidad/buenas-pr%C3%A1cticas/clasificaciones-y-estandares/est%C3%A1ndar-evaluaci%C3%B3n-de-calidad-de-estimaciones-publicaci%C3%B3n-27022020.pdf/"" target=""_blank"" rel=""noopener noreferrer"">La clasificación en estimaciones Fiables, Poco fiables y No fiables provienen del Estándar para la evaluación de la calidad de las estimaciones en encuestas de hogares del INE.</a>",Encuesta Suplementaria de Ingresos (ESI),PT,0
CL01:DF_BGYMEDIOOCU_CIUO(1.0),A,BGYMEDIOOCU,_T,_T,2022,-25.5262152689902,,,1,"<a href="" https://www.ine.gob.cl/docs/default-source/institucionalidad/buenas-pr%C3%A1cticas/clasificaciones-y-estandares/est%C3%A1ndar-evaluaci%C3%B3n-de-calidad-de-estimaciones-publicaci%C3%B3n-27022020.pdf/"" target=""_blank"" rel=""noopener noreferrer"">La clasificación en estimaciones Fiables, Poco fiables y No fiables provienen del Estándar para la evaluación de la calidad de las estimaciones en encuestas de hogares del INE.</a>",Encuesta Suplementaria de Ingresos (ESI),PT,0
CL01:DF_BGYMEDIOOCU_CIUO(1.0),A,BGYMEDIOOCU,_T,_T,2023,-23.3391110951195,,,1,"<a href="" https://www.ine.gob.cl/docs/default-source/institucionalidad/buenas-pr%C3%A1cticas/clasificaciones-y-estandares/est%C3%A1ndar-evaluaci%C3%B3n-de-calidad-de-estimaciones-publicaci%C3%B3n-27022020.pdf/"" target=""_blank"" rel=""noopener noreferrer"">La clasificación en estimaciones Fiables, Poco fiables y No fiables provienen del Estándar para la evaluación de la calidad de las estimaciones en encuestas de hogares del INE.</a>",Encuesta Suplementaria de Ingresos (ESI),PT,0
CL01:DF_BGYMEDIOOCU_CIUO(1.0),A,BGYMEDIOOCU,_T,_T,2024,-24.4425970278733,,,1,"<a href="" https://www.ine.gob.cl/docs/default-source/institucionalidad/buenas-pr%C3%A1cticas/clasificaciones-y-estandares/est%C3%A1ndar-evaluaci%C3%B3n-de-calidad-de-estimaciones-publicaci%C3%B3n-27022020.pdf/"" target=""_blank"" rel=""noopener noreferrer"">La clasificación en estimaciones Fiables, Poco fiables y No fiables provienen del Estándar para la evaluación de la calidad de las estimaciones en encuestas de hogares del INE.</a>",Encuesta Suplementaria de Ingresos (ESI),PT,0
CL01:DF_BGYMEDIOOCU_CIUO(1.0),A,BGYMEDIOOCU,04,CIUO_6,2017,-72.3836659553024,Y,,1,"<a href="" https://www.ine.gob.cl/docs/default-source/institucionalidad/buenas-pr%C3%A1cticas/clasificaciones-y-estandares/est%C3%A1ndar-evaluaci%C3%B3n-de-calidad-de-estimaciones-publicaci%C3%B3n-27022020.pdf/"" target=""_blank"" rel=""noopener noreferrer"">La clasificación en estimaciones Fiables, Poco fiables y No fiables provienen del Estándar para la evaluación de la calidad de las estimaciones en encuestas de hogares del INE.</a>",Encuesta Suplementaria de Ingresos (ESI),PT,0
CL01:DF_BGYMEDIOOCU_CIUO(1.0),A,BGYMEDIOOCU,04,CIUO_6,2018,-31.4060573540421,,,1,"<a href="" https://www.ine.gob.cl/docs/default-source/institucionalidad/buenas-pr%C3%A1cticas/clasificaciones-y-estandares/est%C3%A1ndar-evaluaci%C3%B3n-de-calidad-de-estimaciones-publicaci%C3%B3n-27022020.pdf/"" target=""_blank"" rel=""noopener noreferrer"">La clasificación en estimaciones Fiables, Poco fiables y No fiables provienen del Estándar para la evaluación de la calidad de las estimaciones en encuestas de hogares del INE.</a>",Encuesta Suplementaria de Ingresos (ESI),PT,0
CL01:DF_BGYMEDIOOCU_CIUO(1.0),A,BGYMEDIOOCU,04,CIUO_6,2019,-45.9326726397657,Y,,1,"<a href="" https://www.ine.gob.cl/docs/default-source/institucionalidad/buenas-pr%C3%A1cticas/clasificaciones-y-estandares/est%C3%A1ndar-evaluaci%C3%B3n-de-calidad-de-estimaciones-publicaci%C3%B3n-27022020.pdf/"" target=""_blank"" rel=""noopener noreferrer"">La clasificación en estimaciones Fiables, Poco fiables y No fiables provienen del Estándar para la evaluación de la calidad de las estimaciones en encuestas de hogares del INE.</a>",Encuesta Suplementaria de Ingresos (ESI),PT,0
CL01:DF_BGYMEDIOOCU_CIUO(1.0),A,BGYMEDIOOCU,04,CIUO_6,2020,-5.05548908917792,X,,1,"<a href="" https://www.ine.gob.cl/docs/default-source/institucionalidad/buenas-pr%C3%A1cticas/clasificaciones-y-estandares/est%C3%A1ndar-evaluaci%C3%B3n-de-calidad-de-estimaciones-publicaci%C3%B3n-27022020.pdf/"" target=""_blank"" rel=""noopener noreferrer"">La clasificación en estimaciones Fiables, Poco fiables y No fiables provienen del Estándar para la evaluación de la calidad de las estimaciones en encuestas de hogares del INE.</a>",Encuesta Suplementaria de Ingresos (ESI),PT,0
CL01:DF_BGYMEDIOOCU_CIUO(1.0),A,BGYMEDIOOCU,04,CIUO_6,2021,-26.0613875617515,Y,,1,"<a href="" https://www.ine.gob.cl/docs/default-source/institucionalidad/buenas-pr%C3%A1cticas/clasificaciones-y-estandares/est%C3%A1ndar-evaluaci%C3%B3n-de-calidad-de-estimaciones-publicaci%C3%B3n-27022020.pdf/"" target=""_blank"" rel=""noopener noreferrer"">La clasificación en estimaciones Fiables, Poco fiables y No fiables provienen del Estándar para la evaluación de la calidad de las estimaciones en encuestas de hogares del INE.</a>",Encuesta Suplementaria de Ingresos (ESI),PT,0
CL01:DF_BGYMEDIOOCU_CIUO(1.0),A,BGYMEDIOOCU,04,CIUO_6,2022,-39.3554428881061,Y,,1,"<a href="" https://www.ine.gob.cl/docs/default-source/institucionalidad/buenas-pr%C3%A1cticas/clasificaciones-y-estandares/est%C3%A1ndar-evaluaci%C3%B3n-de-calidad-de-estimaciones-publicaci%C3%B3n-27022020.pdf/"" target=""_blank"" rel=""noopener noreferrer"">La clasificación en estimaciones Fiables, Poco fiables y No fiables provienen del Estándar para la evaluación de la calidad de las estimaciones en encuestas de hogares del INE.</a>",Encuesta Suplementaria de Ingresos (ESI),PT,0
CL01:DF_BGYMEDIOOCU_CIUO(1.0),A,BGYMEDIOOCU,04,CIUO_6,2023,-39.3935328447721,X,,1,"<a href="" https://www.ine.gob.cl/docs/default-source/institucionalidad/buenas-pr%C3%A1cticas/clasificaciones-y-estandares/est%C3%A1ndar-evaluaci%C3%B3n-de-calidad-de-estimaciones-publicaci%C3%B3n-27022020.pdf/"" target=""_blank"" rel=""noopener noreferrer"">La clasificación en estimaciones Fiables, Poco fiables y No fiables provienen del Estándar para la evaluación de la calidad de las estimaciones en encuestas de hogares del INE.</a>",Encuesta Suplementaria de Ingresos (ESI),PT,0
CL01:DF_BGYMEDIOOCU_CIUO(1.0),A,BGYMEDIOOCU,04,CIUO_6,2024,-47.9990963445483,Y,,1,"<a href="" https://www.ine.gob.cl/docs/default-source/institucionalidad/buenas-pr%C3%A1cticas/clasificaciones-y-estandares/est%C3%A1ndar-evaluaci%C3%B3n-de-calidad-de-estimaciones-publicaci%C3%B3n-27022020.pdf/"" target=""_blank"" rel=""noopener noreferrer"">La clasificación en estimaciones Fiables, Poco fiables y No fiables provienen del Estándar para la evaluación de la calidad de las estimaciones en encuestas de hogares del INE.</a>",Encuesta Suplementaria de Ingresos (ESI),PT,0
CL01:DF_BGYMEDIOOCU_CIUO(1.0),A,BGYMEDIOOCU,06,CIUO_7,2017,-66.261842015361,Y,,1,"<a href="" https://www.ine.gob.cl/docs/default-source/institucionalidad/buenas-pr%C3%A1cticas/clasificaciones-y-estandares/est%C3%A1ndar-evaluaci%C3%B3n-de-calidad-de-estimaciones-publicaci%C3%B3n-27022020.pdf/"" target=""_blank"" rel=""noopener noreferrer"">La clasificación en estimaciones Fiables, Poco fiables y No fiables provienen del Estándar para la evaluación de la calidad de las estimaciones en encuestas de hogares del INE.</a>",Encuesta Suplementaria de Ingresos (ESI),PT,0
CL01:DF_BGYMEDIOOCU_CIUO(1.0),A,BGYMEDIOOCU,06,CIUO_7,2018,-59.5483101623932,Y,,1,"<a href="" https://www.ine.gob.cl/docs/default-source/institucionalidad/buenas-pr%C3%A1cticas/clasificaciones-y-estandares/est%C3%A1ndar-evaluaci%C3%B3n-de-calidad-de-estimaciones-publicaci%C3%B3n-27022020.pdf/"" target=""_blank"" rel=""noopener noreferrer"">La clasificación en estimaciones Fiables, Poco fiables y No fiables provienen del Estándar para la evaluación de la calidad de las estimaciones en encuestas de hogares del INE.</a>",Encuesta Suplementaria de Ingresos (ESI),PT,0
CL01:DF_BGYMEDIOOCU_CIUO(1.0),A,BGYMEDIOOCU,06,CIUO_7,2019,-46.6709965388259,Y,,1,"<a href="" https://www.ine.gob.cl/docs/default-source/institucionalidad/buenas-pr%C3%A1cticas/clasificaciones-y-estandares/est%C3%A1ndar-evaluaci%C3%B3n-de-calidad-de-estimaciones-publicaci%C3%B3n-27022020.pdf/"" target=""_blank"" rel=""noopener noreferrer"">La clasificación en estimaciones Fiables, Poco fiables y No fiables provienen del Estándar para la evaluación de la calidad de las estimaciones en encuestas de hogares del INE.</a>",Encuesta Suplementaria de Ingresos (ESI),PT,0
CL01:DF_BGYMEDIOOCU_CIUO(1.0),A,BGYMEDIOOCU,06,CIUO_7,2020,-62.6571228641878,Y,,1,"<a href="" https://www.ine.gob.cl/docs/default-source/institucionalidad/buenas-pr%C3%A1cticas/clasificaciones-y-estandares/est%C3%A1ndar-evaluaci%C3%B3n-de-calidad-de-estimaciones-publicaci%C3%B3n-27022020.pdf/"" target=""_blank"" rel=""noopener noreferrer"">La clasificación en estimaciones Fiables, Poco fiables y No fiables provienen del Estándar para la evaluación de la calidad de las estimaciones en encuestas de hogares del INE.</a>",Encuesta Suplementaria de Ingresos (ESI),PT,0
CL01:DF_BGYMEDIOOCU_CIUO(1.0),A,BGYMEDIOOCU,06,CIUO_7,2021,-59.6807250823355,,,1,"<a href="" https://www.ine.gob.cl/docs/default-source/institucionalidad/buenas-pr%C3%A1cticas/clasificaciones-y-estandares/est%C3%A1ndar-evaluaci%C3%B3n-de-calidad-de-estimaciones-publicaci%C3%B3n-27022020.pdf/"" target=""_blank"" rel=""noopener noreferrer"">La clasificación en estimaciones Fiables, Poco fiables y No fiables provienen del Estándar para la evaluación de la calidad de las estimaciones en encuestas de hogares del INE.</a>",Encuesta Suplementaria de Ingresos (ESI),PT,0
CL01:DF_BGYMEDIOOCU_CIUO(1.0),A,BGYMEDIOOCU,06,CIUO_7,2022,-58.7259286731099,Y,,1,"<a href="" https://www.ine.gob.cl/docs/default-source/institucionalidad/buenas-pr%C3%A1cticas/clasificaciones-y-estandares/est%C3%A1ndar-evaluaci%C3%B3n-de-calidad-de-estimaciones-publicaci%C3%B3n-27022020.pdf/"" target=""_blank"" rel=""noopener noreferrer"">La clasificación en estimaciones Fiables, Poco fiables y No fiables provienen del Estándar para la evaluación de la calidad de las estimaciones en encuestas de hogares del INE.</a>",Encuesta Suplementaria de Ingresos (ESI),PT,0
CL01:DF_BGYMEDIOOCU_CIUO(1.0),A,BGYMEDIOOCU,06,CIUO_7,2023,-63.6402985518048,,,1,"<a href="" https://www.ine.gob.cl/docs/default-source/institucionalidad/buenas-pr%C3%A1cticas/clasificaciones-y-estandares/est%C3%A1ndar-evaluaci%C3%B3n-de-calidad-de-estimaciones-publicaci%C3%B3n-27022020.pdf/"" target=""_blank"" rel=""noopener noreferrer"">La clasificación en estimaciones Fiables, Poco fiables y No fiables provienen del Estándar para la evaluación de la calidad de las estimaciones en encuestas de hogares del INE.</a>",Encuesta Suplementaria de Ingresos (ESI),PT,0
CL01:DF_BGYMEDIOOCU_CIUO(1.0),A,BGYMEDIOOCU,06,CIUO_7,2024,-38.4762060087881,Y,,1,"<a href="" https://www.ine.gob.cl/docs/default-source/institucionalidad/buenas-pr%C3%A1cticas/clasificaciones-y-estandares/est%C3%A1ndar-evaluaci%C3%B3n-de-calidad-de-estimaciones-publicaci%C3%B3n-27022020.pdf/"" target=""_blank"" rel=""noopener noreferrer"">La clasificación en estimaciones Fiables, Poco fiables y No fiables provienen del Estándar para la evaluación de la calidad de las estimaciones en encuestas de hogares del INE.</a>",Encuesta Suplementaria de Ingresos (ESI),PT,0
CL01:DF_BGYMEDIOOCU_CIUO(1.0),A,BGYMEDIOOCU,07,CIUO_6,2017,-49.7126909772898,Y,,1,"<a href="" https://www.ine.gob.cl/docs/default-source/institucionalidad/buenas-pr%C3%A1cticas/clasificaciones-y-estandares/est%C3%A1ndar-evaluaci%C3%B3n-de-calidad-de-estimaciones-publicaci%C3%B3n-27022020.pdf/"" target=""_blank"" rel=""noopener noreferrer"">La clasificación en estimaciones Fiables, Poco fiables y No fiables provienen del Estándar para la evaluación de la calidad de las estimaciones en encuestas de hogares del INE.</a>",Encuesta Suplementaria de Ingresos (ESI),PT,0
CL01:DF_BGYMEDIOOCU_CIUO(1.0),A,BGYMEDIOOCU,07,CIUO_6,2018,-41.8391739860274,X,,1,"<a href="" https://www.ine.gob.cl/docs/default-source/institucionalidad/buenas-pr%C3%A1cticas/clasificaciones-y-estandares/est%C3%A1ndar-evaluaci%C3%B3n-de-calidad-de-estimaciones-publicaci%C3%B3n-27022020.pdf/"" target=""_blank"" rel=""noopener noreferrer"">La clasificación en estimaciones Fiables, Poco fiables y No fiables provienen del Estándar para la evaluación de la calidad de las estimaciones en encuestas de hogares del INE.</a>",Encuesta Suplementaria de Ingresos (ESI),PT,0
CL01:DF_BGYMEDIOOCU_CIUO(1.0),A,BGYMEDIOOCU,07,CIUO_6,2019,-23.2588866350255,,,1,"<a href="" https://www.ine.gob.cl/docs/default-source/institucionalidad/buenas-pr%C3%A1cticas/clasificaciones-y-estandares/est%C3%A1ndar-evaluaci%C3%B3n-de-calidad-de-estimaciones-publicaci%C3%B3n-27022020.pdf/"" target=""_blank"" rel=""noopener noreferrer"">La clasificación en estimaciones Fiables, Poco fiables y No fiables provienen del Estándar para la evaluación de la calidad de las estimaciones en encuestas de hogares del INE.</a>",Encuesta Suplementaria de Ingresos (ESI),PT,0
CL01:DF_BGYMEDIOOCU_CIUO(1.0),A,BGYMEDIOOCU,07,CIUO_6,2020,-30.448542819023,,,1,"<a href="" https://www.ine.gob.cl/docs/default-source/institucionalidad/buenas-pr%C3%A1cticas/clasificaciones-y-estandares/est%C3%A1ndar-evaluaci%C3%B3n-de-calidad-de-estimaciones-publicaci%C3%B3n-27022020.pdf/"" target=""_blank"" rel=""noopener noreferrer"">La clasificación en estimaciones Fiables, Poco fiables y No fiables provienen del Estándar para la evaluación de la calidad de las estimaciones en encuestas de hogares del INE.</a>",Encuesta Suplementaria de Ingresos (ESI),PT,0
CL01:DF_BGYMEDIOOCU_CIUO(1.0),A,BGYMEDIOOCU,07,CIUO_6,2021,-22.9331452684808,,,1,"<a href="" https://www.ine.gob.cl/docs/default-source/institucionalidad/buenas-pr%C3%A1cticas/clasificaciones-y-estandares/est%C3%A1ndar-evaluaci%C3%B3n-de-calidad-de-estimaciones-publicaci%C3%B3n-27022020.pdf/"" target=""_blank"" rel=""noopener noreferrer"">La clasificación en estimaciones Fiables, Poco fiables y No fiables provienen del Estándar para la evaluación de la calidad de las estimaciones en encuestas de hogares del INE.</a>",Encuesta Suplementaria de Ingresos (ESI),PT,0
CL01:DF_BGYMEDIOOCU_CIUO(1.0),A,BGYMEDIOOCU,07,CIUO_6,2022,-45.3856077479017,Y,,1,"<a href="" https://www.ine.gob.cl/docs/default-source/institucionalidad/buenas-pr%C3%A1cticas/clasificaciones-y-estandares/est%C3%A1ndar-evaluaci%C3%B3n-de-calidad-de-estimaciones-publicaci%C3%B3n-27022020.pdf/"" target=""_blank"" rel=""noopener noreferrer"">La clasificación en estimaciones Fiables, Poco fiables y No fiables provienen del Estándar para la evaluación de la calidad de las estimaciones en encuestas de hogares del INE.</a>",Encuesta Suplementaria de Ingresos (ESI),PT,0
CL01:DF_BGYMEDIOOCU_CIUO(1.0),A,BGYMEDIOOCU,07,CIUO_6,2023,-40.6062375468678,Y,,1,"<a href="" https://www.ine.gob.cl/docs/default-source/institucionalidad/buenas-pr%C3%A1cticas/clasificaciones-y-estandares/est%C3%A1ndar-evaluaci%C3%B3n-de-calidad-de-estimaciones-publicaci%C3%B3n-27022020.pdf/"" target=""_blank"" rel=""noopener noreferrer"">La clasificación en estimaciones Fiables, Poco fiables y No fiables provienen del Estándar para la evaluación de la calidad de las estimaciones en encuestas de hogares del INE.</a>",Encuesta Suplementaria de Ingresos (ESI),PT,0
CL01:DF_BGYMEDIOOCU_CIUO(1.0),A,BGYMEDIOOCU,07,CIUO_6,2024,-30.8722343088642,,,1,"<a href="" https://www.ine.gob.cl/docs/default-source/institucionalidad/buenas-pr%C3%A1cticas/clasificaciones-y-estandares/est%C3%A1ndar-evaluaci%C3%B3n-de-calidad-de-estimaciones-publicaci%C3%B3n-27022020.pdf/"" target=""_blank"" rel=""noopener noreferrer"">La clasificación en estimaciones Fiables, Poco fiables y No fiables provienen del Estándar para la evaluación de la calidad de las estimaciones en encuestas de hogares del INE.</a>",Encuesta Suplementaria de Ingresos (ESI),PT,0
CL01:DF_BGYMEDIOOCU_CIUO(1.0),A,BGYMEDIOOCU,12,CIUO_8,2017,-35.9993663542457,X,,1,"<a href="" https://www.ine.gob.cl/docs/default-source/institucionalidad/buenas-pr%C3%A1cticas/clasificaciones-y-estandares/est%C3%A1ndar-evaluaci%C3%B3n-de-calidad-de-estimaciones-publicaci%C3%B3n-27022020.pdf/"" target=""_blank"" rel=""noopener noreferrer"">La clasificación en estimaciones Fiables, Poco fiables y No fiables provienen del Estándar para la evaluación de la calidad de las estimaciones en encuestas de hogares del INE.</a>",Encuesta Suplementaria de Ingresos (ESI),PT,0
CL01:DF_BGYMEDIOOCU_CIUO(1.0),A,BGYMEDIOOCU,12,CIUO_8,2018,-16.7474576111529,X,,1,"<a href="" https://www.ine.gob.cl/docs/default-source/institucionalidad/buenas-pr%C3%A1cticas/clasificaciones-y-estandares/est%C3%A1ndar-evaluaci%C3%B3n-de-calidad-de-estimaciones-publicaci%C3%B3n-27022020.pdf/"" target=""_blank"" rel=""noopener noreferrer"">La clasificación en estimaciones Fiables, Poco fiables y No fiables provienen del Estándar para la evaluación de la calidad de las estimaciones en encuestas de hogares del INE.</a>",Encuesta Suplementaria de Ingresos (ESI),PT,0
CL01:DF_BGYMEDIOOCU_CIUO(1.0),A,BGYMEDIOOCU,12,CIUO_8,2019,-54.6837781019398,Y,,1,"<a href="" https://www.ine.gob.cl/docs/default-source/institucionalidad/buenas-pr%C3%A1cticas/clasificaciones-y-estandares/est%C3%A1ndar-evaluaci%C3%B3n-de-calidad-de-estimaciones-publicaci%C3%B3n-27022020.pdf/"" target=""_blank"" rel=""noopener noreferrer"">La clasificación en estimaciones Fiables, Poco fiables y No fiables provienen del Estándar para la evaluación de la calidad de las estimaciones en encuestas de hogares del INE.</a>",Encuesta Suplementaria de Ingresos (ESI),PT,0
CL01:DF_BGYMEDIOOCU_CIUO(1.0),A,BGYMEDIOOCU,12,CIUO_8,2020,-62.4405363902598,X,,1,"<a href="" https://www.ine.gob.cl/docs/default-source/institucionalidad/buenas-pr%C3%A1cticas/clasificaciones-y-estandares/est%C3%A1ndar-evaluaci%C3%B3n-de-calidad-de-estimaciones-publicaci%C3%B3n-27022020.pdf/"" target=""_blank"" rel=""noopener noreferrer"">La clasificación en estimaciones Fiables, Poco fiables y No fiables provienen del Estándar para la evaluación de la calidad de las estimaciones en encuestas de hogares del INE.</a>",Encuesta Suplementaria de Ingresos (ESI),PT,0
CL01:DF_BGYMEDIOOCU_CIUO(1.0),A,BGYMEDIOOCU,12,CIUO_8,2021,2.33306995363979,Y,,1,"<a href="" https://www.ine.gob.cl/docs/default-source/institucionalidad/buenas-pr%C3%A1cticas/clasificaciones-y-estandares/est%C3%A1ndar-evaluaci%C3%B3n-de-calidad-de-estimaciones-publicaci%C3%B3n-27022020.pdf/"" target=""_blank"" rel=""noopener noreferrer"">La clasificación en estimaciones Fiables, Poco fiables y No fiables provienen del Estándar para la evaluación de la calidad de las estimaciones en encuestas de hogares del INE.</a>",Encuesta Suplementaria de Ingresos (ESI),PT,0
CL01:DF_BGYMEDIOOCU_CIUO(1.0),A,BGYMEDIOOCU,12,CIUO_8,2022,-59.0648585506745,Y,,1,"<a href="" https://www.ine.gob.cl/docs/default-source/institucionalidad/buenas-pr%C3%A1cticas/clasificaciones-y-estandares/est%C3%A1ndar-evaluaci%C3%B3n-de-calidad-de-estimaciones-publicaci%C3%B3n-27022020.pdf/"" target=""_blank"" rel=""noopener noreferrer"">La clasificación en estimaciones Fiables, Poco fiables y No fiables provienen del Estándar para la evaluación de la calidad de las estimaciones en encuestas de hogares del INE.</a>",Encuesta Suplementaria de Ingresos (ESI),PT,0
CL01:DF_BGYMEDIOOCU_CIUO(1.0),A,BGYMEDIOOCU,12,CIUO_8,2023,-39.8510945026496,Y,,1,"<a href="" https://www.ine.gob.cl/docs/default-source/institucionalidad/buenas-pr%C3%A1cticas/clasificaciones-y-estandares/est%C3%A1ndar-evaluaci%C3%B3n-de-calidad-de-estimaciones-publicaci%C3%B3n-27022020.pdf/"" target=""_blank"" rel=""noopener noreferrer"">La clasificación en estimaciones Fiables, Poco fiables y No fiables provienen del Estándar para la evaluación de la calidad de las estimaciones en encuestas de hogares del INE.</a>",Encuesta Suplementaria de Ingresos (ESI),PT,0
CL01:DF_BGYMEDIOOCU_CIUO(1.0),A,BGYMEDIOOCU,12,CIUO_8,2024,-25.6671652656829,,,1,"<a href="" https://www.ine.gob.cl/docs/default-source/institucionalidad/buenas-pr%C3%A1cticas/clasificaciones-y-estandares/est%C3%A1ndar-evaluaci%C3%B3n-de-calidad-de-estimaciones-publicaci%C3%B3n-27022020.pdf/"" target=""_blank"" rel=""noopener noreferrer"">La clasificación en estimaciones Fiables, Poco fiables y No fiables provienen del Estándar para la evaluación de la calidad de las estimaciones en encuestas de hogares del INE.</a>",Encuesta Suplementaria de Ingresos (ESI),PT,0
CL01:DF_BGYMEDIOOCU_CIUO(1.0),A,BGYMEDIOOCU,13,CIUO_6,2017,-8.32197636618749,,,1,"<a href="" https://www.ine.gob.cl/docs/default-source/institucionalidad/buenas-pr%C3%A1cticas/clasificaciones-y-estandares/est%C3%A1ndar-evaluaci%C3%B3n-de-calidad-de-estimaciones-publicaci%C3%B3n-27022020.pdf/"" target=""_blank"" rel=""noopener noreferrer"">La clasificación en estimaciones Fiables, Poco fiables y No fiables provienen del Estándar para la evaluación de la calidad de las estimaciones en encuestas de hogares del INE.</a>",Encuesta Suplementaria de Ingresos (ESI),PT,0
CL01:DF_BGYMEDIOOCU_CIUO(1.0),A,BGYMEDIOOCU,13,CIUO_6,2018,-15.7998182366534,Y,,1,"<a href="" https://www.ine.gob.cl/docs/default-source/institucionalidad/buenas-pr%C3%A1cticas/clasificaciones-y-estandares/est%C3%A1ndar-evaluaci%C3%B3n-de-calidad-de-estimaciones-publicaci%C3%B3n-27022020.pdf/"" target=""_blank"" rel=""noopener noreferrer"">La clasificación en estimaciones Fiables, Poco fiables y No fiables provienen del Estándar para la evaluación de la calidad de las estimaciones en encuestas de hogares del INE.</a>",Encuesta Suplementaria de Ingresos (ESI),PT,0
CL01:DF_BGYMEDIOOCU_CIUO(1.0),A,BGYMEDIOOCU,13,CIUO_6,2019,-31.3201048636079,Y,,1,"<a href="" https://www.ine.gob.cl/docs/default-source/institucionalidad/buenas-pr%C3%A1cticas/clasificaciones-y-estandares/est%C3%A1ndar-evaluaci%C3%B3n-de-calidad-de-estimaciones-publicaci%C3%B3n-27022020.pdf/"" target=""_blank"" rel=""noopener noreferrer"">La clasificación en estimaciones Fiables, Poco fiables y No fiables provienen del Estándar para la evaluación de la calidad de las estimaciones en encuestas de hogares del INE.</a>",Encuesta Suplementaria de Ingresos (ESI),PT,0
CL01:DF_BGYMEDIOOCU_CIUO(1.0),A,BGYMEDIOOCU,13,CIUO_6,2020,-2.07363592894522,X,,1,"<a href="" https://www.ine.gob.cl/docs/default-source/institucionalidad/buenas-pr%C3%A1cticas/clasificaciones-y-estandares/est%C3%A1ndar-evaluaci%C3%B3n-de-calidad-de-estimaciones-publicaci%C3%B3n-27022020.pdf/"" target=""_blank"" rel=""noopener noreferrer"">La clasificación en estimaciones Fiables, Poco fiables y No fiables provienen del Estándar para la evaluación de la calidad de las estimaciones en encuestas de hogares del INE.</a>",Encuesta Suplementaria de Ingresos (ESI),PT,0
CL01:DF_BGYMEDIOOCU_CIUO(1.0),A,BGYMEDIOOCU,13,CIUO_6,2021,-17.5330038723731,,,1,"<a href="" https://www.ine.gob.cl/docs/default-source/institucionalidad/buenas-pr%C3%A1cticas/clasificaciones-y-estandares/est%C3%A1ndar-evaluaci%C3%B3n-de-calidad-de-estimaciones-publicaci%C3%B3n-27022020.pdf/"" target=""_blank"" rel=""noopener noreferrer"">La clasificación en estimaciones Fiables, Poco fiables y No fiables provienen del Estándar para la evaluación de la calidad de las estimaciones en encuestas de hogares del INE.</a>",Encuesta Suplementaria de Ingresos (ESI),PT,0
CL01:DF_BGYMEDIOOCU_CIUO(1.0),A,BGYMEDIOOCU,13,CIUO_6,2022,-18.5589550341588,Y,,1,"<a href="" https://www.ine.gob.cl/docs/default-source/institucionalidad/buenas-pr%C3%A1cticas/clasificaciones-y-estandares/est%C3%A1ndar-evaluaci%C3%B3n-de-calidad-de-estimaciones-publicaci%C3%B3n-27022020.pdf/"" target=""_blank"" rel=""noopener noreferrer"">La clasificación en estimaciones Fiables, Poco fiables y No fiables provienen del Estándar para la evaluación de la calidad de las estimaciones en encuestas de hogares del INE.</a>",Encuesta Suplementaria de Ingresos (ESI),PT,0
CL01:DF_BGYMEDIOOCU_CIUO(1.0),A,BGYMEDIOOCU,13,CIUO_6,2023,-14.3379663169457,Y,,1,"<a href="" https://www.ine.gob.cl/docs/default-source/institucionalidad/buenas-pr%C3%A1cticas/clasificaciones-y-estandares/est%C3%A1ndar-evaluaci%C3%B3n-de-calidad-de-estimaciones-publicaci%C3%B3n-27022020.pdf/"" target=""_blank"" rel=""noopener noreferrer"">La clasificación en estimaciones Fiables, Poco fiables y No fiables provienen del Estándar para la evaluación de la calidad de las estimaciones en encuestas de hogares del INE.</a>",Encuesta Suplementaria de Ingresos (ESI),PT,0
CL01:DF_BGYMEDIOOCU_CIUO(1.0),A,BGYMEDIOOCU,13,CIUO_6,2024,-5.93848640706382,Y,,1,"<a href="" https://www.ine.gob.cl/docs/default-source/institucionalidad/buenas-pr%C3%A1cticas/clasificaciones-y-estandares/est%C3%A1ndar-evaluaci%C3%B3n-de-calidad-de-estimaciones-publicaci%C3%B3n-27022020.pdf/"" target=""_blank"" rel=""noopener noreferrer"">La clasificación en estimaciones Fiables, Poco fiables y No fiables provienen del Estándar para la evaluación de la calidad de las estimaciones en encuestas de hogares del INE.</a>",Encuesta Suplementaria de Ingresos (ESI),PT,0
CL01:DF_BGYMEDIOOCU_CIUO(1.0),A,BGYMEDIOOCU,15,CIUO_7,2017,-62.327593051177,Y,,1,"<a href="" https://www.ine.gob.cl/docs/default-source/institucionalidad/buenas-pr%C3%A1cticas/clasificaciones-y-estandares/est%C3%A1ndar-evaluaci%C3%B3n-de-calidad-de-estimaciones-publicaci%C3%B3n-27022020.pdf/"" target=""_blank"" rel=""noopener noreferrer"">La clasificación en estimaciones Fiables, Poco fiables y No fiables provienen del Estándar para la evaluación de la calidad de las estimaciones en encuestas de hogares del INE.</a>",Encuesta Suplementaria de Ingresos (ESI),PT,0
CL01:DF_BGYMEDIOOCU_CIUO(1.0),A,BGYMEDIOOCU,15,CIUO_7,2018,-54.1033919014102,Y,,1,"<a href="" https://www.ine.gob.cl/docs/default-source/institucionalidad/buenas-pr%C3%A1cticas/clasificaciones-y-estandares/est%C3%A1ndar-evaluaci%C3%B3n-de-calidad-de-estimaciones-publicaci%C3%B3n-27022020.pdf/"" target=""_blank"" rel=""noopener noreferrer"">La clasificación en estimaciones Fiables, Poco fiables y No fiables provienen del Estándar para la evaluación de la calidad de las estimaciones en encuestas de hogares del INE.</a>",Encuesta Suplementaria de Ingresos (ESI),PT,0
CL01:DF_BGYMEDIOOCU_CIUO(1.0),A,BGYMEDIOOCU,15,CIUO_7,2019,-10.7288463038864,X,,1,"<a href="" https://www.ine.gob.cl/docs/default-source/institucionalidad/buenas-pr%C3%A1cticas/clasificaciones-y-estandares/est%C3%A1ndar-evaluaci%C3%B3n-de-calidad-de-estimaciones-publicaci%C3%B3n-27022020.pdf/"" target=""_blank"" rel=""noopener noreferrer"">La clasificación en estimaciones Fiables, Poco fiables y No fiables provienen del Estándar para la evaluación de la calidad de las estimaciones en encuestas de hogares del INE.</a>",Encuesta Suplementaria de Ingresos (ESI),PT,0
CL01:DF_BGYMEDIOOCU_CIUO(1.0),A,BGYMEDIOOCU,15,CIUO_7,2020,-64.0358567003973,Y,,1,"<a href="" https://www.ine.gob.cl/docs/default-source/institucionalidad/buenas-pr%C3%A1cticas/clasificaciones-y-estandares/est%C3%A1ndar-evaluaci%C3%B3n-de-calidad-de-estimaciones-publicaci%C3%B3n-27022020.pdf/"" target=""_blank"" rel=""noopener noreferrer"">La clasificación en estimaciones Fiables, Poco fiables y No fiables provienen del Estándar para la evaluación de la calidad de las estimaciones en encuestas de hogares del INE.</a>",Encuesta Suplementaria de Ingresos (ESI),PT,0
CL01:DF_BGYMEDIOOCU_CIUO(1.0),A,BGYMEDIOOCU,15,CIUO_7,2021,-57.6403263258513,Y,,1,"<a href="" https://www.ine.gob.cl/docs/default-source/institucionalidad/buenas-pr%C3%A1cticas/clasificaciones-y-estandares/est%C3%A1ndar-evaluaci%C3%B3n-de-calidad-de-estimaciones-publicaci%C3%B3n-27022020.pdf/"" target=""_blank"" rel=""noopener noreferrer"">La clasificación en estimaciones Fiables, Poco fiables y No fiables provienen del Estándar para la evaluación de la calidad de las estimaciones en encuestas de hogares del INE.</a>",Encuesta Suplementaria de Ingresos (ESI),PT,0
CL01:DF_BGYMEDIOOCU_CIUO(1.0),A,BGYMEDIOOCU,15,CIUO_7,2022,-56.0934219626099,X,,1,"<a href="" https://www.ine.gob.cl/docs/default-source/institucionalidad/buenas-pr%C3%A1cticas/clasificaciones-y-estandares/est%C3%A1ndar-evaluaci%C3%B3n-de-calidad-de-estimaciones-publicaci%C3%B3n-27022020.pdf/"" target=""_blank"" rel=""noopener noreferrer"">La clasificación en estimaciones Fiables, Poco fiables y No fiables provienen del Estándar para la evaluación de la calidad de las estimaciones en encuestas de hogares del INE.</a>",Encuesta Suplementaria de Ingresos (ESI),PT,0
CL01:DF_BGYMEDIOOCU_CIUO(1.0),A,BGYMEDIOOCU,15,CIUO_7,2023,-48.0166297674303,Y,,1,"<a href="" https://www.ine.gob.cl/docs/default-source/institucionalidad/buenas-pr%C3%A1cticas/clasificaciones-y-estandares/est%C3%A1ndar-evaluaci%C3%B3n-de-calidad-de-estimaciones-publicaci%C3%B3n-27022020.pdf/"" target=""_blank"" rel=""noopener noreferrer"">La clasificación en estimaciones Fiables, Poco fiables y No fiables provienen del Estándar para la evaluación de la calidad de las estimaciones en encuestas de hogares del INE.</a>",Encuesta Suplementaria de Ingresos (ESI),PT,0
CL01:DF_BGYMEDIOOCU_CIUO(1.0),A,BGYMEDIOOCU,15,CIUO_7,2024,-64.2592202083793,Y,,1,"<a href="" https://www.ine.gob.cl/docs/default-source/institucionalidad/buenas-pr%C3%A1cticas/clasificaciones-y-estandares/est%C3%A1ndar-evaluaci%C3%B3n-de-calidad-de-estimaciones-publicaci%C3%B3n-27022020.pdf/"" target=""_blank"" rel=""noopener noreferrer"">La clasificación en estimaciones Fiables, Poco fiables y No fiables provienen del Estándar para la evaluación de la calidad de las estimaciones en encuestas de hogares del INE.</a>",Encuesta Suplementaria de Ingresos (ESI),PT,0
CL01:DF_BGYMEDIOOCU_CIUO(1.0),A,BGYMEDIOOCU,02,CIUO_SC,2017,,X,,1,"<a href="" https://www.ine.gob.cl/docs/default-source/institucionalidad/buenas-pr%C3%A1cticas/clasificaciones-y-estandares/est%C3%A1ndar-evaluaci%C3%B3n-de-calidad-de-estimaciones-publicaci%C3%B3n-27022020.pdf/"" target=""_blank"" rel=""noopener noreferrer"">La clasificación en estimaciones Fiables, Poco fiables y No fiables provienen del Estándar para la evaluación de la calidad de las estimaciones en encuestas de hogares del INE.</a>",Encuesta Suplementaria de Ingresos (ESI),PT,0
CL01:DF_BGYMEDIOOCU_CIUO(1.0),A,BGYMEDIOOCU,02,CIUO_SC,2018,,X,,1,"<a href="" https://www.ine.gob.cl/docs/default-source/institucionalidad/buenas-pr%C3%A1cticas/clasificaciones-y-estandares/est%C3%A1ndar-evaluaci%C3%B3n-de-calidad-de-estimaciones-publicaci%C3%B3n-27022020.pdf/"" target=""_blank"" rel=""noopener noreferrer"">La clasificación en estimaciones Fiables, Poco fiables y No fiables provienen del Estándar para la evaluación de la calidad de las estimaciones en encuestas de hogares del INE.</a>",Encuesta Suplementaria de Ingresos (ESI),PT,0
CL01:DF_BGYMEDIOOCU_CIUO(1.0),A,BGYMEDIOOCU,02,CIUO_SC,2019,,X,,1,"<a href="" https://www.ine.gob.cl/docs/default-source/institucionalidad/buenas-pr%C3%A1cticas/clasificaciones-y-estandares/est%C3%A1ndar-evaluaci%C3%B3n-de-calidad-de-estimaciones-publicaci%C3%B3n-27022020.pdf/"" target=""_blank"" rel=""noopener noreferrer"">La clasificación en estimaciones Fiables, Poco fiables y No fiables provienen del Estándar para la evaluación de la calidad de las estimaciones en encuestas de hogares del INE.</a>",Encuesta Suplementaria de Ingresos (ESI),PT,0
CL01:DF_BGYMEDIOOCU_CIUO(1.0),A,BGYMEDIOOCU,02,CIUO_SC,2020,,X,,1,"<a href="" https://www.ine.gob.cl/docs/default-source/institucionalidad/buenas-pr%C3%A1cticas/clasificaciones-y-estandares/est%C3%A1ndar-evaluaci%C3%B3n-de-calidad-de-estimaciones-publicaci%C3%B3n-27022020.pdf/"" target=""_blank"" rel=""noopener noreferrer"">La clasificación en estimaciones Fiables, Poco fiables y No fiables provienen del Estándar para la evaluación de la calidad de las estimaciones en encuestas de hogares del INE.</a>",Encuesta Suplementaria de Ingresos (ESI),PT,0
CL01:DF_BGYMEDIOOCU_CIUO(1.0),A,BGYMEDIOOCU,02,CIUO_SC,2021,,X,,1,"<a href="" https://www.ine.gob.cl/docs/default-source/institucionalidad/buenas-pr%C3%A1cticas/clasificaciones-y-estandares/est%C3%A1ndar-evaluaci%C3%B3n-de-calidad-de-estimaciones-publicaci%C3%B3n-27022020.pdf/"" target=""_blank"" rel=""noopener noreferrer"">La clasificación en estimaciones Fiables, Poco fiables y No fiables provienen del Estándar para la evaluación de la calidad de las estimaciones en encuestas de hogares del INE.</a>",Encuesta Suplementaria de Ingresos (ESI),PT,0
CL01:DF_BGYMEDIOOCU_CIUO(1.0),A,BGYMEDIOOCU,02,CIUO_SC,2022,,X,,1,"<a href="" https://www.ine.gob.cl/docs/default-source/institucionalidad/buenas-pr%C3%A1cticas/clasificaciones-y-estandares/est%C3%A1ndar-evaluaci%C3%B3n-de-calidad-de-estimaciones-publicaci%C3%B3n-27022020.pdf/"" target=""_blank"" rel=""noopener noreferrer"">La clasificación en estimaciones Fiables, Poco fiables y No fiables provienen del Estándar para la evaluación de la calidad de las estimaciones en encuestas de hogares del INE.</a>",Encuesta Suplementaria de Ingresos (ESI),PT,0
CL01:DF_BGYMEDIOOCU_CIUO(1.0),A,BGYMEDIOOCU,02,CIUO_SC,2023,,X,,1,"<a href="" https://www.ine.gob.cl/docs/default-source/institucionalidad/buenas-pr%C3%A1cticas/clasificaciones-y-estandares/est%C3%A1ndar-evaluaci%C3%B3n-de-calidad-de-estimaciones-publicaci%C3%B3n-27022020.pdf/"" target=""_blank"" rel=""noopener noreferrer"">La clasificación en estimaciones Fiables, Poco fiables y No fiables provienen del Estándar para la evaluación de la calidad de las estimaciones en encuestas de hogares del INE.</a>",Encuesta Suplementaria de Ingresos (ESI),PT,0
CL01:DF_BGYMEDIOOCU_CIUO(1.0),A,BGYMEDIOOCU,02,CIUO_SC,2024,,X,,1,"<a href="" https://www.ine.gob.cl/docs/default-source/institucionalidad/buenas-pr%C3%A1cticas/clasificaciones-y-estandares/est%C3%A1ndar-evaluaci%C3%B3n-de-calidad-de-estimaciones-publicaci%C3%B3n-27022020.pdf/"" target=""_blank"" rel=""noopener noreferrer"">La clasificación en estimaciones Fiables, Poco fiables y No fiables provienen del Estándar para la evaluación de la calidad de las estimaciones en encuestas de hogares del INE.</a>",Encuesta Suplementaria de Ingresos (ESI),PT,0
CL01:DF_BGYMEDIOOCU_CIUO(1.0),A,BGYMEDIOOCU,01,CIUO_3,2017,-21.624863711135,Y,,1,"<a href="" https://www.ine.gob.cl/docs/default-source/institucionalidad/buenas-pr%C3%A1cticas/clasificaciones-y-estandares/est%C3%A1ndar-evaluaci%C3%B3n-de-calidad-de-estimaciones-publicaci%C3%B3n-27022020.pdf/"" target=""_blank"" rel=""noopener noreferrer"">La clasificación en estimaciones Fiables, Poco fiables y No fiables provienen del Estándar para la evaluación de la calidad de las estimaciones en encuestas de hogares del INE.</a>",Encuesta Suplementaria de Ingresos (ESI),PT,0
CL01:DF_BGYMEDIOOCU_CIUO(1.0),A,BGYMEDIOOCU,01,CIUO_3,2018,-30.5856042399452,,,1,"<a href="" https://www.ine.gob.cl/docs/default-source/institucionalidad/buenas-pr%C3%A1cticas/clasificaciones-y-estandares/est%C3%A1ndar-evaluaci%C3%B3n-de-calidad-de-estimaciones-publicaci%C3%B3n-27022020.pdf/"" target=""_blank"" rel=""noopener noreferrer"">La clasificación en estimaciones Fiables, Poco fiables y No fiables provienen del Estándar para la evaluación de la calidad de las estimaciones en encuestas de hogares del INE.</a>",Encuesta Suplementaria de Ingresos (ESI),PT,0
CL01:DF_BGYMEDIOOCU_CIUO(1.0),A,BGYMEDIOOCU,01,CIUO_3,2019,-28.054362397387,Y,,1,"<a href="" https://www.ine.gob.cl/docs/default-source/institucionalidad/buenas-pr%C3%A1cticas/clasificaciones-y-estandares/est%C3%A1ndar-evaluaci%C3%B3n-de-calidad-de-estimaciones-publicaci%C3%B3n-27022020.pdf/"" target=""_blank"" rel=""noopener noreferrer"">La clasificación en estimaciones Fiables, Poco fiables y No fiables provienen del Estándar para la evaluación de la calidad de las estimaciones en encuestas de hogares del INE.</a>",Encuesta Suplementaria de Ingresos (ESI),PT,0
CL01:DF_BGYMEDIOOCU_CIUO(1.0),A,BGYMEDIOOCU,01,CIUO_3,2020,-37.2476378175739,,,1,"<a href="" https://www.ine.gob.cl/docs/default-source/institucionalidad/buenas-pr%C3%A1cticas/clasificaciones-y-estandares/est%C3%A1ndar-evaluaci%C3%B3n-de-calidad-de-estimaciones-publicaci%C3%B3n-27022020.pdf/"" target=""_blank"" rel=""noopener noreferrer"">La clasificación en estimaciones Fiables, Poco fiables y No fiables provienen del Estándar para la evaluación de la calidad de las estimaciones en encuestas de hogares del INE.</a>",Encuesta Suplementaria de Ingresos (ESI),PT,0
CL01:DF_BGYMEDIOOCU_CIUO(1.0),A,BGYMEDIOOCU,01,CIUO_3,2021,-17.8025397380083,Y,,1,"<a href="" https://www.ine.gob.cl/docs/default-source/institucionalidad/buenas-pr%C3%A1cticas/clasificaciones-y-estandares/est%C3%A1ndar-evaluaci%C3%B3n-de-calidad-de-estimaciones-publicaci%C3%B3n-27022020.pdf/"" target=""_blank"" rel=""noopener noreferrer"">La clasificación en estimaciones Fiables, Poco fiables y No fiables provienen del Estándar para la evaluación de la calidad de las estimaciones en encuestas de hogares del INE.</a>",Encuesta Suplementaria de Ingresos (ESI),PT,0
CL01:DF_BGYMEDIOOCU_CIUO(1.0),A,BGYMEDIOOCU,01,CIUO_3,2022,-8.9484835202849,,,1,"<a href="" https://www.ine.gob.cl/docs/default-source/institucionalidad/buenas-pr%C3%A1cticas/clasificaciones-y-estandares/est%C3%A1ndar-evaluaci%C3%B3n-de-calidad-de-estimaciones-publicaci%C3%B3n-27022020.pdf/"" target=""_blank"" rel=""noopener noreferrer"">La clasificación en estimaciones Fiables, Poco fiables y No fiables provienen del Estándar para la evaluación de la calidad de las estimaciones en encuestas de hogares del INE.</a>",Encuesta Suplementaria de Ingresos (ESI),PT,0
CL01:DF_BGYMEDIOOCU_CIUO(1.0),A,BGYMEDIOOCU,01,CIUO_3,2023,-50.6631894026063,,,1,"<a href="" https://www.ine.gob.cl/docs/default-source/institucionalidad/buenas-pr%C3%A1cticas/clasificaciones-y-estandares/est%C3%A1ndar-evaluaci%C3%B3n-de-calidad-de-estimaciones-publicaci%C3%B3n-27022020.pdf/"" target=""_blank"" rel=""noopener noreferrer"">La clasificación en estimaciones Fiables, Poco fiables y No fiables provienen del Estándar para la evaluación de la calidad de las estimaciones en encuestas de hogares del INE.</a>",Encuesta Suplementaria de Ingresos (ESI),PT,0
CL01:DF_BGYMEDIOOCU_CIUO(1.0),A,BGYMEDIOOCU,01,CIUO_3,2024,-17.750678114616,Y,,1,"<a href="" https://www.ine.gob.cl/docs/default-source/institucionalidad/buenas-pr%C3%A1cticas/clasificaciones-y-estandares/est%C3%A1ndar-evaluaci%C3%B3n-de-calidad-de-estimaciones-publicaci%C3%B3n-27022020.pdf/"" target=""_blank"" rel=""noopener noreferrer"">La clasificación en estimaciones Fiables, Poco fiables y No fiables provienen del Estándar para la evaluación de la calidad de las estimaciones en encuestas de hogares del INE.</a>",Encuesta Suplementaria de Ingresos (ESI),PT,0
CL01:DF_BGYMEDIOOCU_CIUO(1.0),A,BGYMEDIOOCU,05,CIUO_3,2017,-39.148208937339,,,1,"<a href="" https://www.ine.gob.cl/docs/default-source/institucionalidad/buenas-pr%C3%A1cticas/clasificaciones-y-estandares/est%C3%A1ndar-evaluaci%C3%B3n-de-calidad-de-estimaciones-publicaci%C3%B3n-27022020.pdf/"" target=""_blank"" rel=""noopener noreferrer"">La clasificación en estimaciones Fiables, Poco fiables y No fiables provienen del Estándar para la evaluación de la calidad de las estimaciones en encuestas de hogares del INE.</a>",Encuesta Suplementaria de Ingresos (ESI),PT,0
CL01:DF_BGYMEDIOOCU_CIUO(1.0),A,BGYMEDIOOCU,05,CIUO_3,2018,-27.3189009758954,,,1,"<a href="" https://www.ine.gob.cl/docs/default-source/institucionalidad/buenas-pr%C3%A1cticas/clasificaciones-y-estandares/est%C3%A1ndar-evaluaci%C3%B3n-de-calidad-de-estimaciones-publicaci%C3%B3n-27022020.pdf/"" target=""_blank"" rel=""noopener noreferrer"">La clasificación en estimaciones Fiables, Poco fiables y No fiables provienen del Estándar para la evaluación de la calidad de las estimaciones en encuestas de hogares del INE.</a>",Encuesta Suplementaria de Ingresos (ESI),PT,0
CL01:DF_BGYMEDIOOCU_CIUO(1.0),A,BGYMEDIOOCU,05,CIUO_3,2019,-26.5650979297769,,,1,"<a href="" https://www.ine.gob.cl/docs/default-source/institucionalidad/buenas-pr%C3%A1cticas/clasificaciones-y-estandares/est%C3%A1ndar-evaluaci%C3%B3n-de-calidad-de-estimaciones-publicaci%C3%B3n-27022020.pdf/"" target=""_blank"" rel=""noopener noreferrer"">La clasificación en estimaciones Fiables, Poco fiables y No fiables provienen del Estándar para la evaluación de la calidad de las estimaciones en encuestas de hogares del INE.</a>",Encuesta Suplementaria de Ingresos (ESI),PT,0
CL01:DF_BGYMEDIOOCU_CIUO(1.0),A,BGYMEDIOOCU,05,CIUO_3,2020,-41.7773911729544,,,1,"<a href="" https://www.ine.gob.cl/docs/default-source/institucionalidad/buenas-pr%C3%A1cticas/clasificaciones-y-estandares/est%C3%A1ndar-evaluaci%C3%B3n-de-calidad-de-estimaciones-publicaci%C3%B3n-27022020.pdf/"" target=""_blank"" rel=""noopener noreferrer"">La clasificación en estimaciones Fiables, Poco fiables y No fiables provienen del Estándar para la evaluación de la calidad de las estimaciones en encuestas de hogares del INE.</a>",Encuesta Suplementaria de Ingresos (ESI),PT,0
CL01:DF_BGYMEDIOOCU_CIUO(1.0),A,BGYMEDIOOCU,05,CIUO_3,2021,-28.3767629811575,,,1,"<a href="" https://www.ine.gob.cl/docs/default-source/institucionalidad/buenas-pr%C3%A1cticas/clasificaciones-y-estandares/est%C3%A1ndar-evaluaci%C3%B3n-de-calidad-de-estimaciones-publicaci%C3%B3n-27022020.pdf/"" target=""_blank"" rel=""noopener noreferrer"">La clasificación en estimaciones Fiables, Poco fiables y No fiables provienen del Estándar para la evaluación de la calidad de las estimaciones en encuestas de hogares del INE.</a>",Encuesta Suplementaria de Ingresos (ESI),PT,0
CL01:DF_BGYMEDIOOCU_CIUO(1.0),A,BGYMEDIOOCU,05,CIUO_3,2022,-28.9875981578439,,,1,"<a href="" https://www.ine.gob.cl/docs/default-source/institucionalidad/buenas-pr%C3%A1cticas/clasificaciones-y-estandares/est%C3%A1ndar-evaluaci%C3%B3n-de-calidad-de-estimaciones-publicaci%C3%B3n-27022020.pdf/"" target=""_blank"" rel=""noopener noreferrer"">La clasificación en estimaciones Fiables, Poco fiables y No fiables provienen del Estándar para la evaluación de la calidad de las estimaciones en encuestas de hogares del INE.</a>",Encuesta Suplementaria de Ingresos (ESI),PT,0
CL01:DF_BGYMEDIOOCU_CIUO(1.0),A,BGYMEDIOOCU,05,CIUO_3,2023,-38.0845833147793,,,1,"<a href="" https://www.ine.gob.cl/docs/default-source/institucionalidad/buenas-pr%C3%A1cticas/clasificaciones-y-estandares/est%C3%A1ndar-evaluaci%C3%B3n-de-calidad-de-estimaciones-publicaci%C3%B3n-27022020.pdf/"" target=""_blank"" rel=""noopener noreferrer"">La clasificación en estimaciones Fiables, Poco fiables y No fiables provienen del Estándar para la evaluación de la calidad de las estimaciones en encuestas de hogares del INE.</a>",Encuesta Suplementaria de Ingresos (ESI),PT,0
CL01:DF_BGYMEDIOOCU_CIUO(1.0),A,BGYMEDIOOCU,05,CIUO_3,2024,-31.0634753073021,,,1,"<a href="" https://www.ine.gob.cl/docs/default-source/institucionalidad/buenas-pr%C3%A1cticas/clasificaciones-y-estandares/est%C3%A1ndar-evaluaci%C3%B3n-de-calidad-de-estimaciones-publicaci%C3%B3n-27022020.pdf/"" target=""_blank"" rel=""noopener noreferrer"">La clasificación en estimaciones Fiables, Poco fiables y No fiables provienen del Estándar para la evaluación de la calidad de las estimaciones en encuestas de hogares del INE.</a>",Encuesta Suplementaria de Ingresos (ESI),PT,0
CL01:DF_BGYMEDIOOCU_CIUO(1.0),A,BGYMEDIOOCU,06,CIUO_9,2017,-29.6551730742164,,,1,"<a href="" https://www.ine.gob.cl/docs/default-source/institucionalidad/buenas-pr%C3%A1cticas/clasificaciones-y-estandares/est%C3%A1ndar-evaluaci%C3%B3n-de-calidad-de-estimaciones-publicaci%C3%B3n-27022020.pdf/"" target=""_blank"" rel=""noopener noreferrer"">La clasificación en estimaciones Fiables, Poco fiables y No fiables provienen del Estándar para la evaluación de la calidad de las estimaciones en encuestas de hogares del INE.</a>",Encuesta Suplementaria de Ingresos (ESI),PT,0
CL01:DF_BGYMEDIOOCU_CIUO(1.0),A,BGYMEDIOOCU,06,CIUO_9,2018,-26.5474520307694,,,1,"<a href="" https://www.ine.gob.cl/docs/default-source/institucionalidad/buenas-pr%C3%A1cticas/clasificaciones-y-estandares/est%C3%A1ndar-evaluaci%C3%B3n-de-calidad-de-estimaciones-publicaci%C3%B3n-27022020.pdf/"" target=""_blank"" rel=""noopener noreferrer"">La clasificación en estimaciones Fiables, Poco fiables y No fiables provienen del Estándar para la evaluación de la calidad de las estimaciones en encuestas de hogares del INE.</a>",Encuesta Suplementaria de Ingresos (ESI),PT,0
CL01:DF_BGYMEDIOOCU_CIUO(1.0),A,BGYMEDIOOCU,06,CIUO_9,2019,-16.1966944051109,,,1,"<a href="" https://www.ine.gob.cl/docs/default-source/institucionalidad/buenas-pr%C3%A1cticas/clasificaciones-y-estandares/est%C3%A1ndar-evaluaci%C3%B3n-de-calidad-de-estimaciones-publicaci%C3%B3n-27022020.pdf/"" target=""_blank"" rel=""noopener noreferrer"">La clasificación en estimaciones Fiables, Poco fiables y No fiables provienen del Estándar para la evaluación de la calidad de las estimaciones en encuestas de hogares del INE.</a>",Encuesta Suplementaria de Ingresos (ESI),PT,0
CL01:DF_BGYMEDIOOCU_CIUO(1.0),A,BGYMEDIOOCU,06,CIUO_9,2020,-16.5248464073046,,,1,"<a href="" https://www.ine.gob.cl/docs/default-source/institucionalidad/buenas-pr%C3%A1cticas/clasificaciones-y-estandares/est%C3%A1ndar-evaluaci%C3%B3n-de-calidad-de-estimaciones-publicaci%C3%B3n-27022020.pdf/"" target=""_blank"" rel=""noopener noreferrer"">La clasificación en estimaciones Fiables, Poco fiables y No fiables provienen del Estándar para la evaluación de la calidad de las estimaciones en encuestas de hogares del INE.</a>",Encuesta Suplementaria de Ingresos (ESI),PT,0
CL01:DF_BGYMEDIOOCU_CIUO(1.0),A,BGYMEDIOOCU,06,CIUO_9,2021,-15.5618525991812,,,1,"<a href="" https://www.ine.gob.cl/docs/default-source/institucionalidad/buenas-pr%C3%A1cticas/clasificaciones-y-estandares/est%C3%A1ndar-evaluaci%C3%B3n-de-calidad-de-estimaciones-publicaci%C3%B3n-27022020.pdf/"" target=""_blank"" rel=""noopener noreferrer"">La clasificación en estimaciones Fiables, Poco fiables y No fiables provienen del Estándar para la evaluación de la calidad de las estimaciones en encuestas de hogares del INE.</a>",Encuesta Suplementaria de Ingresos (ESI),PT,0
CL01:DF_BGYMEDIOOCU_CIUO(1.0),A,BGYMEDIOOCU,06,CIUO_9,2022,-21.8996101619606,,,1,"<a href="" https://www.ine.gob.cl/docs/default-source/institucionalidad/buenas-pr%C3%A1cticas/clasificaciones-y-estandares/est%C3%A1ndar-evaluaci%C3%B3n-de-calidad-de-estimaciones-publicaci%C3%B3n-27022020.pdf/"" target=""_blank"" rel=""noopener noreferrer"">La clasificación en estimaciones Fiables, Poco fiables y No fiables provienen del Estándar para la evaluación de la calidad de las estimaciones en encuestas de hogares del INE.</a>",Encuesta Suplementaria de Ingresos (ESI),PT,0
CL01:DF_BGYMEDIOOCU_CIUO(1.0),A,BGYMEDIOOCU,06,CIUO_9,2023,-16.6274320368918,,,1,"<a href="" https://www.ine.gob.cl/docs/default-source/institucionalidad/buenas-pr%C3%A1cticas/clasificaciones-y-estandares/est%C3%A1ndar-evaluaci%C3%B3n-de-calidad-de-estimaciones-publicaci%C3%B3n-27022020.pdf/"" target=""_blank"" rel=""noopener noreferrer"">La clasificación en estimaciones Fiables, Poco fiables y No fiables provienen del Estándar para la evaluación de la calidad de las estimaciones en encuestas de hogares del INE.</a>",Encuesta Suplementaria de Ingresos (ESI),PT,0
CL01:DF_BGYMEDIOOCU_CIUO(1.0),A,BGYMEDIOOCU,06,CIUO_9,2024,-21.2843288001577,,,1,"<a href="" https://www.ine.gob.cl/docs/default-source/institucionalidad/buenas-pr%C3%A1cticas/clasificaciones-y-estandares/est%C3%A1ndar-evaluaci%C3%B3n-de-calidad-de-estimaciones-publicaci%C3%B3n-27022020.pdf/"" target=""_blank"" rel=""noopener noreferrer"">La clasificación en estimaciones Fiables, Poco fiables y No fiables provienen del Estándar para la evaluación de la calidad de las estimaciones en encuestas de hogares del INE.</a>",Encuesta Suplementaria de Ingresos (ESI),PT,0
CL01:DF_BGYMEDIOOCU_CIUO(1.0),A,BGYMEDIOOCU,09,CIUO_8,2017,-35.4161591153373,Y,,1,"<a href="" https://www.ine.gob.cl/docs/default-source/institucionalidad/buenas-pr%C3%A1cticas/clasificaciones-y-estandares/est%C3%A1ndar-evaluaci%C3%B3n-de-calidad-de-estimaciones-publicaci%C3%B3n-27022020.pdf/"" target=""_blank"" rel=""noopener noreferrer"">La clasificación en estimaciones Fiables, Poco fiables y No fiables provienen del Estándar para la evaluación de la calidad de las estimaciones en encuestas de hogares del INE.</a>",Encuesta Suplementaria de Ingresos (ESI),PT,0
CL01:DF_BGYMEDIOOCU_CIUO(1.0),A,BGYMEDIOOCU,09,CIUO_8,2018,-33.6550799321643,Y,,1,"<a href="" https://www.ine.gob.cl/docs/default-source/institucionalidad/buenas-pr%C3%A1cticas/clasificaciones-y-estandares/est%C3%A1ndar-evaluaci%C3%B3n-de-calidad-de-estimaciones-publicaci%C3%B3n-27022020.pdf/"" target=""_blank"" rel=""noopener noreferrer"">La clasificación en estimaciones Fiables, Poco fiables y No fiables provienen del Estándar para la evaluación de la calidad de las estimaciones en encuestas de hogares del INE.</a>",Encuesta Suplementaria de Ingresos (ESI),PT,0
CL01:DF_BGYMEDIOOCU_CIUO(1.0),A,BGYMEDIOOCU,09,CIUO_8,2019,-34.2042420928753,,,1,"<a href="" https://www.ine.gob.cl/docs/default-source/institucionalidad/buenas-pr%C3%A1cticas/clasificaciones-y-estandares/est%C3%A1ndar-evaluaci%C3%B3n-de-calidad-de-estimaciones-publicaci%C3%B3n-27022020.pdf/"" target=""_blank"" rel=""noopener noreferrer"">La clasificación en estimaciones Fiables, Poco fiables y No fiables provienen del Estándar para la evaluación de la calidad de las estimaciones en encuestas de hogares del INE.</a>",Encuesta Suplementaria de Ingresos (ESI),PT,0
CL01:DF_BGYMEDIOOCU_CIUO(1.0),A,BGYMEDIOOCU,09,CIUO_8,2020,-14.902153427159,Y,,1,"<a href="" https://www.ine.gob.cl/docs/default-source/institucionalidad/buenas-pr%C3%A1cticas/clasificaciones-y-estandares/est%C3%A1ndar-evaluaci%C3%B3n-de-calidad-de-estimaciones-publicaci%C3%B3n-27022020.pdf/"" target=""_blank"" rel=""noopener noreferrer"">La clasificación en estimaciones Fiables, Poco fiables y No fiables provienen del Estándar para la evaluación de la calidad de las estimaciones en encuestas de hogares del INE.</a>",Encuesta Suplementaria de Ingresos (ESI),PT,0
CL01:DF_BGYMEDIOOCU_CIUO(1.0),A,BGYMEDIOOCU,09,CIUO_8,2021,4.19797021902225,Y,,1,"<a href="" https://www.ine.gob.cl/docs/default-source/institucionalidad/buenas-pr%C3%A1cticas/clasificaciones-y-estandares/est%C3%A1ndar-evaluaci%C3%B3n-de-calidad-de-estimaciones-publicaci%C3%B3n-27022020.pdf/"" target=""_blank"" rel=""noopener noreferrer"">La clasificación en estimaciones Fiables, Poco fiables y No fiables provienen del Estándar para la evaluación de la calidad de las estimaciones en encuestas de hogares del INE.</a>",Encuesta Suplementaria de Ingresos (ESI),PT,0
CL01:DF_BGYMEDIOOCU_CIUO(1.0),A,BGYMEDIOOCU,09,CIUO_8,2022,47.6212070170572,,,1,"<a href="" https://www.ine.gob.cl/docs/default-source/institucionalidad/buenas-pr%C3%A1cticas/clasificaciones-y-estandares/est%C3%A1ndar-evaluaci%C3%B3n-de-calidad-de-estimaciones-publicaci%C3%B3n-27022020.pdf/"" target=""_blank"" rel=""noopener noreferrer"">La clasificación en estimaciones Fiables, Poco fiables y No fiables provienen del Estándar para la evaluación de la calidad de las estimaciones en encuestas de hogares del INE.</a>",Encuesta Suplementaria de Ingresos (ESI),PT,0
CL01:DF_BGYMEDIOOCU_CIUO(1.0),A,BGYMEDIOOCU,09,CIUO_8,2023,-40.4914892363886,X,,1,"<a href="" https://www.ine.gob.cl/docs/default-source/institucionalidad/buenas-pr%C3%A1cticas/clasificaciones-y-estandares/est%C3%A1ndar-evaluaci%C3%B3n-de-calidad-de-estimaciones-publicaci%C3%B3n-27022020.pdf/"" target=""_blank"" rel=""noopener noreferrer"">La clasificación en estimaciones Fiables, Poco fiables y No fiables provienen del Estándar para la evaluación de la calidad de las estimaciones en encuestas de hogares del INE.</a>",Encuesta Suplementaria de Ingresos (ESI),PT,0
CL01:DF_BGYMEDIOOCU_CIUO(1.0),A,BGYMEDIOOCU,09,CIUO_8,2024,-29.3254151553621,Y,,1,"<a href="" https://www.ine.gob.cl/docs/default-source/institucionalidad/buenas-pr%C3%A1cticas/clasificaciones-y-estandares/est%C3%A1ndar-evaluaci%C3%B3n-de-calidad-de-estimaciones-publicaci%C3%B3n-27022020.pdf/"" target=""_blank"" rel=""noopener noreferrer"">La clasificación en estimaciones Fiables, Poco fiables y No fiables provienen del Estándar para la evaluación de la calidad de las estimaciones en encuestas de hogares del INE.</a>",Encuesta Suplementaria de Ingresos (ESI),PT,0
CL01:DF_BGYMEDIOOCU_CIUO(1.0),A,BGYMEDIOOCU,12,CIUO_4,2017,-26.7471165620632,X,,1,"<a href="" https://www.ine.gob.cl/docs/default-source/institucionalidad/buenas-pr%C3%A1cticas/clasificaciones-y-estandares/est%C3%A1ndar-evaluaci%C3%B3n-de-calidad-de-estimaciones-publicaci%C3%B3n-27022020.pdf/"" target=""_blank"" rel=""noopener noreferrer"">La clasificación en estimaciones Fiables, Poco fiables y No fiables provienen del Estándar para la evaluación de la calidad de las estimaciones en encuestas de hogares del INE.</a>",Encuesta Suplementaria de Ingresos (ESI),PT,0
CL01:DF_BGYMEDIOOCU_CIUO(1.0),A,BGYMEDIOOCU,12,CIUO_4,2018,-28.0429138470983,,,1,"<a href="" https://www.ine.gob.cl/docs/default-source/institucionalidad/buenas-pr%C3%A1cticas/clasificaciones-y-estandares/est%C3%A1ndar-evaluaci%C3%B3n-de-calidad-de-estimaciones-publicaci%C3%B3n-27022020.pdf/"" target=""_blank"" rel=""noopener noreferrer"">La clasificación en estimaciones Fiables, Poco fiables y No fiables provienen del Estándar para la evaluación de la calidad de las estimaciones en encuestas de hogares del INE.</a>",Encuesta Suplementaria de Ingresos (ESI),PT,0
CL01:DF_BGYMEDIOOCU_CIUO(1.0),A,BGYMEDIOOCU,12,CIUO_4,2019,-4.32702253275219,X,,1,"<a href="" https://www.ine.gob.cl/docs/default-source/institucionalidad/buenas-pr%C3%A1cticas/clasificaciones-y-estandares/est%C3%A1ndar-evaluaci%C3%B3n-de-calidad-de-estimaciones-publicaci%C3%B3n-27022020.pdf/"" target=""_blank"" rel=""noopener noreferrer"">La clasificación en estimaciones Fiables, Poco fiables y No fiables provienen del Estándar para la evaluación de la calidad de las estimaciones en encuestas de hogares del INE.</a>",Encuesta Suplementaria de Ingresos (ESI),PT,0
CL01:DF_BGYMEDIOOCU_CIUO(1.0),A,BGYMEDIOOCU,12,CIUO_4,2020,-7.78039085019388,X,,1,"<a href="" https://www.ine.gob.cl/docs/default-source/institucionalidad/buenas-pr%C3%A1cticas/clasificaciones-y-estandares/est%C3%A1ndar-evaluaci%C3%B3n-de-calidad-de-estimaciones-publicaci%C3%B3n-27022020.pdf/"" target=""_blank"" rel=""noopener noreferrer"">La clasificación en estimaciones Fiables, Poco fiables y No fiables provienen del Estándar para la evaluación de la calidad de las estimaciones en encuestas de hogares del INE.</a>",Encuesta Suplementaria de Ingresos (ESI),PT,0
CL01:DF_BGYMEDIOOCU_CIUO(1.0),A,BGYMEDIOOCU,12,CIUO_4,2021,-12.0728845592949,Y,,1,"<a href="" https://www.ine.gob.cl/docs/default-source/institucionalidad/buenas-pr%C3%A1cticas/clasificaciones-y-estandares/est%C3%A1ndar-evaluaci%C3%B3n-de-calidad-de-estimaciones-publicaci%C3%B3n-27022020.pdf/"" target=""_blank"" rel=""noopener noreferrer"">La clasificación en estimaciones Fiables, Poco fiables y No fiables provienen del Estándar para la evaluación de la calidad de las estimaciones en encuestas de hogares del INE.</a>",Encuesta Suplementaria de Ingresos (ESI),PT,0
CL01:DF_BGYMEDIOOCU_CIUO(1.0),A,BGYMEDIOOCU,12,CIUO_4,2022,-6.40048464121998,,,1,"<a href="" https://www.ine.gob.cl/docs/default-source/institucionalidad/buenas-pr%C3%A1cticas/clasificaciones-y-estandares/est%C3%A1ndar-evaluaci%C3%B3n-de-calidad-de-estimaciones-publicaci%C3%B3n-27022020.pdf/"" target=""_blank"" rel=""noopener noreferrer"">La clasificación en estimaciones Fiables, Poco fiables y No fiables provienen del Estándar para la evaluación de la calidad de las estimaciones en encuestas de hogares del INE.</a>",Encuesta Suplementaria de Ingresos (ESI),PT,0
CL01:DF_BGYMEDIOOCU_CIUO(1.0),A,BGYMEDIOOCU,12,CIUO_4,2023,-19.7588197001554,,,1,"<a href="" https://www.ine.gob.cl/docs/default-source/institucionalidad/buenas-pr%C3%A1cticas/clasificaciones-y-estandares/est%C3%A1ndar-evaluaci%C3%B3n-de-calidad-de-estimaciones-publicaci%C3%B3n-27022020.pdf/"" target=""_blank"" rel=""noopener noreferrer"">La clasificación en estimaciones Fiables, Poco fiables y No fiables provienen del Estándar para la evaluación de la calidad de las estimaciones en encuestas de hogares del INE.</a>",Encuesta Suplementaria de Ingresos (ESI),PT,0
CL01:DF_BGYMEDIOOCU_CIUO(1.0),A,BGYMEDIOOCU,12,CIUO_4,2024,-5.23617290982773,X,,1,"<a href="" https://www.ine.gob.cl/docs/default-source/institucionalidad/buenas-pr%C3%A1cticas/clasificaciones-y-estandares/est%C3%A1ndar-evaluaci%C3%B3n-de-calidad-de-estimaciones-publicaci%C3%B3n-27022020.pdf/"" target=""_blank"" rel=""noopener noreferrer"">La clasificación en estimaciones Fiables, Poco fiables y No fiables provienen del Estándar para la evaluación de la calidad de las estimaciones en encuestas de hogares del INE.</a>",Encuesta Suplementaria de Ingresos (ESI),PT,0
CL01:DF_BGYMEDIOOCU_CIUO(1.0),A,BGYMEDIOOCU,12,CIUO_9,2017,-21.5371666207893,Y,,1,"<a href="" https://www.ine.gob.cl/docs/default-source/institucionalidad/buenas-pr%C3%A1cticas/clasificaciones-y-estandares/est%C3%A1ndar-evaluaci%C3%B3n-de-calidad-de-estimaciones-publicaci%C3%B3n-27022020.pdf/"" target=""_blank"" rel=""noopener noreferrer"">La clasificación en estimaciones Fiables, Poco fiables y No fiables provienen del Estándar para la evaluación de la calidad de las estimaciones en encuestas de hogares del INE.</a>",Encuesta Suplementaria de Ingresos (ESI),PT,0
CL01:DF_BGYMEDIOOCU_CIUO(1.0),A,BGYMEDIOOCU,12,CIUO_9,2018,-17.3677349618692,,,1,"<a href="" https://www.ine.gob.cl/docs/default-source/institucionalidad/buenas-pr%C3%A1cticas/clasificaciones-y-estandares/est%C3%A1ndar-evaluaci%C3%B3n-de-calidad-de-estimaciones-publicaci%C3%B3n-27022020.pdf/"" target=""_blank"" rel=""noopener noreferrer"">La clasificación en estimaciones Fiables, Poco fiables y No fiables provienen del Estándar para la evaluación de la calidad de las estimaciones en encuestas de hogares del INE.</a>",Encuesta Suplementaria de Ingresos (ESI),PT,0
CL01:DF_BGYMEDIOOCU_CIUO(1.0),A,BGYMEDIOOCU,12,CIUO_9,2019,-22.242048597397,,,1,"<a href="" https://www.ine.gob.cl/docs/default-source/institucionalidad/buenas-pr%C3%A1cticas/clasificaciones-y-estandares/est%C3%A1ndar-evaluaci%C3%B3n-de-calidad-de-estimaciones-publicaci%C3%B3n-27022020.pdf/"" target=""_blank"" rel=""noopener noreferrer"">La clasificación en estimaciones Fiables, Poco fiables y No fiables provienen del Estándar para la evaluación de la calidad de las estimaciones en encuestas de hogares del INE.</a>",Encuesta Suplementaria de Ingresos (ESI),PT,0
CL01:DF_BGYMEDIOOCU_CIUO(1.0),A,BGYMEDIOOCU,12,CIUO_9,2020,-24.2205885502243,Y,,1,"<a href="" https://www.ine.gob.cl/docs/default-source/institucionalidad/buenas-pr%C3%A1cticas/clasificaciones-y-estandares/est%C3%A1ndar-evaluaci%C3%B3n-de-calidad-de-estimaciones-publicaci%C3%B3n-27022020.pdf/"" target=""_blank"" rel=""noopener noreferrer"">La clasificación en estimaciones Fiables, Poco fiables y No fiables provienen del Estándar para la evaluación de la calidad de las estimaciones en encuestas de hogares del INE.</a>",Encuesta Suplementaria de Ingresos (ESI),PT,0
CL01:DF_BGYMEDIOOCU_CIUO(1.0),A,BGYMEDIOOCU,12,CIUO_9,2021,-20.7740765327447,,,1,"<a href="" https://www.ine.gob.cl/docs/default-source/institucionalidad/buenas-pr%C3%A1cticas/clasificaciones-y-estandares/est%C3%A1ndar-evaluaci%C3%B3n-de-calidad-de-estimaciones-publicaci%C3%B3n-27022020.pdf/"" target=""_blank"" rel=""noopener noreferrer"">La clasificación en estimaciones Fiables, Poco fiables y No fiables provienen del Estándar para la evaluación de la calidad de las estimaciones en encuestas de hogares del INE.</a>",Encuesta Suplementaria de Ingresos (ESI),PT,0
CL01:DF_BGYMEDIOOCU_CIUO(1.0),A,BGYMEDIOOCU,12,CIUO_9,2022,-27.3952552535962,,,1,"<a href="" https://www.ine.gob.cl/docs/default-source/institucionalidad/buenas-pr%C3%A1cticas/clasificaciones-y-estandares/est%C3%A1ndar-evaluaci%C3%B3n-de-calidad-de-estimaciones-publicaci%C3%B3n-27022020.pdf/"" target=""_blank"" rel=""noopener noreferrer"">La clasificación en estimaciones Fiables, Poco fiables y No fiables provienen del Estándar para la evaluación de la calidad de las estimaciones en encuestas de hogares del INE.</a>",Encuesta Suplementaria de Ingresos (ESI),PT,0
CL01:DF_BGYMEDIOOCU_CIUO(1.0),A,BGYMEDIOOCU,12,CIUO_9,2023,-29.5981446876305,,,1,"<a href="" https://www.ine.gob.cl/docs/default-source/institucionalidad/buenas-pr%C3%A1cticas/clasificaciones-y-estandares/est%C3%A1ndar-evaluaci%C3%B3n-de-calidad-de-estimaciones-publicaci%C3%B3n-27022020.pdf/"" target=""_blank"" rel=""noopener noreferrer"">La clasificación en estimaciones Fiables, Poco fiables y No fiables provienen del Estándar para la evaluación de la calidad de las estimaciones en encuestas de hogares del INE.</a>",Encuesta Suplementaria de Ingresos (ESI),PT,0
CL01:DF_BGYMEDIOOCU_CIUO(1.0),A,BGYMEDIOOCU,12,CIUO_9,2024,-22.2250034024153,,,1,"<a href="" https://www.ine.gob.cl/docs/default-source/institucionalidad/buenas-pr%C3%A1cticas/clasificaciones-y-estandares/est%C3%A1ndar-evaluaci%C3%B3n-de-calidad-de-estimaciones-publicaci%C3%B3n-27022020.pdf/"" target=""_blank"" rel=""noopener noreferrer"">La clasificación en estimaciones Fiables, Poco fiables y No fiables provienen del Estándar para la evaluación de la calidad de las estimaciones en encuestas de hogares del INE.</a>",Encuesta Suplementaria de Ingresos (ESI),PT,0
CL01:DF_BGYMEDIOOCU_CIUO(1.0),A,BGYMEDIOOCU,13,CIUO_5,2017,-28.6192807656045,,,1,"<a href="" https://www.ine.gob.cl/docs/default-source/institucionalidad/buenas-pr%C3%A1cticas/clasificaciones-y-estandares/est%C3%A1ndar-evaluaci%C3%B3n-de-calidad-de-estimaciones-publicaci%C3%B3n-27022020.pdf/"" target=""_blank"" rel=""noopener noreferrer"">La clasificación en estimaciones Fiables, Poco fiables y No fiables provienen del Estándar para la evaluación de la calidad de las estimaciones en encuestas de hogares del INE.</a>",Encuesta Suplementaria de Ingresos (ESI),PT,0
CL01:DF_BGYMEDIOOCU_CIUO(1.0),A,BGYMEDIOOCU,13,CIUO_5,2018,-33.2331956239686,,,1,"<a href="" https://www.ine.gob.cl/docs/default-source/institucionalidad/buenas-pr%C3%A1cticas/clasificaciones-y-estandares/est%C3%A1ndar-evaluaci%C3%B3n-de-calidad-de-estimaciones-publicaci%C3%B3n-27022020.pdf/"" target=""_blank"" rel=""noopener noreferrer"">La clasificación en estimaciones Fiables, Poco fiables y No fiables provienen del Estándar para la evaluación de la calidad de las estimaciones en encuestas de hogares del INE.</a>",Encuesta Suplementaria de Ingresos (ESI),PT,0
CL01:DF_BGYMEDIOOCU_CIUO(1.0),A,BGYMEDIOOCU,13,CIUO_5,2019,-30.2273390762249,,,1,"<a href="" https://www.ine.gob.cl/docs/default-source/institucionalidad/buenas-pr%C3%A1cticas/clasificaciones-y-estandares/est%C3%A1ndar-evaluaci%C3%B3n-de-calidad-de-estimaciones-publicaci%C3%B3n-27022020.pdf/"" target=""_blank"" rel=""noopener noreferrer"">La clasificación en estimaciones Fiables, Poco fiables y No fiables provienen del Estándar para la evaluación de la calidad de las estimaciones en encuestas de hogares del INE.</a>",Encuesta Suplementaria de Ingresos (ESI),PT,0
CL01:DF_BGYMEDIOOCU_CIUO(1.0),A,BGYMEDIOOCU,13,CIUO_5,2020,-38.46326434968,,,1,"<a href="" https://www.ine.gob.cl/docs/default-source/institucionalidad/buenas-pr%C3%A1cticas/clasificaciones-y-estandares/est%C3%A1ndar-evaluaci%C3%B3n-de-calidad-de-estimaciones-publicaci%C3%B3n-27022020.pdf/"" target=""_blank"" rel=""noopener noreferrer"">La clasificación en estimaciones Fiables, Poco fiables y No fiables provienen del Estándar para la evaluación de la calidad de las estimaciones en encuestas de hogares del INE.</a>",Encuesta Suplementaria de Ingresos (ESI),PT,0
CL01:DF_BGYMEDIOOCU_CIUO(1.0),A,BGYMEDIOOCU,13,CIUO_5,2021,-27.0850950838236,,,1,"<a href="" https://www.ine.gob.cl/docs/default-source/institucionalidad/buenas-pr%C3%A1cticas/clasificaciones-y-estandares/est%C3%A1ndar-evaluaci%C3%B3n-de-calidad-de-estimaciones-publicaci%C3%B3n-27022020.pdf/"" target=""_blank"" rel=""noopener noreferrer"">La clasificación en estimaciones Fiables, Poco fiables y No fiables provienen del Estándar para la evaluación de la calidad de las estimaciones en encuestas de hogares del INE.</a>",Encuesta Suplementaria de Ingresos (ESI),PT,0
CL01:DF_BGYMEDIOOCU_CIUO(1.0),A,BGYMEDIOOCU,13,CIUO_5,2022,-30.8361121934191,,,1,"<a href="" https://www.ine.gob.cl/docs/default-source/institucionalidad/buenas-pr%C3%A1cticas/clasificaciones-y-estandares/est%C3%A1ndar-evaluaci%C3%B3n-de-calidad-de-estimaciones-publicaci%C3%B3n-27022020.pdf/"" target=""_blank"" rel=""noopener noreferrer"">La clasificación en estimaciones Fiables, Poco fiables y No fiables provienen del Estándar para la evaluación de la calidad de las estimaciones en encuestas de hogares del INE.</a>",Encuesta Suplementaria de Ingresos (ESI),PT,0
CL01:DF_BGYMEDIOOCU_CIUO(1.0),A,BGYMEDIOOCU,13,CIUO_5,2023,-31.9685702026607,,,1,"<a href="" https://www.ine.gob.cl/docs/default-source/institucionalidad/buenas-pr%C3%A1cticas/clasificaciones-y-estandares/est%C3%A1ndar-evaluaci%C3%B3n-de-calidad-de-estimaciones-publicaci%C3%B3n-27022020.pdf/"" target=""_blank"" rel=""noopener noreferrer"">La clasificación en estimaciones Fiables, Poco fiables y No fiables provienen del Estándar para la evaluación de la calidad de las estimaciones en encuestas de hogares del INE.</a>",Encuesta Suplementaria de Ingresos (ESI),PT,0
CL01:DF_BGYMEDIOOCU_CIUO(1.0),A,BGYMEDIOOCU,13,CIUO_5,2024,-26.4980123486148,,,1,"<a href="" https://www.ine.gob.cl/docs/default-source/institucionalidad/buenas-pr%C3%A1cticas/clasificaciones-y-estandares/est%C3%A1ndar-evaluaci%C3%B3n-de-calidad-de-estimaciones-publicaci%C3%B3n-27022020.pdf/"" target=""_blank"" rel=""noopener noreferrer"">La clasificación en estimaciones Fiables, Poco fiables y No fiables provienen del Estándar para la evaluación de la calidad de las estimaciones en encuestas de hogares del INE.</a>",Encuesta Suplementaria de Ingresos (ESI),PT,0
CL01:DF_BGYMEDIOOCU_CIUO(1.0),A,BGYMEDIOOCU,14,CIUO_8,2017,-78.4818288837066,X,,1,"<a href="" https://www.ine.gob.cl/docs/default-source/institucionalidad/buenas-pr%C3%A1cticas/clasificaciones-y-estandares/est%C3%A1ndar-evaluaci%C3%B3n-de-calidad-de-estimaciones-publicaci%C3%B3n-27022020.pdf/"" target=""_blank"" rel=""noopener noreferrer"">La clasificación en estimaciones Fiables, Poco fiables y No fiables provienen del Estándar para la evaluación de la calidad de las estimaciones en encuestas de hogares del INE.</a>",Encuesta Suplementaria de Ingresos (ESI),PT,0
CL01:DF_BGYMEDIOOCU_CIUO(1.0),A,BGYMEDIOOCU,14,CIUO_8,2018,35.7611979960012,,,1,"<a href="" https://www.ine.gob.cl/docs/default-source/institucionalidad/buenas-pr%C3%A1cticas/clasificaciones-y-estandares/est%C3%A1ndar-evaluaci%C3%B3n-de-calidad-de-estimaciones-publicaci%C3%B3n-27022020.pdf/"" target=""_blank"" rel=""noopener noreferrer"">La clasificación en estimaciones Fiables, Poco fiables y No fiables provienen del Estándar para la evaluación de la calidad de las estimaciones en encuestas de hogares del INE.</a>",Encuesta Suplementaria de Ingresos (ESI),PT,0
CL01:DF_BGYMEDIOOCU_CIUO(1.0),A,BGYMEDIOOCU,14,CIUO_8,2019,-27.2182541859832,Y,,1,"<a href="" https://www.ine.gob.cl/docs/default-source/institucionalidad/buenas-pr%C3%A1cticas/clasificaciones-y-estandares/est%C3%A1ndar-evaluaci%C3%B3n-de-calidad-de-estimaciones-publicaci%C3%B3n-27022020.pdf/"" target=""_blank"" rel=""noopener noreferrer"">La clasificación en estimaciones Fiables, Poco fiables y No fiables provienen del Estándar para la evaluación de la calidad de las estimaciones en encuestas de hogares del INE.</a>",Encuesta Suplementaria de Ingresos (ESI),PT,0
CL01:DF_BGYMEDIOOCU_CIUO(1.0),A,BGYMEDIOOCU,14,CIUO_8,2020,-52.27101978343,X,,1,"<a href="" https://www.ine.gob.cl/docs/default-source/institucionalidad/buenas-pr%C3%A1cticas/clasificaciones-y-estandares/est%C3%A1ndar-evaluaci%C3%B3n-de-calidad-de-estimaciones-publicaci%C3%B3n-27022020.pdf/"" target=""_blank"" rel=""noopener noreferrer"">La clasificación en estimaciones Fiables, Poco fiables y No fiables provienen del Estándar para la evaluación de la calidad de las estimaciones en encuestas de hogares del INE.</a>",Encuesta Suplementaria de Ingresos (ESI),PT,0
CL01:DF_BGYMEDIOOCU_CIUO(1.0),A,BGYMEDIOOCU,14,CIUO_8,2021,-22.2639977516837,,,1,"<a href="" https://www.ine.gob.cl/docs/default-source/institucionalidad/buenas-pr%C3%A1cticas/clasificaciones-y-estandares/est%C3%A1ndar-evaluaci%C3%B3n-de-calidad-de-estimaciones-publicaci%C3%B3n-27022020.pdf/"" target=""_blank"" rel=""noopener noreferrer"">La clasificación en estimaciones Fiables, Poco fiables y No fiables provienen del Estándar para la evaluación de la calidad de las estimaciones en encuestas de hogares del INE.</a>",Encuesta Suplementaria de Ingresos (ESI),PT,0
CL01:DF_BGYMEDIOOCU_CIUO(1.0),A,BGYMEDIOOCU,14,CIUO_8,2022,-11.8167405299792,Y,,1,"<a href="" https://www.ine.gob.cl/docs/default-source/institucionalidad/buenas-pr%C3%A1cticas/clasificaciones-y-estandares/est%C3%A1ndar-evaluaci%C3%B3n-de-calidad-de-estimaciones-publicaci%C3%B3n-27022020.pdf/"" target=""_blank"" rel=""noopener noreferrer"">La clasificación en estimaciones Fiables, Poco fiables y No fiables provienen del Estándar para la evaluación de la calidad de las estimaciones en encuestas de hogares del INE.</a>",Encuesta Suplementaria de Ingresos (ESI),PT,0
CL01:DF_BGYMEDIOOCU_CIUO(1.0),A,BGYMEDIOOCU,14,CIUO_8,2023,-27.3711027370836,X,,1,"<a href="" https://www.ine.gob.cl/docs/default-source/institucionalidad/buenas-pr%C3%A1cticas/clasificaciones-y-estandares/est%C3%A1ndar-evaluaci%C3%B3n-de-calidad-de-estimaciones-publicaci%C3%B3n-27022020.pdf/"" target=""_blank"" rel=""noopener noreferrer"">La clasificación en estimaciones Fiables, Poco fiables y No fiables provienen del Estándar para la evaluación de la calidad de las estimaciones en encuestas de hogares del INE.</a>",Encuesta Suplementaria de Ingresos (ESI),PT,0
CL01:DF_BGYMEDIOOCU_CIUO(1.0),A,BGYMEDIOOCU,14,CIUO_8,2024,-26.8795123463883,X,,1,"<a href="" https://www.ine.gob.cl/docs/default-source/institucionalidad/buenas-pr%C3%A1cticas/clasificaciones-y-estandares/est%C3%A1ndar-evaluaci%C3%B3n-de-calidad-de-estimaciones-publicaci%C3%B3n-27022020.pdf/"" target=""_blank"" rel=""noopener noreferrer"">La clasificación en estimaciones Fiables, Poco fiables y No fiables provienen del Estándar para la evaluación de la calidad de las estimaciones en encuestas de hogares del INE.</a>",Encuesta Suplementaria de Ingresos (ESI),PT,0
CL01:DF_BGYMEDIOOCU_CIUO(1.0),A,BGYMEDIOOCU,15,CIUO_9,2017,-27.1490878832207,,,1,"<a href="" https://www.ine.gob.cl/docs/default-source/institucionalidad/buenas-pr%C3%A1cticas/clasificaciones-y-estandares/est%C3%A1ndar-evaluaci%C3%B3n-de-calidad-de-estimaciones-publicaci%C3%B3n-27022020.pdf/"" target=""_blank"" rel=""noopener noreferrer"">La clasificación en estimaciones Fiables, Poco fiables y No fiables provienen del Estándar para la evaluación de la calidad de las estimaciones en encuestas de hogares del INE.</a>",Encuesta Suplementaria de Ingresos (ESI),PT,0
CL01:DF_BGYMEDIOOCU_CIUO(1.0),A,BGYMEDIOOCU,15,CIUO_9,2018,-33.6748526178106,,,1,"<a href="" https://www.ine.gob.cl/docs/default-source/institucionalidad/buenas-pr%C3%A1cticas/clasificaciones-y-estandares/est%C3%A1ndar-evaluaci%C3%B3n-de-calidad-de-estimaciones-publicaci%C3%B3n-27022020.pdf/"" target=""_blank"" rel=""noopener noreferrer"">La clasificación en estimaciones Fiables, Poco fiables y No fiables provienen del Estándar para la evaluación de la calidad de las estimaciones en encuestas de hogares del INE.</a>",Encuesta Suplementaria de Ingresos (ESI),PT,0
CL01:DF_BGYMEDIOOCU_CIUO(1.0),A,BGYMEDIOOCU,15,CIUO_9,2019,-32.5585210902477,,,1,"<a href="" https://www.ine.gob.cl/docs/default-source/institucionalidad/buenas-pr%C3%A1cticas/clasificaciones-y-estandares/est%C3%A1ndar-evaluaci%C3%B3n-de-calidad-de-estimaciones-publicaci%C3%B3n-27022020.pdf/"" target=""_blank"" rel=""noopener noreferrer"">La clasificación en estimaciones Fiables, Poco fiables y No fiables provienen del Estándar para la evaluación de la calidad de las estimaciones en encuestas de hogares del INE.</a>",Encuesta Suplementaria de Ingresos (ESI),PT,0
CL01:DF_BGYMEDIOOCU_CIUO(1.0),A,BGYMEDIOOCU,15,CIUO_9,2020,-20.6888654728283,,,1,"<a href="" https://www.ine.gob.cl/docs/default-source/institucionalidad/buenas-pr%C3%A1cticas/clasificaciones-y-estandares/est%C3%A1ndar-evaluaci%C3%B3n-de-calidad-de-estimaciones-publicaci%C3%B3n-27022020.pdf/"" target=""_blank"" rel=""noopener noreferrer"">La clasificación en estimaciones Fiables, Poco fiables y No fiables provienen del Estándar para la evaluación de la calidad de las estimaciones en encuestas de hogares del INE.</a>",Encuesta Suplementaria de Ingresos (ESI),PT,0
CL01:DF_BGYMEDIOOCU_CIUO(1.0),A,BGYMEDIOOCU,15,CIUO_9,2021,-30.7379452376125,,,1,"<a href="" https://www.ine.gob.cl/docs/default-source/institucionalidad/buenas-pr%C3%A1cticas/clasificaciones-y-estandares/est%C3%A1ndar-evaluaci%C3%B3n-de-calidad-de-estimaciones-publicaci%C3%B3n-27022020.pdf/"" target=""_blank"" rel=""noopener noreferrer"">La clasificación en estimaciones Fiables, Poco fiables y No fiables provienen del Estándar para la evaluación de la calidad de las estimaciones en encuestas de hogares del INE.</a>",Encuesta Suplementaria de Ingresos (ESI),PT,0
CL01:DF_BGYMEDIOOCU_CIUO(1.0),A,BGYMEDIOOCU,15,CIUO_9,2022,-28.1661590341287,,,1,"<a href="" https://www.ine.gob.cl/docs/default-source/institucionalidad/buenas-pr%C3%A1cticas/clasificaciones-y-estandares/est%C3%A1ndar-evaluaci%C3%B3n-de-calidad-de-estimaciones-publicaci%C3%B3n-27022020.pdf/"" target=""_blank"" rel=""noopener noreferrer"">La clasificación en estimaciones Fiables, Poco fiables y No fiables provienen del Estándar para la evaluación de la calidad de las estimaciones en encuestas de hogares del INE.</a>",Encuesta Suplementaria de Ingresos (ESI),PT,0
CL01:DF_BGYMEDIOOCU_CIUO(1.0),A,BGYMEDIOOCU,15,CIUO_9,2023,-24.507957209901,,,1,"<a href="" https://www.ine.gob.cl/docs/default-source/institucionalidad/buenas-pr%C3%A1cticas/clasificaciones-y-estandares/est%C3%A1ndar-evaluaci%C3%B3n-de-calidad-de-estimaciones-publicaci%C3%B3n-27022020.pdf/"" target=""_blank"" rel=""noopener noreferrer"">La clasificación en estimaciones Fiables, Poco fiables y No fiables provienen del Estándar para la evaluación de la calidad de las estimaciones en encuestas de hogares del INE.</a>",Encuesta Suplementaria de Ingresos (ESI),PT,0
CL01:DF_BGYMEDIOOCU_CIUO(1.0),A,BGYMEDIOOCU,15,CIUO_9,2024,-23.6536372990933,,,1,"<a href="" https://www.ine.gob.cl/docs/default-source/institucionalidad/buenas-pr%C3%A1cticas/clasificaciones-y-estandares/est%C3%A1ndar-evaluaci%C3%B3n-de-calidad-de-estimaciones-publicaci%C3%B3n-27022020.pdf/"" target=""_blank"" rel=""noopener noreferrer"">La clasificación en estimaciones Fiables, Poco fiables y No fiables provienen del Estándar para la evaluación de la calidad de las estimaciones en encuestas de hogares del INE.</a>",Encuesta Suplementaria de Ingresos (ESI),PT,0
CL01:DF_BGYMEDIOOCU_CIUO(1.0),A,BGYMEDIOOCU,16,CIUO_4,2017,-4.1420947894098,X,,1,"<a href="" https://www.ine.gob.cl/docs/default-source/institucionalidad/buenas-pr%C3%A1cticas/clasificaciones-y-estandares/est%C3%A1ndar-evaluaci%C3%B3n-de-calidad-de-estimaciones-publicaci%C3%B3n-27022020.pdf/"" target=""_blank"" rel=""noopener noreferrer"">La clasificación en estimaciones Fiables, Poco fiables y No fiables provienen del Estándar para la evaluación de la calidad de las estimaciones en encuestas de hogares del INE.</a>",Encuesta Suplementaria de Ingresos (ESI),PT,0
CL01:DF_BGYMEDIOOCU_CIUO(1.0),A,BGYMEDIOOCU,16,CIUO_4,2018,9.23645308030533,X,,1,"<a href="" https://www.ine.gob.cl/docs/default-source/institucionalidad/buenas-pr%C3%A1cticas/clasificaciones-y-estandares/est%C3%A1ndar-evaluaci%C3%B3n-de-calidad-de-estimaciones-publicaci%C3%B3n-27022020.pdf/"" target=""_blank"" rel=""noopener noreferrer"">La clasificación en estimaciones Fiables, Poco fiables y No fiables provienen del Estándar para la evaluación de la calidad de las estimaciones en encuestas de hogares del INE.</a>",Encuesta Suplementaria de Ingresos (ESI),PT,0
CL01:DF_BGYMEDIOOCU_CIUO(1.0),A,BGYMEDIOOCU,16,CIUO_4,2019,-19.3507532918682,X,,1,"<a href="" https://www.ine.gob.cl/docs/default-source/institucionalidad/buenas-pr%C3%A1cticas/clasificaciones-y-estandares/est%C3%A1ndar-evaluaci%C3%B3n-de-calidad-de-estimaciones-publicaci%C3%B3n-27022020.pdf/"" target=""_blank"" rel=""noopener noreferrer"">La clasificación en estimaciones Fiables, Poco fiables y No fiables provienen del Estándar para la evaluación de la calidad de las estimaciones en encuestas de hogares del INE.</a>",Encuesta Suplementaria de Ingresos (ESI),PT,0
CL01:DF_BGYMEDIOOCU_CIUO(1.0),A,BGYMEDIOOCU,16,CIUO_4,2020,-6.49904777679752,X,,1,"<a href="" https://www.ine.gob.cl/docs/default-source/institucionalidad/buenas-pr%C3%A1cticas/clasificaciones-y-estandares/est%C3%A1ndar-evaluaci%C3%B3n-de-calidad-de-estimaciones-publicaci%C3%B3n-27022020.pdf/"" target=""_blank"" rel=""noopener noreferrer"">La clasificación en estimaciones Fiables, Poco fiables y No fiables provienen del Estándar para la evaluación de la calidad de las estimaciones en encuestas de hogares del INE.</a>",Encuesta Suplementaria de Ingresos (ESI),PT,0
CL01:DF_BGYMEDIOOCU_CIUO(1.0),A,BGYMEDIOOCU,16,CIUO_4,2021,12.8557646277547,X,,1,"<a href="" https://www.ine.gob.cl/docs/default-source/institucionalidad/buenas-pr%C3%A1cticas/clasificaciones-y-estandares/est%C3%A1ndar-evaluaci%C3%B3n-de-calidad-de-estimaciones-publicaci%C3%B3n-27022020.pdf/"" target=""_blank"" rel=""noopener noreferrer"">La clasificación en estimaciones Fiables, Poco fiables y No fiables provienen del Estándar para la evaluación de la calidad de las estimaciones en encuestas de hogares del INE.</a>",Encuesta Suplementaria de Ingresos (ESI),PT,0
CL01:DF_BGYMEDIOOCU_CIUO(1.0),A,BGYMEDIOOCU,16,CIUO_4,2022,-18.8375672911965,X,,1,"<a href="" https://www.ine.gob.cl/docs/default-source/institucionalidad/buenas-pr%C3%A1cticas/clasificaciones-y-estandares/est%C3%A1ndar-evaluaci%C3%B3n-de-calidad-de-estimaciones-publicaci%C3%B3n-27022020.pdf/"" target=""_blank"" rel=""noopener noreferrer"">La clasificación en estimaciones Fiables, Poco fiables y No fiables provienen del Estándar para la evaluación de la calidad de las estimaciones en encuestas de hogares del INE.</a>",Encuesta Suplementaria de Ingresos (ESI),PT,0
CL01:DF_BGYMEDIOOCU_CIUO(1.0),A,BGYMEDIOOCU,16,CIUO_4,2023,-23.409174387299,X,,1,"<a href="" https://www.ine.gob.cl/docs/default-source/institucionalidad/buenas-pr%C3%A1cticas/clasificaciones-y-estandares/est%C3%A1ndar-evaluaci%C3%B3n-de-calidad-de-estimaciones-publicaci%C3%B3n-27022020.pdf/"" target=""_blank"" rel=""noopener noreferrer"">La clasificación en estimaciones Fiables, Poco fiables y No fiables provienen del Estándar para la evaluación de la calidad de las estimaciones en encuestas de hogares del INE.</a>",Encuesta Suplementaria de Ingresos (ESI),PT,0
CL01:DF_BGYMEDIOOCU_CIUO(1.0),A,BGYMEDIOOCU,16,CIUO_4,2024,-27.948574494553,X,,1,"<a href="" https://www.ine.gob.cl/docs/default-source/institucionalidad/buenas-pr%C3%A1cticas/clasificaciones-y-estandares/est%C3%A1ndar-evaluaci%C3%B3n-de-calidad-de-estimaciones-publicaci%C3%B3n-27022020.pdf/"" target=""_blank"" rel=""noopener noreferrer"">La clasificación en estimaciones Fiables, Poco fiables y No fiables provienen del Estándar para la evaluación de la calidad de las estimaciones en encuestas de hogares del INE.</a>",Encuesta Suplementaria de Ingresos (ESI),PT,0
CL01:DF_BGYMEDIOOCU_CIUO(1.0),A,BGYMEDIOOCU,06,_T,2017,-17.5796372262571,,,1,"<a href="" https://www.ine.gob.cl/docs/default-source/institucionalidad/buenas-pr%C3%A1cticas/clasificaciones-y-estandares/est%C3%A1ndar-evaluaci%C3%B3n-de-calidad-de-estimaciones-publicaci%C3%B3n-27022020.pdf/"" target=""_blank"" rel=""noopener noreferrer"">La clasificación en estimaciones Fiables, Poco fiables y No fiables provienen del Estándar para la evaluación de la calidad de las estimaciones en encuestas de hogares del INE.</a>",Encuesta Suplementaria de Ingresos (ESI),PT,0
CL01:DF_BGYMEDIOOCU_CIUO(1.0),A,BGYMEDIOOCU,06,_T,2018,-16.0915577275096,,,1,"<a href="" https://www.ine.gob.cl/docs/default-source/institucionalidad/buenas-pr%C3%A1cticas/clasificaciones-y-estandares/est%C3%A1ndar-evaluaci%C3%B3n-de-calidad-de-estimaciones-publicaci%C3%B3n-27022020.pdf/"" target=""_blank"" rel=""noopener noreferrer"">La clasificación en estimaciones Fiables, Poco fiables y No fiables provienen del Estándar para la evaluación de la calidad de las estimaciones en encuestas de hogares del INE.</a>",Encuesta Suplementaria de Ingresos (ESI),PT,0
CL01:DF_BGYMEDIOOCU_CIUO(1.0),A,BGYMEDIOOCU,06,_T,2019,-18.9533496616998,,,1,"<a href="" https://www.ine.gob.cl/docs/default-source/institucionalidad/buenas-pr%C3%A1cticas/clasificaciones-y-estandares/est%C3%A1ndar-evaluaci%C3%B3n-de-calidad-de-estimaciones-publicaci%C3%B3n-27022020.pdf/"" target=""_blank"" rel=""noopener noreferrer"">La clasificación en estimaciones Fiables, Poco fiables y No fiables provienen del Estándar para la evaluación de la calidad de las estimaciones en encuestas de hogares del INE.</a>",Encuesta Suplementaria de Ingresos (ESI),PT,0
CL01:DF_BGYMEDIOOCU_CIUO(1.0),A,BGYMEDIOOCU,06,_T,2020,-17.7600617839189,,,1,"<a href="" https://www.ine.gob.cl/docs/default-source/institucionalidad/buenas-pr%C3%A1cticas/clasificaciones-y-estandares/est%C3%A1ndar-evaluaci%C3%B3n-de-calidad-de-estimaciones-publicaci%C3%B3n-27022020.pdf/"" target=""_blank"" rel=""noopener noreferrer"">La clasificación en estimaciones Fiables, Poco fiables y No fiables provienen del Estándar para la evaluación de la calidad de las estimaciones en encuestas de hogares del INE.</a>",Encuesta Suplementaria de Ingresos (ESI),PT,0
CL01:DF_BGYMEDIOOCU_CIUO(1.0),A,BGYMEDIOOCU,06,_T,2021,-31.0007112746511,,,1,"<a href="" https://www.ine.gob.cl/docs/default-source/institucionalidad/buenas-pr%C3%A1cticas/clasificaciones-y-estandares/est%C3%A1ndar-evaluaci%C3%B3n-de-calidad-de-estimaciones-publicaci%C3%B3n-27022020.pdf/"" target=""_blank"" rel=""noopener noreferrer"">La clasificación en estimaciones Fiables, Poco fiables y No fiables provienen del Estándar para la evaluación de la calidad de las estimaciones en encuestas de hogares del INE.</a>",Encuesta Suplementaria de Ingresos (ESI),PT,0
CL01:DF_BGYMEDIOOCU_CIUO(1.0),A,BGYMEDIOOCU,06,_T,2022,-26.1970587859939,,,1,"<a href="" https://www.ine.gob.cl/docs/default-source/institucionalidad/buenas-pr%C3%A1cticas/clasificaciones-y-estandares/est%C3%A1ndar-evaluaci%C3%B3n-de-calidad-de-estimaciones-publicaci%C3%B3n-27022020.pdf/"" target=""_blank"" rel=""noopener noreferrer"">La clasificación en estimaciones Fiables, Poco fiables y No fiables provienen del Estándar para la evaluación de la calidad de las estimaciones en encuestas de hogares del INE.</a>",Encuesta Suplementaria de Ingresos (ESI),PT,0
CL01:DF_BGYMEDIOOCU_CIUO(1.0),A,BGYMEDIOOCU,06,_T,2023,-25.6026009559446,,,1,"<a href="" https://www.ine.gob.cl/docs/default-source/institucionalidad/buenas-pr%C3%A1cticas/clasificaciones-y-estandares/est%C3%A1ndar-evaluaci%C3%B3n-de-calidad-de-estimaciones-publicaci%C3%B3n-27022020.pdf/"" target=""_blank"" rel=""noopener noreferrer"">La clasificación en estimaciones Fiables, Poco fiables y No fiables provienen del Estándar para la evaluación de la calidad de las estimaciones en encuestas de hogares del INE.</a>",Encuesta Suplementaria de Ingresos (ESI),PT,0
CL01:DF_BGYMEDIOOCU_CIUO(1.0),A,BGYMEDIOOCU,06,_T,2024,-21.6851401031203,,,1,"<a href="" https://www.ine.gob.cl/docs/default-source/institucionalidad/buenas-pr%C3%A1cticas/clasificaciones-y-estandares/est%C3%A1ndar-evaluaci%C3%B3n-de-calidad-de-estimaciones-publicaci%C3%B3n-27022020.pdf/"" target=""_blank"" rel=""noopener noreferrer"">La clasificación en estimaciones Fiables, Poco fiables y No fiables provienen del Estándar para la evaluación de la calidad de las estimaciones en encuestas de hogares del INE.</a>",Encuesta Suplementaria de Ingresos (ESI),PT,0
CL01:DF_BGYMEDIOOCU_CIUO(1.0),A,BGYMEDIOOCU,12,_T,2017,-23.972537834173,,,1,"<a href="" https://www.ine.gob.cl/docs/default-source/institucionalidad/buenas-pr%C3%A1cticas/clasificaciones-y-estandares/est%C3%A1ndar-evaluaci%C3%B3n-de-calidad-de-estimaciones-publicaci%C3%B3n-27022020.pdf/"" target=""_blank"" rel=""noopener noreferrer"">La clasificación en estimaciones Fiables, Poco fiables y No fiables provienen del Estándar para la evaluación de la calidad de las estimaciones en encuestas de hogares del INE.</a>",Encuesta Suplementaria de Ingresos (ESI),PT,0
CL01:DF_BGYMEDIOOCU_CIUO(1.0),A,BGYMEDIOOCU,12,_T,2018,-23.7917561606992,,,1,"<a href="" https://www.ine.gob.cl/docs/default-source/institucionalidad/buenas-pr%C3%A1cticas/clasificaciones-y-estandares/est%C3%A1ndar-evaluaci%C3%B3n-de-calidad-de-estimaciones-publicaci%C3%B3n-27022020.pdf/"" target=""_blank"" rel=""noopener noreferrer"">La clasificación en estimaciones Fiables, Poco fiables y No fiables provienen del Estándar para la evaluación de la calidad de las estimaciones en encuestas de hogares del INE.</a>",Encuesta Suplementaria de Ingresos (ESI),PT,0
CL01:DF_BGYMEDIOOCU_CIUO(1.0),A,BGYMEDIOOCU,12,_T,2019,-26.7109453220659,,,1,"<a href="" https://www.ine.gob.cl/docs/default-source/institucionalidad/buenas-pr%C3%A1cticas/clasificaciones-y-estandares/est%C3%A1ndar-evaluaci%C3%B3n-de-calidad-de-estimaciones-publicaci%C3%B3n-27022020.pdf/"" target=""_blank"" rel=""noopener noreferrer"">La clasificación en estimaciones Fiables, Poco fiables y No fiables provienen del Estándar para la evaluación de la calidad de las estimaciones en encuestas de hogares del INE.</a>",Encuesta Suplementaria de Ingresos (ESI),PT,0
CL01:DF_BGYMEDIOOCU_CIUO(1.0),A,BGYMEDIOOCU,12,_T,2020,-32.1613196479354,,,1,"<a href="" https://www.ine.gob.cl/docs/default-source/institucionalidad/buenas-pr%C3%A1cticas/clasificaciones-y-estandares/est%C3%A1ndar-evaluaci%C3%B3n-de-calidad-de-estimaciones-publicaci%C3%B3n-27022020.pdf/"" target=""_blank"" rel=""noopener noreferrer"">La clasificación en estimaciones Fiables, Poco fiables y No fiables provienen del Estándar para la evaluación de la calidad de las estimaciones en encuestas de hogares del INE.</a>",Encuesta Suplementaria de Ingresos (ESI),PT,0
CL01:DF_BGYMEDIOOCU_CIUO(1.0),A,BGYMEDIOOCU,12,_T,2021,-19.8256573527142,,,1,"<a href="" https://www.ine.gob.cl/docs/default-source/institucionalidad/buenas-pr%C3%A1cticas/clasificaciones-y-estandares/est%C3%A1ndar-evaluaci%C3%B3n-de-calidad-de-estimaciones-publicaci%C3%B3n-27022020.pdf/"" target=""_blank"" rel=""noopener noreferrer"">La clasificación en estimaciones Fiables, Poco fiables y No fiables provienen del Estándar para la evaluación de la calidad de las estimaciones en encuestas de hogares del INE.</a>",Encuesta Suplementaria de Ingresos (ESI),PT,0
CL01:DF_BGYMEDIOOCU_CIUO(1.0),A,BGYMEDIOOCU,12,_T,2022,-21.6292007206495,,,1,"<a href="" https://www.ine.gob.cl/docs/default-source/institucionalidad/buenas-pr%C3%A1cticas/clasificaciones-y-estandares/est%C3%A1ndar-evaluaci%C3%B3n-de-calidad-de-estimaciones-publicaci%C3%B3n-27022020.pdf/"" target=""_blank"" rel=""noopener noreferrer"">La clasificación en estimaciones Fiables, Poco fiables y No fiables provienen del Estándar para la evaluación de la calidad de las estimaciones en encuestas de hogares del INE.</a>",Encuesta Suplementaria de Ingresos (ESI),PT,0
CL01:DF_BGYMEDIOOCU_CIUO(1.0),A,BGYMEDIOOCU,12,_T,2023,-25.5870911102292,,,1,"<a href="" https://www.ine.gob.cl/docs/default-source/institucionalidad/buenas-pr%C3%A1cticas/clasificaciones-y-estandares/est%C3%A1ndar-evaluaci%C3%B3n-de-calidad-de-estimaciones-publicaci%C3%B3n-27022020.pdf/"" target=""_blank"" rel=""noopener noreferrer"">La clasificación en estimaciones Fiables, Poco fiables y No fiables provienen del Estándar para la evaluación de la calidad de las estimaciones en encuestas de hogares del INE.</a>",Encuesta Suplementaria de Ingresos (ESI),PT,0
CL01:DF_BGYMEDIOOCU_CIUO(1.0),A,BGYMEDIOOCU,12,_T,2024,-25.6377735857175,,,1,"<a href="" https://www.ine.gob.cl/docs/default-source/institucionalidad/buenas-pr%C3%A1cticas/clasificaciones-y-estandares/est%C3%A1ndar-evaluaci%C3%B3n-de-calidad-de-estimaciones-publicaci%C3%B3n-27022020.pdf/"" target=""_blank"" rel=""noopener noreferrer"">La clasificación en estimaciones Fiables, Poco fiables y No fiables provienen del Estándar para la evaluación de la calidad de las estimaciones en encuestas de hogares del INE.</a>",Encuesta Suplementaria de Ingresos (ESI),PT,0
CL01:DF_BGYMEDIOOCU_CIUO(1.0),A,BGYMEDIOOCU,15,_T,2017,-33.5010600136666,,,1,"<a href="" https://www.ine.gob.cl/docs/default-source/institucionalidad/buenas-pr%C3%A1cticas/clasificaciones-y-estandares/est%C3%A1ndar-evaluaci%C3%B3n-de-calidad-de-estimaciones-publicaci%C3%B3n-27022020.pdf/"" target=""_blank"" rel=""noopener noreferrer"">La clasificación en estimaciones Fiables, Poco fiables y No fiables provienen del Estándar para la evaluación de la calidad de las estimaciones en encuestas de hogares del INE.</a>",Encuesta Suplementaria de Ingresos (ESI),PT,0
CL01:DF_BGYMEDIOOCU_CIUO(1.0),A,BGYMEDIOOCU,15,_T,2018,-28.0444321302365,,,1,"<a href="" https://www.ine.gob.cl/docs/default-source/institucionalidad/buenas-pr%C3%A1cticas/clasificaciones-y-estandares/est%C3%A1ndar-evaluaci%C3%B3n-de-calidad-de-estimaciones-publicaci%C3%B3n-27022020.pdf/"" target=""_blank"" rel=""noopener noreferrer"">La clasificación en estimaciones Fiables, Poco fiables y No fiables provienen del Estándar para la evaluación de la calidad de las estimaciones en encuestas de hogares del INE.</a>",Encuesta Suplementaria de Ingresos (ESI),PT,0
CL01:DF_BGYMEDIOOCU_CIUO(1.0),A,BGYMEDIOOCU,15,_T,2019,-25.4966957256147,,,1,"<a href="" https://www.ine.gob.cl/docs/default-source/institucionalidad/buenas-pr%C3%A1cticas/clasificaciones-y-estandares/est%C3%A1ndar-evaluaci%C3%B3n-de-calidad-de-estimaciones-publicaci%C3%B3n-27022020.pdf/"" target=""_blank"" rel=""noopener noreferrer"">La clasificación en estimaciones Fiables, Poco fiables y No fiables provienen del Estándar para la evaluación de la calidad de las estimaciones en encuestas de hogares del INE.</a>",Encuesta Suplementaria de Ingresos (ESI),PT,0
CL01:DF_BGYMEDIOOCU_CIUO(1.0),A,BGYMEDIOOCU,15,_T,2020,-11.3808458915945,,,1,"<a href="" https://www.ine.gob.cl/docs/default-source/institucionalidad/buenas-pr%C3%A1cticas/clasificaciones-y-estandares/est%C3%A1ndar-evaluaci%C3%B3n-de-calidad-de-estimaciones-publicaci%C3%B3n-27022020.pdf/"" target=""_blank"" rel=""noopener noreferrer"">La clasificación en estimaciones Fiables, Poco fiables y No fiables provienen del Estándar para la evaluación de la calidad de las estimaciones en encuestas de hogares del INE.</a>",Encuesta Suplementaria de Ingresos (ESI),PT,0
CL01:DF_BGYMEDIOOCU_CIUO(1.0),A,BGYMEDIOOCU,15,_T,2021,-29.5673718632845,,,1,"<a href="" https://www.ine.gob.cl/docs/default-source/institucionalidad/buenas-pr%C3%A1cticas/clasificaciones-y-estandares/est%C3%A1ndar-evaluaci%C3%B3n-de-calidad-de-estimaciones-publicaci%C3%B3n-27022020.pdf/"" target=""_blank"" rel=""noopener noreferrer"">La clasificación en estimaciones Fiables, Poco fiables y No fiables provienen del Estándar para la evaluación de la calidad de las estimaciones en encuestas de hogares del INE.</a>",Encuesta Suplementaria de Ingresos (ESI),PT,0
CL01:DF_BGYMEDIOOCU_CIUO(1.0),A,BGYMEDIOOCU,15,_T,2022,-24.4694594471347,,,1,"<a href="" https://www.ine.gob.cl/docs/default-source/institucionalidad/buenas-pr%C3%A1cticas/clasificaciones-y-estandares/est%C3%A1ndar-evaluaci%C3%B3n-de-calidad-de-estimaciones-publicaci%C3%B3n-27022020.pdf/"" target=""_blank"" rel=""noopener noreferrer"">La clasificación en estimaciones Fiables, Poco fiables y No fiables provienen del Estándar para la evaluación de la calidad de las estimaciones en encuestas de hogares del INE.</a>",Encuesta Suplementaria de Ingresos (ESI),PT,0
CL01:DF_BGYMEDIOOCU_CIUO(1.0),A,BGYMEDIOOCU,15,_T,2023,-17.2737961210703,,,1,"<a href="" https://www.ine.gob.cl/docs/default-source/institucionalidad/buenas-pr%C3%A1cticas/clasificaciones-y-estandares/est%C3%A1ndar-evaluaci%C3%B3n-de-calidad-de-estimaciones-publicaci%C3%B3n-27022020.pdf/"" target=""_blank"" rel=""noopener noreferrer"">La clasificación en estimaciones Fiables, Poco fiables y No fiables provienen del Estándar para la evaluación de la calidad de las estimaciones en encuestas de hogares del INE.</a>",Encuesta Suplementaria de Ingresos (ESI),PT,0
CL01:DF_BGYMEDIOOCU_CIUO(1.0),A,BGYMEDIOOCU,15,_T,2024,-26.743409230679,,,1,"<a href="" https://www.ine.gob.cl/docs/default-source/institucionalidad/buenas-pr%C3%A1cticas/clasificaciones-y-estandares/est%C3%A1ndar-evaluaci%C3%B3n-de-calidad-de-estimaciones-publicaci%C3%B3n-27022020.pdf/"" target=""_blank"" rel=""noopener noreferrer"">La clasificación en estimaciones Fiables, Poco fiables y No fiables provienen del Estándar para la evaluación de la calidad de las estimaciones en encuestas de hogares del INE.</a>",Encuesta Suplementaria de Ingresos (ESI),PT,0
CL01:DF_BGYMEDIOOCU_CIUO(1.0),A,BGYMEDIOOCU,16,_T,2017,-12.2551444887445,,,1,"<a href="" https://www.ine.gob.cl/docs/default-source/institucionalidad/buenas-pr%C3%A1cticas/clasificaciones-y-estandares/est%C3%A1ndar-evaluaci%C3%B3n-de-calidad-de-estimaciones-publicaci%C3%B3n-27022020.pdf/"" target=""_blank"" rel=""noopener noreferrer"">La clasificación en estimaciones Fiables, Poco fiables y No fiables provienen del Estándar para la evaluación de la calidad de las estimaciones en encuestas de hogares del INE.</a>",Encuesta Suplementaria de Ingresos (ESI),PT,0
CL01:DF_BGYMEDIOOCU_CIUO(1.0),A,BGYMEDIOOCU,16,_T,2018,-19.3051277570801,,,1,"<a href="" https://www.ine.gob.cl/docs/default-source/institucionalidad/buenas-pr%C3%A1cticas/clasificaciones-y-estandares/est%C3%A1ndar-evaluaci%C3%B3n-de-calidad-de-estimaciones-publicaci%C3%B3n-27022020.pdf/"" target=""_blank"" rel=""noopener noreferrer"">La clasificación en estimaciones Fiables, Poco fiables y No fiables provienen del Estándar para la evaluación de la calidad de las estimaciones en encuestas de hogares del INE.</a>",Encuesta Suplementaria de Ingresos (ESI),PT,0
CL01:DF_BGYMEDIOOCU_CIUO(1.0),A,BGYMEDIOOCU,16,_T,2019,-22.9053295179158,,,1,"<a href="" https://www.ine.gob.cl/docs/default-source/institucionalidad/buenas-pr%C3%A1cticas/clasificaciones-y-estandares/est%C3%A1ndar-evaluaci%C3%B3n-de-calidad-de-estimaciones-publicaci%C3%B3n-27022020.pdf/"" target=""_blank"" rel=""noopener noreferrer"">La clasificación en estimaciones Fiables, Poco fiables y No fiables provienen del Estándar para la evaluación de la calidad de las estimaciones en encuestas de hogares del INE.</a>",Encuesta Suplementaria de Ingresos (ESI),PT,0
CL01:DF_BGYMEDIOOCU_CIUO(1.0),A,BGYMEDIOOCU,16,_T,2020,-10.239920598492,,,1,"<a href="" https://www.ine.gob.cl/docs/default-source/institucionalidad/buenas-pr%C3%A1cticas/clasificaciones-y-estandares/est%C3%A1ndar-evaluaci%C3%B3n-de-calidad-de-estimaciones-publicaci%C3%B3n-27022020.pdf/"" target=""_blank"" rel=""noopener noreferrer"">La clasificación en estimaciones Fiables, Poco fiables y No fiables provienen del Estándar para la evaluación de la calidad de las estimaciones en encuestas de hogares del INE.</a>",Encuesta Suplementaria de Ingresos (ESI),PT,0
CL01:DF_BGYMEDIOOCU_CIUO(1.0),A,BGYMEDIOOCU,16,_T,2021,-21.7265410984701,,,1,"<a href="" https://www.ine.gob.cl/docs/default-source/institucionalidad/buenas-pr%C3%A1cticas/clasificaciones-y-estandares/est%C3%A1ndar-evaluaci%C3%B3n-de-calidad-de-estimaciones-publicaci%C3%B3n-27022020.pdf/"" target=""_blank"" rel=""noopener noreferrer"">La clasificación en estimaciones Fiables, Poco fiables y No fiables provienen del Estándar para la evaluación de la calidad de las estimaciones en encuestas de hogares del INE.</a>",Encuesta Suplementaria de Ingresos (ESI),PT,0
CL01:DF_BGYMEDIOOCU_CIUO(1.0),A,BGYMEDIOOCU,16,_T,2022,-17.0102869409011,,,1,"<a href="" https://www.ine.gob.cl/docs/default-source/institucionalidad/buenas-pr%C3%A1cticas/clasificaciones-y-estandares/est%C3%A1ndar-evaluaci%C3%B3n-de-calidad-de-estimaciones-publicaci%C3%B3n-27022020.pdf/"" target=""_blank"" rel=""noopener noreferrer"">La clasificación en estimaciones Fiables, Poco fiables y No fiables provienen del Estándar para la evaluación de la calidad de las estimaciones en encuestas de hogares del INE.</a>",Encuesta Suplementaria de Ingresos (ESI),PT,0
CL01:DF_BGYMEDIOOCU_CIUO(1.0),A,BGYMEDIOOCU,16,_T,2023,-21.2271420878212,,,1,"<a href="" https://www.ine.gob.cl/docs/default-source/institucionalidad/buenas-pr%C3%A1cticas/clasificaciones-y-estandares/est%C3%A1ndar-evaluaci%C3%B3n-de-calidad-de-estimaciones-publicaci%C3%B3n-27022020.pdf/"" target=""_blank"" rel=""noopener noreferrer"">La clasificación en estimaciones Fiables, Poco fiables y No fiables provienen del Estándar para la evaluación de la calidad de las estimaciones en encuestas de hogares del INE.</a>",Encuesta Suplementaria de Ingresos (ESI),PT,0
CL01:DF_BGYMEDIOOCU_CIUO(1.0),A,BGYMEDIOOCU,16,_T,2024,-6.6507190095088,,,1,"<a href="" https://www.ine.gob.cl/docs/default-source/institucionalidad/buenas-pr%C3%A1cticas/clasificaciones-y-estandares/est%C3%A1ndar-evaluaci%C3%B3n-de-calidad-de-estimaciones-publicaci%C3%B3n-27022020.pdf/"" target=""_blank"" rel=""noopener noreferrer"">La clasificación en estimaciones Fiables, Poco fiables y No fiables provienen del Estándar para la evaluación de la calidad de las estimaciones en encuestas de hogares del INE.</a>",Encuesta Suplementaria de Ingresos (ESI),PT,0
CL01:DF_BGYMEDIOOCU_CIUO(1.0),A,BGYMEDIOOCU,02,CIUO_6,2017,30.135759258162,X,,1,"<a href="" https://www.ine.gob.cl/docs/default-source/institucionalidad/buenas-pr%C3%A1cticas/clasificaciones-y-estandares/est%C3%A1ndar-evaluaci%C3%B3n-de-calidad-de-estimaciones-publicaci%C3%B3n-27022020.pdf/"" target=""_blank"" rel=""noopener noreferrer"">La clasificación en estimaciones Fiables, Poco fiables y No fiables provienen del Estándar para la evaluación de la calidad de las estimaciones en encuestas de hogares del INE.</a>",Encuesta Suplementaria de Ingresos (ESI),PT,0
CL01:DF_BGYMEDIOOCU_CIUO(1.0),A,BGYMEDIOOCU,02,CIUO_6,2018,28.9510961444887,X,,1,"<a href="" https://www.ine.gob.cl/docs/default-source/institucionalidad/buenas-pr%C3%A1cticas/clasificaciones-y-estandares/est%C3%A1ndar-evaluaci%C3%B3n-de-calidad-de-estimaciones-publicaci%C3%B3n-27022020.pdf/"" target=""_blank"" rel=""noopener noreferrer"">La clasificación en estimaciones Fiables, Poco fiables y No fiables provienen del Estándar para la evaluación de la calidad de las estimaciones en encuestas de hogares del INE.</a>",Encuesta Suplementaria de Ingresos (ESI),PT,0
CL01:DF_BGYMEDIOOCU_CIUO(1.0),A,BGYMEDIOOCU,02,CIUO_6,2019,,X,,1,"<a href="" https://www.ine.gob.cl/docs/default-source/institucionalidad/buenas-pr%C3%A1cticas/clasificaciones-y-estandares/est%C3%A1ndar-evaluaci%C3%B3n-de-calidad-de-estimaciones-publicaci%C3%B3n-27022020.pdf/"" target=""_blank"" rel=""noopener noreferrer"">La clasificación en estimaciones Fiables, Poco fiables y No fiables provienen del Estándar para la evaluación de la calidad de las estimaciones en encuestas de hogares del INE.</a>",Encuesta Suplementaria de Ingresos (ESI),PT,0
CL01:DF_BGYMEDIOOCU_CIUO(1.0),A,BGYMEDIOOCU,02,CIUO_6,2020,71.6929407169177,X,,1,"<a href="" https://www.ine.gob.cl/docs/default-source/institucionalidad/buenas-pr%C3%A1cticas/clasificaciones-y-estandares/est%C3%A1ndar-evaluaci%C3%B3n-de-calidad-de-estimaciones-publicaci%C3%B3n-27022020.pdf/"" target=""_blank"" rel=""noopener noreferrer"">La clasificación en estimaciones Fiables, Poco fiables y No fiables provienen del Estándar para la evaluación de la calidad de las estimaciones en encuestas de hogares del INE.</a>",Encuesta Suplementaria de Ingresos (ESI),PT,0
CL01:DF_BGYMEDIOOCU_CIUO(1.0),A,BGYMEDIOOCU,02,CIUO_6,2021,-74.8314129728501,X,,1,"<a href="" https://www.ine.gob.cl/docs/default-source/institucionalidad/buenas-pr%C3%A1cticas/clasificaciones-y-estandares/est%C3%A1ndar-evaluaci%C3%B3n-de-calidad-de-estimaciones-publicaci%C3%B3n-27022020.pdf/"" target=""_blank"" rel=""noopener noreferrer"">La clasificación en estimaciones Fiables, Poco fiables y No fiables provienen del Estándar para la evaluación de la calidad de las estimaciones en encuestas de hogares del INE.</a>",Encuesta Suplementaria de Ingresos (ESI),PT,0
CL01:DF_BGYMEDIOOCU_CIUO(1.0),A,BGYMEDIOOCU,02,CIUO_6,2022,15.7696748287511,X,,1,"<a href="" https://www.ine.gob.cl/docs/default-source/institucionalidad/buenas-pr%C3%A1cticas/clasificaciones-y-estandares/est%C3%A1ndar-evaluaci%C3%B3n-de-calidad-de-estimaciones-publicaci%C3%B3n-27022020.pdf/"" target=""_blank"" rel=""noopener noreferrer"">La clasificación en estimaciones Fiables, Poco fiables y No fiables provienen del Estándar para la evaluación de la calidad de las estimaciones en encuestas de hogares del INE.</a>",Encuesta Suplementaria de Ingresos (ESI),PT,0
CL01:DF_BGYMEDIOOCU_CIUO(1.0),A,BGYMEDIOOCU,02,CIUO_6,2023,45.9079231246953,X,,1,"<a href="" https://www.ine.gob.cl/docs/default-source/institucionalidad/buenas-pr%C3%A1cticas/clasificaciones-y-estandares/est%C3%A1ndar-evaluaci%C3%B3n-de-calidad-de-estimaciones-publicaci%C3%B3n-27022020.pdf/"" target=""_blank"" rel=""noopener noreferrer"">La clasificación en estimaciones Fiables, Poco fiables y No fiables provienen del Estándar para la evaluación de la calidad de las estimaciones en encuestas de hogares del INE.</a>",Encuesta Suplementaria de Ingresos (ESI),PT,0
CL01:DF_BGYMEDIOOCU_CIUO(1.0),A,BGYMEDIOOCU,02,CIUO_6,2024,-63.9259113909695,X,,1,"<a href="" https://www.ine.gob.cl/docs/default-source/institucionalidad/buenas-pr%C3%A1cticas/clasificaciones-y-estandares/est%C3%A1ndar-evaluaci%C3%B3n-de-calidad-de-estimaciones-publicaci%C3%B3n-27022020.pdf/"" target=""_blank"" rel=""noopener noreferrer"">La clasificación en estimaciones Fiables, Poco fiables y No fiables provienen del Estándar para la evaluación de la calidad de las estimaciones en encuestas de hogares del INE.</a>",Encuesta Suplementaria de Ingresos (ESI),PT,0
CL01:DF_BGYMEDIOOCU_CIUO(1.0),A,BGYMEDIOOCU,02,CIUO_7,2017,-74.1920972578055,X,,1,"<a href="" https://www.ine.gob.cl/docs/default-source/institucionalidad/buenas-pr%C3%A1cticas/clasificaciones-y-estandares/est%C3%A1ndar-evaluaci%C3%B3n-de-calidad-de-estimaciones-publicaci%C3%B3n-27022020.pdf/"" target=""_blank"" rel=""noopener noreferrer"">La clasificación en estimaciones Fiables, Poco fiables y No fiables provienen del Estándar para la evaluación de la calidad de las estimaciones en encuestas de hogares del INE.</a>",Encuesta Suplementaria de Ingresos (ESI),PT,0
CL01:DF_BGYMEDIOOCU_CIUO(1.0),A,BGYMEDIOOCU,02,CIUO_7,2018,-72.5773723942315,Y,,1,"<a href="" https://www.ine.gob.cl/docs/default-source/institucionalidad/buenas-pr%C3%A1cticas/clasificaciones-y-estandares/est%C3%A1ndar-evaluaci%C3%B3n-de-calidad-de-estimaciones-publicaci%C3%B3n-27022020.pdf/"" target=""_blank"" rel=""noopener noreferrer"">La clasificación en estimaciones Fiables, Poco fiables y No fiables provienen del Estándar para la evaluación de la calidad de las estimaciones en encuestas de hogares del INE.</a>",Encuesta Suplementaria de Ingresos (ESI),PT,0
CL01:DF_BGYMEDIOOCU_CIUO(1.0),A,BGYMEDIOOCU,02,CIUO_7,2019,-70.5737107476979,X,,1,"<a href="" https://www.ine.gob.cl/docs/default-source/institucionalidad/buenas-pr%C3%A1cticas/clasificaciones-y-estandares/est%C3%A1ndar-evaluaci%C3%B3n-de-calidad-de-estimaciones-publicaci%C3%B3n-27022020.pdf/"" target=""_blank"" rel=""noopener noreferrer"">La clasificación en estimaciones Fiables, Poco fiables y No fiables provienen del Estándar para la evaluación de la calidad de las estimaciones en encuestas de hogares del INE.</a>",Encuesta Suplementaria de Ingresos (ESI),PT,0
CL01:DF_BGYMEDIOOCU_CIUO(1.0),A,BGYMEDIOOCU,02,CIUO_7,2020,-60.5682338706578,Y,,1,"<a href="" https://www.ine.gob.cl/docs/default-source/institucionalidad/buenas-pr%C3%A1cticas/clasificaciones-y-estandares/est%C3%A1ndar-evaluaci%C3%B3n-de-calidad-de-estimaciones-publicaci%C3%B3n-27022020.pdf/"" target=""_blank"" rel=""noopener noreferrer"">La clasificación en estimaciones Fiables, Poco fiables y No fiables provienen del Estándar para la evaluación de la calidad de las estimaciones en encuestas de hogares del INE.</a>",Encuesta Suplementaria de Ingresos (ESI),PT,0
CL01:DF_BGYMEDIOOCU_CIUO(1.0),A,BGYMEDIOOCU,02,CIUO_7,2021,-48.6025027447557,Y,,1,"<a href="" https://www.ine.gob.cl/docs/default-source/institucionalidad/buenas-pr%C3%A1cticas/clasificaciones-y-estandares/est%C3%A1ndar-evaluaci%C3%B3n-de-calidad-de-estimaciones-publicaci%C3%B3n-27022020.pdf/"" target=""_blank"" rel=""noopener noreferrer"">La clasificación en estimaciones Fiables, Poco fiables y No fiables provienen del Estándar para la evaluación de la calidad de las estimaciones en encuestas de hogares del INE.</a>",Encuesta Suplementaria de Ingresos (ESI),PT,0
CL01:DF_BGYMEDIOOCU_CIUO(1.0),A,BGYMEDIOOCU,02,CIUO_7,2022,-60.8470501114551,Y,,1,"<a href="" https://www.ine.gob.cl/docs/default-source/institucionalidad/buenas-pr%C3%A1cticas/clasificaciones-y-estandares/est%C3%A1ndar-evaluaci%C3%B3n-de-calidad-de-estimaciones-publicaci%C3%B3n-27022020.pdf/"" target=""_blank"" rel=""noopener noreferrer"">La clasificación en estimaciones Fiables, Poco fiables y No fiables provienen del Estándar para la evaluación de la calidad de las estimaciones en encuestas de hogares del INE.</a>",Encuesta Suplementaria de Ingresos (ESI),PT,0
CL01:DF_BGYMEDIOOCU_CIUO(1.0),A,BGYMEDIOOCU,02,CIUO_7,2023,-42.420462011356,Y,,1,"<a href="" https://www.ine.gob.cl/docs/default-source/institucionalidad/buenas-pr%C3%A1cticas/clasificaciones-y-estandares/est%C3%A1ndar-evaluaci%C3%B3n-de-calidad-de-estimaciones-publicaci%C3%B3n-27022020.pdf/"" target=""_blank"" rel=""noopener noreferrer"">La clasificación en estimaciones Fiables, Poco fiables y No fiables provienen del Estándar para la evaluación de la calidad de las estimaciones en encuestas de hogares del INE.</a>",Encuesta Suplementaria de Ingresos (ESI),PT,0
CL01:DF_BGYMEDIOOCU_CIUO(1.0),A,BGYMEDIOOCU,02,CIUO_7,2024,-39.4679272226811,Y,,1,"<a href="" https://www.ine.gob.cl/docs/default-source/institucionalidad/buenas-pr%C3%A1cticas/clasificaciones-y-estandares/est%C3%A1ndar-evaluaci%C3%B3n-de-calidad-de-estimaciones-publicaci%C3%B3n-27022020.pdf/"" target=""_blank"" rel=""noopener noreferrer"">La clasificación en estimaciones Fiables, Poco fiables y No fiables provienen del Estándar para la evaluación de la calidad de las estimaciones en encuestas de hogares del INE.</a>",Encuesta Suplementaria de Ingresos (ESI),PT,0
CL01:DF_BGYMEDIOOCU_CIUO(1.0),A,BGYMEDIOOCU,03,CIUO_8,2017,-37.457838874081,Y,,1,"<a href="" https://www.ine.gob.cl/docs/default-source/institucionalidad/buenas-pr%C3%A1cticas/clasificaciones-y-estandares/est%C3%A1ndar-evaluaci%C3%B3n-de-calidad-de-estimaciones-publicaci%C3%B3n-27022020.pdf/"" target=""_blank"" rel=""noopener noreferrer"">La clasificación en estimaciones Fiables, Poco fiables y No fiables provienen del Estándar para la evaluación de la calidad de las estimaciones en encuestas de hogares del INE.</a>",Encuesta Suplementaria de Ingresos (ESI),PT,0
CL01:DF_BGYMEDIOOCU_CIUO(1.0),A,BGYMEDIOOCU,03,CIUO_8,2018,34.7283733487207,Y,,1,"<a href="" https://www.ine.gob.cl/docs/default-source/institucionalidad/buenas-pr%C3%A1cticas/clasificaciones-y-estandares/est%C3%A1ndar-evaluaci%C3%B3n-de-calidad-de-estimaciones-publicaci%C3%B3n-27022020.pdf/"" target=""_blank"" rel=""noopener noreferrer"">La clasificación en estimaciones Fiables, Poco fiables y No fiables provienen del Estándar para la evaluación de la calidad de las estimaciones en encuestas de hogares del INE.</a>",Encuesta Suplementaria de Ingresos (ESI),PT,0
CL01:DF_BGYMEDIOOCU_CIUO(1.0),A,BGYMEDIOOCU,03,CIUO_8,2019,-62.159613644113,X,,1,"<a href="" https://www.ine.gob.cl/docs/default-source/institucionalidad/buenas-pr%C3%A1cticas/clasificaciones-y-estandares/est%C3%A1ndar-evaluaci%C3%B3n-de-calidad-de-estimaciones-publicaci%C3%B3n-27022020.pdf/"" target=""_blank"" rel=""noopener noreferrer"">La clasificación en estimaciones Fiables, Poco fiables y No fiables provienen del Estándar para la evaluación de la calidad de las estimaciones en encuestas de hogares del INE.</a>",Encuesta Suplementaria de Ingresos (ESI),PT,0
CL01:DF_BGYMEDIOOCU_CIUO(1.0),A,BGYMEDIOOCU,03,CIUO_8,2020,-54.8654596910745,Y,,1,"<a href="" https://www.ine.gob.cl/docs/default-source/institucionalidad/buenas-pr%C3%A1cticas/clasificaciones-y-estandares/est%C3%A1ndar-evaluaci%C3%B3n-de-calidad-de-estimaciones-publicaci%C3%B3n-27022020.pdf/"" target=""_blank"" rel=""noopener noreferrer"">La clasificación en estimaciones Fiables, Poco fiables y No fiables provienen del Estándar para la evaluación de la calidad de las estimaciones en encuestas de hogares del INE.</a>",Encuesta Suplementaria de Ingresos (ESI),PT,0
CL01:DF_BGYMEDIOOCU_CIUO(1.0),A,BGYMEDIOOCU,03,CIUO_8,2021,-29.4395072401299,,,1,"<a href="" https://www.ine.gob.cl/docs/default-source/institucionalidad/buenas-pr%C3%A1cticas/clasificaciones-y-estandares/est%C3%A1ndar-evaluaci%C3%B3n-de-calidad-de-estimaciones-publicaci%C3%B3n-27022020.pdf/"" target=""_blank"" rel=""noopener noreferrer"">La clasificación en estimaciones Fiables, Poco fiables y No fiables provienen del Estándar para la evaluación de la calidad de las estimaciones en encuestas de hogares del INE.</a>",Encuesta Suplementaria de Ingresos (ESI),PT,0
CL01:DF_BGYMEDIOOCU_CIUO(1.0),A,BGYMEDIOOCU,03,CIUO_8,2022,-11.9813115511612,Y,,1,"<a href="" https://www.ine.gob.cl/docs/default-source/institucionalidad/buenas-pr%C3%A1cticas/clasificaciones-y-estandares/est%C3%A1ndar-evaluaci%C3%B3n-de-calidad-de-estimaciones-publicaci%C3%B3n-27022020.pdf/"" target=""_blank"" rel=""noopener noreferrer"">La clasificación en estimaciones Fiables, Poco fiables y No fiables provienen del Estándar para la evaluación de la calidad de las estimaciones en encuestas de hogares del INE.</a>",Encuesta Suplementaria de Ingresos (ESI),PT,0
CL01:DF_BGYMEDIOOCU_CIUO(1.0),A,BGYMEDIOOCU,03,CIUO_8,2023,-26.5437350972852,Y,,1,"<a href="" https://www.ine.gob.cl/docs/default-source/institucionalidad/buenas-pr%C3%A1cticas/clasificaciones-y-estandares/est%C3%A1ndar-evaluaci%C3%B3n-de-calidad-de-estimaciones-publicaci%C3%B3n-27022020.pdf/"" target=""_blank"" rel=""noopener noreferrer"">La clasificación en estimaciones Fiables, Poco fiables y No fiables provienen del Estándar para la evaluación de la calidad de las estimaciones en encuestas de hogares del INE.</a>",Encuesta Suplementaria de Ingresos (ESI),PT,0
CL01:DF_BGYMEDIOOCU_CIUO(1.0),A,BGYMEDIOOCU,03,CIUO_8,2024,-10.9300346436234,Y,,1,"<a href="" https://www.ine.gob.cl/docs/default-source/institucionalidad/buenas-pr%C3%A1cticas/clasificaciones-y-estandares/est%C3%A1ndar-evaluaci%C3%B3n-de-calidad-de-estimaciones-publicaci%C3%B3n-27022020.pdf/"" target=""_blank"" rel=""noopener noreferrer"">La clasificación en estimaciones Fiables, Poco fiables y No fiables provienen del Estándar para la evaluación de la calidad de las estimaciones en encuestas de hogares del INE.</a>",Encuesta Suplementaria de Ingresos (ESI),PT,0
CL01:DF_BGYMEDIOOCU_CIUO(1.0),A,BGYMEDIOOCU,04,CIUO_0,2017,-20.7312675188886,X,,1,"<a href="" https://www.ine.gob.cl/docs/default-source/institucionalidad/buenas-pr%C3%A1cticas/clasificaciones-y-estandares/est%C3%A1ndar-evaluaci%C3%B3n-de-calidad-de-estimaciones-publicaci%C3%B3n-27022020.pdf/"" target=""_blank"" rel=""noopener noreferrer"">La clasificación en estimaciones Fiables, Poco fiables y No fiables provienen del Estándar para la evaluación de la calidad de las estimaciones en encuestas de hogares del INE.</a>",Encuesta Suplementaria de Ingresos (ESI),PT,0
CL01:DF_BGYMEDIOOCU_CIUO(1.0),A,BGYMEDIOOCU,04,CIUO_0,2018,,X,,1,"<a href="" https://www.ine.gob.cl/docs/default-source/institucionalidad/buenas-pr%C3%A1cticas/clasificaciones-y-estandares/est%C3%A1ndar-evaluaci%C3%B3n-de-calidad-de-estimaciones-publicaci%C3%B3n-27022020.pdf/"" target=""_blank"" rel=""noopener noreferrer"">La clasificación en estimaciones Fiables, Poco fiables y No fiables provienen del Estándar para la evaluación de la calidad de las estimaciones en encuestas de hogares del INE.</a>",Encuesta Suplementaria de Ingresos (ESI),PT,0
CL01:DF_BGYMEDIOOCU_CIUO(1.0),A,BGYMEDIOOCU,04,CIUO_0,2019,,X,,1,"<a href="" https://www.ine.gob.cl/docs/default-source/institucionalidad/buenas-pr%C3%A1cticas/clasificaciones-y-estandares/est%C3%A1ndar-evaluaci%C3%B3n-de-calidad-de-estimaciones-publicaci%C3%B3n-27022020.pdf/"" target=""_blank"" rel=""noopener noreferrer"">La clasificación en estimaciones Fiables, Poco fiables y No fiables provienen del Estándar para la evaluación de la calidad de las estimaciones en encuestas de hogares del INE.</a>",Encuesta Suplementaria de Ingresos (ESI),PT,0
CL01:DF_BGYMEDIOOCU_CIUO(1.0),A,BGYMEDIOOCU,04,CIUO_0,2020,,X,,1,"<a href="" https://www.ine.gob.cl/docs/default-source/institucionalidad/buenas-pr%C3%A1cticas/clasificaciones-y-estandares/est%C3%A1ndar-evaluaci%C3%B3n-de-calidad-de-estimaciones-publicaci%C3%B3n-27022020.pdf/"" target=""_blank"" rel=""noopener noreferrer"">La clasificación en estimaciones Fiables, Poco fiables y No fiables provienen del Estándar para la evaluación de la calidad de las estimaciones en encuestas de hogares del INE.</a>",Encuesta Suplementaria de Ingresos (ESI),PT,0
CL01:DF_BGYMEDIOOCU_CIUO(1.0),A,BGYMEDIOOCU,04,CIUO_0,2021,,X,,1,"<a href="" https://www.ine.gob.cl/docs/default-source/institucionalidad/buenas-pr%C3%A1cticas/clasificaciones-y-estandares/est%C3%A1ndar-evaluaci%C3%B3n-de-calidad-de-estimaciones-publicaci%C3%B3n-27022020.pdf/"" target=""_blank"" rel=""noopener noreferrer"">La clasificación en estimaciones Fiables, Poco fiables y No fiables provienen del Estándar para la evaluación de la calidad de las estimaciones en encuestas de hogares del INE.</a>",Encuesta Suplementaria de Ingresos (ESI),PT,0
CL01:DF_BGYMEDIOOCU_CIUO(1.0),A,BGYMEDIOOCU,04,CIUO_0,2022,,X,,1,"<a href="" https://www.ine.gob.cl/docs/default-source/institucionalidad/buenas-pr%C3%A1cticas/clasificaciones-y-estandares/est%C3%A1ndar-evaluaci%C3%B3n-de-calidad-de-estimaciones-publicaci%C3%B3n-27022020.pdf/"" target=""_blank"" rel=""noopener noreferrer"">La clasificación en estimaciones Fiables, Poco fiables y No fiables provienen del Estándar para la evaluación de la calidad de las estimaciones en encuestas de hogares del INE.</a>",Encuesta Suplementaria de Ingresos (ESI),PT,0
CL01:DF_BGYMEDIOOCU_CIUO(1.0),A,BGYMEDIOOCU,04,CIUO_0,2023,,X,,1,"<a href="" https://www.ine.gob.cl/docs/default-source/institucionalidad/buenas-pr%C3%A1cticas/clasificaciones-y-estandares/est%C3%A1ndar-evaluaci%C3%B3n-de-calidad-de-estimaciones-publicaci%C3%B3n-27022020.pdf/"" target=""_blank"" rel=""noopener noreferrer"">La clasificación en estimaciones Fiables, Poco fiables y No fiables provienen del Estándar para la evaluación de la calidad de las estimaciones en encuestas de hogares del INE.</a>",Encuesta Suplementaria de Ingresos (ESI),PT,0
CL01:DF_BGYMEDIOOCU_CIUO(1.0),A,BGYMEDIOOCU,04,CIUO_0,2024,,X,,1,"<a href="" https://www.ine.gob.cl/docs/default-source/institucionalidad/buenas-pr%C3%A1cticas/clasificaciones-y-estandares/est%C3%A1ndar-evaluaci%C3%B3n-de-calidad-de-estimaciones-publicaci%C3%B3n-27022020.pdf/"" target=""_blank"" rel=""noopener noreferrer"">La clasificación en estimaciones Fiables, Poco fiables y No fiables provienen del Estándar para la evaluación de la calidad de las estimaciones en encuestas de hogares del INE.</a>",Encuesta Suplementaria de Ingresos (ESI),PT,0
CL01:DF_BGYMEDIOOCU_CIUO(1.0),A,BGYMEDIOOCU,07,CIUO_2,2017,-28.1257996764185,,,1,"<a href="" https://www.ine.gob.cl/docs/default-source/institucionalidad/buenas-pr%C3%A1cticas/clasificaciones-y-estandares/est%C3%A1ndar-evaluaci%C3%B3n-de-calidad-de-estimaciones-publicaci%C3%B3n-27022020.pdf/"" target=""_blank"" rel=""noopener noreferrer"">La clasificación en estimaciones Fiables, Poco fiables y No fiables provienen del Estándar para la evaluación de la calidad de las estimaciones en encuestas de hogares del INE.</a>",Encuesta Suplementaria de Ingresos (ESI),PT,0
CL01:DF_BGYMEDIOOCU_CIUO(1.0),A,BGYMEDIOOCU,07,CIUO_2,2018,-21.0860923215656,,,1,"<a href="" https://www.ine.gob.cl/docs/default-source/institucionalidad/buenas-pr%C3%A1cticas/clasificaciones-y-estandares/est%C3%A1ndar-evaluaci%C3%B3n-de-calidad-de-estimaciones-publicaci%C3%B3n-27022020.pdf/"" target=""_blank"" rel=""noopener noreferrer"">La clasificación en estimaciones Fiables, Poco fiables y No fiables provienen del Estándar para la evaluación de la calidad de las estimaciones en encuestas de hogares del INE.</a>",Encuesta Suplementaria de Ingresos (ESI),PT,0
CL01:DF_BGYMEDIOOCU_CIUO(1.0),A,BGYMEDIOOCU,07,CIUO_2,2019,-32.3917633539206,,,1,"<a href="" https://www.ine.gob.cl/docs/default-source/institucionalidad/buenas-pr%C3%A1cticas/clasificaciones-y-estandares/est%C3%A1ndar-evaluaci%C3%B3n-de-calidad-de-estimaciones-publicaci%C3%B3n-27022020.pdf/"" target=""_blank"" rel=""noopener noreferrer"">La clasificación en estimaciones Fiables, Poco fiables y No fiables provienen del Estándar para la evaluación de la calidad de las estimaciones en encuestas de hogares del INE.</a>",Encuesta Suplementaria de Ingresos (ESI),PT,0
CL01:DF_BGYMEDIOOCU_CIUO(1.0),A,BGYMEDIOOCU,07,CIUO_2,2020,-12.950235353085,,,1,"<a href="" https://www.ine.gob.cl/docs/default-source/institucionalidad/buenas-pr%C3%A1cticas/clasificaciones-y-estandares/est%C3%A1ndar-evaluaci%C3%B3n-de-calidad-de-estimaciones-publicaci%C3%B3n-27022020.pdf/"" target=""_blank"" rel=""noopener noreferrer"">La clasificación en estimaciones Fiables, Poco fiables y No fiables provienen del Estándar para la evaluación de la calidad de las estimaciones en encuestas de hogares del INE.</a>",Encuesta Suplementaria de Ingresos (ESI),PT,0
CL01:DF_BGYMEDIOOCU_CIUO(1.0),A,BGYMEDIOOCU,07,CIUO_2,2021,-22.7861991744295,,,1,"<a href="" https://www.ine.gob.cl/docs/default-source/institucionalidad/buenas-pr%C3%A1cticas/clasificaciones-y-estandares/est%C3%A1ndar-evaluaci%C3%B3n-de-calidad-de-estimaciones-publicaci%C3%B3n-27022020.pdf/"" target=""_blank"" rel=""noopener noreferrer"">La clasificación en estimaciones Fiables, Poco fiables y No fiables provienen del Estándar para la evaluación de la calidad de las estimaciones en encuestas de hogares del INE.</a>",Encuesta Suplementaria de Ingresos (ESI),PT,0
CL01:DF_BGYMEDIOOCU_CIUO(1.0),A,BGYMEDIOOCU,07,CIUO_2,2022,-20.0143009687017,,,1,"<a href="" https://www.ine.gob.cl/docs/default-source/institucionalidad/buenas-pr%C3%A1cticas/clasificaciones-y-estandares/est%C3%A1ndar-evaluaci%C3%B3n-de-calidad-de-estimaciones-publicaci%C3%B3n-27022020.pdf/"" target=""_blank"" rel=""noopener noreferrer"">La clasificación en estimaciones Fiables, Poco fiables y No fiables provienen del Estándar para la evaluación de la calidad de las estimaciones en encuestas de hogares del INE.</a>",Encuesta Suplementaria de Ingresos (ESI),PT,0
CL01:DF_BGYMEDIOOCU_CIUO(1.0),A,BGYMEDIOOCU,07,CIUO_2,2023,-15.5845316712252,,,1,"<a href="" https://www.ine.gob.cl/docs/default-source/institucionalidad/buenas-pr%C3%A1cticas/clasificaciones-y-estandares/est%C3%A1ndar-evaluaci%C3%B3n-de-calidad-de-estimaciones-publicaci%C3%B3n-27022020.pdf/"" target=""_blank"" rel=""noopener noreferrer"">La clasificación en estimaciones Fiables, Poco fiables y No fiables provienen del Estándar para la evaluación de la calidad de las estimaciones en encuestas de hogares del INE.</a>",Encuesta Suplementaria de Ingresos (ESI),PT,0
CL01:DF_BGYMEDIOOCU_CIUO(1.0),A,BGYMEDIOOCU,07,CIUO_2,2024,-9.87375601543221,,,1,"<a href="" https://www.ine.gob.cl/docs/default-source/institucionalidad/buenas-pr%C3%A1cticas/clasificaciones-y-estandares/est%C3%A1ndar-evaluaci%C3%B3n-de-calidad-de-estimaciones-publicaci%C3%B3n-27022020.pdf/"" target=""_blank"" rel=""noopener noreferrer"">La clasificación en estimaciones Fiables, Poco fiables y No fiables provienen del Estándar para la evaluación de la calidad de las estimaciones en encuestas de hogares del INE.</a>",Encuesta Suplementaria de Ingresos (ESI),PT,0
CL01:DF_BGYMEDIOOCU_CIUO(1.0),A,BGYMEDIOOCU,10,CIUO_0,2017,,X,,1,"<a href="" https://www.ine.gob.cl/docs/default-source/institucionalidad/buenas-pr%C3%A1cticas/clasificaciones-y-estandares/est%C3%A1ndar-evaluaci%C3%B3n-de-calidad-de-estimaciones-publicaci%C3%B3n-27022020.pdf/"" target=""_blank"" rel=""noopener noreferrer"">La clasificación en estimaciones Fiables, Poco fiables y No fiables provienen del Estándar para la evaluación de la calidad de las estimaciones en encuestas de hogares del INE.</a>",Encuesta Suplementaria de Ingresos (ESI),PT,0
CL01:DF_BGYMEDIOOCU_CIUO(1.0),A,BGYMEDIOOCU,10,CIUO_0,2018,,X,,1,"<a href="" https://www.ine.gob.cl/docs/default-source/institucionalidad/buenas-pr%C3%A1cticas/clasificaciones-y-estandares/est%C3%A1ndar-evaluaci%C3%B3n-de-calidad-de-estimaciones-publicaci%C3%B3n-27022020.pdf/"" target=""_blank"" rel=""noopener noreferrer"">La clasificación en estimaciones Fiables, Poco fiables y No fiables provienen del Estándar para la evaluación de la calidad de las estimaciones en encuestas de hogares del INE.</a>",Encuesta Suplementaria de Ingresos (ESI),PT,0
CL01:DF_BGYMEDIOOCU_CIUO(1.0),A,BGYMEDIOOCU,10,CIUO_0,2019,-52.1979639180975,X,,1,"<a href="" https://www.ine.gob.cl/docs/default-source/institucionalidad/buenas-pr%C3%A1cticas/clasificaciones-y-estandares/est%C3%A1ndar-evaluaci%C3%B3n-de-calidad-de-estimaciones-publicaci%C3%B3n-27022020.pdf/"" target=""_blank"" rel=""noopener noreferrer"">La clasificación en estimaciones Fiables, Poco fiables y No fiables provienen del Estándar para la evaluación de la calidad de las estimaciones en encuestas de hogares del INE.</a>",Encuesta Suplementaria de Ingresos (ESI),PT,0
CL01:DF_BGYMEDIOOCU_CIUO(1.0),A,BGYMEDIOOCU,10,CIUO_0,2020,,X,,1,"<a href="" https://www.ine.gob.cl/docs/default-source/institucionalidad/buenas-pr%C3%A1cticas/clasificaciones-y-estandares/est%C3%A1ndar-evaluaci%C3%B3n-de-calidad-de-estimaciones-publicaci%C3%B3n-27022020.pdf/"" target=""_blank"" rel=""noopener noreferrer"">La clasificación en estimaciones Fiables, Poco fiables y No fiables provienen del Estándar para la evaluación de la calidad de las estimaciones en encuestas de hogares del INE.</a>",Encuesta Suplementaria de Ingresos (ESI),PT,0
CL01:DF_BGYMEDIOOCU_CIUO(1.0),A,BGYMEDIOOCU,10,CIUO_0,2021,,X,,1,"<a href="" https://www.ine.gob.cl/docs/default-source/institucionalidad/buenas-pr%C3%A1cticas/clasificaciones-y-estandares/est%C3%A1ndar-evaluaci%C3%B3n-de-calidad-de-estimaciones-publicaci%C3%B3n-27022020.pdf/"" target=""_blank"" rel=""noopener noreferrer"">La clasificación en estimaciones Fiables, Poco fiables y No fiables provienen del Estándar para la evaluación de la calidad de las estimaciones en encuestas de hogares del INE.</a>",Encuesta Suplementaria de Ingresos (ESI),PT,0
CL01:DF_BGYMEDIOOCU_CIUO(1.0),A,BGYMEDIOOCU,10,CIUO_0,2022,,X,,1,"<a href="" https://www.ine.gob.cl/docs/default-source/institucionalidad/buenas-pr%C3%A1cticas/clasificaciones-y-estandares/est%C3%A1ndar-evaluaci%C3%B3n-de-calidad-de-estimaciones-publicaci%C3%B3n-27022020.pdf/"" target=""_blank"" rel=""noopener noreferrer"">La clasificación en estimaciones Fiables, Poco fiables y No fiables provienen del Estándar para la evaluación de la calidad de las estimaciones en encuestas de hogares del INE.</a>",Encuesta Suplementaria de Ingresos (ESI),PT,0
CL01:DF_BGYMEDIOOCU_CIUO(1.0),A,BGYMEDIOOCU,10,CIUO_0,2023,,X,,1,"<a href="" https://www.ine.gob.cl/docs/default-source/institucionalidad/buenas-pr%C3%A1cticas/clasificaciones-y-estandares/est%C3%A1ndar-evaluaci%C3%B3n-de-calidad-de-estimaciones-publicaci%C3%B3n-27022020.pdf/"" target=""_blank"" rel=""noopener noreferrer"">La clasificación en estimaciones Fiables, Poco fiables y No fiables provienen del Estándar para la evaluación de la calidad de las estimaciones en encuestas de hogares del INE.</a>",Encuesta Suplementaria de Ingresos (ESI),PT,0
CL01:DF_BGYMEDIOOCU_CIUO(1.0),A,BGYMEDIOOCU,10,CIUO_0,2024,7.66077762348198,X,,1,"<a href="" https://www.ine.gob.cl/docs/default-source/institucionalidad/buenas-pr%C3%A1cticas/clasificaciones-y-estandares/est%C3%A1ndar-evaluaci%C3%B3n-de-calidad-de-estimaciones-publicaci%C3%B3n-27022020.pdf/"" target=""_blank"" rel=""noopener noreferrer"">La clasificación en estimaciones Fiables, Poco fiables y No fiables provienen del Estándar para la evaluación de la calidad de las estimaciones en encuestas de hogares del INE.</a>",Encuesta Suplementaria de Ingresos (ESI),PT,0
CL01:DF_BGYMEDIOOCU_CIUO(1.0),A,BGYMEDIOOCU,12,CIUO_3,2017,-23.5644609895185,,,1,"<a href="" https://www.ine.gob.cl/docs/default-source/institucionalidad/buenas-pr%C3%A1cticas/clasificaciones-y-estandares/est%C3%A1ndar-evaluaci%C3%B3n-de-calidad-de-estimaciones-publicaci%C3%B3n-27022020.pdf/"" target=""_blank"" rel=""noopener noreferrer"">La clasificación en estimaciones Fiables, Poco fiables y No fiables provienen del Estándar para la evaluación de la calidad de las estimaciones en encuestas de hogares del INE.</a>",Encuesta Suplementaria de Ingresos (ESI),PT,0
CL01:DF_BGYMEDIOOCU_CIUO(1.0),A,BGYMEDIOOCU,12,CIUO_3,2018,-41.2359377176407,,,1,"<a href="" https://www.ine.gob.cl/docs/default-source/institucionalidad/buenas-pr%C3%A1cticas/clasificaciones-y-estandares/est%C3%A1ndar-evaluaci%C3%B3n-de-calidad-de-estimaciones-publicaci%C3%B3n-27022020.pdf/"" target=""_blank"" rel=""noopener noreferrer"">La clasificación en estimaciones Fiables, Poco fiables y No fiables provienen del Estándar para la evaluación de la calidad de las estimaciones en encuestas de hogares del INE.</a>",Encuesta Suplementaria de Ingresos (ESI),PT,0
CL01:DF_BGYMEDIOOCU_CIUO(1.0),A,BGYMEDIOOCU,12,CIUO_3,2019,-32.6464783933471,,,1,"<a href="" https://www.ine.gob.cl/docs/default-source/institucionalidad/buenas-pr%C3%A1cticas/clasificaciones-y-estandares/est%C3%A1ndar-evaluaci%C3%B3n-de-calidad-de-estimaciones-publicaci%C3%B3n-27022020.pdf/"" target=""_blank"" rel=""noopener noreferrer"">La clasificación en estimaciones Fiables, Poco fiables y No fiables provienen del Estándar para la evaluación de la calidad de las estimaciones en encuestas de hogares del INE.</a>",Encuesta Suplementaria de Ingresos (ESI),PT,0
CL01:DF_BGYMEDIOOCU_CIUO(1.0),A,BGYMEDIOOCU,12,CIUO_3,2020,-51.7342819292964,Y,,1,"<a href="" https://www.ine.gob.cl/docs/default-source/institucionalidad/buenas-pr%C3%A1cticas/clasificaciones-y-estandares/est%C3%A1ndar-evaluaci%C3%B3n-de-calidad-de-estimaciones-publicaci%C3%B3n-27022020.pdf/"" target=""_blank"" rel=""noopener noreferrer"">La clasificación en estimaciones Fiables, Poco fiables y No fiables provienen del Estándar para la evaluación de la calidad de las estimaciones en encuestas de hogares del INE.</a>",Encuesta Suplementaria de Ingresos (ESI),PT,0
CL01:DF_BGYMEDIOOCU_CIUO(1.0),A,BGYMEDIOOCU,12,CIUO_3,2021,-38.9054801874798,,,1,"<a href="" https://www.ine.gob.cl/docs/default-source/institucionalidad/buenas-pr%C3%A1cticas/clasificaciones-y-estandares/est%C3%A1ndar-evaluaci%C3%B3n-de-calidad-de-estimaciones-publicaci%C3%B3n-27022020.pdf/"" target=""_blank"" rel=""noopener noreferrer"">La clasificación en estimaciones Fiables, Poco fiables y No fiables provienen del Estándar para la evaluación de la calidad de las estimaciones en encuestas de hogares del INE.</a>",Encuesta Suplementaria de Ingresos (ESI),PT,0
CL01:DF_BGYMEDIOOCU_CIUO(1.0),A,BGYMEDIOOCU,12,CIUO_3,2022,-20.5205181970221,,,1,"<a href="" https://www.ine.gob.cl/docs/default-source/institucionalidad/buenas-pr%C3%A1cticas/clasificaciones-y-estandares/est%C3%A1ndar-evaluaci%C3%B3n-de-calidad-de-estimaciones-publicaci%C3%B3n-27022020.pdf/"" target=""_blank"" rel=""noopener noreferrer"">La clasificación en estimaciones Fiables, Poco fiables y No fiables provienen del Estándar para la evaluación de la calidad de las estimaciones en encuestas de hogares del INE.</a>",Encuesta Suplementaria de Ingresos (ESI),PT,0
CL01:DF_BGYMEDIOOCU_CIUO(1.0),A,BGYMEDIOOCU,12,CIUO_3,2023,-12.8848546553858,,,1,"<a href="" https://www.ine.gob.cl/docs/default-source/institucionalidad/buenas-pr%C3%A1cticas/clasificaciones-y-estandares/est%C3%A1ndar-evaluaci%C3%B3n-de-calidad-de-estimaciones-publicaci%C3%B3n-27022020.pdf/"" target=""_blank"" rel=""noopener noreferrer"">La clasificación en estimaciones Fiables, Poco fiables y No fiables provienen del Estándar para la evaluación de la calidad de las estimaciones en encuestas de hogares del INE.</a>",Encuesta Suplementaria de Ingresos (ESI),PT,0
CL01:DF_BGYMEDIOOCU_CIUO(1.0),A,BGYMEDIOOCU,12,CIUO_3,2024,-34.2919482749167,,,1,"<a href="" https://www.ine.gob.cl/docs/default-source/institucionalidad/buenas-pr%C3%A1cticas/clasificaciones-y-estandares/est%C3%A1ndar-evaluaci%C3%B3n-de-calidad-de-estimaciones-publicaci%C3%B3n-27022020.pdf/"" target=""_blank"" rel=""noopener noreferrer"">La clasificación en estimaciones Fiables, Poco fiables y No fiables provienen del Estándar para la evaluación de la calidad de las estimaciones en encuestas de hogares del INE.</a>",Encuesta Suplementaria de Ingresos (ESI),PT,0
CL01:DF_BGYMEDIOOCU_CIUO(1.0),A,BGYMEDIOOCU,14,CIUO_0,2017,,X,,1,"<a href="" https://www.ine.gob.cl/docs/default-source/institucionalidad/buenas-pr%C3%A1cticas/clasificaciones-y-estandares/est%C3%A1ndar-evaluaci%C3%B3n-de-calidad-de-estimaciones-publicaci%C3%B3n-27022020.pdf/"" target=""_blank"" rel=""noopener noreferrer"">La clasificación en estimaciones Fiables, Poco fiables y No fiables provienen del Estándar para la evaluación de la calidad de las estimaciones en encuestas de hogares del INE.</a>",Encuesta Suplementaria de Ingresos (ESI),PT,0
CL01:DF_BGYMEDIOOCU_CIUO(1.0),A,BGYMEDIOOCU,14,CIUO_0,2018,,X,,1,"<a href="" https://www.ine.gob.cl/docs/default-source/institucionalidad/buenas-pr%C3%A1cticas/clasificaciones-y-estandares/est%C3%A1ndar-evaluaci%C3%B3n-de-calidad-de-estimaciones-publicaci%C3%B3n-27022020.pdf/"" target=""_blank"" rel=""noopener noreferrer"">La clasificación en estimaciones Fiables, Poco fiables y No fiables provienen del Estándar para la evaluación de la calidad de las estimaciones en encuestas de hogares del INE.</a>",Encuesta Suplementaria de Ingresos (ESI),PT,0
CL01:DF_BGYMEDIOOCU_CIUO(1.0),A,BGYMEDIOOCU,14,CIUO_0,2019,-18.3628010523389,X,,1,"<a href="" https://www.ine.gob.cl/docs/default-source/institucionalidad/buenas-pr%C3%A1cticas/clasificaciones-y-estandares/est%C3%A1ndar-evaluaci%C3%B3n-de-calidad-de-estimaciones-publicaci%C3%B3n-27022020.pdf/"" target=""_blank"" rel=""noopener noreferrer"">La clasificación en estimaciones Fiables, Poco fiables y No fiables provienen del Estándar para la evaluación de la calidad de las estimaciones en encuestas de hogares del INE.</a>",Encuesta Suplementaria de Ingresos (ESI),PT,0
CL01:DF_BGYMEDIOOCU_CIUO(1.0),A,BGYMEDIOOCU,14,CIUO_0,2020,,X,,1,"<a href="" https://www.ine.gob.cl/docs/default-source/institucionalidad/buenas-pr%C3%A1cticas/clasificaciones-y-estandares/est%C3%A1ndar-evaluaci%C3%B3n-de-calidad-de-estimaciones-publicaci%C3%B3n-27022020.pdf/"" target=""_blank"" rel=""noopener noreferrer"">La clasificación en estimaciones Fiables, Poco fiables y No fiables provienen del Estándar para la evaluación de la calidad de las estimaciones en encuestas de hogares del INE.</a>",Encuesta Suplementaria de Ingresos (ESI),PT,0
CL01:DF_BGYMEDIOOCU_CIUO(1.0),A,BGYMEDIOOCU,14,CIUO_0,2021,,X,,1,"<a href="" https://www.ine.gob.cl/docs/default-source/institucionalidad/buenas-pr%C3%A1cticas/clasificaciones-y-estandares/est%C3%A1ndar-evaluaci%C3%B3n-de-calidad-de-estimaciones-publicaci%C3%B3n-27022020.pdf/"" target=""_blank"" rel=""noopener noreferrer"">La clasificación en estimaciones Fiables, Poco fiables y No fiables provienen del Estándar para la evaluación de la calidad de las estimaciones en encuestas de hogares del INE.</a>",Encuesta Suplementaria de Ingresos (ESI),PT,0
CL01:DF_BGYMEDIOOCU_CIUO(1.0),A,BGYMEDIOOCU,14,CIUO_0,2022,,X,,1,"<a href="" https://www.ine.gob.cl/docs/default-source/institucionalidad/buenas-pr%C3%A1cticas/clasificaciones-y-estandares/est%C3%A1ndar-evaluaci%C3%B3n-de-calidad-de-estimaciones-publicaci%C3%B3n-27022020.pdf/"" target=""_blank"" rel=""noopener noreferrer"">La clasificación en estimaciones Fiables, Poco fiables y No fiables provienen del Estándar para la evaluación de la calidad de las estimaciones en encuestas de hogares del INE.</a>",Encuesta Suplementaria de Ingresos (ESI),PT,0
CL01:DF_BGYMEDIOOCU_CIUO(1.0),A,BGYMEDIOOCU,14,CIUO_0,2023,,X,,1,"<a href="" https://www.ine.gob.cl/docs/default-source/institucionalidad/buenas-pr%C3%A1cticas/clasificaciones-y-estandares/est%C3%A1ndar-evaluaci%C3%B3n-de-calidad-de-estimaciones-publicaci%C3%B3n-27022020.pdf/"" target=""_blank"" rel=""noopener noreferrer"">La clasificación en estimaciones Fiables, Poco fiables y No fiables provienen del Estándar para la evaluación de la calidad de las estimaciones en encuestas de hogares del INE.</a>",Encuesta Suplementaria de Ingresos (ESI),PT,0
CL01:DF_BGYMEDIOOCU_CIUO(1.0),A,BGYMEDIOOCU,14,CIUO_0,2024,,X,,1,"<a href="" https://www.ine.gob.cl/docs/default-source/institucionalidad/buenas-pr%C3%A1cticas/clasificaciones-y-estandares/est%C3%A1ndar-evaluaci%C3%B3n-de-calidad-de-estimaciones-publicaci%C3%B3n-27022020.pdf/"" target=""_blank"" rel=""noopener noreferrer"">La clasificación en estimaciones Fiables, Poco fiables y No fiables provienen del Estándar para la evaluación de la calidad de las estimaciones en encuestas de hogares del INE.</a>",Encuesta Suplementaria de Ingresos (ESI),PT,0
CL01:DF_BGYMEDIOOCU_CIUO(1.0),A,BGYMEDIOOCU,_T,CIUO_2,2017,-32.5869340749164,,,1,"<a href="" https://www.ine.gob.cl/docs/default-source/institucionalidad/buenas-pr%C3%A1cticas/clasificaciones-y-estandares/est%C3%A1ndar-evaluaci%C3%B3n-de-calidad-de-estimaciones-publicaci%C3%B3n-27022020.pdf/"" target=""_blank"" rel=""noopener noreferrer"">La clasificación en estimaciones Fiables, Poco fiables y No fiables provienen del Estándar para la evaluación de la calidad de las estimaciones en encuestas de hogares del INE.</a>",Encuesta Suplementaria de Ingresos (ESI),PT,0
CL01:DF_BGYMEDIOOCU_CIUO(1.0),A,BGYMEDIOOCU,_T,CIUO_2,2018,-25.0972560322658,,,1,"<a href="" https://www.ine.gob.cl/docs/default-source/institucionalidad/buenas-pr%C3%A1cticas/clasificaciones-y-estandares/est%C3%A1ndar-evaluaci%C3%B3n-de-calidad-de-estimaciones-publicaci%C3%B3n-27022020.pdf/"" target=""_blank"" rel=""noopener noreferrer"">La clasificación en estimaciones Fiables, Poco fiables y No fiables provienen del Estándar para la evaluación de la calidad de las estimaciones en encuestas de hogares del INE.</a>",Encuesta Suplementaria de Ingresos (ESI),PT,0
CL01:DF_BGYMEDIOOCU_CIUO(1.0),A,BGYMEDIOOCU,_T,CIUO_2,2019,-29.945632461973,,,1,"<a href="" https://www.ine.gob.cl/docs/default-source/institucionalidad/buenas-pr%C3%A1cticas/clasificaciones-y-estandares/est%C3%A1ndar-evaluaci%C3%B3n-de-calidad-de-estimaciones-publicaci%C3%B3n-27022020.pdf/"" target=""_blank"" rel=""noopener noreferrer"">La clasificación en estimaciones Fiables, Poco fiables y No fiables provienen del Estándar para la evaluación de la calidad de las estimaciones en encuestas de hogares del INE.</a>",Encuesta Suplementaria de Ingresos (ESI),PT,0
CL01:DF_BGYMEDIOOCU_CIUO(1.0),A,BGYMEDIOOCU,_T,CIUO_2,2020,-22.6138778675596,,,1,"<a href="" https://www.ine.gob.cl/docs/default-source/institucionalidad/buenas-pr%C3%A1cticas/clasificaciones-y-estandares/est%C3%A1ndar-evaluaci%C3%B3n-de-calidad-de-estimaciones-publicaci%C3%B3n-27022020.pdf/"" target=""_blank"" rel=""noopener noreferrer"">La clasificación en estimaciones Fiables, Poco fiables y No fiables provienen del Estándar para la evaluación de la calidad de las estimaciones en encuestas de hogares del INE.</a>",Encuesta Suplementaria de Ingresos (ESI),PT,0
CL01:DF_BGYMEDIOOCU_CIUO(1.0),A,BGYMEDIOOCU,_T,CIUO_2,2021,-31.5795077210673,,,1,"<a href="" https://www.ine.gob.cl/docs/default-source/institucionalidad/buenas-pr%C3%A1cticas/clasificaciones-y-estandares/est%C3%A1ndar-evaluaci%C3%B3n-de-calidad-de-estimaciones-publicaci%C3%B3n-27022020.pdf/"" target=""_blank"" rel=""noopener noreferrer"">La clasificación en estimaciones Fiables, Poco fiables y No fiables provienen del Estándar para la evaluación de la calidad de las estimaciones en encuestas de hogares del INE.</a>",Encuesta Suplementaria de Ingresos (ESI),PT,0
CL01:DF_BGYMEDIOOCU_CIUO(1.0),A,BGYMEDIOOCU,_T,CIUO_2,2022,-27.4147333653369,,,1,"<a href="" https://www.ine.gob.cl/docs/default-source/institucionalidad/buenas-pr%C3%A1cticas/clasificaciones-y-estandares/est%C3%A1ndar-evaluaci%C3%B3n-de-calidad-de-estimaciones-publicaci%C3%B3n-27022020.pdf/"" target=""_blank"" rel=""noopener noreferrer"">La clasificación en estimaciones Fiables, Poco fiables y No fiables provienen del Estándar para la evaluación de la calidad de las estimaciones en encuestas de hogares del INE.</a>",Encuesta Suplementaria de Ingresos (ESI),PT,0
CL01:DF_BGYMEDIOOCU_CIUO(1.0),A,BGYMEDIOOCU,_T,CIUO_2,2023,-23.5258760609537,,,1,"<a href="" https://www.ine.gob.cl/docs/default-source/institucionalidad/buenas-pr%C3%A1cticas/clasificaciones-y-estandares/est%C3%A1ndar-evaluaci%C3%B3n-de-calidad-de-estimaciones-publicaci%C3%B3n-27022020.pdf/"" target=""_blank"" rel=""noopener noreferrer"">La clasificación en estimaciones Fiables, Poco fiables y No fiables provienen del Estándar para la evaluación de la calidad de las estimaciones en encuestas de hogares del INE.</a>",Encuesta Suplementaria de Ingresos (ESI),PT,0
CL01:DF_BGYMEDIOOCU_CIUO(1.0),A,BGYMEDIOOCU,_T,CIUO_2,2024,-26.6268523625719,,,1,"<a href="" https://www.ine.gob.cl/docs/default-source/institucionalidad/buenas-pr%C3%A1cticas/clasificaciones-y-estandares/est%C3%A1ndar-evaluaci%C3%B3n-de-calidad-de-estimaciones-publicaci%C3%B3n-27022020.pdf/"" target=""_blank"" rel=""noopener noreferrer"">La clasificación en estimaciones Fiables, Poco fiables y No fiables provienen del Estándar para la evaluación de la calidad de las estimaciones en encuestas de hogares del INE.</a>",Encuesta Suplementaria de Ingresos (ESI),PT,0
CL01:DF_BGYMEDIOOCU_CIUO(1.0),A,BGYMEDIOOCU,01,CIUO_SC,2017,,X,,1,"<a href="" https://www.ine.gob.cl/docs/default-source/institucionalidad/buenas-pr%C3%A1cticas/clasificaciones-y-estandares/est%C3%A1ndar-evaluaci%C3%B3n-de-calidad-de-estimaciones-publicaci%C3%B3n-27022020.pdf/"" target=""_blank"" rel=""noopener noreferrer"">La clasificación en estimaciones Fiables, Poco fiables y No fiables provienen del Estándar para la evaluación de la calidad de las estimaciones en encuestas de hogares del INE.</a>",Encuesta Suplementaria de Ingresos (ESI),PT,0
CL01:DF_BGYMEDIOOCU_CIUO(1.0),A,BGYMEDIOOCU,01,CIUO_SC,2018,,X,,1,"<a href="" https://www.ine.gob.cl/docs/default-source/institucionalidad/buenas-pr%C3%A1cticas/clasificaciones-y-estandares/est%C3%A1ndar-evaluaci%C3%B3n-de-calidad-de-estimaciones-publicaci%C3%B3n-27022020.pdf/"" target=""_blank"" rel=""noopener noreferrer"">La clasificación en estimaciones Fiables, Poco fiables y No fiables provienen del Estándar para la evaluación de la calidad de las estimaciones en encuestas de hogares del INE.</a>",Encuesta Suplementaria de Ingresos (ESI),PT,0
CL01:DF_BGYMEDIOOCU_CIUO(1.0),A,BGYMEDIOOCU,01,CIUO_SC,2019,,X,,1,"<a href="" https://www.ine.gob.cl/docs/default-source/institucionalidad/buenas-pr%C3%A1cticas/clasificaciones-y-estandares/est%C3%A1ndar-evaluaci%C3%B3n-de-calidad-de-estimaciones-publicaci%C3%B3n-27022020.pdf/"" target=""_blank"" rel=""noopener noreferrer"">La clasificación en estimaciones Fiables, Poco fiables y No fiables provienen del Estándar para la evaluación de la calidad de las estimaciones en encuestas de hogares del INE.</a>",Encuesta Suplementaria de Ingresos (ESI),PT,0
CL01:DF_BGYMEDIOOCU_CIUO(1.0),A,BGYMEDIOOCU,01,CIUO_SC,2020,-28.7480505429366,X,,1,"<a href="" https://www.ine.gob.cl/docs/default-source/institucionalidad/buenas-pr%C3%A1cticas/clasificaciones-y-estandares/est%C3%A1ndar-evaluaci%C3%B3n-de-calidad-de-estimaciones-publicaci%C3%B3n-27022020.pdf/"" target=""_blank"" rel=""noopener noreferrer"">La clasificación en estimaciones Fiables, Poco fiables y No fiables provienen del Estándar para la evaluación de la calidad de las estimaciones en encuestas de hogares del INE.</a>",Encuesta Suplementaria de Ingresos (ESI),PT,0
CL01:DF_BGYMEDIOOCU_CIUO(1.0),A,BGYMEDIOOCU,01,CIUO_SC,2021,,X,,1,"<a href="" https://www.ine.gob.cl/docs/default-source/institucionalidad/buenas-pr%C3%A1cticas/clasificaciones-y-estandares/est%C3%A1ndar-evaluaci%C3%B3n-de-calidad-de-estimaciones-publicaci%C3%B3n-27022020.pdf/"" target=""_blank"" rel=""noopener noreferrer"">La clasificación en estimaciones Fiables, Poco fiables y No fiables provienen del Estándar para la evaluación de la calidad de las estimaciones en encuestas de hogares del INE.</a>",Encuesta Suplementaria de Ingresos (ESI),PT,0
CL01:DF_BGYMEDIOOCU_CIUO(1.0),A,BGYMEDIOOCU,01,CIUO_SC,2022,,X,,1,"<a href="" https://www.ine.gob.cl/docs/default-source/institucionalidad/buenas-pr%C3%A1cticas/clasificaciones-y-estandares/est%C3%A1ndar-evaluaci%C3%B3n-de-calidad-de-estimaciones-publicaci%C3%B3n-27022020.pdf/"" target=""_blank"" rel=""noopener noreferrer"">La clasificación en estimaciones Fiables, Poco fiables y No fiables provienen del Estándar para la evaluación de la calidad de las estimaciones en encuestas de hogares del INE.</a>",Encuesta Suplementaria de Ingresos (ESI),PT,0
CL01:DF_BGYMEDIOOCU_CIUO(1.0),A,BGYMEDIOOCU,01,CIUO_SC,2023,,X,,1,"<a href="" https://www.ine.gob.cl/docs/default-source/institucionalidad/buenas-pr%C3%A1cticas/clasificaciones-y-estandares/est%C3%A1ndar-evaluaci%C3%B3n-de-calidad-de-estimaciones-publicaci%C3%B3n-27022020.pdf/"" target=""_blank"" rel=""noopener noreferrer"">La clasificación en estimaciones Fiables, Poco fiables y No fiables provienen del Estándar para la evaluación de la calidad de las estimaciones en encuestas de hogares del INE.</a>",Encuesta Suplementaria de Ingresos (ESI),PT,0
CL01:DF_BGYMEDIOOCU_CIUO(1.0),A,BGYMEDIOOCU,01,CIUO_SC,2024,,X,,1,"<a href="" https://www.ine.gob.cl/docs/default-source/institucionalidad/buenas-pr%C3%A1cticas/clasificaciones-y-estandares/est%C3%A1ndar-evaluaci%C3%B3n-de-calidad-de-estimaciones-publicaci%C3%B3n-27022020.pdf/"" target=""_blank"" rel=""noopener noreferrer"">La clasificación en estimaciones Fiables, Poco fiables y No fiables provienen del Estándar para la evaluación de la calidad de las estimaciones en encuestas de hogares del INE.</a>",Encuesta Suplementaria de Ingresos (ESI),PT,0
CL01:DF_BGYMEDIOOCU_CIUO(1.0),A,BGYMEDIOOCU,05,CIUO_SC,2017,,X,,1,"<a href="" https://www.ine.gob.cl/docs/default-source/institucionalidad/buenas-pr%C3%A1cticas/clasificaciones-y-estandares/est%C3%A1ndar-evaluaci%C3%B3n-de-calidad-de-estimaciones-publicaci%C3%B3n-27022020.pdf/"" target=""_blank"" rel=""noopener noreferrer"">La clasificación en estimaciones Fiables, Poco fiables y No fiables provienen del Estándar para la evaluación de la calidad de las estimaciones en encuestas de hogares del INE.</a>",Encuesta Suplementaria de Ingresos (ESI),PT,0
CL01:DF_BGYMEDIOOCU_CIUO(1.0),A,BGYMEDIOOCU,05,CIUO_SC,2018,,X,,1,"<a href="" https://www.ine.gob.cl/docs/default-source/institucionalidad/buenas-pr%C3%A1cticas/clasificaciones-y-estandares/est%C3%A1ndar-evaluaci%C3%B3n-de-calidad-de-estimaciones-publicaci%C3%B3n-27022020.pdf/"" target=""_blank"" rel=""noopener noreferrer"">La clasificación en estimaciones Fiables, Poco fiables y No fiables provienen del Estándar para la evaluación de la calidad de las estimaciones en encuestas de hogares del INE.</a>",Encuesta Suplementaria de Ingresos (ESI),PT,0
CL01:DF_BGYMEDIOOCU_CIUO(1.0),A,BGYMEDIOOCU,05,CIUO_SC,2019,,X,,1,"<a href="" https://www.ine.gob.cl/docs/default-source/institucionalidad/buenas-pr%C3%A1cticas/clasificaciones-y-estandares/est%C3%A1ndar-evaluaci%C3%B3n-de-calidad-de-estimaciones-publicaci%C3%B3n-27022020.pdf/"" target=""_blank"" rel=""noopener noreferrer"">La clasificación en estimaciones Fiables, Poco fiables y No fiables provienen del Estándar para la evaluación de la calidad de las estimaciones en encuestas de hogares del INE.</a>",Encuesta Suplementaria de Ingresos (ESI),PT,0
CL01:DF_BGYMEDIOOCU_CIUO(1.0),A,BGYMEDIOOCU,05,CIUO_SC,2020,,X,,1,"<a href="" https://www.ine.gob.cl/docs/default-source/institucionalidad/buenas-pr%C3%A1cticas/clasificaciones-y-estandares/est%C3%A1ndar-evaluaci%C3%B3n-de-calidad-de-estimaciones-publicaci%C3%B3n-27022020.pdf/"" target=""_blank"" rel=""noopener noreferrer"">La clasificación en estimaciones Fiables, Poco fiables y No fiables provienen del Estándar para la evaluación de la calidad de las estimaciones en encuestas de hogares del INE.</a>",Encuesta Suplementaria de Ingresos (ESI),PT,0
CL01:DF_BGYMEDIOOCU_CIUO(1.0),A,BGYMEDIOOCU,05,CIUO_SC,2021,,X,,1,"<a href="" https://www.ine.gob.cl/docs/default-source/institucionalidad/buenas-pr%C3%A1cticas/clasificaciones-y-estandares/est%C3%A1ndar-evaluaci%C3%B3n-de-calidad-de-estimaciones-publicaci%C3%B3n-27022020.pdf/"" target=""_blank"" rel=""noopener noreferrer"">La clasificación en estimaciones Fiables, Poco fiables y No fiables provienen del Estándar para la evaluación de la calidad de las estimaciones en encuestas de hogares del INE.</a>",Encuesta Suplementaria de Ingresos (ESI),PT,0
CL01:DF_BGYMEDIOOCU_CIUO(1.0),A,BGYMEDIOOCU,05,CIUO_SC,2022,,X,,1,"<a href="" https://www.ine.gob.cl/docs/default-source/institucionalidad/buenas-pr%C3%A1cticas/clasificaciones-y-estandares/est%C3%A1ndar-evaluaci%C3%B3n-de-calidad-de-estimaciones-publicaci%C3%B3n-27022020.pdf/"" target=""_blank"" rel=""noopener noreferrer"">La clasificación en estimaciones Fiables, Poco fiables y No fiables provienen del Estándar para la evaluación de la calidad de las estimaciones en encuestas de hogares del INE.</a>",Encuesta Suplementaria de Ingresos (ESI),PT,0
CL01:DF_BGYMEDIOOCU_CIUO(1.0),A,BGYMEDIOOCU,05,CIUO_SC,2023,-57.912635430377,X,,1,"<a href="" https://www.ine.gob.cl/docs/default-source/institucionalidad/buenas-pr%C3%A1cticas/clasificaciones-y-estandares/est%C3%A1ndar-evaluaci%C3%B3n-de-calidad-de-estimaciones-publicaci%C3%B3n-27022020.pdf/"" target=""_blank"" rel=""noopener noreferrer"">La clasificación en estimaciones Fiables, Poco fiables y No fiables provienen del Estándar para la evaluación de la calidad de las estimaciones en encuestas de hogares del INE.</a>",Encuesta Suplementaria de Ingresos (ESI),PT,0
CL01:DF_BGYMEDIOOCU_CIUO(1.0),A,BGYMEDIOOCU,05,CIUO_SC,2024,,X,,1,"<a href="" https://www.ine.gob.cl/docs/default-source/institucionalidad/buenas-pr%C3%A1cticas/clasificaciones-y-estandares/est%C3%A1ndar-evaluaci%C3%B3n-de-calidad-de-estimaciones-publicaci%C3%B3n-27022020.pdf/"" target=""_blank"" rel=""noopener noreferrer"">La clasificación en estimaciones Fiables, Poco fiables y No fiables provienen del Estándar para la evaluación de la calidad de las estimaciones en encuestas de hogares del INE.</a>",Encuesta Suplementaria de Ingresos (ESI),PT,0
CL01:DF_BGYMEDIOOCU_CIUO(1.0),A,BGYMEDIOOCU,15,CIUO_SC,2017,,X,,1,"<a href="" https://www.ine.gob.cl/docs/default-source/institucionalidad/buenas-pr%C3%A1cticas/clasificaciones-y-estandares/est%C3%A1ndar-evaluaci%C3%B3n-de-calidad-de-estimaciones-publicaci%C3%B3n-27022020.pdf/"" target=""_blank"" rel=""noopener noreferrer"">La clasificación en estimaciones Fiables, Poco fiables y No fiables provienen del Estándar para la evaluación de la calidad de las estimaciones en encuestas de hogares del INE.</a>",Encuesta Suplementaria de Ingresos (ESI),PT,0
CL01:DF_BGYMEDIOOCU_CIUO(1.0),A,BGYMEDIOOCU,15,CIUO_SC,2018,,X,,1,"<a href="" https://www.ine.gob.cl/docs/default-source/institucionalidad/buenas-pr%C3%A1cticas/clasificaciones-y-estandares/est%C3%A1ndar-evaluaci%C3%B3n-de-calidad-de-estimaciones-publicaci%C3%B3n-27022020.pdf/"" target=""_blank"" rel=""noopener noreferrer"">La clasificación en estimaciones Fiables, Poco fiables y No fiables provienen del Estándar para la evaluación de la calidad de las estimaciones en encuestas de hogares del INE.</a>",Encuesta Suplementaria de Ingresos (ESI),PT,0
CL01:DF_BGYMEDIOOCU_CIUO(1.0),A,BGYMEDIOOCU,15,CIUO_SC,2019,,X,,1,"<a href="" https://www.ine.gob.cl/docs/default-source/institucionalidad/buenas-pr%C3%A1cticas/clasificaciones-y-estandares/est%C3%A1ndar-evaluaci%C3%B3n-de-calidad-de-estimaciones-publicaci%C3%B3n-27022020.pdf/"" target=""_blank"" rel=""noopener noreferrer"">La clasificación en estimaciones Fiables, Poco fiables y No fiables provienen del Estándar para la evaluación de la calidad de las estimaciones en encuestas de hogares del INE.</a>",Encuesta Suplementaria de Ingresos (ESI),PT,0
CL01:DF_BGYMEDIOOCU_CIUO(1.0),A,BGYMEDIOOCU,15,CIUO_SC,2020,,X,,1,"<a href="" https://www.ine.gob.cl/docs/default-source/institucionalidad/buenas-pr%C3%A1cticas/clasificaciones-y-estandares/est%C3%A1ndar-evaluaci%C3%B3n-de-calidad-de-estimaciones-publicaci%C3%B3n-27022020.pdf/"" target=""_blank"" rel=""noopener noreferrer"">La clasificación en estimaciones Fiables, Poco fiables y No fiables provienen del Estándar para la evaluación de la calidad de las estimaciones en encuestas de hogares del INE.</a>",Encuesta Suplementaria de Ingresos (ESI),PT,0
CL01:DF_BGYMEDIOOCU_CIUO(1.0),A,BGYMEDIOOCU,15,CIUO_SC,2021,,X,,1,"<a href="" https://www.ine.gob.cl/docs/default-source/institucionalidad/buenas-pr%C3%A1cticas/clasificaciones-y-estandares/est%C3%A1ndar-evaluaci%C3%B3n-de-calidad-de-estimaciones-publicaci%C3%B3n-27022020.pdf/"" target=""_blank"" rel=""noopener noreferrer"">La clasificación en estimaciones Fiables, Poco fiables y No fiables provienen del Estándar para la evaluación de la calidad de las estimaciones en encuestas de hogares del INE.</a>",Encuesta Suplementaria de Ingresos (ESI),PT,0
CL01:DF_BGYMEDIOOCU_CIUO(1.0),A,BGYMEDIOOCU,15,CIUO_SC,2022,,X,,1,"<a href="" https://www.ine.gob.cl/docs/default-source/institucionalidad/buenas-pr%C3%A1cticas/clasificaciones-y-estandares/est%C3%A1ndar-evaluaci%C3%B3n-de-calidad-de-estimaciones-publicaci%C3%B3n-27022020.pdf/"" target=""_blank"" rel=""noopener noreferrer"">La clasificación en estimaciones Fiables, Poco fiables y No fiables provienen del Estándar para la evaluación de la calidad de las estimaciones en encuestas de hogares del INE.</a>",Encuesta Suplementaria de Ingresos (ESI),PT,0
CL01:DF_BGYMEDIOOCU_CIUO(1.0),A,BGYMEDIOOCU,15,CIUO_SC,2023,,X,,1,"<a href="" https://www.ine.gob.cl/docs/default-source/institucionalidad/buenas-pr%C3%A1cticas/clasificaciones-y-estandares/est%C3%A1ndar-evaluaci%C3%B3n-de-calidad-de-estimaciones-publicaci%C3%B3n-27022020.pdf/"" target=""_blank"" rel=""noopener noreferrer"">La clasificación en estimaciones Fiables, Poco fiables y No fiables provienen del Estándar para la evaluación de la calidad de las estimaciones en encuestas de hogares del INE.</a>",Encuesta Suplementaria de Ingresos (ESI),PT,0
CL01:DF_BGYMEDIOOCU_CIUO(1.0),A,BGYMEDIOOCU,15,CIUO_SC,2024,-3.394006281527,X,,1,"<a href="" https://www.ine.gob.cl/docs/default-source/institucionalidad/buenas-pr%C3%A1cticas/clasificaciones-y-estandares/est%C3%A1ndar-evaluaci%C3%B3n-de-calidad-de-estimaciones-publicaci%C3%B3n-27022020.pdf/"" target=""_blank"" rel=""noopener noreferrer"">La clasificación en estimaciones Fiables, Poco fiables y No fiables provienen del Estándar para la evaluación de la calidad de las estimaciones en encuestas de hogares del INE.</a>",Encuesta Suplementaria de Ingresos (ESI),PT,0
CL01:DF_BGYMEDIOOCU_CIUO(1.0),A,BGYMEDIOOCU,03,CIUO_6,2017,41.4394785776351,X,,1,"<a href="" https://www.ine.gob.cl/docs/default-source/institucionalidad/buenas-pr%C3%A1cticas/clasificaciones-y-estandares/est%C3%A1ndar-evaluaci%C3%B3n-de-calidad-de-estimaciones-publicaci%C3%B3n-27022020.pdf/"" target=""_blank"" rel=""noopener noreferrer"">La clasificación en estimaciones Fiables, Poco fiables y No fiables provienen del Estándar para la evaluación de la calidad de las estimaciones en encuestas de hogares del INE.</a>",Encuesta Suplementaria de Ingresos (ESI),PT,0
CL01:DF_BGYMEDIOOCU_CIUO(1.0),A,BGYMEDIOOCU,03,CIUO_6,2018,-23.6756171120966,X,,1,"<a href="" https://www.ine.gob.cl/docs/default-source/institucionalidad/buenas-pr%C3%A1cticas/clasificaciones-y-estandares/est%C3%A1ndar-evaluaci%C3%B3n-de-calidad-de-estimaciones-publicaci%C3%B3n-27022020.pdf/"" target=""_blank"" rel=""noopener noreferrer"">La clasificación en estimaciones Fiables, Poco fiables y No fiables provienen del Estándar para la evaluación de la calidad de las estimaciones en encuestas de hogares del INE.</a>",Encuesta Suplementaria de Ingresos (ESI),PT,0
CL01:DF_BGYMEDIOOCU_CIUO(1.0),A,BGYMEDIOOCU,03,CIUO_6,2019,-62.9880596563058,X,,1,"<a href="" https://www.ine.gob.cl/docs/default-source/institucionalidad/buenas-pr%C3%A1cticas/clasificaciones-y-estandares/est%C3%A1ndar-evaluaci%C3%B3n-de-calidad-de-estimaciones-publicaci%C3%B3n-27022020.pdf/"" target=""_blank"" rel=""noopener noreferrer"">La clasificación en estimaciones Fiables, Poco fiables y No fiables provienen del Estándar para la evaluación de la calidad de las estimaciones en encuestas de hogares del INE.</a>",Encuesta Suplementaria de Ingresos (ESI),PT,0
CL01:DF_BGYMEDIOOCU_CIUO(1.0),A,BGYMEDIOOCU,03,CIUO_6,2020,-35.3482629578252,X,,1,"<a href="" https://www.ine.gob.cl/docs/default-source/institucionalidad/buenas-pr%C3%A1cticas/clasificaciones-y-estandares/est%C3%A1ndar-evaluaci%C3%B3n-de-calidad-de-estimaciones-publicaci%C3%B3n-27022020.pdf/"" target=""_blank"" rel=""noopener noreferrer"">La clasificación en estimaciones Fiables, Poco fiables y No fiables provienen del Estándar para la evaluación de la calidad de las estimaciones en encuestas de hogares del INE.</a>",Encuesta Suplementaria de Ingresos (ESI),PT,0
CL01:DF_BGYMEDIOOCU_CIUO(1.0),A,BGYMEDIOOCU,03,CIUO_6,2021,-74.6023291192064,X,,1,"<a href="" https://www.ine.gob.cl/docs/default-source/institucionalidad/buenas-pr%C3%A1cticas/clasificaciones-y-estandares/est%C3%A1ndar-evaluaci%C3%B3n-de-calidad-de-estimaciones-publicaci%C3%B3n-27022020.pdf/"" target=""_blank"" rel=""noopener noreferrer"">La clasificación en estimaciones Fiables, Poco fiables y No fiables provienen del Estándar para la evaluación de la calidad de las estimaciones en encuestas de hogares del INE.</a>",Encuesta Suplementaria de Ingresos (ESI),PT,0
CL01:DF_BGYMEDIOOCU_CIUO(1.0),A,BGYMEDIOOCU,03,CIUO_6,2022,-39.940460640756,X,,1,"<a href="" https://www.ine.gob.cl/docs/default-source/institucionalidad/buenas-pr%C3%A1cticas/clasificaciones-y-estandares/est%C3%A1ndar-evaluaci%C3%B3n-de-calidad-de-estimaciones-publicaci%C3%B3n-27022020.pdf/"" target=""_blank"" rel=""noopener noreferrer"">La clasificación en estimaciones Fiables, Poco fiables y No fiables provienen del Estándar para la evaluación de la calidad de las estimaciones en encuestas de hogares del INE.</a>",Encuesta Suplementaria de Ingresos (ESI),PT,0
CL01:DF_BGYMEDIOOCU_CIUO(1.0),A,BGYMEDIOOCU,03,CIUO_6,2023,-58.3435456633172,X,,1,"<a href="" https://www.ine.gob.cl/docs/default-source/institucionalidad/buenas-pr%C3%A1cticas/clasificaciones-y-estandares/est%C3%A1ndar-evaluaci%C3%B3n-de-calidad-de-estimaciones-publicaci%C3%B3n-27022020.pdf/"" target=""_blank"" rel=""noopener noreferrer"">La clasificación en estimaciones Fiables, Poco fiables y No fiables provienen del Estándar para la evaluación de la calidad de las estimaciones en encuestas de hogares del INE.</a>",Encuesta Suplementaria de Ingresos (ESI),PT,0
CL01:DF_BGYMEDIOOCU_CIUO(1.0),A,BGYMEDIOOCU,03,CIUO_6,2024,-68.0463612313475,X,,1,"<a href="" https://www.ine.gob.cl/docs/default-source/institucionalidad/buenas-pr%C3%A1cticas/clasificaciones-y-estandares/est%C3%A1ndar-evaluaci%C3%B3n-de-calidad-de-estimaciones-publicaci%C3%B3n-27022020.pdf/"" target=""_blank"" rel=""noopener noreferrer"">La clasificación en estimaciones Fiables, Poco fiables y No fiables provienen del Estándar para la evaluación de la calidad de las estimaciones en encuestas de hogares del INE.</a>",Encuesta Suplementaria de Ingresos (ESI),PT,0
CL01:DF_BGYMEDIOOCU_CIUO(1.0),A,BGYMEDIOOCU,04,CIUO_8,2017,-42.3693356118473,,,1,"<a href="" https://www.ine.gob.cl/docs/default-source/institucionalidad/buenas-pr%C3%A1cticas/clasificaciones-y-estandares/est%C3%A1ndar-evaluaci%C3%B3n-de-calidad-de-estimaciones-publicaci%C3%B3n-27022020.pdf/"" target=""_blank"" rel=""noopener noreferrer"">La clasificación en estimaciones Fiables, Poco fiables y No fiables provienen del Estándar para la evaluación de la calidad de las estimaciones en encuestas de hogares del INE.</a>",Encuesta Suplementaria de Ingresos (ESI),PT,0
CL01:DF_BGYMEDIOOCU_CIUO(1.0),A,BGYMEDIOOCU,04,CIUO_8,2018,-46.1418426600026,Y,,1,"<a href="" https://www.ine.gob.cl/docs/default-source/institucionalidad/buenas-pr%C3%A1cticas/clasificaciones-y-estandares/est%C3%A1ndar-evaluaci%C3%B3n-de-calidad-de-estimaciones-publicaci%C3%B3n-27022020.pdf/"" target=""_blank"" rel=""noopener noreferrer"">La clasificación en estimaciones Fiables, Poco fiables y No fiables provienen del Estándar para la evaluación de la calidad de las estimaciones en encuestas de hogares del INE.</a>",Encuesta Suplementaria de Ingresos (ESI),PT,0
CL01:DF_BGYMEDIOOCU_CIUO(1.0),A,BGYMEDIOOCU,04,CIUO_8,2019,-44.4896732107565,,,1,"<a href="" https://www.ine.gob.cl/docs/default-source/institucionalidad/buenas-pr%C3%A1cticas/clasificaciones-y-estandares/est%C3%A1ndar-evaluaci%C3%B3n-de-calidad-de-estimaciones-publicaci%C3%B3n-27022020.pdf/"" target=""_blank"" rel=""noopener noreferrer"">La clasificación en estimaciones Fiables, Poco fiables y No fiables provienen del Estándar para la evaluación de la calidad de las estimaciones en encuestas de hogares del INE.</a>",Encuesta Suplementaria de Ingresos (ESI),PT,0
CL01:DF_BGYMEDIOOCU_CIUO(1.0),A,BGYMEDIOOCU,04,CIUO_8,2020,-31.3142934755088,,,1,"<a href="" https://www.ine.gob.cl/docs/default-source/institucionalidad/buenas-pr%C3%A1cticas/clasificaciones-y-estandares/est%C3%A1ndar-evaluaci%C3%B3n-de-calidad-de-estimaciones-publicaci%C3%B3n-27022020.pdf/"" target=""_blank"" rel=""noopener noreferrer"">La clasificación en estimaciones Fiables, Poco fiables y No fiables provienen del Estándar para la evaluación de la calidad de las estimaciones en encuestas de hogares del INE.</a>",Encuesta Suplementaria de Ingresos (ESI),PT,0
CL01:DF_BGYMEDIOOCU_CIUO(1.0),A,BGYMEDIOOCU,04,CIUO_8,2021,62.1888406317045,X,,1,"<a href="" https://www.ine.gob.cl/docs/default-source/institucionalidad/buenas-pr%C3%A1cticas/clasificaciones-y-estandares/est%C3%A1ndar-evaluaci%C3%B3n-de-calidad-de-estimaciones-publicaci%C3%B3n-27022020.pdf/"" target=""_blank"" rel=""noopener noreferrer"">La clasificación en estimaciones Fiables, Poco fiables y No fiables provienen del Estándar para la evaluación de la calidad de las estimaciones en encuestas de hogares del INE.</a>",Encuesta Suplementaria de Ingresos (ESI),PT,0
CL01:DF_BGYMEDIOOCU_CIUO(1.0),A,BGYMEDIOOCU,04,CIUO_8,2022,-27.2222041630308,X,,1,"<a href="" https://www.ine.gob.cl/docs/default-source/institucionalidad/buenas-pr%C3%A1cticas/clasificaciones-y-estandares/est%C3%A1ndar-evaluaci%C3%B3n-de-calidad-de-estimaciones-publicaci%C3%B3n-27022020.pdf/"" target=""_blank"" rel=""noopener noreferrer"">La clasificación en estimaciones Fiables, Poco fiables y No fiables provienen del Estándar para la evaluación de la calidad de las estimaciones en encuestas de hogares del INE.</a>",Encuesta Suplementaria de Ingresos (ESI),PT,0
CL01:DF_BGYMEDIOOCU_CIUO(1.0),A,BGYMEDIOOCU,04,CIUO_8,2023,-52.3954938205253,,,1,"<a href="" https://www.ine.gob.cl/docs/default-source/institucionalidad/buenas-pr%C3%A1cticas/clasificaciones-y-estandares/est%C3%A1ndar-evaluaci%C3%B3n-de-calidad-de-estimaciones-publicaci%C3%B3n-27022020.pdf/"" target=""_blank"" rel=""noopener noreferrer"">La clasificación en estimaciones Fiables, Poco fiables y No fiables provienen del Estándar para la evaluación de la calidad de las estimaciones en encuestas de hogares del INE.</a>",Encuesta Suplementaria de Ingresos (ESI),PT,0
CL01:DF_BGYMEDIOOCU_CIUO(1.0),A,BGYMEDIOOCU,04,CIUO_8,2024,-21.0809605577344,Y,,1,"<a href="" https://www.ine.gob.cl/docs/default-source/institucionalidad/buenas-pr%C3%A1cticas/clasificaciones-y-estandares/est%C3%A1ndar-evaluaci%C3%B3n-de-calidad-de-estimaciones-publicaci%C3%B3n-27022020.pdf/"" target=""_blank"" rel=""noopener noreferrer"">La clasificación en estimaciones Fiables, Poco fiables y No fiables provienen del Estándar para la evaluación de la calidad de las estimaciones en encuestas de hogares del INE.</a>",Encuesta Suplementaria de Ingresos (ESI),PT,0
CL01:DF_BGYMEDIOOCU_CIUO(1.0),A,BGYMEDIOOCU,06,CIUO_5,2017,-28.129729056869,Y,,1,"<a href="" https://www.ine.gob.cl/docs/default-source/institucionalidad/buenas-pr%C3%A1cticas/clasificaciones-y-estandares/est%C3%A1ndar-evaluaci%C3%B3n-de-calidad-de-estimaciones-publicaci%C3%B3n-27022020.pdf/"" target=""_blank"" rel=""noopener noreferrer"">La clasificación en estimaciones Fiables, Poco fiables y No fiables provienen del Estándar para la evaluación de la calidad de las estimaciones en encuestas de hogares del INE.</a>",Encuesta Suplementaria de Ingresos (ESI),PT,0
CL01:DF_BGYMEDIOOCU_CIUO(1.0),A,BGYMEDIOOCU,06,CIUO_5,2018,-36.5311040517031,,,1,"<a href="" https://www.ine.gob.cl/docs/default-source/institucionalidad/buenas-pr%C3%A1cticas/clasificaciones-y-estandares/est%C3%A1ndar-evaluaci%C3%B3n-de-calidad-de-estimaciones-publicaci%C3%B3n-27022020.pdf/"" target=""_blank"" rel=""noopener noreferrer"">La clasificación en estimaciones Fiables, Poco fiables y No fiables provienen del Estándar para la evaluación de la calidad de las estimaciones en encuestas de hogares del INE.</a>",Encuesta Suplementaria de Ingresos (ESI),PT,0
CL01:DF_BGYMEDIOOCU_CIUO(1.0),A,BGYMEDIOOCU,06,CIUO_5,2019,-39.2721662977309,,,1,"<a href="" https://www.ine.gob.cl/docs/default-source/institucionalidad/buenas-pr%C3%A1cticas/clasificaciones-y-estandares/est%C3%A1ndar-evaluaci%C3%B3n-de-calidad-de-estimaciones-publicaci%C3%B3n-27022020.pdf/"" target=""_blank"" rel=""noopener noreferrer"">La clasificación en estimaciones Fiables, Poco fiables y No fiables provienen del Estándar para la evaluación de la calidad de las estimaciones en encuestas de hogares del INE.</a>",Encuesta Suplementaria de Ingresos (ESI),PT,0
CL01:DF_BGYMEDIOOCU_CIUO(1.0),A,BGYMEDIOOCU,06,CIUO_5,2020,-24.1943727266922,,,1,"<a href="" https://www.ine.gob.cl/docs/default-source/institucionalidad/buenas-pr%C3%A1cticas/clasificaciones-y-estandares/est%C3%A1ndar-evaluaci%C3%B3n-de-calidad-de-estimaciones-publicaci%C3%B3n-27022020.pdf/"" target=""_blank"" rel=""noopener noreferrer"">La clasificación en estimaciones Fiables, Poco fiables y No fiables provienen del Estándar para la evaluación de la calidad de las estimaciones en encuestas de hogares del INE.</a>",Encuesta Suplementaria de Ingresos (ESI),PT,0
CL01:DF_BGYMEDIOOCU_CIUO(1.0),A,BGYMEDIOOCU,06,CIUO_5,2021,-33.0467674243715,,,1,"<a href="" https://www.ine.gob.cl/docs/default-source/institucionalidad/buenas-pr%C3%A1cticas/clasificaciones-y-estandares/est%C3%A1ndar-evaluaci%C3%B3n-de-calidad-de-estimaciones-publicaci%C3%B3n-27022020.pdf/"" target=""_blank"" rel=""noopener noreferrer"">La clasificación en estimaciones Fiables, Poco fiables y No fiables provienen del Estándar para la evaluación de la calidad de las estimaciones en encuestas de hogares del INE.</a>",Encuesta Suplementaria de Ingresos (ESI),PT,0
CL01:DF_BGYMEDIOOCU_CIUO(1.0),A,BGYMEDIOOCU,06,CIUO_5,2022,-31.4831847739129,,,1,"<a href="" https://www.ine.gob.cl/docs/default-source/institucionalidad/buenas-pr%C3%A1cticas/clasificaciones-y-estandares/est%C3%A1ndar-evaluaci%C3%B3n-de-calidad-de-estimaciones-publicaci%C3%B3n-27022020.pdf/"" target=""_blank"" rel=""noopener noreferrer"">La clasificación en estimaciones Fiables, Poco fiables y No fiables provienen del Estándar para la evaluación de la calidad de las estimaciones en encuestas de hogares del INE.</a>",Encuesta Suplementaria de Ingresos (ESI),PT,0
CL01:DF_BGYMEDIOOCU_CIUO(1.0),A,BGYMEDIOOCU,06,CIUO_5,2023,-29.9284822169261,,,1,"<a href="" https://www.ine.gob.cl/docs/default-source/institucionalidad/buenas-pr%C3%A1cticas/clasificaciones-y-estandares/est%C3%A1ndar-evaluaci%C3%B3n-de-calidad-de-estimaciones-publicaci%C3%B3n-27022020.pdf/"" target=""_blank"" rel=""noopener noreferrer"">La clasificación en estimaciones Fiables, Poco fiables y No fiables provienen del Estándar para la evaluación de la calidad de las estimaciones en encuestas de hogares del INE.</a>",Encuesta Suplementaria de Ingresos (ESI),PT,0
CL01:DF_BGYMEDIOOCU_CIUO(1.0),A,BGYMEDIOOCU,06,CIUO_5,2024,-31.8202632826692,,,1,"<a href="" https://www.ine.gob.cl/docs/default-source/institucionalidad/buenas-pr%C3%A1cticas/clasificaciones-y-estandares/est%C3%A1ndar-evaluaci%C3%B3n-de-calidad-de-estimaciones-publicaci%C3%B3n-27022020.pdf/"" target=""_blank"" rel=""noopener noreferrer"">La clasificación en estimaciones Fiables, Poco fiables y No fiables provienen del Estándar para la evaluación de la calidad de las estimaciones en encuestas de hogares del INE.</a>",Encuesta Suplementaria de Ingresos (ESI),PT,0
CL01:DF_BGYMEDIOOCU_CIUO(1.0),A,BGYMEDIOOCU,07,CIUO_4,2017,5.45378573947506,,,1,"<a href="" https://www.ine.gob.cl/docs/default-source/institucionalidad/buenas-pr%C3%A1cticas/clasificaciones-y-estandares/est%C3%A1ndar-evaluaci%C3%B3n-de-calidad-de-estimaciones-publicaci%C3%B3n-27022020.pdf/"" target=""_blank"" rel=""noopener noreferrer"">La clasificación en estimaciones Fiables, Poco fiables y No fiables provienen del Estándar para la evaluación de la calidad de las estimaciones en encuestas de hogares del INE.</a>",Encuesta Suplementaria de Ingresos (ESI),PT,0
CL01:DF_BGYMEDIOOCU_CIUO(1.0),A,BGYMEDIOOCU,07,CIUO_4,2018,-14.6164032389022,,,1,"<a href="" https://www.ine.gob.cl/docs/default-source/institucionalidad/buenas-pr%C3%A1cticas/clasificaciones-y-estandares/est%C3%A1ndar-evaluaci%C3%B3n-de-calidad-de-estimaciones-publicaci%C3%B3n-27022020.pdf/"" target=""_blank"" rel=""noopener noreferrer"">La clasificación en estimaciones Fiables, Poco fiables y No fiables provienen del Estándar para la evaluación de la calidad de las estimaciones en encuestas de hogares del INE.</a>",Encuesta Suplementaria de Ingresos (ESI),PT,0
CL01:DF_BGYMEDIOOCU_CIUO(1.0),A,BGYMEDIOOCU,07,CIUO_4,2019,-18.6311449356015,,,1,"<a href="" https://www.ine.gob.cl/docs/default-source/institucionalidad/buenas-pr%C3%A1cticas/clasificaciones-y-estandares/est%C3%A1ndar-evaluaci%C3%B3n-de-calidad-de-estimaciones-publicaci%C3%B3n-27022020.pdf/"" target=""_blank"" rel=""noopener noreferrer"">La clasificación en estimaciones Fiables, Poco fiables y No fiables provienen del Estándar para la evaluación de la calidad de las estimaciones en encuestas de hogares del INE.</a>",Encuesta Suplementaria de Ingresos (ESI),PT,0
CL01:DF_BGYMEDIOOCU_CIUO(1.0),A,BGYMEDIOOCU,07,CIUO_4,2020,15.1161342597222,,,1,"<a href="" https://www.ine.gob.cl/docs/default-source/institucionalidad/buenas-pr%C3%A1cticas/clasificaciones-y-estandares/est%C3%A1ndar-evaluaci%C3%B3n-de-calidad-de-estimaciones-publicaci%C3%B3n-27022020.pdf/"" target=""_blank"" rel=""noopener noreferrer"">La clasificación en estimaciones Fiables, Poco fiables y No fiables provienen del Estándar para la evaluación de la calidad de las estimaciones en encuestas de hogares del INE.</a>",Encuesta Suplementaria de Ingresos (ESI),PT,0
CL01:DF_BGYMEDIOOCU_CIUO(1.0),A,BGYMEDIOOCU,07,CIUO_4,2021,5.57045163762558,,,1,"<a href="" https://www.ine.gob.cl/docs/default-source/institucionalidad/buenas-pr%C3%A1cticas/clasificaciones-y-estandares/est%C3%A1ndar-evaluaci%C3%B3n-de-calidad-de-estimaciones-publicaci%C3%B3n-27022020.pdf/"" target=""_blank"" rel=""noopener noreferrer"">La clasificación en estimaciones Fiables, Poco fiables y No fiables provienen del Estándar para la evaluación de la calidad de las estimaciones en encuestas de hogares del INE.</a>",Encuesta Suplementaria de Ingresos (ESI),PT,0
CL01:DF_BGYMEDIOOCU_CIUO(1.0),A,BGYMEDIOOCU,07,CIUO_4,2022,-28.7376944719218,,,1,"<a href="" https://www.ine.gob.cl/docs/default-source/institucionalidad/buenas-pr%C3%A1cticas/clasificaciones-y-estandares/est%C3%A1ndar-evaluaci%C3%B3n-de-calidad-de-estimaciones-publicaci%C3%B3n-27022020.pdf/"" target=""_blank"" rel=""noopener noreferrer"">La clasificación en estimaciones Fiables, Poco fiables y No fiables provienen del Estándar para la evaluación de la calidad de las estimaciones en encuestas de hogares del INE.</a>",Encuesta Suplementaria de Ingresos (ESI),PT,0
CL01:DF_BGYMEDIOOCU_CIUO(1.0),A,BGYMEDIOOCU,07,CIUO_4,2023,-11.240289524065,,,1,"<a href="" https://www.ine.gob.cl/docs/default-source/institucionalidad/buenas-pr%C3%A1cticas/clasificaciones-y-estandares/est%C3%A1ndar-evaluaci%C3%B3n-de-calidad-de-estimaciones-publicaci%C3%B3n-27022020.pdf/"" target=""_blank"" rel=""noopener noreferrer"">La clasificación en estimaciones Fiables, Poco fiables y No fiables provienen del Estándar para la evaluación de la calidad de las estimaciones en encuestas de hogares del INE.</a>",Encuesta Suplementaria de Ingresos (ESI),PT,0
CL01:DF_BGYMEDIOOCU_CIUO(1.0),A,BGYMEDIOOCU,07,CIUO_4,2024,-0.740627455495783,,,1,"<a href="" https://www.ine.gob.cl/docs/default-source/institucionalidad/buenas-pr%C3%A1cticas/clasificaciones-y-estandares/est%C3%A1ndar-evaluaci%C3%B3n-de-calidad-de-estimaciones-publicaci%C3%B3n-27022020.pdf/"" target=""_blank"" rel=""noopener noreferrer"">La clasificación en estimaciones Fiables, Poco fiables y No fiables provienen del Estándar para la evaluación de la calidad de las estimaciones en encuestas de hogares del INE.</a>",Encuesta Suplementaria de Ingresos (ESI),PT,0
CL01:DF_BGYMEDIOOCU_CIUO(1.0),A,BGYMEDIOOCU,07,CIUO_9,2017,-31.6530537930223,,,1,"<a href="" https://www.ine.gob.cl/docs/default-source/institucionalidad/buenas-pr%C3%A1cticas/clasificaciones-y-estandares/est%C3%A1ndar-evaluaci%C3%B3n-de-calidad-de-estimaciones-publicaci%C3%B3n-27022020.pdf/"" target=""_blank"" rel=""noopener noreferrer"">La clasificación en estimaciones Fiables, Poco fiables y No fiables provienen del Estándar para la evaluación de la calidad de las estimaciones en encuestas de hogares del INE.</a>",Encuesta Suplementaria de Ingresos (ESI),PT,0
CL01:DF_BGYMEDIOOCU_CIUO(1.0),A,BGYMEDIOOCU,07,CIUO_9,2018,-30.0976404528414,,,1,"<a href="" https://www.ine.gob.cl/docs/default-source/institucionalidad/buenas-pr%C3%A1cticas/clasificaciones-y-estandares/est%C3%A1ndar-evaluaci%C3%B3n-de-calidad-de-estimaciones-publicaci%C3%B3n-27022020.pdf/"" target=""_blank"" rel=""noopener noreferrer"">La clasificación en estimaciones Fiables, Poco fiables y No fiables provienen del Estándar para la evaluación de la calidad de las estimaciones en encuestas de hogares del INE.</a>",Encuesta Suplementaria de Ingresos (ESI),PT,0
CL01:DF_BGYMEDIOOCU_CIUO(1.0),A,BGYMEDIOOCU,07,CIUO_9,2019,-31.0105500363527,,,1,"<a href="" https://www.ine.gob.cl/docs/default-source/institucionalidad/buenas-pr%C3%A1cticas/clasificaciones-y-estandares/est%C3%A1ndar-evaluaci%C3%B3n-de-calidad-de-estimaciones-publicaci%C3%B3n-27022020.pdf/"" target=""_blank"" rel=""noopener noreferrer"">La clasificación en estimaciones Fiables, Poco fiables y No fiables provienen del Estándar para la evaluación de la calidad de las estimaciones en encuestas de hogares del INE.</a>",Encuesta Suplementaria de Ingresos (ESI),PT,0
CL01:DF_BGYMEDIOOCU_CIUO(1.0),A,BGYMEDIOOCU,07,CIUO_9,2020,-18.4202096169855,,,1,"<a href="" https://www.ine.gob.cl/docs/default-source/institucionalidad/buenas-pr%C3%A1cticas/clasificaciones-y-estandares/est%C3%A1ndar-evaluaci%C3%B3n-de-calidad-de-estimaciones-publicaci%C3%B3n-27022020.pdf/"" target=""_blank"" rel=""noopener noreferrer"">La clasificación en estimaciones Fiables, Poco fiables y No fiables provienen del Estándar para la evaluación de la calidad de las estimaciones en encuestas de hogares del INE.</a>",Encuesta Suplementaria de Ingresos (ESI),PT,0
CL01:DF_BGYMEDIOOCU_CIUO(1.0),A,BGYMEDIOOCU,07,CIUO_9,2021,-15.9490073080639,,,1,"<a href="" https://www.ine.gob.cl/docs/default-source/institucionalidad/buenas-pr%C3%A1cticas/clasificaciones-y-estandares/est%C3%A1ndar-evaluaci%C3%B3n-de-calidad-de-estimaciones-publicaci%C3%B3n-27022020.pdf/"" target=""_blank"" rel=""noopener noreferrer"">La clasificación en estimaciones Fiables, Poco fiables y No fiables provienen del Estándar para la evaluación de la calidad de las estimaciones en encuestas de hogares del INE.</a>",Encuesta Suplementaria de Ingresos (ESI),PT,0
CL01:DF_BGYMEDIOOCU_CIUO(1.0),A,BGYMEDIOOCU,07,CIUO_9,2022,-25.0059754481563,,,1,"<a href="" https://www.ine.gob.cl/docs/default-source/institucionalidad/buenas-pr%C3%A1cticas/clasificaciones-y-estandares/est%C3%A1ndar-evaluaci%C3%B3n-de-calidad-de-estimaciones-publicaci%C3%B3n-27022020.pdf/"" target=""_blank"" rel=""noopener noreferrer"">La clasificación en estimaciones Fiables, Poco fiables y No fiables provienen del Estándar para la evaluación de la calidad de las estimaciones en encuestas de hogares del INE.</a>",Encuesta Suplementaria de Ingresos (ESI),PT,0
CL01:DF_BGYMEDIOOCU_CIUO(1.0),A,BGYMEDIOOCU,07,CIUO_9,2023,-25.0430515076109,,,1,"<a href="" https://www.ine.gob.cl/docs/default-source/institucionalidad/buenas-pr%C3%A1cticas/clasificaciones-y-estandares/est%C3%A1ndar-evaluaci%C3%B3n-de-calidad-de-estimaciones-publicaci%C3%B3n-27022020.pdf/"" target=""_blank"" rel=""noopener noreferrer"">La clasificación en estimaciones Fiables, Poco fiables y No fiables provienen del Estándar para la evaluación de la calidad de las estimaciones en encuestas de hogares del INE.</a>",Encuesta Suplementaria de Ingresos (ESI),PT,0
CL01:DF_BGYMEDIOOCU_CIUO(1.0),A,BGYMEDIOOCU,07,CIUO_9,2024,-24.9551499298122,,,1,"<a href="" https://www.ine.gob.cl/docs/default-source/institucionalidad/buenas-pr%C3%A1cticas/clasificaciones-y-estandares/est%C3%A1ndar-evaluaci%C3%B3n-de-calidad-de-estimaciones-publicaci%C3%B3n-27022020.pdf/"" target=""_blank"" rel=""noopener noreferrer"">La clasificación en estimaciones Fiables, Poco fiables y No fiables provienen del Estándar para la evaluación de la calidad de las estimaciones en encuestas de hogares del INE.</a>",Encuesta Suplementaria de Ingresos (ESI),PT,0
CL01:DF_BGYMEDIOOCU_CIUO(1.0),A,BGYMEDIOOCU,08,CIUO_0,2017,-54.7574813869692,X,,1,"<a href="" https://www.ine.gob.cl/docs/default-source/institucionalidad/buenas-pr%C3%A1cticas/clasificaciones-y-estandares/est%C3%A1ndar-evaluaci%C3%B3n-de-calidad-de-estimaciones-publicaci%C3%B3n-27022020.pdf/"" target=""_blank"" rel=""noopener noreferrer"">La clasificación en estimaciones Fiables, Poco fiables y No fiables provienen del Estándar para la evaluación de la calidad de las estimaciones en encuestas de hogares del INE.</a>",Encuesta Suplementaria de Ingresos (ESI),PT,0
CL01:DF_BGYMEDIOOCU_CIUO(1.0),A,BGYMEDIOOCU,08,CIUO_0,2018,,X,,1,"<a href="" https://www.ine.gob.cl/docs/default-source/institucionalidad/buenas-pr%C3%A1cticas/clasificaciones-y-estandares/est%C3%A1ndar-evaluaci%C3%B3n-de-calidad-de-estimaciones-publicaci%C3%B3n-27022020.pdf/"" target=""_blank"" rel=""noopener noreferrer"">La clasificación en estimaciones Fiables, Poco fiables y No fiables provienen del Estándar para la evaluación de la calidad de las estimaciones en encuestas de hogares del INE.</a>",Encuesta Suplementaria de Ingresos (ESI),PT,0
CL01:DF_BGYMEDIOOCU_CIUO(1.0),A,BGYMEDIOOCU,08,CIUO_0,2019,20.93374774584,X,,1,"<a href="" https://www.ine.gob.cl/docs/default-source/institucionalidad/buenas-pr%C3%A1cticas/clasificaciones-y-estandares/est%C3%A1ndar-evaluaci%C3%B3n-de-calidad-de-estimaciones-publicaci%C3%B3n-27022020.pdf/"" target=""_blank"" rel=""noopener noreferrer"">La clasificación en estimaciones Fiables, Poco fiables y No fiables provienen del Estándar para la evaluación de la calidad de las estimaciones en encuestas de hogares del INE.</a>",Encuesta Suplementaria de Ingresos (ESI),PT,0
CL01:DF_BGYMEDIOOCU_CIUO(1.0),A,BGYMEDIOOCU,08,CIUO_0,2020,17.9877806057872,X,,1,"<a href="" https://www.ine.gob.cl/docs/default-source/institucionalidad/buenas-pr%C3%A1cticas/clasificaciones-y-estandares/est%C3%A1ndar-evaluaci%C3%B3n-de-calidad-de-estimaciones-publicaci%C3%B3n-27022020.pdf/"" target=""_blank"" rel=""noopener noreferrer"">La clasificación en estimaciones Fiables, Poco fiables y No fiables provienen del Estándar para la evaluación de la calidad de las estimaciones en encuestas de hogares del INE.</a>",Encuesta Suplementaria de Ingresos (ESI),PT,0
CL01:DF_BGYMEDIOOCU_CIUO(1.0),A,BGYMEDIOOCU,08,CIUO_0,2021,,X,,1,"<a href="" https://www.ine.gob.cl/docs/default-source/institucionalidad/buenas-pr%C3%A1cticas/clasificaciones-y-estandares/est%C3%A1ndar-evaluaci%C3%B3n-de-calidad-de-estimaciones-publicaci%C3%B3n-27022020.pdf/"" target=""_blank"" rel=""noopener noreferrer"">La clasificación en estimaciones Fiables, Poco fiables y No fiables provienen del Estándar para la evaluación de la calidad de las estimaciones en encuestas de hogares del INE.</a>",Encuesta Suplementaria de Ingresos (ESI),PT,0
CL01:DF_BGYMEDIOOCU_CIUO(1.0),A,BGYMEDIOOCU,08,CIUO_0,2022,,X,,1,"<a href="" https://www.ine.gob.cl/docs/default-source/institucionalidad/buenas-pr%C3%A1cticas/clasificaciones-y-estandares/est%C3%A1ndar-evaluaci%C3%B3n-de-calidad-de-estimaciones-publicaci%C3%B3n-27022020.pdf/"" target=""_blank"" rel=""noopener noreferrer"">La clasificación en estimaciones Fiables, Poco fiables y No fiables provienen del Estándar para la evaluación de la calidad de las estimaciones en encuestas de hogares del INE.</a>",Encuesta Suplementaria de Ingresos (ESI),PT,0
CL01:DF_BGYMEDIOOCU_CIUO(1.0),A,BGYMEDIOOCU,08,CIUO_0,2023,-38.2313560390366,X,,1,"<a href="" https://www.ine.gob.cl/docs/default-source/institucionalidad/buenas-pr%C3%A1cticas/clasificaciones-y-estandares/est%C3%A1ndar-evaluaci%C3%B3n-de-calidad-de-estimaciones-publicaci%C3%B3n-27022020.pdf/"" target=""_blank"" rel=""noopener noreferrer"">La clasificación en estimaciones Fiables, Poco fiables y No fiables provienen del Estándar para la evaluación de la calidad de las estimaciones en encuestas de hogares del INE.</a>",Encuesta Suplementaria de Ingresos (ESI),PT,0
CL01:DF_BGYMEDIOOCU_CIUO(1.0),A,BGYMEDIOOCU,08,CIUO_0,2024,,X,,1,"<a href="" https://www.ine.gob.cl/docs/default-source/institucionalidad/buenas-pr%C3%A1cticas/clasificaciones-y-estandares/est%C3%A1ndar-evaluaci%C3%B3n-de-calidad-de-estimaciones-publicaci%C3%B3n-27022020.pdf/"" target=""_blank"" rel=""noopener noreferrer"">La clasificación en estimaciones Fiables, Poco fiables y No fiables provienen del Estándar para la evaluación de la calidad de las estimaciones en encuestas de hogares del INE.</a>",Encuesta Suplementaria de Ingresos (ESI),PT,0
CL01:DF_BGYMEDIOOCU_CIUO(1.0),A,BGYMEDIOOCU,09,CIUO_4,2017,26.860870152301,Y,,1,"<a href="" https://www.ine.gob.cl/docs/default-source/institucionalidad/buenas-pr%C3%A1cticas/clasificaciones-y-estandares/est%C3%A1ndar-evaluaci%C3%B3n-de-calidad-de-estimaciones-publicaci%C3%B3n-27022020.pdf/"" target=""_blank"" rel=""noopener noreferrer"">La clasificación en estimaciones Fiables, Poco fiables y No fiables provienen del Estándar para la evaluación de la calidad de las estimaciones en encuestas de hogares del INE.</a>",Encuesta Suplementaria de Ingresos (ESI),PT,0
CL01:DF_BGYMEDIOOCU_CIUO(1.0),A,BGYMEDIOOCU,09,CIUO_4,2018,9.43286624621334,Y,,1,"<a href="" https://www.ine.gob.cl/docs/default-source/institucionalidad/buenas-pr%C3%A1cticas/clasificaciones-y-estandares/est%C3%A1ndar-evaluaci%C3%B3n-de-calidad-de-estimaciones-publicaci%C3%B3n-27022020.pdf/"" target=""_blank"" rel=""noopener noreferrer"">La clasificación en estimaciones Fiables, Poco fiables y No fiables provienen del Estándar para la evaluación de la calidad de las estimaciones en encuestas de hogares del INE.</a>",Encuesta Suplementaria de Ingresos (ESI),PT,0
CL01:DF_BGYMEDIOOCU_CIUO(1.0),A,BGYMEDIOOCU,09,CIUO_4,2019,18.5831805420286,X,,1,"<a href="" https://www.ine.gob.cl/docs/default-source/institucionalidad/buenas-pr%C3%A1cticas/clasificaciones-y-estandares/est%C3%A1ndar-evaluaci%C3%B3n-de-calidad-de-estimaciones-publicaci%C3%B3n-27022020.pdf/"" target=""_blank"" rel=""noopener noreferrer"">La clasificación en estimaciones Fiables, Poco fiables y No fiables provienen del Estándar para la evaluación de la calidad de las estimaciones en encuestas de hogares del INE.</a>",Encuesta Suplementaria de Ingresos (ESI),PT,0
CL01:DF_BGYMEDIOOCU_CIUO(1.0),A,BGYMEDIOOCU,09,CIUO_4,2020,10.2689830350295,X,,1,"<a href="" https://www.ine.gob.cl/docs/default-source/institucionalidad/buenas-pr%C3%A1cticas/clasificaciones-y-estandares/est%C3%A1ndar-evaluaci%C3%B3n-de-calidad-de-estimaciones-publicaci%C3%B3n-27022020.pdf/"" target=""_blank"" rel=""noopener noreferrer"">La clasificación en estimaciones Fiables, Poco fiables y No fiables provienen del Estándar para la evaluación de la calidad de las estimaciones en encuestas de hogares del INE.</a>",Encuesta Suplementaria de Ingresos (ESI),PT,0
CL01:DF_BGYMEDIOOCU_CIUO(1.0),A,BGYMEDIOOCU,09,CIUO_4,2021,-13.2413587585659,X,,1,"<a href="" https://www.ine.gob.cl/docs/default-source/institucionalidad/buenas-pr%C3%A1cticas/clasificaciones-y-estandares/est%C3%A1ndar-evaluaci%C3%B3n-de-calidad-de-estimaciones-publicaci%C3%B3n-27022020.pdf/"" target=""_blank"" rel=""noopener noreferrer"">La clasificación en estimaciones Fiables, Poco fiables y No fiables provienen del Estándar para la evaluación de la calidad de las estimaciones en encuestas de hogares del INE.</a>",Encuesta Suplementaria de Ingresos (ESI),PT,0
CL01:DF_BGYMEDIOOCU_CIUO(1.0),A,BGYMEDIOOCU,09,CIUO_4,2022,-3.16446228660332,,,1,"<a href="" https://www.ine.gob.cl/docs/default-source/institucionalidad/buenas-pr%C3%A1cticas/clasificaciones-y-estandares/est%C3%A1ndar-evaluaci%C3%B3n-de-calidad-de-estimaciones-publicaci%C3%B3n-27022020.pdf/"" target=""_blank"" rel=""noopener noreferrer"">La clasificación en estimaciones Fiables, Poco fiables y No fiables provienen del Estándar para la evaluación de la calidad de las estimaciones en encuestas de hogares del INE.</a>",Encuesta Suplementaria de Ingresos (ESI),PT,0
CL01:DF_BGYMEDIOOCU_CIUO(1.0),A,BGYMEDIOOCU,09,CIUO_4,2023,-4.5954008688905,,,1,"<a href="" https://www.ine.gob.cl/docs/default-source/institucionalidad/buenas-pr%C3%A1cticas/clasificaciones-y-estandares/est%C3%A1ndar-evaluaci%C3%B3n-de-calidad-de-estimaciones-publicaci%C3%B3n-27022020.pdf/"" target=""_blank"" rel=""noopener noreferrer"">La clasificación en estimaciones Fiables, Poco fiables y No fiables provienen del Estándar para la evaluación de la calidad de las estimaciones en encuestas de hogares del INE.</a>",Encuesta Suplementaria de Ingresos (ESI),PT,0
CL01:DF_BGYMEDIOOCU_CIUO(1.0),A,BGYMEDIOOCU,09,CIUO_4,2024,-0.172924781155798,,,1,"<a href="" https://www.ine.gob.cl/docs/default-source/institucionalidad/buenas-pr%C3%A1cticas/clasificaciones-y-estandares/est%C3%A1ndar-evaluaci%C3%B3n-de-calidad-de-estimaciones-publicaci%C3%B3n-27022020.pdf/"" target=""_blank"" rel=""noopener noreferrer"">La clasificación en estimaciones Fiables, Poco fiables y No fiables provienen del Estándar para la evaluación de la calidad de las estimaciones en encuestas de hogares del INE.</a>",Encuesta Suplementaria de Ingresos (ESI),PT,0
CL01:DF_BGYMEDIOOCU_CIUO(1.0),A,BGYMEDIOOCU,09,CIUO_9,2017,-33.3774397008756,,,1,"<a href="" https://www.ine.gob.cl/docs/default-source/institucionalidad/buenas-pr%C3%A1cticas/clasificaciones-y-estandares/est%C3%A1ndar-evaluaci%C3%B3n-de-calidad-de-estimaciones-publicaci%C3%B3n-27022020.pdf/"" target=""_blank"" rel=""noopener noreferrer"">La clasificación en estimaciones Fiables, Poco fiables y No fiables provienen del Estándar para la evaluación de la calidad de las estimaciones en encuestas de hogares del INE.</a>",Encuesta Suplementaria de Ingresos (ESI),PT,0
CL01:DF_BGYMEDIOOCU_CIUO(1.0),A,BGYMEDIOOCU,09,CIUO_9,2018,-29.1864687182228,,,1,"<a href="" https://www.ine.gob.cl/docs/default-source/institucionalidad/buenas-pr%C3%A1cticas/clasificaciones-y-estandares/est%C3%A1ndar-evaluaci%C3%B3n-de-calidad-de-estimaciones-publicaci%C3%B3n-27022020.pdf/"" target=""_blank"" rel=""noopener noreferrer"">La clasificación en estimaciones Fiables, Poco fiables y No fiables provienen del Estándar para la evaluación de la calidad de las estimaciones en encuestas de hogares del INE.</a>",Encuesta Suplementaria de Ingresos (ESI),PT,0
CL01:DF_BGYMEDIOOCU_CIUO(1.0),A,BGYMEDIOOCU,09,CIUO_9,2019,-25.2372485797327,,,1,"<a href="" https://www.ine.gob.cl/docs/default-source/institucionalidad/buenas-pr%C3%A1cticas/clasificaciones-y-estandares/est%C3%A1ndar-evaluaci%C3%B3n-de-calidad-de-estimaciones-publicaci%C3%B3n-27022020.pdf/"" target=""_blank"" rel=""noopener noreferrer"">La clasificación en estimaciones Fiables, Poco fiables y No fiables provienen del Estándar para la evaluación de la calidad de las estimaciones en encuestas de hogares del INE.</a>",Encuesta Suplementaria de Ingresos (ESI),PT,0
CL01:DF_BGYMEDIOOCU_CIUO(1.0),A,BGYMEDIOOCU,09,CIUO_9,2020,-23.8680773151793,,,1,"<a href="" https://www.ine.gob.cl/docs/default-source/institucionalidad/buenas-pr%C3%A1cticas/clasificaciones-y-estandares/est%C3%A1ndar-evaluaci%C3%B3n-de-calidad-de-estimaciones-publicaci%C3%B3n-27022020.pdf/"" target=""_blank"" rel=""noopener noreferrer"">La clasificación en estimaciones Fiables, Poco fiables y No fiables provienen del Estándar para la evaluación de la calidad de las estimaciones en encuestas de hogares del INE.</a>",Encuesta Suplementaria de Ingresos (ESI),PT,0
CL01:DF_BGYMEDIOOCU_CIUO(1.0),A,BGYMEDIOOCU,09,CIUO_9,2021,-21.9665408123769,,,1,"<a href="" https://www.ine.gob.cl/docs/default-source/institucionalidad/buenas-pr%C3%A1cticas/clasificaciones-y-estandares/est%C3%A1ndar-evaluaci%C3%B3n-de-calidad-de-estimaciones-publicaci%C3%B3n-27022020.pdf/"" target=""_blank"" rel=""noopener noreferrer"">La clasificación en estimaciones Fiables, Poco fiables y No fiables provienen del Estándar para la evaluación de la calidad de las estimaciones en encuestas de hogares del INE.</a>",Encuesta Suplementaria de Ingresos (ESI),PT,0
CL01:DF_BGYMEDIOOCU_CIUO(1.0),A,BGYMEDIOOCU,09,CIUO_9,2022,-20.1341009497261,,,1,"<a href="" https://www.ine.gob.cl/docs/default-source/institucionalidad/buenas-pr%C3%A1cticas/clasificaciones-y-estandares/est%C3%A1ndar-evaluaci%C3%B3n-de-calidad-de-estimaciones-publicaci%C3%B3n-27022020.pdf/"" target=""_blank"" rel=""noopener noreferrer"">La clasificación en estimaciones Fiables, Poco fiables y No fiables provienen del Estándar para la evaluación de la calidad de las estimaciones en encuestas de hogares del INE.</a>",Encuesta Suplementaria de Ingresos (ESI),PT,0
CL01:DF_BGYMEDIOOCU_CIUO(1.0),A,BGYMEDIOOCU,09,CIUO_9,2023,-20.6777947379126,,,1,"<a href="" https://www.ine.gob.cl/docs/default-source/institucionalidad/buenas-pr%C3%A1cticas/clasificaciones-y-estandares/est%C3%A1ndar-evaluaci%C3%B3n-de-calidad-de-estimaciones-publicaci%C3%B3n-27022020.pdf/"" target=""_blank"" rel=""noopener noreferrer"">La clasificación en estimaciones Fiables, Poco fiables y No fiables provienen del Estándar para la evaluación de la calidad de las estimaciones en encuestas de hogares del INE.</a>",Encuesta Suplementaria de Ingresos (ESI),PT,0
CL01:DF_BGYMEDIOOCU_CIUO(1.0),A,BGYMEDIOOCU,09,CIUO_9,2024,-15.7850985437943,,,1,"<a href="" https://www.ine.gob.cl/docs/default-source/institucionalidad/buenas-pr%C3%A1cticas/clasificaciones-y-estandares/est%C3%A1ndar-evaluaci%C3%B3n-de-calidad-de-estimaciones-publicaci%C3%B3n-27022020.pdf/"" target=""_blank"" rel=""noopener noreferrer"">La clasificación en estimaciones Fiables, Poco fiables y No fiables provienen del Estándar para la evaluación de la calidad de las estimaciones en encuestas de hogares del INE.</a>",Encuesta Suplementaria de Ingresos (ESI),PT,0
CL01:DF_BGYMEDIOOCU_CIUO(1.0),A,BGYMEDIOOCU,11,CIUO_4,2017,50.9779871437708,Y,,1,"<a href="" https://www.ine.gob.cl/docs/default-source/institucionalidad/buenas-pr%C3%A1cticas/clasificaciones-y-estandares/est%C3%A1ndar-evaluaci%C3%B3n-de-calidad-de-estimaciones-publicaci%C3%B3n-27022020.pdf/"" target=""_blank"" rel=""noopener noreferrer"">La clasificación en estimaciones Fiables, Poco fiables y No fiables provienen del Estándar para la evaluación de la calidad de las estimaciones en encuestas de hogares del INE.</a>",Encuesta Suplementaria de Ingresos (ESI),PT,0
CL01:DF_BGYMEDIOOCU_CIUO(1.0),A,BGYMEDIOOCU,11,CIUO_4,2018,-2.58392608623122,Y,,1,"<a href="" https://www.ine.gob.cl/docs/default-source/institucionalidad/buenas-pr%C3%A1cticas/clasificaciones-y-estandares/est%C3%A1ndar-evaluaci%C3%B3n-de-calidad-de-estimaciones-publicaci%C3%B3n-27022020.pdf/"" target=""_blank"" rel=""noopener noreferrer"">La clasificación en estimaciones Fiables, Poco fiables y No fiables provienen del Estándar para la evaluación de la calidad de las estimaciones en encuestas de hogares del INE.</a>",Encuesta Suplementaria de Ingresos (ESI),PT,0
CL01:DF_BGYMEDIOOCU_CIUO(1.0),A,BGYMEDIOOCU,11,CIUO_4,2019,40.7499880903653,X,,1,"<a href="" https://www.ine.gob.cl/docs/default-source/institucionalidad/buenas-pr%C3%A1cticas/clasificaciones-y-estandares/est%C3%A1ndar-evaluaci%C3%B3n-de-calidad-de-estimaciones-publicaci%C3%B3n-27022020.pdf/"" target=""_blank"" rel=""noopener noreferrer"">La clasificación en estimaciones Fiables, Poco fiables y No fiables provienen del Estándar para la evaluación de la calidad de las estimaciones en encuestas de hogares del INE.</a>",Encuesta Suplementaria de Ingresos (ESI),PT,0
CL01:DF_BGYMEDIOOCU_CIUO(1.0),A,BGYMEDIOOCU,11,CIUO_4,2020,-5.9472473654361,X,,1,"<a href="" https://www.ine.gob.cl/docs/default-source/institucionalidad/buenas-pr%C3%A1cticas/clasificaciones-y-estandares/est%C3%A1ndar-evaluaci%C3%B3n-de-calidad-de-estimaciones-publicaci%C3%B3n-27022020.pdf/"" target=""_blank"" rel=""noopener noreferrer"">La clasificación en estimaciones Fiables, Poco fiables y No fiables provienen del Estándar para la evaluación de la calidad de las estimaciones en encuestas de hogares del INE.</a>",Encuesta Suplementaria de Ingresos (ESI),PT,0
CL01:DF_BGYMEDIOOCU_CIUO(1.0),A,BGYMEDIOOCU,11,CIUO_4,2021,4.44349825512239,X,,1,"<a href="" https://www.ine.gob.cl/docs/default-source/institucionalidad/buenas-pr%C3%A1cticas/clasificaciones-y-estandares/est%C3%A1ndar-evaluaci%C3%B3n-de-calidad-de-estimaciones-publicaci%C3%B3n-27022020.pdf/"" target=""_blank"" rel=""noopener noreferrer"">La clasificación en estimaciones Fiables, Poco fiables y No fiables provienen del Estándar para la evaluación de la calidad de las estimaciones en encuestas de hogares del INE.</a>",Encuesta Suplementaria de Ingresos (ESI),PT,0
CL01:DF_BGYMEDIOOCU_CIUO(1.0),A,BGYMEDIOOCU,11,CIUO_4,2022,-13.0447484520771,X,,1,"<a href="" https://www.ine.gob.cl/docs/default-source/institucionalidad/buenas-pr%C3%A1cticas/clasificaciones-y-estandares/est%C3%A1ndar-evaluaci%C3%B3n-de-calidad-de-estimaciones-publicaci%C3%B3n-27022020.pdf/"" target=""_blank"" rel=""noopener noreferrer"">La clasificación en estimaciones Fiables, Poco fiables y No fiables provienen del Estándar para la evaluación de la calidad de las estimaciones en encuestas de hogares del INE.</a>",Encuesta Suplementaria de Ingresos (ESI),PT,0
CL01:DF_BGYMEDIOOCU_CIUO(1.0),A,BGYMEDIOOCU,11,CIUO_4,2023,-14.8338001545301,Y,,1,"<a href="" https://www.ine.gob.cl/docs/default-source/institucionalidad/buenas-pr%C3%A1cticas/clasificaciones-y-estandares/est%C3%A1ndar-evaluaci%C3%B3n-de-calidad-de-estimaciones-publicaci%C3%B3n-27022020.pdf/"" target=""_blank"" rel=""noopener noreferrer"">La clasificación en estimaciones Fiables, Poco fiables y No fiables provienen del Estándar para la evaluación de la calidad de las estimaciones en encuestas de hogares del INE.</a>",Encuesta Suplementaria de Ingresos (ESI),PT,0
CL01:DF_BGYMEDIOOCU_CIUO(1.0),A,BGYMEDIOOCU,11,CIUO_4,2024,-1.98741478720335,X,,1,"<a href="" https://www.ine.gob.cl/docs/default-source/institucionalidad/buenas-pr%C3%A1cticas/clasificaciones-y-estandares/est%C3%A1ndar-evaluaci%C3%B3n-de-calidad-de-estimaciones-publicaci%C3%B3n-27022020.pdf/"" target=""_blank"" rel=""noopener noreferrer"">La clasificación en estimaciones Fiables, Poco fiables y No fiables provienen del Estándar para la evaluación de la calidad de las estimaciones en encuestas de hogares del INE.</a>",Encuesta Suplementaria de Ingresos (ESI),PT,0
CL01:DF_BGYMEDIOOCU_CIUO(1.0),A,BGYMEDIOOCU,11,CIUO_9,2017,-33.0346358122654,,,1,"<a href="" https://www.ine.gob.cl/docs/default-source/institucionalidad/buenas-pr%C3%A1cticas/clasificaciones-y-estandares/est%C3%A1ndar-evaluaci%C3%B3n-de-calidad-de-estimaciones-publicaci%C3%B3n-27022020.pdf/"" target=""_blank"" rel=""noopener noreferrer"">La clasificación en estimaciones Fiables, Poco fiables y No fiables provienen del Estándar para la evaluación de la calidad de las estimaciones en encuestas de hogares del INE.</a>",Encuesta Suplementaria de Ingresos (ESI),PT,0
CL01:DF_BGYMEDIOOCU_CIUO(1.0),A,BGYMEDIOOCU,11,CIUO_9,2018,-31.2874324036132,,,1,"<a href="" https://www.ine.gob.cl/docs/default-source/institucionalidad/buenas-pr%C3%A1cticas/clasificaciones-y-estandares/est%C3%A1ndar-evaluaci%C3%B3n-de-calidad-de-estimaciones-publicaci%C3%B3n-27022020.pdf/"" target=""_blank"" rel=""noopener noreferrer"">La clasificación en estimaciones Fiables, Poco fiables y No fiables provienen del Estándar para la evaluación de la calidad de las estimaciones en encuestas de hogares del INE.</a>",Encuesta Suplementaria de Ingresos (ESI),PT,0
CL01:DF_BGYMEDIOOCU_CIUO(1.0),A,BGYMEDIOOCU,11,CIUO_9,2019,-23.3605148506962,,,1,"<a href="" https://www.ine.gob.cl/docs/default-source/institucionalidad/buenas-pr%C3%A1cticas/clasificaciones-y-estandares/est%C3%A1ndar-evaluaci%C3%B3n-de-calidad-de-estimaciones-publicaci%C3%B3n-27022020.pdf/"" target=""_blank"" rel=""noopener noreferrer"">La clasificación en estimaciones Fiables, Poco fiables y No fiables provienen del Estándar para la evaluación de la calidad de las estimaciones en encuestas de hogares del INE.</a>",Encuesta Suplementaria de Ingresos (ESI),PT,0
CL01:DF_BGYMEDIOOCU_CIUO(1.0),A,BGYMEDIOOCU,11,CIUO_9,2020,-31.4667118093938,,,1,"<a href="" https://www.ine.gob.cl/docs/default-source/institucionalidad/buenas-pr%C3%A1cticas/clasificaciones-y-estandares/est%C3%A1ndar-evaluaci%C3%B3n-de-calidad-de-estimaciones-publicaci%C3%B3n-27022020.pdf/"" target=""_blank"" rel=""noopener noreferrer"">La clasificación en estimaciones Fiables, Poco fiables y No fiables provienen del Estándar para la evaluación de la calidad de las estimaciones en encuestas de hogares del INE.</a>",Encuesta Suplementaria de Ingresos (ESI),PT,0
CL01:DF_BGYMEDIOOCU_CIUO(1.0),A,BGYMEDIOOCU,11,CIUO_9,2021,-28.3030003637448,,,1,"<a href="" https://www.ine.gob.cl/docs/default-source/institucionalidad/buenas-pr%C3%A1cticas/clasificaciones-y-estandares/est%C3%A1ndar-evaluaci%C3%B3n-de-calidad-de-estimaciones-publicaci%C3%B3n-27022020.pdf/"" target=""_blank"" rel=""noopener noreferrer"">La clasificación en estimaciones Fiables, Poco fiables y No fiables provienen del Estándar para la evaluación de la calidad de las estimaciones en encuestas de hogares del INE.</a>",Encuesta Suplementaria de Ingresos (ESI),PT,0
CL01:DF_BGYMEDIOOCU_CIUO(1.0),A,BGYMEDIOOCU,11,CIUO_9,2022,-27.58903550071,,,1,"<a href="" https://www.ine.gob.cl/docs/default-source/institucionalidad/buenas-pr%C3%A1cticas/clasificaciones-y-estandares/est%C3%A1ndar-evaluaci%C3%B3n-de-calidad-de-estimaciones-publicaci%C3%B3n-27022020.pdf/"" target=""_blank"" rel=""noopener noreferrer"">La clasificación en estimaciones Fiables, Poco fiables y No fiables provienen del Estándar para la evaluación de la calidad de las estimaciones en encuestas de hogares del INE.</a>",Encuesta Suplementaria de Ingresos (ESI),PT,0
CL01:DF_BGYMEDIOOCU_CIUO(1.0),A,BGYMEDIOOCU,11,CIUO_9,2023,-22.8246137690827,,,1,"<a href="" https://www.ine.gob.cl/docs/default-source/institucionalidad/buenas-pr%C3%A1cticas/clasificaciones-y-estandares/est%C3%A1ndar-evaluaci%C3%B3n-de-calidad-de-estimaciones-publicaci%C3%B3n-27022020.pdf/"" target=""_blank"" rel=""noopener noreferrer"">La clasificación en estimaciones Fiables, Poco fiables y No fiables provienen del Estándar para la evaluación de la calidad de las estimaciones en encuestas de hogares del INE.</a>",Encuesta Suplementaria de Ingresos (ESI),PT,0
CL01:DF_BGYMEDIOOCU_CIUO(1.0),A,BGYMEDIOOCU,11,CIUO_9,2024,-29.9077074108521,,,1,"<a href="" https://www.ine.gob.cl/docs/default-source/institucionalidad/buenas-pr%C3%A1cticas/clasificaciones-y-estandares/est%C3%A1ndar-evaluaci%C3%B3n-de-calidad-de-estimaciones-publicaci%C3%B3n-27022020.pdf/"" target=""_blank"" rel=""noopener noreferrer"">La clasificación en estimaciones Fiables, Poco fiables y No fiables provienen del Estándar para la evaluación de la calidad de las estimaciones en encuestas de hogares del INE.</a>",Encuesta Suplementaria de Ingresos (ESI),PT,0
CL01:DF_BGYMEDIOOCU_CIUO(1.0),A,BGYMEDIOOCU,13,CIUO_1,2017,-25.8042247105153,,,1,"<a href="" https://www.ine.gob.cl/docs/default-source/institucionalidad/buenas-pr%C3%A1cticas/clasificaciones-y-estandares/est%C3%A1ndar-evaluaci%C3%B3n-de-calidad-de-estimaciones-publicaci%C3%B3n-27022020.pdf/"" target=""_blank"" rel=""noopener noreferrer"">La clasificación en estimaciones Fiables, Poco fiables y No fiables provienen del Estándar para la evaluación de la calidad de las estimaciones en encuestas de hogares del INE.</a>",Encuesta Suplementaria de Ingresos (ESI),PT,0
CL01:DF_BGYMEDIOOCU_CIUO(1.0),A,BGYMEDIOOCU,13,CIUO_1,2018,-37.0577215538576,,,1,"<a href="" https://www.ine.gob.cl/docs/default-source/institucionalidad/buenas-pr%C3%A1cticas/clasificaciones-y-estandares/est%C3%A1ndar-evaluaci%C3%B3n-de-calidad-de-estimaciones-publicaci%C3%B3n-27022020.pdf/"" target=""_blank"" rel=""noopener noreferrer"">La clasificación en estimaciones Fiables, Poco fiables y No fiables provienen del Estándar para la evaluación de la calidad de las estimaciones en encuestas de hogares del INE.</a>",Encuesta Suplementaria de Ingresos (ESI),PT,0
CL01:DF_BGYMEDIOOCU_CIUO(1.0),A,BGYMEDIOOCU,13,CIUO_1,2019,-43.4497857689853,,,1,"<a href="" https://www.ine.gob.cl/docs/default-source/institucionalidad/buenas-pr%C3%A1cticas/clasificaciones-y-estandares/est%C3%A1ndar-evaluaci%C3%B3n-de-calidad-de-estimaciones-publicaci%C3%B3n-27022020.pdf/"" target=""_blank"" rel=""noopener noreferrer"">La clasificación en estimaciones Fiables, Poco fiables y No fiables provienen del Estándar para la evaluación de la calidad de las estimaciones en encuestas de hogares del INE.</a>",Encuesta Suplementaria de Ingresos (ESI),PT,0
CL01:DF_BGYMEDIOOCU_CIUO(1.0),A,BGYMEDIOOCU,13,CIUO_1,2020,-5.99970152975845,,,1,"<a href="" https://www.ine.gob.cl/docs/default-source/institucionalidad/buenas-pr%C3%A1cticas/clasificaciones-y-estandares/est%C3%A1ndar-evaluaci%C3%B3n-de-calidad-de-estimaciones-publicaci%C3%B3n-27022020.pdf/"" target=""_blank"" rel=""noopener noreferrer"">La clasificación en estimaciones Fiables, Poco fiables y No fiables provienen del Estándar para la evaluación de la calidad de las estimaciones en encuestas de hogares del INE.</a>",Encuesta Suplementaria de Ingresos (ESI),PT,0
CL01:DF_BGYMEDIOOCU_CIUO(1.0),A,BGYMEDIOOCU,13,CIUO_1,2021,-6.06613468867634,,,1,"<a href="" https://www.ine.gob.cl/docs/default-source/institucionalidad/buenas-pr%C3%A1cticas/clasificaciones-y-estandares/est%C3%A1ndar-evaluaci%C3%B3n-de-calidad-de-estimaciones-publicaci%C3%B3n-27022020.pdf/"" target=""_blank"" rel=""noopener noreferrer"">La clasificación en estimaciones Fiables, Poco fiables y No fiables provienen del Estándar para la evaluación de la calidad de las estimaciones en encuestas de hogares del INE.</a>",Encuesta Suplementaria de Ingresos (ESI),PT,0
CL01:DF_BGYMEDIOOCU_CIUO(1.0),A,BGYMEDIOOCU,13,CIUO_1,2022,-14.627295422715,,,1,"<a href="" https://www.ine.gob.cl/docs/default-source/institucionalidad/buenas-pr%C3%A1cticas/clasificaciones-y-estandares/est%C3%A1ndar-evaluaci%C3%B3n-de-calidad-de-estimaciones-publicaci%C3%B3n-27022020.pdf/"" target=""_blank"" rel=""noopener noreferrer"">La clasificación en estimaciones Fiables, Poco fiables y No fiables provienen del Estándar para la evaluación de la calidad de las estimaciones en encuestas de hogares del INE.</a>",Encuesta Suplementaria de Ingresos (ESI),PT,0
CL01:DF_BGYMEDIOOCU_CIUO(1.0),A,BGYMEDIOOCU,13,CIUO_1,2023,-21.2215920711047,,,1,"<a href="" https://www.ine.gob.cl/docs/default-source/institucionalidad/buenas-pr%C3%A1cticas/clasificaciones-y-estandares/est%C3%A1ndar-evaluaci%C3%B3n-de-calidad-de-estimaciones-publicaci%C3%B3n-27022020.pdf/"" target=""_blank"" rel=""noopener noreferrer"">La clasificación en estimaciones Fiables, Poco fiables y No fiables provienen del Estándar para la evaluación de la calidad de las estimaciones en encuestas de hogares del INE.</a>",Encuesta Suplementaria de Ingresos (ESI),PT,0
CL01:DF_BGYMEDIOOCU_CIUO(1.0),A,BGYMEDIOOCU,13,CIUO_1,2024,-21.9221397491697,,,1,"<a href="" https://www.ine.gob.cl/docs/default-source/institucionalidad/buenas-pr%C3%A1cticas/clasificaciones-y-estandares/est%C3%A1ndar-evaluaci%C3%B3n-de-calidad-de-estimaciones-publicaci%C3%B3n-27022020.pdf/"" target=""_blank"" rel=""noopener noreferrer"">La clasificación en estimaciones Fiables, Poco fiables y No fiables provienen del Estándar para la evaluación de la calidad de las estimaciones en encuestas de hogares del INE.</a>",Encuesta Suplementaria de Ingresos (ESI),PT,0
CL01:DF_BGYMEDIOOCU_CIUO(1.0),A,BGYMEDIOOCU,14,CIUO_7,2017,-54.2387480285987,Y,,1,"<a href="" https://www.ine.gob.cl/docs/default-source/institucionalidad/buenas-pr%C3%A1cticas/clasificaciones-y-estandares/est%C3%A1ndar-evaluaci%C3%B3n-de-calidad-de-estimaciones-publicaci%C3%B3n-27022020.pdf/"" target=""_blank"" rel=""noopener noreferrer"">La clasificación en estimaciones Fiables, Poco fiables y No fiables provienen del Estándar para la evaluación de la calidad de las estimaciones en encuestas de hogares del INE.</a>",Encuesta Suplementaria de Ingresos (ESI),PT,0
CL01:DF_BGYMEDIOOCU_CIUO(1.0),A,BGYMEDIOOCU,14,CIUO_7,2018,-50.4340384968402,Y,,1,"<a href="" https://www.ine.gob.cl/docs/default-source/institucionalidad/buenas-pr%C3%A1cticas/clasificaciones-y-estandares/est%C3%A1ndar-evaluaci%C3%B3n-de-calidad-de-estimaciones-publicaci%C3%B3n-27022020.pdf/"" target=""_blank"" rel=""noopener noreferrer"">La clasificación en estimaciones Fiables, Poco fiables y No fiables provienen del Estándar para la evaluación de la calidad de las estimaciones en encuestas de hogares del INE.</a>",Encuesta Suplementaria de Ingresos (ESI),PT,0
CL01:DF_BGYMEDIOOCU_CIUO(1.0),A,BGYMEDIOOCU,14,CIUO_7,2019,-68.2810762104227,Y,,1,"<a href="" https://www.ine.gob.cl/docs/default-source/institucionalidad/buenas-pr%C3%A1cticas/clasificaciones-y-estandares/est%C3%A1ndar-evaluaci%C3%B3n-de-calidad-de-estimaciones-publicaci%C3%B3n-27022020.pdf/"" target=""_blank"" rel=""noopener noreferrer"">La clasificación en estimaciones Fiables, Poco fiables y No fiables provienen del Estándar para la evaluación de la calidad de las estimaciones en encuestas de hogares del INE.</a>",Encuesta Suplementaria de Ingresos (ESI),PT,0
CL01:DF_BGYMEDIOOCU_CIUO(1.0),A,BGYMEDIOOCU,14,CIUO_7,2020,-65.0142101246651,X,,1,"<a href="" https://www.ine.gob.cl/docs/default-source/institucionalidad/buenas-pr%C3%A1cticas/clasificaciones-y-estandares/est%C3%A1ndar-evaluaci%C3%B3n-de-calidad-de-estimaciones-publicaci%C3%B3n-27022020.pdf/"" target=""_blank"" rel=""noopener noreferrer"">La clasificación en estimaciones Fiables, Poco fiables y No fiables provienen del Estándar para la evaluación de la calidad de las estimaciones en encuestas de hogares del INE.</a>",Encuesta Suplementaria de Ingresos (ESI),PT,0
CL01:DF_BGYMEDIOOCU_CIUO(1.0),A,BGYMEDIOOCU,14,CIUO_7,2021,-31.5364302859327,Y,,1,"<a href="" https://www.ine.gob.cl/docs/default-source/institucionalidad/buenas-pr%C3%A1cticas/clasificaciones-y-estandares/est%C3%A1ndar-evaluaci%C3%B3n-de-calidad-de-estimaciones-publicaci%C3%B3n-27022020.pdf/"" target=""_blank"" rel=""noopener noreferrer"">La clasificación en estimaciones Fiables, Poco fiables y No fiables provienen del Estándar para la evaluación de la calidad de las estimaciones en encuestas de hogares del INE.</a>",Encuesta Suplementaria de Ingresos (ESI),PT,0
CL01:DF_BGYMEDIOOCU_CIUO(1.0),A,BGYMEDIOOCU,14,CIUO_7,2022,-55.6850024996975,,,1,"<a href="" https://www.ine.gob.cl/docs/default-source/institucionalidad/buenas-pr%C3%A1cticas/clasificaciones-y-estandares/est%C3%A1ndar-evaluaci%C3%B3n-de-calidad-de-estimaciones-publicaci%C3%B3n-27022020.pdf/"" target=""_blank"" rel=""noopener noreferrer"">La clasificación en estimaciones Fiables, Poco fiables y No fiables provienen del Estándar para la evaluación de la calidad de las estimaciones en encuestas de hogares del INE.</a>",Encuesta Suplementaria de Ingresos (ESI),PT,0
CL01:DF_BGYMEDIOOCU_CIUO(1.0),A,BGYMEDIOOCU,14,CIUO_7,2023,-56.5217984555871,Y,,1,"<a href="" https://www.ine.gob.cl/docs/default-source/institucionalidad/buenas-pr%C3%A1cticas/clasificaciones-y-estandares/est%C3%A1ndar-evaluaci%C3%B3n-de-calidad-de-estimaciones-publicaci%C3%B3n-27022020.pdf/"" target=""_blank"" rel=""noopener noreferrer"">La clasificación en estimaciones Fiables, Poco fiables y No fiables provienen del Estándar para la evaluación de la calidad de las estimaciones en encuestas de hogares del INE.</a>",Encuesta Suplementaria de Ingresos (ESI),PT,0
CL01:DF_BGYMEDIOOCU_CIUO(1.0),A,BGYMEDIOOCU,14,CIUO_7,2024,-66.1437669664442,Y,,1,"<a href="" https://www.ine.gob.cl/docs/default-source/institucionalidad/buenas-pr%C3%A1cticas/clasificaciones-y-estandares/est%C3%A1ndar-evaluaci%C3%B3n-de-calidad-de-estimaciones-publicaci%C3%B3n-27022020.pdf/"" target=""_blank"" rel=""noopener noreferrer"">La clasificación en estimaciones Fiables, Poco fiables y No fiables provienen del Estándar para la evaluación de la calidad de las estimaciones en encuestas de hogares del INE.</a>",Encuesta Suplementaria de Ingresos (ESI),PT,0
CL01:DF_BGYMEDIOOCU_CIUO(1.0),A,BGYMEDIOOCU,15,CIUO_0,2017,,X,,1,"<a href="" https://www.ine.gob.cl/docs/default-source/institucionalidad/buenas-pr%C3%A1cticas/clasificaciones-y-estandares/est%C3%A1ndar-evaluaci%C3%B3n-de-calidad-de-estimaciones-publicaci%C3%B3n-27022020.pdf/"" target=""_blank"" rel=""noopener noreferrer"">La clasificación en estimaciones Fiables, Poco fiables y No fiables provienen del Estándar para la evaluación de la calidad de las estimaciones en encuestas de hogares del INE.</a>",Encuesta Suplementaria de Ingresos (ESI),PT,0
CL01:DF_BGYMEDIOOCU_CIUO(1.0),A,BGYMEDIOOCU,15,CIUO_0,2018,-75.563000225673,X,,1,"<a href="" https://www.ine.gob.cl/docs/default-source/institucionalidad/buenas-pr%C3%A1cticas/clasificaciones-y-estandares/est%C3%A1ndar-evaluaci%C3%B3n-de-calidad-de-estimaciones-publicaci%C3%B3n-27022020.pdf/"" target=""_blank"" rel=""noopener noreferrer"">La clasificación en estimaciones Fiables, Poco fiables y No fiables provienen del Estándar para la evaluación de la calidad de las estimaciones en encuestas de hogares del INE.</a>",Encuesta Suplementaria de Ingresos (ESI),PT,0
CL01:DF_BGYMEDIOOCU_CIUO(1.0),A,BGYMEDIOOCU,15,CIUO_0,2019,-84.1333693796541,X,,1,"<a href="" https://www.ine.gob.cl/docs/default-source/institucionalidad/buenas-pr%C3%A1cticas/clasificaciones-y-estandares/est%C3%A1ndar-evaluaci%C3%B3n-de-calidad-de-estimaciones-publicaci%C3%B3n-27022020.pdf/"" target=""_blank"" rel=""noopener noreferrer"">La clasificación en estimaciones Fiables, Poco fiables y No fiables provienen del Estándar para la evaluación de la calidad de las estimaciones en encuestas de hogares del INE.</a>",Encuesta Suplementaria de Ingresos (ESI),PT,0
CL01:DF_BGYMEDIOOCU_CIUO(1.0),A,BGYMEDIOOCU,15,CIUO_0,2020,,X,,1,"<a href="" https://www.ine.gob.cl/docs/default-source/institucionalidad/buenas-pr%C3%A1cticas/clasificaciones-y-estandares/est%C3%A1ndar-evaluaci%C3%B3n-de-calidad-de-estimaciones-publicaci%C3%B3n-27022020.pdf/"" target=""_blank"" rel=""noopener noreferrer"">La clasificación en estimaciones Fiables, Poco fiables y No fiables provienen del Estándar para la evaluación de la calidad de las estimaciones en encuestas de hogares del INE.</a>",Encuesta Suplementaria de Ingresos (ESI),PT,0
CL01:DF_BGYMEDIOOCU_CIUO(1.0),A,BGYMEDIOOCU,15,CIUO_0,2021,-44.6246175396114,X,,1,"<a href="" https://www.ine.gob.cl/docs/default-source/institucionalidad/buenas-pr%C3%A1cticas/clasificaciones-y-estandares/est%C3%A1ndar-evaluaci%C3%B3n-de-calidad-de-estimaciones-publicaci%C3%B3n-27022020.pdf/"" target=""_blank"" rel=""noopener noreferrer"">La clasificación en estimaciones Fiables, Poco fiables y No fiables provienen del Estándar para la evaluación de la calidad de las estimaciones en encuestas de hogares del INE.</a>",Encuesta Suplementaria de Ingresos (ESI),PT,0
CL01:DF_BGYMEDIOOCU_CIUO(1.0),A,BGYMEDIOOCU,15,CIUO_0,2022,21.0710772363662,X,,1,"<a href="" https://www.ine.gob.cl/docs/default-source/institucionalidad/buenas-pr%C3%A1cticas/clasificaciones-y-estandares/est%C3%A1ndar-evaluaci%C3%B3n-de-calidad-de-estimaciones-publicaci%C3%B3n-27022020.pdf/"" target=""_blank"" rel=""noopener noreferrer"">La clasificación en estimaciones Fiables, Poco fiables y No fiables provienen del Estándar para la evaluación de la calidad de las estimaciones en encuestas de hogares del INE.</a>",Encuesta Suplementaria de Ingresos (ESI),PT,0
CL01:DF_BGYMEDIOOCU_CIUO(1.0),A,BGYMEDIOOCU,15,CIUO_0,2023,,X,,1,"<a href="" https://www.ine.gob.cl/docs/default-source/institucionalidad/buenas-pr%C3%A1cticas/clasificaciones-y-estandares/est%C3%A1ndar-evaluaci%C3%B3n-de-calidad-de-estimaciones-publicaci%C3%B3n-27022020.pdf/"" target=""_blank"" rel=""noopener noreferrer"">La clasificación en estimaciones Fiables, Poco fiables y No fiables provienen del Estándar para la evaluación de la calidad de las estimaciones en encuestas de hogares del INE.</a>",Encuesta Suplementaria de Ingresos (ESI),PT,0
CL01:DF_BGYMEDIOOCU_CIUO(1.0),A,BGYMEDIOOCU,15,CIUO_0,2024,,X,,1,"<a href="" https://www.ine.gob.cl/docs/default-source/institucionalidad/buenas-pr%C3%A1cticas/clasificaciones-y-estandares/est%C3%A1ndar-evaluaci%C3%B3n-de-calidad-de-estimaciones-publicaci%C3%B3n-27022020.pdf/"" target=""_blank"" rel=""noopener noreferrer"">La clasificación en estimaciones Fiables, Poco fiables y No fiables provienen del Estándar para la evaluación de la calidad de las estimaciones en encuestas de hogares del INE.</a>",Encuesta Suplementaria de Ingresos (ESI),PT,0
CL01:DF_BGYMEDIOOCU_CIUO(1.0),A,BGYMEDIOOCU,16,CIUO_5,2017,-37.2192699100716,Y,,1,"<a href="" https://www.ine.gob.cl/docs/default-source/institucionalidad/buenas-pr%C3%A1cticas/clasificaciones-y-estandares/est%C3%A1ndar-evaluaci%C3%B3n-de-calidad-de-estimaciones-publicaci%C3%B3n-27022020.pdf/"" target=""_blank"" rel=""noopener noreferrer"">La clasificación en estimaciones Fiables, Poco fiables y No fiables provienen del Estándar para la evaluación de la calidad de las estimaciones en encuestas de hogares del INE.</a>",Encuesta Suplementaria de Ingresos (ESI),PT,0
CL01:DF_BGYMEDIOOCU_CIUO(1.0),A,BGYMEDIOOCU,16,CIUO_5,2018,-44.1545651392123,Y,,1,"<a href="" https://www.ine.gob.cl/docs/default-source/institucionalidad/buenas-pr%C3%A1cticas/clasificaciones-y-estandares/est%C3%A1ndar-evaluaci%C3%B3n-de-calidad-de-estimaciones-publicaci%C3%B3n-27022020.pdf/"" target=""_blank"" rel=""noopener noreferrer"">La clasificación en estimaciones Fiables, Poco fiables y No fiables provienen del Estándar para la evaluación de la calidad de las estimaciones en encuestas de hogares del INE.</a>",Encuesta Suplementaria de Ingresos (ESI),PT,0
CL01:DF_BGYMEDIOOCU_CIUO(1.0),A,BGYMEDIOOCU,16,CIUO_5,2019,-52.1269170367484,Y,,1,"<a href="" https://www.ine.gob.cl/docs/default-source/institucionalidad/buenas-pr%C3%A1cticas/clasificaciones-y-estandares/est%C3%A1ndar-evaluaci%C3%B3n-de-calidad-de-estimaciones-publicaci%C3%B3n-27022020.pdf/"" target=""_blank"" rel=""noopener noreferrer"">La clasificación en estimaciones Fiables, Poco fiables y No fiables provienen del Estándar para la evaluación de la calidad de las estimaciones en encuestas de hogares del INE.</a>",Encuesta Suplementaria de Ingresos (ESI),PT,0
CL01:DF_BGYMEDIOOCU_CIUO(1.0),A,BGYMEDIOOCU,16,CIUO_5,2020,-29.5316092946542,,,1,"<a href="" https://www.ine.gob.cl/docs/default-source/institucionalidad/buenas-pr%C3%A1cticas/clasificaciones-y-estandares/est%C3%A1ndar-evaluaci%C3%B3n-de-calidad-de-estimaciones-publicaci%C3%B3n-27022020.pdf/"" target=""_blank"" rel=""noopener noreferrer"">La clasificación en estimaciones Fiables, Poco fiables y No fiables provienen del Estándar para la evaluación de la calidad de las estimaciones en encuestas de hogares del INE.</a>",Encuesta Suplementaria de Ingresos (ESI),PT,0
CL01:DF_BGYMEDIOOCU_CIUO(1.0),A,BGYMEDIOOCU,16,CIUO_5,2021,-44.9635275630545,,,1,"<a href="" https://www.ine.gob.cl/docs/default-source/institucionalidad/buenas-pr%C3%A1cticas/clasificaciones-y-estandares/est%C3%A1ndar-evaluaci%C3%B3n-de-calidad-de-estimaciones-publicaci%C3%B3n-27022020.pdf/"" target=""_blank"" rel=""noopener noreferrer"">La clasificación en estimaciones Fiables, Poco fiables y No fiables provienen del Estándar para la evaluación de la calidad de las estimaciones en encuestas de hogares del INE.</a>",Encuesta Suplementaria de Ingresos (ESI),PT,0
CL01:DF_BGYMEDIOOCU_CIUO(1.0),A,BGYMEDIOOCU,16,CIUO_5,2022,-39.0562209844226,,,1,"<a href="" https://www.ine.gob.cl/docs/default-source/institucionalidad/buenas-pr%C3%A1cticas/clasificaciones-y-estandares/est%C3%A1ndar-evaluaci%C3%B3n-de-calidad-de-estimaciones-publicaci%C3%B3n-27022020.pdf/"" target=""_blank"" rel=""noopener noreferrer"">La clasificación en estimaciones Fiables, Poco fiables y No fiables provienen del Estándar para la evaluación de la calidad de las estimaciones en encuestas de hogares del INE.</a>",Encuesta Suplementaria de Ingresos (ESI),PT,0
CL01:DF_BGYMEDIOOCU_CIUO(1.0),A,BGYMEDIOOCU,16,CIUO_5,2023,-33.2170315838244,Y,,1,"<a href="" https://www.ine.gob.cl/docs/default-source/institucionalidad/buenas-pr%C3%A1cticas/clasificaciones-y-estandares/est%C3%A1ndar-evaluaci%C3%B3n-de-calidad-de-estimaciones-publicaci%C3%B3n-27022020.pdf/"" target=""_blank"" rel=""noopener noreferrer"">La clasificación en estimaciones Fiables, Poco fiables y No fiables provienen del Estándar para la evaluación de la calidad de las estimaciones en encuestas de hogares del INE.</a>",Encuesta Suplementaria de Ingresos (ESI),PT,0
CL01:DF_BGYMEDIOOCU_CIUO(1.0),A,BGYMEDIOOCU,16,CIUO_5,2024,-20.289449749975,,,1,"<a href="" https://www.ine.gob.cl/docs/default-source/institucionalidad/buenas-pr%C3%A1cticas/clasificaciones-y-estandares/est%C3%A1ndar-evaluaci%C3%B3n-de-calidad-de-estimaciones-publicaci%C3%B3n-27022020.pdf/"" target=""_blank"" rel=""noopener noreferrer"">La clasificación en estimaciones Fiables, Poco fiables y No fiables provienen del Estándar para la evaluación de la calidad de las estimaciones en encuestas de hogares del INE.</a>",Encuesta Suplementaria de Ingresos (ESI),PT,0
CL01:DF_BGYMEDIOOCU_CIUO(1.0),A,BGYMEDIOOCU,10,_T,2017,-27.7632495801728,,,1,"<a href="" https://www.ine.gob.cl/docs/default-source/institucionalidad/buenas-pr%C3%A1cticas/clasificaciones-y-estandares/est%C3%A1ndar-evaluaci%C3%B3n-de-calidad-de-estimaciones-publicaci%C3%B3n-27022020.pdf/"" target=""_blank"" rel=""noopener noreferrer"">La clasificación en estimaciones Fiables, Poco fiables y No fiables provienen del Estándar para la evaluación de la calidad de las estimaciones en encuestas de hogares del INE.</a>",Encuesta Suplementaria de Ingresos (ESI),PT,0
CL01:DF_BGYMEDIOOCU_CIUO(1.0),A,BGYMEDIOOCU,10,_T,2018,-20.9955533437806,,,1,"<a href="" https://www.ine.gob.cl/docs/default-source/institucionalidad/buenas-pr%C3%A1cticas/clasificaciones-y-estandares/est%C3%A1ndar-evaluaci%C3%B3n-de-calidad-de-estimaciones-publicaci%C3%B3n-27022020.pdf/"" target=""_blank"" rel=""noopener noreferrer"">La clasificación en estimaciones Fiables, Poco fiables y No fiables provienen del Estándar para la evaluación de la calidad de las estimaciones en encuestas de hogares del INE.</a>",Encuesta Suplementaria de Ingresos (ESI),PT,0
CL01:DF_BGYMEDIOOCU_CIUO(1.0),A,BGYMEDIOOCU,10,_T,2019,-18.7976875035823,,,1,"<a href="" https://www.ine.gob.cl/docs/default-source/institucionalidad/buenas-pr%C3%A1cticas/clasificaciones-y-estandares/est%C3%A1ndar-evaluaci%C3%B3n-de-calidad-de-estimaciones-publicaci%C3%B3n-27022020.pdf/"" target=""_blank"" rel=""noopener noreferrer"">La clasificación en estimaciones Fiables, Poco fiables y No fiables provienen del Estándar para la evaluación de la calidad de las estimaciones en encuestas de hogares del INE.</a>",Encuesta Suplementaria de Ingresos (ESI),PT,0
CL01:DF_BGYMEDIOOCU_CIUO(1.0),A,BGYMEDIOOCU,10,_T,2020,-11.5720840680062,,,1,"<a href="" https://www.ine.gob.cl/docs/default-source/institucionalidad/buenas-pr%C3%A1cticas/clasificaciones-y-estandares/est%C3%A1ndar-evaluaci%C3%B3n-de-calidad-de-estimaciones-publicaci%C3%B3n-27022020.pdf/"" target=""_blank"" rel=""noopener noreferrer"">La clasificación en estimaciones Fiables, Poco fiables y No fiables provienen del Estándar para la evaluación de la calidad de las estimaciones en encuestas de hogares del INE.</a>",Encuesta Suplementaria de Ingresos (ESI),PT,0
CL01:DF_BGYMEDIOOCU_CIUO(1.0),A,BGYMEDIOOCU,10,_T,2021,-12.1525104949865,,,1,"<a href="" https://www.ine.gob.cl/docs/default-source/institucionalidad/buenas-pr%C3%A1cticas/clasificaciones-y-estandares/est%C3%A1ndar-evaluaci%C3%B3n-de-calidad-de-estimaciones-publicaci%C3%B3n-27022020.pdf/"" target=""_blank"" rel=""noopener noreferrer"">La clasificación en estimaciones Fiables, Poco fiables y No fiables provienen del Estándar para la evaluación de la calidad de las estimaciones en encuestas de hogares del INE.</a>",Encuesta Suplementaria de Ingresos (ESI),PT,0
CL01:DF_BGYMEDIOOCU_CIUO(1.0),A,BGYMEDIOOCU,10,_T,2022,-27.9203137351467,,,1,"<a href="" https://www.ine.gob.cl/docs/default-source/institucionalidad/buenas-pr%C3%A1cticas/clasificaciones-y-estandares/est%C3%A1ndar-evaluaci%C3%B3n-de-calidad-de-estimaciones-publicaci%C3%B3n-27022020.pdf/"" target=""_blank"" rel=""noopener noreferrer"">La clasificación en estimaciones Fiables, Poco fiables y No fiables provienen del Estándar para la evaluación de la calidad de las estimaciones en encuestas de hogares del INE.</a>",Encuesta Suplementaria de Ingresos (ESI),PT,0
CL01:DF_BGYMEDIOOCU_CIUO(1.0),A,BGYMEDIOOCU,10,_T,2023,-10.6730999549584,,,1,"<a href="" https://www.ine.gob.cl/docs/default-source/institucionalidad/buenas-pr%C3%A1cticas/clasificaciones-y-estandares/est%C3%A1ndar-evaluaci%C3%B3n-de-calidad-de-estimaciones-publicaci%C3%B3n-27022020.pdf/"" target=""_blank"" rel=""noopener noreferrer"">La clasificación en estimaciones Fiables, Poco fiables y No fiables provienen del Estándar para la evaluación de la calidad de las estimaciones en encuestas de hogares del INE.</a>",Encuesta Suplementaria de Ingresos (ESI),PT,0
CL01:DF_BGYMEDIOOCU_CIUO(1.0),A,BGYMEDIOOCU,10,_T,2024,-8.70599744878563,,,1,"<a href="" https://www.ine.gob.cl/docs/default-source/institucionalidad/buenas-pr%C3%A1cticas/clasificaciones-y-estandares/est%C3%A1ndar-evaluaci%C3%B3n-de-calidad-de-estimaciones-publicaci%C3%B3n-27022020.pdf/"" target=""_blank"" rel=""noopener noreferrer"">La clasificación en estimaciones Fiables, Poco fiables y No fiables provienen del Estándar para la evaluación de la calidad de las estimaciones en encuestas de hogares del INE.</a>",Encuesta Suplementaria de Ingresos (ESI),PT,0
CL01:DF_BGYMEDIOOCU_CIUO(1.0),A,BGYMEDIOOCU,13,_T,2017,-31.5420393604116,,,1,"<a href="" https://www.ine.gob.cl/docs/default-source/institucionalidad/buenas-pr%C3%A1cticas/clasificaciones-y-estandares/est%C3%A1ndar-evaluaci%C3%B3n-de-calidad-de-estimaciones-publicaci%C3%B3n-27022020.pdf/"" target=""_blank"" rel=""noopener noreferrer"">La clasificación en estimaciones Fiables, Poco fiables y No fiables provienen del Estándar para la evaluación de la calidad de las estimaciones en encuestas de hogares del INE.</a>",Encuesta Suplementaria de Ingresos (ESI),PT,0
CL01:DF_BGYMEDIOOCU_CIUO(1.0),A,BGYMEDIOOCU,13,_T,2018,-29.2886626782057,,,1,"<a href="" https://www.ine.gob.cl/docs/default-source/institucionalidad/buenas-pr%C3%A1cticas/clasificaciones-y-estandares/est%C3%A1ndar-evaluaci%C3%B3n-de-calidad-de-estimaciones-publicaci%C3%B3n-27022020.pdf/"" target=""_blank"" rel=""noopener noreferrer"">La clasificación en estimaciones Fiables, Poco fiables y No fiables provienen del Estándar para la evaluación de la calidad de las estimaciones en encuestas de hogares del INE.</a>",Encuesta Suplementaria de Ingresos (ESI),PT,0
CL01:DF_BGYMEDIOOCU_CIUO(1.0),A,BGYMEDIOOCU,13,_T,2019,-29.6415734585636,,,1,"<a href="" https://www.ine.gob.cl/docs/default-source/institucionalidad/buenas-pr%C3%A1cticas/clasificaciones-y-estandares/est%C3%A1ndar-evaluaci%C3%B3n-de-calidad-de-estimaciones-publicaci%C3%B3n-27022020.pdf/"" target=""_blank"" rel=""noopener noreferrer"">La clasificación en estimaciones Fiables, Poco fiables y No fiables provienen del Estándar para la evaluación de la calidad de las estimaciones en encuestas de hogares del INE.</a>",Encuesta Suplementaria de Ingresos (ESI),PT,0
CL01:DF_BGYMEDIOOCU_CIUO(1.0),A,BGYMEDIOOCU,13,_T,2020,-20.9962421385255,,,1,"<a href="" https://www.ine.gob.cl/docs/default-source/institucionalidad/buenas-pr%C3%A1cticas/clasificaciones-y-estandares/est%C3%A1ndar-evaluaci%C3%B3n-de-calidad-de-estimaciones-publicaci%C3%B3n-27022020.pdf/"" target=""_blank"" rel=""noopener noreferrer"">La clasificación en estimaciones Fiables, Poco fiables y No fiables provienen del Estándar para la evaluación de la calidad de las estimaciones en encuestas de hogares del INE.</a>",Encuesta Suplementaria de Ingresos (ESI),PT,0
CL01:DF_BGYMEDIOOCU_CIUO(1.0),A,BGYMEDIOOCU,13,_T,2021,-21.3501873898923,,,1,"<a href="" https://www.ine.gob.cl/docs/default-source/institucionalidad/buenas-pr%C3%A1cticas/clasificaciones-y-estandares/est%C3%A1ndar-evaluaci%C3%B3n-de-calidad-de-estimaciones-publicaci%C3%B3n-27022020.pdf/"" target=""_blank"" rel=""noopener noreferrer"">La clasificación en estimaciones Fiables, Poco fiables y No fiables provienen del Estándar para la evaluación de la calidad de las estimaciones en encuestas de hogares del INE.</a>",Encuesta Suplementaria de Ingresos (ESI),PT,0
CL01:DF_BGYMEDIOOCU_CIUO(1.0),A,BGYMEDIOOCU,13,_T,2022,-25.1952242407039,,,1,"<a href="" https://www.ine.gob.cl/docs/default-source/institucionalidad/buenas-pr%C3%A1cticas/clasificaciones-y-estandares/est%C3%A1ndar-evaluaci%C3%B3n-de-calidad-de-estimaciones-publicaci%C3%B3n-27022020.pdf/"" target=""_blank"" rel=""noopener noreferrer"">La clasificación en estimaciones Fiables, Poco fiables y No fiables provienen del Estándar para la evaluación de la calidad de las estimaciones en encuestas de hogares del INE.</a>",Encuesta Suplementaria de Ingresos (ESI),PT,0
CL01:DF_BGYMEDIOOCU_CIUO(1.0),A,BGYMEDIOOCU,13,_T,2023,-22.9976923803483,,,1,"<a href="" https://www.ine.gob.cl/docs/default-source/institucionalidad/buenas-pr%C3%A1cticas/clasificaciones-y-estandares/est%C3%A1ndar-evaluaci%C3%B3n-de-calidad-de-estimaciones-publicaci%C3%B3n-27022020.pdf/"" target=""_blank"" rel=""noopener noreferrer"">La clasificación en estimaciones Fiables, Poco fiables y No fiables provienen del Estándar para la evaluación de la calidad de las estimaciones en encuestas de hogares del INE.</a>",Encuesta Suplementaria de Ingresos (ESI),PT,0
CL01:DF_BGYMEDIOOCU_CIUO(1.0),A,BGYMEDIOOCU,13,_T,2024,-25.6624480149259,,,1,"<a href="" https://www.ine.gob.cl/docs/default-source/institucionalidad/buenas-pr%C3%A1cticas/clasificaciones-y-estandares/est%C3%A1ndar-evaluaci%C3%B3n-de-calidad-de-estimaciones-publicaci%C3%B3n-27022020.pdf/"" target=""_blank"" rel=""noopener noreferrer"">La clasificación en estimaciones Fiables, Poco fiables y No fiables provienen del Estándar para la evaluación de la calidad de las estimaciones en encuestas de hogares del INE.</a>",Encuesta Suplementaria de Ingresos (ESI),PT,0
CL01:DF_BGYMEDIOOCU_CIUO(1.0),A,BGYMEDIOOCU,_T,CIUO_4,2017,-13.1094845089755,,,1,"<a href="" https://www.ine.gob.cl/docs/default-source/institucionalidad/buenas-pr%C3%A1cticas/clasificaciones-y-estandares/est%C3%A1ndar-evaluaci%C3%B3n-de-calidad-de-estimaciones-publicaci%C3%B3n-27022020.pdf/"" target=""_blank"" rel=""noopener noreferrer"">La clasificación en estimaciones Fiables, Poco fiables y No fiables provienen del Estándar para la evaluación de la calidad de las estimaciones en encuestas de hogares del INE.</a>",Encuesta Suplementaria de Ingresos (ESI),PT,0
CL01:DF_BGYMEDIOOCU_CIUO(1.0),A,BGYMEDIOOCU,_T,CIUO_4,2018,-11.1899232227196,,,1,"<a href="" https://www.ine.gob.cl/docs/default-source/institucionalidad/buenas-pr%C3%A1cticas/clasificaciones-y-estandares/est%C3%A1ndar-evaluaci%C3%B3n-de-calidad-de-estimaciones-publicaci%C3%B3n-27022020.pdf/"" target=""_blank"" rel=""noopener noreferrer"">La clasificación en estimaciones Fiables, Poco fiables y No fiables provienen del Estándar para la evaluación de la calidad de las estimaciones en encuestas de hogares del INE.</a>",Encuesta Suplementaria de Ingresos (ESI),PT,0
CL01:DF_BGYMEDIOOCU_CIUO(1.0),A,BGYMEDIOOCU,_T,CIUO_4,2019,-21.6788831449401,,,1,"<a href="" https://www.ine.gob.cl/docs/default-source/institucionalidad/buenas-pr%C3%A1cticas/clasificaciones-y-estandares/est%C3%A1ndar-evaluaci%C3%B3n-de-calidad-de-estimaciones-publicaci%C3%B3n-27022020.pdf/"" target=""_blank"" rel=""noopener noreferrer"">La clasificación en estimaciones Fiables, Poco fiables y No fiables provienen del Estándar para la evaluación de la calidad de las estimaciones en encuestas de hogares del INE.</a>",Encuesta Suplementaria de Ingresos (ESI),PT,0
CL01:DF_BGYMEDIOOCU_CIUO(1.0),A,BGYMEDIOOCU,_T,CIUO_4,2020,-0.168723604131527,,,1,"<a href="" https://www.ine.gob.cl/docs/default-source/institucionalidad/buenas-pr%C3%A1cticas/clasificaciones-y-estandares/est%C3%A1ndar-evaluaci%C3%B3n-de-calidad-de-estimaciones-publicaci%C3%B3n-27022020.pdf/"" target=""_blank"" rel=""noopener noreferrer"">La clasificación en estimaciones Fiables, Poco fiables y No fiables provienen del Estándar para la evaluación de la calidad de las estimaciones en encuestas de hogares del INE.</a>",Encuesta Suplementaria de Ingresos (ESI),PT,0
CL01:DF_BGYMEDIOOCU_CIUO(1.0),A,BGYMEDIOOCU,_T,CIUO_4,2021,-6.89073437513963,,,1,"<a href="" https://www.ine.gob.cl/docs/default-source/institucionalidad/buenas-pr%C3%A1cticas/clasificaciones-y-estandares/est%C3%A1ndar-evaluaci%C3%B3n-de-calidad-de-estimaciones-publicaci%C3%B3n-27022020.pdf/"" target=""_blank"" rel=""noopener noreferrer"">La clasificación en estimaciones Fiables, Poco fiables y No fiables provienen del Estándar para la evaluación de la calidad de las estimaciones en encuestas de hogares del INE.</a>",Encuesta Suplementaria de Ingresos (ESI),PT,0
CL01:DF_BGYMEDIOOCU_CIUO(1.0),A,BGYMEDIOOCU,_T,CIUO_4,2022,-9.3818120842809,,,1,"<a href="" https://www.ine.gob.cl/docs/default-source/institucionalidad/buenas-pr%C3%A1cticas/clasificaciones-y-estandares/est%C3%A1ndar-evaluaci%C3%B3n-de-calidad-de-estimaciones-publicaci%C3%B3n-27022020.pdf/"" target=""_blank"" rel=""noopener noreferrer"">La clasificación en estimaciones Fiables, Poco fiables y No fiables provienen del Estándar para la evaluación de la calidad de las estimaciones en encuestas de hogares del INE.</a>",Encuesta Suplementaria de Ingresos (ESI),PT,0
CL01:DF_BGYMEDIOOCU_CIUO(1.0),A,BGYMEDIOOCU,_T,CIUO_4,2023,-4.25493473688063,,,1,"<a href="" https://www.ine.gob.cl/docs/default-source/institucionalidad/buenas-pr%C3%A1cticas/clasificaciones-y-estandares/est%C3%A1ndar-evaluaci%C3%B3n-de-calidad-de-estimaciones-publicaci%C3%B3n-27022020.pdf/"" target=""_blank"" rel=""noopener noreferrer"">La clasificación en estimaciones Fiables, Poco fiables y No fiables provienen del Estándar para la evaluación de la calidad de las estimaciones en encuestas de hogares del INE.</a>",Encuesta Suplementaria de Ingresos (ESI),PT,0
CL01:DF_BGYMEDIOOCU_CIUO(1.0),A,BGYMEDIOOCU,_T,CIUO_4,2024,-10.572078680225,,,1,"<a href="" https://www.ine.gob.cl/docs/default-source/institucionalidad/buenas-pr%C3%A1cticas/clasificaciones-y-estandares/est%C3%A1ndar-evaluaci%C3%B3n-de-calidad-de-estimaciones-publicaci%C3%B3n-27022020.pdf/"" target=""_blank"" rel=""noopener noreferrer"">La clasificación en estimaciones Fiables, Poco fiables y No fiables provienen del Estándar para la evaluación de la calidad de las estimaciones en encuestas de hogares del INE.</a>",Encuesta Suplementaria de Ingresos (ESI),PT,0
CL01:DF_BGYMEDIOOCU_CIUO(1.0),A,BGYMEDIOOCU,_T,CIUO_6,2017,-46.9920770749293,,,1,"<a href="" https://www.ine.gob.cl/docs/default-source/institucionalidad/buenas-pr%C3%A1cticas/clasificaciones-y-estandares/est%C3%A1ndar-evaluaci%C3%B3n-de-calidad-de-estimaciones-publicaci%C3%B3n-27022020.pdf/"" target=""_blank"" rel=""noopener noreferrer"">La clasificación en estimaciones Fiables, Poco fiables y No fiables provienen del Estándar para la evaluación de la calidad de las estimaciones en encuestas de hogares del INE.</a>",Encuesta Suplementaria de Ingresos (ESI),PT,0
CL01:DF_BGYMEDIOOCU_CIUO(1.0),A,BGYMEDIOOCU,_T,CIUO_6,2018,-34.0673784819688,,,1,"<a href="" https://www.ine.gob.cl/docs/default-source/institucionalidad/buenas-pr%C3%A1cticas/clasificaciones-y-estandares/est%C3%A1ndar-evaluaci%C3%B3n-de-calidad-de-estimaciones-publicaci%C3%B3n-27022020.pdf/"" target=""_blank"" rel=""noopener noreferrer"">La clasificación en estimaciones Fiables, Poco fiables y No fiables provienen del Estándar para la evaluación de la calidad de las estimaciones en encuestas de hogares del INE.</a>",Encuesta Suplementaria de Ingresos (ESI),PT,0
CL01:DF_BGYMEDIOOCU_CIUO(1.0),A,BGYMEDIOOCU,_T,CIUO_6,2019,-43.3555276792267,,,1,"<a href="" https://www.ine.gob.cl/docs/default-source/institucionalidad/buenas-pr%C3%A1cticas/clasificaciones-y-estandares/est%C3%A1ndar-evaluaci%C3%B3n-de-calidad-de-estimaciones-publicaci%C3%B3n-27022020.pdf/"" target=""_blank"" rel=""noopener noreferrer"">La clasificación en estimaciones Fiables, Poco fiables y No fiables provienen del Estándar para la evaluación de la calidad de las estimaciones en encuestas de hogares del INE.</a>",Encuesta Suplementaria de Ingresos (ESI),PT,0
CL01:DF_BGYMEDIOOCU_CIUO(1.0),A,BGYMEDIOOCU,_T,CIUO_6,2020,-20.6083402264595,,,1,"<a href="" https://www.ine.gob.cl/docs/default-source/institucionalidad/buenas-pr%C3%A1cticas/clasificaciones-y-estandares/est%C3%A1ndar-evaluaci%C3%B3n-de-calidad-de-estimaciones-publicaci%C3%B3n-27022020.pdf/"" target=""_blank"" rel=""noopener noreferrer"">La clasificación en estimaciones Fiables, Poco fiables y No fiables provienen del Estándar para la evaluación de la calidad de las estimaciones en encuestas de hogares del INE.</a>",Encuesta Suplementaria de Ingresos (ESI),PT,0
CL01:DF_BGYMEDIOOCU_CIUO(1.0),A,BGYMEDIOOCU,_T,CIUO_6,2021,-37.7360035501508,,,1,"<a href="" https://www.ine.gob.cl/docs/default-source/institucionalidad/buenas-pr%C3%A1cticas/clasificaciones-y-estandares/est%C3%A1ndar-evaluaci%C3%B3n-de-calidad-de-estimaciones-publicaci%C3%B3n-27022020.pdf/"" target=""_blank"" rel=""noopener noreferrer"">La clasificación en estimaciones Fiables, Poco fiables y No fiables provienen del Estándar para la evaluación de la calidad de las estimaciones en encuestas de hogares del INE.</a>",Encuesta Suplementaria de Ingresos (ESI),PT,0
CL01:DF_BGYMEDIOOCU_CIUO(1.0),A,BGYMEDIOOCU,_T,CIUO_6,2022,-35.5661286502233,,,1,"<a href="" https://www.ine.gob.cl/docs/default-source/institucionalidad/buenas-pr%C3%A1cticas/clasificaciones-y-estandares/est%C3%A1ndar-evaluaci%C3%B3n-de-calidad-de-estimaciones-publicaci%C3%B3n-27022020.pdf/"" target=""_blank"" rel=""noopener noreferrer"">La clasificación en estimaciones Fiables, Poco fiables y No fiables provienen del Estándar para la evaluación de la calidad de las estimaciones en encuestas de hogares del INE.</a>",Encuesta Suplementaria de Ingresos (ESI),PT,0
CL01:DF_BGYMEDIOOCU_CIUO(1.0),A,BGYMEDIOOCU,_T,CIUO_6,2023,-50.5969707382324,,,1,"<a href="" https://www.ine.gob.cl/docs/default-source/institucionalidad/buenas-pr%C3%A1cticas/clasificaciones-y-estandares/est%C3%A1ndar-evaluaci%C3%B3n-de-calidad-de-estimaciones-publicaci%C3%B3n-27022020.pdf/"" target=""_blank"" rel=""noopener noreferrer"">La clasificación en estimaciones Fiables, Poco fiables y No fiables provienen del Estándar para la evaluación de la calidad de las estimaciones en encuestas de hogares del INE.</a>",Encuesta Suplementaria de Ingresos (ESI),PT,0
CL01:DF_BGYMEDIOOCU_CIUO(1.0),A,BGYMEDIOOCU,_T,CIUO_6,2024,-29.3382002120705,,,1,"<a href="" https://www.ine.gob.cl/docs/default-source/institucionalidad/buenas-pr%C3%A1cticas/clasificaciones-y-estandares/est%C3%A1ndar-evaluaci%C3%B3n-de-calidad-de-estimaciones-publicaci%C3%B3n-27022020.pdf/"" target=""_blank"" rel=""noopener noreferrer"">La clasificación en estimaciones Fiables, Poco fiables y No fiables provienen del Estándar para la evaluación de la calidad de las estimaciones en encuestas de hogares del INE.</a>",Encuesta Suplementaria de Ingresos (ESI),PT,0
CL01:DF_BGYMEDIOOCU_CIUO(1.0),A,BGYMEDIOOCU,_T,CIUO_9,2017,-22.9114558469591,,,1,"<a href="" https://www.ine.gob.cl/docs/default-source/institucionalidad/buenas-pr%C3%A1cticas/clasificaciones-y-estandares/est%C3%A1ndar-evaluaci%C3%B3n-de-calidad-de-estimaciones-publicaci%C3%B3n-27022020.pdf/"" target=""_blank"" rel=""noopener noreferrer"">La clasificación en estimaciones Fiables, Poco fiables y No fiables provienen del Estándar para la evaluación de la calidad de las estimaciones en encuestas de hogares del INE.</a>",Encuesta Suplementaria de Ingresos (ESI),PT,0
CL01:DF_BGYMEDIOOCU_CIUO(1.0),A,BGYMEDIOOCU,_T,CIUO_9,2018,-19.9581934457592,,,1,"<a href="" https://www.ine.gob.cl/docs/default-source/institucionalidad/buenas-pr%C3%A1cticas/clasificaciones-y-estandares/est%C3%A1ndar-evaluaci%C3%B3n-de-calidad-de-estimaciones-publicaci%C3%B3n-27022020.pdf/"" target=""_blank"" rel=""noopener noreferrer"">La clasificación en estimaciones Fiables, Poco fiables y No fiables provienen del Estándar para la evaluación de la calidad de las estimaciones en encuestas de hogares del INE.</a>",Encuesta Suplementaria de Ingresos (ESI),PT,0
CL01:DF_BGYMEDIOOCU_CIUO(1.0),A,BGYMEDIOOCU,_T,CIUO_9,2019,-17.826876834907,,,1,"<a href="" https://www.ine.gob.cl/docs/default-source/institucionalidad/buenas-pr%C3%A1cticas/clasificaciones-y-estandares/est%C3%A1ndar-evaluaci%C3%B3n-de-calidad-de-estimaciones-publicaci%C3%B3n-27022020.pdf/"" target=""_blank"" rel=""noopener noreferrer"">La clasificación en estimaciones Fiables, Poco fiables y No fiables provienen del Estándar para la evaluación de la calidad de las estimaciones en encuestas de hogares del INE.</a>",Encuesta Suplementaria de Ingresos (ESI),PT,0
CL01:DF_BGYMEDIOOCU_CIUO(1.0),A,BGYMEDIOOCU,_T,CIUO_9,2020,-19.230039382049,,,1,"<a href="" https://www.ine.gob.cl/docs/default-source/institucionalidad/buenas-pr%C3%A1cticas/clasificaciones-y-estandares/est%C3%A1ndar-evaluaci%C3%B3n-de-calidad-de-estimaciones-publicaci%C3%B3n-27022020.pdf/"" target=""_blank"" rel=""noopener noreferrer"">La clasificación en estimaciones Fiables, Poco fiables y No fiables provienen del Estándar para la evaluación de la calidad de las estimaciones en encuestas de hogares del INE.</a>",Encuesta Suplementaria de Ingresos (ESI),PT,0
CL01:DF_BGYMEDIOOCU_CIUO(1.0),A,BGYMEDIOOCU,_T,CIUO_9,2021,-17.3281670598572,,,1,"<a href="" https://www.ine.gob.cl/docs/default-source/institucionalidad/buenas-pr%C3%A1cticas/clasificaciones-y-estandares/est%C3%A1ndar-evaluaci%C3%B3n-de-calidad-de-estimaciones-publicaci%C3%B3n-27022020.pdf/"" target=""_blank"" rel=""noopener noreferrer"">La clasificación en estimaciones Fiables, Poco fiables y No fiables provienen del Estándar para la evaluación de la calidad de las estimaciones en encuestas de hogares del INE.</a>",Encuesta Suplementaria de Ingresos (ESI),PT,0
CL01:DF_BGYMEDIOOCU_CIUO(1.0),A,BGYMEDIOOCU,_T,CIUO_9,2022,-20.026399192985,,,1,"<a href="" https://www.ine.gob.cl/docs/default-source/institucionalidad/buenas-pr%C3%A1cticas/clasificaciones-y-estandares/est%C3%A1ndar-evaluaci%C3%B3n-de-calidad-de-estimaciones-publicaci%C3%B3n-27022020.pdf/"" target=""_blank"" rel=""noopener noreferrer"">La clasificación en estimaciones Fiables, Poco fiables y No fiables provienen del Estándar para la evaluación de la calidad de las estimaciones en encuestas de hogares del INE.</a>",Encuesta Suplementaria de Ingresos (ESI),PT,0
CL01:DF_BGYMEDIOOCU_CIUO(1.0),A,BGYMEDIOOCU,_T,CIUO_9,2023,-17.1836069481842,,,1,"<a href="" https://www.ine.gob.cl/docs/default-source/institucionalidad/buenas-pr%C3%A1cticas/clasificaciones-y-estandares/est%C3%A1ndar-evaluaci%C3%B3n-de-calidad-de-estimaciones-publicaci%C3%B3n-27022020.pdf/"" target=""_blank"" rel=""noopener noreferrer"">La clasificación en estimaciones Fiables, Poco fiables y No fiables provienen del Estándar para la evaluación de la calidad de las estimaciones en encuestas de hogares del INE.</a>",Encuesta Suplementaria de Ingresos (ESI),PT,0
CL01:DF_BGYMEDIOOCU_CIUO(1.0),A,BGYMEDIOOCU,_T,CIUO_9,2024,-21.98313693306,,,1,"<a href="" https://www.ine.gob.cl/docs/default-source/institucionalidad/buenas-pr%C3%A1cticas/clasificaciones-y-estandares/est%C3%A1ndar-evaluaci%C3%B3n-de-calidad-de-estimaciones-publicaci%C3%B3n-27022020.pdf/"" target=""_blank"" rel=""noopener noreferrer"">La clasificación en estimaciones Fiables, Poco fiables y No fiables provienen del Estándar para la evaluación de la calidad de las estimaciones en encuestas de hogares del INE.</a>",Encuesta Suplementaria de Ingresos (ESI),PT,0
CL01:DF_BGYMEDIOOCU_CIUO(1.0),A,BGYMEDIOOCU,02,CIUO_0,2017,,X,,1,"<a href="" https://www.ine.gob.cl/docs/default-source/institucionalidad/buenas-pr%C3%A1cticas/clasificaciones-y-estandares/est%C3%A1ndar-evaluaci%C3%B3n-de-calidad-de-estimaciones-publicaci%C3%B3n-27022020.pdf/"" target=""_blank"" rel=""noopener noreferrer"">La clasificación en estimaciones Fiables, Poco fiables y No fiables provienen del Estándar para la evaluación de la calidad de las estimaciones en encuestas de hogares del INE.</a>",Encuesta Suplementaria de Ingresos (ESI),PT,0
CL01:DF_BGYMEDIOOCU_CIUO(1.0),A,BGYMEDIOOCU,02,CIUO_0,2018,,X,,1,"<a href="" https://www.ine.gob.cl/docs/default-source/institucionalidad/buenas-pr%C3%A1cticas/clasificaciones-y-estandares/est%C3%A1ndar-evaluaci%C3%B3n-de-calidad-de-estimaciones-publicaci%C3%B3n-27022020.pdf/"" target=""_blank"" rel=""noopener noreferrer"">La clasificación en estimaciones Fiables, Poco fiables y No fiables provienen del Estándar para la evaluación de la calidad de las estimaciones en encuestas de hogares del INE.</a>",Encuesta Suplementaria de Ingresos (ESI),PT,0
CL01:DF_BGYMEDIOOCU_CIUO(1.0),A,BGYMEDIOOCU,02,CIUO_0,2019,,X,,1,"<a href="" https://www.ine.gob.cl/docs/default-source/institucionalidad/buenas-pr%C3%A1cticas/clasificaciones-y-estandares/est%C3%A1ndar-evaluaci%C3%B3n-de-calidad-de-estimaciones-publicaci%C3%B3n-27022020.pdf/"" target=""_blank"" rel=""noopener noreferrer"">La clasificación en estimaciones Fiables, Poco fiables y No fiables provienen del Estándar para la evaluación de la calidad de las estimaciones en encuestas de hogares del INE.</a>",Encuesta Suplementaria de Ingresos (ESI),PT,0
CL01:DF_BGYMEDIOOCU_CIUO(1.0),A,BGYMEDIOOCU,02,CIUO_0,2020,,X,,1,"<a href="" https://www.ine.gob.cl/docs/default-source/institucionalidad/buenas-pr%C3%A1cticas/clasificaciones-y-estandares/est%C3%A1ndar-evaluaci%C3%B3n-de-calidad-de-estimaciones-publicaci%C3%B3n-27022020.pdf/"" target=""_blank"" rel=""noopener noreferrer"">La clasificación en estimaciones Fiables, Poco fiables y No fiables provienen del Estándar para la evaluación de la calidad de las estimaciones en encuestas de hogares del INE.</a>",Encuesta Suplementaria de Ingresos (ESI),PT,0
CL01:DF_BGYMEDIOOCU_CIUO(1.0),A,BGYMEDIOOCU,02,CIUO_0,2021,,X,,1,"<a href="" https://www.ine.gob.cl/docs/default-source/institucionalidad/buenas-pr%C3%A1cticas/clasificaciones-y-estandares/est%C3%A1ndar-evaluaci%C3%B3n-de-calidad-de-estimaciones-publicaci%C3%B3n-27022020.pdf/"" target=""_blank"" rel=""noopener noreferrer"">La clasificación en estimaciones Fiables, Poco fiables y No fiables provienen del Estándar para la evaluación de la calidad de las estimaciones en encuestas de hogares del INE.</a>",Encuesta Suplementaria de Ingresos (ESI),PT,0
CL01:DF_BGYMEDIOOCU_CIUO(1.0),A,BGYMEDIOOCU,02,CIUO_0,2022,,X,,1,"<a href="" https://www.ine.gob.cl/docs/default-source/institucionalidad/buenas-pr%C3%A1cticas/clasificaciones-y-estandares/est%C3%A1ndar-evaluaci%C3%B3n-de-calidad-de-estimaciones-publicaci%C3%B3n-27022020.pdf/"" target=""_blank"" rel=""noopener noreferrer"">La clasificación en estimaciones Fiables, Poco fiables y No fiables provienen del Estándar para la evaluación de la calidad de las estimaciones en encuestas de hogares del INE.</a>",Encuesta Suplementaria de Ingresos (ESI),PT,0
CL01:DF_BGYMEDIOOCU_CIUO(1.0),A,BGYMEDIOOCU,02,CIUO_0,2023,,X,,1,"<a href="" https://www.ine.gob.cl/docs/default-source/institucionalidad/buenas-pr%C3%A1cticas/clasificaciones-y-estandares/est%C3%A1ndar-evaluaci%C3%B3n-de-calidad-de-estimaciones-publicaci%C3%B3n-27022020.pdf/"" target=""_blank"" rel=""noopener noreferrer"">La clasificación en estimaciones Fiables, Poco fiables y No fiables provienen del Estándar para la evaluación de la calidad de las estimaciones en encuestas de hogares del INE.</a>",Encuesta Suplementaria de Ingresos (ESI),PT,0
CL01:DF_BGYMEDIOOCU_CIUO(1.0),A,BGYMEDIOOCU,02,CIUO_0,2024,,X,,1,"<a href="" https://www.ine.gob.cl/docs/default-source/institucionalidad/buenas-pr%C3%A1cticas/clasificaciones-y-estandares/est%C3%A1ndar-evaluaci%C3%B3n-de-calidad-de-estimaciones-publicaci%C3%B3n-27022020.pdf/"" target=""_blank"" rel=""noopener noreferrer"">La clasificación en estimaciones Fiables, Poco fiables y No fiables provienen del Estándar para la evaluación de la calidad de las estimaciones en encuestas de hogares del INE.</a>",Encuesta Suplementaria de Ingresos (ESI),PT,0
CL01:DF_BGYMEDIOOCU_CIUO(1.0),A,BGYMEDIOOCU,04,CIUO_7,2017,-69.7448511428433,Y,,1,"<a href="" https://www.ine.gob.cl/docs/default-source/institucionalidad/buenas-pr%C3%A1cticas/clasificaciones-y-estandares/est%C3%A1ndar-evaluaci%C3%B3n-de-calidad-de-estimaciones-publicaci%C3%B3n-27022020.pdf/"" target=""_blank"" rel=""noopener noreferrer"">La clasificación en estimaciones Fiables, Poco fiables y No fiables provienen del Estándar para la evaluación de la calidad de las estimaciones en encuestas de hogares del INE.</a>",Encuesta Suplementaria de Ingresos (ESI),PT,0
CL01:DF_BGYMEDIOOCU_CIUO(1.0),A,BGYMEDIOOCU,04,CIUO_7,2018,-57.226206952964,Y,,1,"<a href="" https://www.ine.gob.cl/docs/default-source/institucionalidad/buenas-pr%C3%A1cticas/clasificaciones-y-estandares/est%C3%A1ndar-evaluaci%C3%B3n-de-calidad-de-estimaciones-publicaci%C3%B3n-27022020.pdf/"" target=""_blank"" rel=""noopener noreferrer"">La clasificación en estimaciones Fiables, Poco fiables y No fiables provienen del Estándar para la evaluación de la calidad de las estimaciones en encuestas de hogares del INE.</a>",Encuesta Suplementaria de Ingresos (ESI),PT,0
CL01:DF_BGYMEDIOOCU_CIUO(1.0),A,BGYMEDIOOCU,04,CIUO_7,2019,-71.7994713691525,Y,,1,"<a href="" https://www.ine.gob.cl/docs/default-source/institucionalidad/buenas-pr%C3%A1cticas/clasificaciones-y-estandares/est%C3%A1ndar-evaluaci%C3%B3n-de-calidad-de-estimaciones-publicaci%C3%B3n-27022020.pdf/"" target=""_blank"" rel=""noopener noreferrer"">La clasificación en estimaciones Fiables, Poco fiables y No fiables provienen del Estándar para la evaluación de la calidad de las estimaciones en encuestas de hogares del INE.</a>",Encuesta Suplementaria de Ingresos (ESI),PT,0
CL01:DF_BGYMEDIOOCU_CIUO(1.0),A,BGYMEDIOOCU,04,CIUO_7,2020,-71.6952876370512,Y,,1,"<a href="" https://www.ine.gob.cl/docs/default-source/institucionalidad/buenas-pr%C3%A1cticas/clasificaciones-y-estandares/est%C3%A1ndar-evaluaci%C3%B3n-de-calidad-de-estimaciones-publicaci%C3%B3n-27022020.pdf/"" target=""_blank"" rel=""noopener noreferrer"">La clasificación en estimaciones Fiables, Poco fiables y No fiables provienen del Estándar para la evaluación de la calidad de las estimaciones en encuestas de hogares del INE.</a>",Encuesta Suplementaria de Ingresos (ESI),PT,0
CL01:DF_BGYMEDIOOCU_CIUO(1.0),A,BGYMEDIOOCU,04,CIUO_7,2021,-62.8602991483668,,,1,"<a href="" https://www.ine.gob.cl/docs/default-source/institucionalidad/buenas-pr%C3%A1cticas/clasificaciones-y-estandares/est%C3%A1ndar-evaluaci%C3%B3n-de-calidad-de-estimaciones-publicaci%C3%B3n-27022020.pdf/"" target=""_blank"" rel=""noopener noreferrer"">La clasificación en estimaciones Fiables, Poco fiables y No fiables provienen del Estándar para la evaluación de la calidad de las estimaciones en encuestas de hogares del INE.</a>",Encuesta Suplementaria de Ingresos (ESI),PT,0
CL01:DF_BGYMEDIOOCU_CIUO(1.0),A,BGYMEDIOOCU,04,CIUO_7,2022,-60.657401108542,Y,,1,"<a href="" https://www.ine.gob.cl/docs/default-source/institucionalidad/buenas-pr%C3%A1cticas/clasificaciones-y-estandares/est%C3%A1ndar-evaluaci%C3%B3n-de-calidad-de-estimaciones-publicaci%C3%B3n-27022020.pdf/"" target=""_blank"" rel=""noopener noreferrer"">La clasificación en estimaciones Fiables, Poco fiables y No fiables provienen del Estándar para la evaluación de la calidad de las estimaciones en encuestas de hogares del INE.</a>",Encuesta Suplementaria de Ingresos (ESI),PT,0
CL01:DF_BGYMEDIOOCU_CIUO(1.0),A,BGYMEDIOOCU,04,CIUO_7,2023,-75.750592908245,,,1,"<a href="" https://www.ine.gob.cl/docs/default-source/institucionalidad/buenas-pr%C3%A1cticas/clasificaciones-y-estandares/est%C3%A1ndar-evaluaci%C3%B3n-de-calidad-de-estimaciones-publicaci%C3%B3n-27022020.pdf/"" target=""_blank"" rel=""noopener noreferrer"">La clasificación en estimaciones Fiables, Poco fiables y No fiables provienen del Estándar para la evaluación de la calidad de las estimaciones en encuestas de hogares del INE.</a>",Encuesta Suplementaria de Ingresos (ESI),PT,0
CL01:DF_BGYMEDIOOCU_CIUO(1.0),A,BGYMEDIOOCU,04,CIUO_7,2024,-67.3735148008599,Y,,1,"<a href="" https://www.ine.gob.cl/docs/default-source/institucionalidad/buenas-pr%C3%A1cticas/clasificaciones-y-estandares/est%C3%A1ndar-evaluaci%C3%B3n-de-calidad-de-estimaciones-publicaci%C3%B3n-27022020.pdf/"" target=""_blank"" rel=""noopener noreferrer"">La clasificación en estimaciones Fiables, Poco fiables y No fiables provienen del Estándar para la evaluación de la calidad de las estimaciones en encuestas de hogares del INE.</a>",Encuesta Suplementaria de Ingresos (ESI),PT,0
CL01:DF_BGYMEDIOOCU_CIUO(1.0),A,BGYMEDIOOCU,08,CIUO_7,2017,-61.4727023797118,,,1,"<a href="" https://www.ine.gob.cl/docs/default-source/institucionalidad/buenas-pr%C3%A1cticas/clasificaciones-y-estandares/est%C3%A1ndar-evaluaci%C3%B3n-de-calidad-de-estimaciones-publicaci%C3%B3n-27022020.pdf/"" target=""_blank"" rel=""noopener noreferrer"">La clasificación en estimaciones Fiables, Poco fiables y No fiables provienen del Estándar para la evaluación de la calidad de las estimaciones en encuestas de hogares del INE.</a>",Encuesta Suplementaria de Ingresos (ESI),PT,0
CL01:DF_BGYMEDIOOCU_CIUO(1.0),A,BGYMEDIOOCU,08,CIUO_7,2018,-51.7519255520713,Y,,1,"<a href="" https://www.ine.gob.cl/docs/default-source/institucionalidad/buenas-pr%C3%A1cticas/clasificaciones-y-estandares/est%C3%A1ndar-evaluaci%C3%B3n-de-calidad-de-estimaciones-publicaci%C3%B3n-27022020.pdf/"" target=""_blank"" rel=""noopener noreferrer"">La clasificación en estimaciones Fiables, Poco fiables y No fiables provienen del Estándar para la evaluación de la calidad de las estimaciones en encuestas de hogares del INE.</a>",Encuesta Suplementaria de Ingresos (ESI),PT,0
CL01:DF_BGYMEDIOOCU_CIUO(1.0),A,BGYMEDIOOCU,08,CIUO_7,2019,-71.6787436825169,Y,,1,"<a href="" https://www.ine.gob.cl/docs/default-source/institucionalidad/buenas-pr%C3%A1cticas/clasificaciones-y-estandares/est%C3%A1ndar-evaluaci%C3%B3n-de-calidad-de-estimaciones-publicaci%C3%B3n-27022020.pdf/"" target=""_blank"" rel=""noopener noreferrer"">La clasificación en estimaciones Fiables, Poco fiables y No fiables provienen del Estándar para la evaluación de la calidad de las estimaciones en encuestas de hogares del INE.</a>",Encuesta Suplementaria de Ingresos (ESI),PT,0
CL01:DF_BGYMEDIOOCU_CIUO(1.0),A,BGYMEDIOOCU,08,CIUO_7,2020,-71.9896661720971,,,1,"<a href="" https://www.ine.gob.cl/docs/default-source/institucionalidad/buenas-pr%C3%A1cticas/clasificaciones-y-estandares/est%C3%A1ndar-evaluaci%C3%B3n-de-calidad-de-estimaciones-publicaci%C3%B3n-27022020.pdf/"" target=""_blank"" rel=""noopener noreferrer"">La clasificación en estimaciones Fiables, Poco fiables y No fiables provienen del Estándar para la evaluación de la calidad de las estimaciones en encuestas de hogares del INE.</a>",Encuesta Suplementaria de Ingresos (ESI),PT,0
CL01:DF_BGYMEDIOOCU_CIUO(1.0),A,BGYMEDIOOCU,08,CIUO_7,2021,-60.321137802147,,,1,"<a href="" https://www.ine.gob.cl/docs/default-source/institucionalidad/buenas-pr%C3%A1cticas/clasificaciones-y-estandares/est%C3%A1ndar-evaluaci%C3%B3n-de-calidad-de-estimaciones-publicaci%C3%B3n-27022020.pdf/"" target=""_blank"" rel=""noopener noreferrer"">La clasificación en estimaciones Fiables, Poco fiables y No fiables provienen del Estándar para la evaluación de la calidad de las estimaciones en encuestas de hogares del INE.</a>",Encuesta Suplementaria de Ingresos (ESI),PT,0
CL01:DF_BGYMEDIOOCU_CIUO(1.0),A,BGYMEDIOOCU,08,CIUO_7,2022,-60.3812147261979,,,1,"<a href="" https://www.ine.gob.cl/docs/default-source/institucionalidad/buenas-pr%C3%A1cticas/clasificaciones-y-estandares/est%C3%A1ndar-evaluaci%C3%B3n-de-calidad-de-estimaciones-publicaci%C3%B3n-27022020.pdf/"" target=""_blank"" rel=""noopener noreferrer"">La clasificación en estimaciones Fiables, Poco fiables y No fiables provienen del Estándar para la evaluación de la calidad de las estimaciones en encuestas de hogares del INE.</a>",Encuesta Suplementaria de Ingresos (ESI),PT,0
CL01:DF_BGYMEDIOOCU_CIUO(1.0),A,BGYMEDIOOCU,08,CIUO_7,2023,-57.5824124535234,,,1,"<a href="" https://www.ine.gob.cl/docs/default-source/institucionalidad/buenas-pr%C3%A1cticas/clasificaciones-y-estandares/est%C3%A1ndar-evaluaci%C3%B3n-de-calidad-de-estimaciones-publicaci%C3%B3n-27022020.pdf/"" target=""_blank"" rel=""noopener noreferrer"">La clasificación en estimaciones Fiables, Poco fiables y No fiables provienen del Estándar para la evaluación de la calidad de las estimaciones en encuestas de hogares del INE.</a>",Encuesta Suplementaria de Ingresos (ESI),PT,0
CL01:DF_BGYMEDIOOCU_CIUO(1.0),A,BGYMEDIOOCU,08,CIUO_7,2024,-57.4417397537384,,,1,"<a href="" https://www.ine.gob.cl/docs/default-source/institucionalidad/buenas-pr%C3%A1cticas/clasificaciones-y-estandares/est%C3%A1ndar-evaluaci%C3%B3n-de-calidad-de-estimaciones-publicaci%C3%B3n-27022020.pdf/"" target=""_blank"" rel=""noopener noreferrer"">La clasificación en estimaciones Fiables, Poco fiables y No fiables provienen del Estándar para la evaluación de la calidad de las estimaciones en encuestas de hogares del INE.</a>",Encuesta Suplementaria de Ingresos (ESI),PT,0
CL01:DF_BGYMEDIOOCU_CIUO(1.0),A,BGYMEDIOOCU,08,CIUO_8,2017,-29.7171295215972,,,1,"<a href="" https://www.ine.gob.cl/docs/default-source/institucionalidad/buenas-pr%C3%A1cticas/clasificaciones-y-estandares/est%C3%A1ndar-evaluaci%C3%B3n-de-calidad-de-estimaciones-publicaci%C3%B3n-27022020.pdf/"" target=""_blank"" rel=""noopener noreferrer"">La clasificación en estimaciones Fiables, Poco fiables y No fiables provienen del Estándar para la evaluación de la calidad de las estimaciones en encuestas de hogares del INE.</a>",Encuesta Suplementaria de Ingresos (ESI),PT,0
CL01:DF_BGYMEDIOOCU_CIUO(1.0),A,BGYMEDIOOCU,08,CIUO_8,2018,-28.3329074871764,,,1,"<a href="" https://www.ine.gob.cl/docs/default-source/institucionalidad/buenas-pr%C3%A1cticas/clasificaciones-y-estandares/est%C3%A1ndar-evaluaci%C3%B3n-de-calidad-de-estimaciones-publicaci%C3%B3n-27022020.pdf/"" target=""_blank"" rel=""noopener noreferrer"">La clasificación en estimaciones Fiables, Poco fiables y No fiables provienen del Estándar para la evaluación de la calidad de las estimaciones en encuestas de hogares del INE.</a>",Encuesta Suplementaria de Ingresos (ESI),PT,0
CL01:DF_BGYMEDIOOCU_CIUO(1.0),A,BGYMEDIOOCU,08,CIUO_8,2019,-51.8721014086192,,,1,"<a href="" https://www.ine.gob.cl/docs/default-source/institucionalidad/buenas-pr%C3%A1cticas/clasificaciones-y-estandares/est%C3%A1ndar-evaluaci%C3%B3n-de-calidad-de-estimaciones-publicaci%C3%B3n-27022020.pdf/"" target=""_blank"" rel=""noopener noreferrer"">La clasificación en estimaciones Fiables, Poco fiables y No fiables provienen del Estándar para la evaluación de la calidad de las estimaciones en encuestas de hogares del INE.</a>",Encuesta Suplementaria de Ingresos (ESI),PT,0
CL01:DF_BGYMEDIOOCU_CIUO(1.0),A,BGYMEDIOOCU,08,CIUO_8,2020,-59.7199974780546,X,,1,"<a href="" https://www.ine.gob.cl/docs/default-source/institucionalidad/buenas-pr%C3%A1cticas/clasificaciones-y-estandares/est%C3%A1ndar-evaluaci%C3%B3n-de-calidad-de-estimaciones-publicaci%C3%B3n-27022020.pdf/"" target=""_blank"" rel=""noopener noreferrer"">La clasificación en estimaciones Fiables, Poco fiables y No fiables provienen del Estándar para la evaluación de la calidad de las estimaciones en encuestas de hogares del INE.</a>",Encuesta Suplementaria de Ingresos (ESI),PT,0
CL01:DF_BGYMEDIOOCU_CIUO(1.0),A,BGYMEDIOOCU,08,CIUO_8,2021,-21.7272269001877,,,1,"<a href="" https://www.ine.gob.cl/docs/default-source/institucionalidad/buenas-pr%C3%A1cticas/clasificaciones-y-estandares/est%C3%A1ndar-evaluaci%C3%B3n-de-calidad-de-estimaciones-publicaci%C3%B3n-27022020.pdf/"" target=""_blank"" rel=""noopener noreferrer"">La clasificación en estimaciones Fiables, Poco fiables y No fiables provienen del Estándar para la evaluación de la calidad de las estimaciones en encuestas de hogares del INE.</a>",Encuesta Suplementaria de Ingresos (ESI),PT,0
CL01:DF_BGYMEDIOOCU_CIUO(1.0),A,BGYMEDIOOCU,08,CIUO_8,2022,-35.9424884474274,,,1,"<a href="" https://www.ine.gob.cl/docs/default-source/institucionalidad/buenas-pr%C3%A1cticas/clasificaciones-y-estandares/est%C3%A1ndar-evaluaci%C3%B3n-de-calidad-de-estimaciones-publicaci%C3%B3n-27022020.pdf/"" target=""_blank"" rel=""noopener noreferrer"">La clasificación en estimaciones Fiables, Poco fiables y No fiables provienen del Estándar para la evaluación de la calidad de las estimaciones en encuestas de hogares del INE.</a>",Encuesta Suplementaria de Ingresos (ESI),PT,0
CL01:DF_BGYMEDIOOCU_CIUO(1.0),A,BGYMEDIOOCU,08,CIUO_8,2023,-41.8165898969733,,,1,"<a href="" https://www.ine.gob.cl/docs/default-source/institucionalidad/buenas-pr%C3%A1cticas/clasificaciones-y-estandares/est%C3%A1ndar-evaluaci%C3%B3n-de-calidad-de-estimaciones-publicaci%C3%B3n-27022020.pdf/"" target=""_blank"" rel=""noopener noreferrer"">La clasificación en estimaciones Fiables, Poco fiables y No fiables provienen del Estándar para la evaluación de la calidad de las estimaciones en encuestas de hogares del INE.</a>",Encuesta Suplementaria de Ingresos (ESI),PT,0
CL01:DF_BGYMEDIOOCU_CIUO(1.0),A,BGYMEDIOOCU,08,CIUO_8,2024,-23.4536012523787,,,1,"<a href="" https://www.ine.gob.cl/docs/default-source/institucionalidad/buenas-pr%C3%A1cticas/clasificaciones-y-estandares/est%C3%A1ndar-evaluaci%C3%B3n-de-calidad-de-estimaciones-publicaci%C3%B3n-27022020.pdf/"" target=""_blank"" rel=""noopener noreferrer"">La clasificación en estimaciones Fiables, Poco fiables y No fiables provienen del Estándar para la evaluación de la calidad de las estimaciones en encuestas de hogares del INE.</a>",Encuesta Suplementaria de Ingresos (ESI),PT,0
CL01:DF_BGYMEDIOOCU_CIUO(1.0),A,BGYMEDIOOCU,10,CIUO_6,2017,-50.9107491370478,Y,,1,"<a href="" https://www.ine.gob.cl/docs/default-source/institucionalidad/buenas-pr%C3%A1cticas/clasificaciones-y-estandares/est%C3%A1ndar-evaluaci%C3%B3n-de-calidad-de-estimaciones-publicaci%C3%B3n-27022020.pdf/"" target=""_blank"" rel=""noopener noreferrer"">La clasificación en estimaciones Fiables, Poco fiables y No fiables provienen del Estándar para la evaluación de la calidad de las estimaciones en encuestas de hogares del INE.</a>",Encuesta Suplementaria de Ingresos (ESI),PT,0
CL01:DF_BGYMEDIOOCU_CIUO(1.0),A,BGYMEDIOOCU,10,CIUO_6,2018,-44.4106403818071,Y,,1,"<a href="" https://www.ine.gob.cl/docs/default-source/institucionalidad/buenas-pr%C3%A1cticas/clasificaciones-y-estandares/est%C3%A1ndar-evaluaci%C3%B3n-de-calidad-de-estimaciones-publicaci%C3%B3n-27022020.pdf/"" target=""_blank"" rel=""noopener noreferrer"">La clasificación en estimaciones Fiables, Poco fiables y No fiables provienen del Estándar para la evaluación de la calidad de las estimaciones en encuestas de hogares del INE.</a>",Encuesta Suplementaria de Ingresos (ESI),PT,0
CL01:DF_BGYMEDIOOCU_CIUO(1.0),A,BGYMEDIOOCU,10,CIUO_6,2019,-41.8792573259636,Y,,1,"<a href="" https://www.ine.gob.cl/docs/default-source/institucionalidad/buenas-pr%C3%A1cticas/clasificaciones-y-estandares/est%C3%A1ndar-evaluaci%C3%B3n-de-calidad-de-estimaciones-publicaci%C3%B3n-27022020.pdf/"" target=""_blank"" rel=""noopener noreferrer"">La clasificación en estimaciones Fiables, Poco fiables y No fiables provienen del Estándar para la evaluación de la calidad de las estimaciones en encuestas de hogares del INE.</a>",Encuesta Suplementaria de Ingresos (ESI),PT,0
CL01:DF_BGYMEDIOOCU_CIUO(1.0),A,BGYMEDIOOCU,10,CIUO_6,2020,-20.3055093038544,Y,,1,"<a href="" https://www.ine.gob.cl/docs/default-source/institucionalidad/buenas-pr%C3%A1cticas/clasificaciones-y-estandares/est%C3%A1ndar-evaluaci%C3%B3n-de-calidad-de-estimaciones-publicaci%C3%B3n-27022020.pdf/"" target=""_blank"" rel=""noopener noreferrer"">La clasificación en estimaciones Fiables, Poco fiables y No fiables provienen del Estándar para la evaluación de la calidad de las estimaciones en encuestas de hogares del INE.</a>",Encuesta Suplementaria de Ingresos (ESI),PT,0
CL01:DF_BGYMEDIOOCU_CIUO(1.0),A,BGYMEDIOOCU,10,CIUO_6,2021,-47.0412963258097,Y,,1,"<a href="" https://www.ine.gob.cl/docs/default-source/institucionalidad/buenas-pr%C3%A1cticas/clasificaciones-y-estandares/est%C3%A1ndar-evaluaci%C3%B3n-de-calidad-de-estimaciones-publicaci%C3%B3n-27022020.pdf/"" target=""_blank"" rel=""noopener noreferrer"">La clasificación en estimaciones Fiables, Poco fiables y No fiables provienen del Estándar para la evaluación de la calidad de las estimaciones en encuestas de hogares del INE.</a>",Encuesta Suplementaria de Ingresos (ESI),PT,0
CL01:DF_BGYMEDIOOCU_CIUO(1.0),A,BGYMEDIOOCU,10,CIUO_6,2022,-32.7584630403728,Y,,1,"<a href="" https://www.ine.gob.cl/docs/default-source/institucionalidad/buenas-pr%C3%A1cticas/clasificaciones-y-estandares/est%C3%A1ndar-evaluaci%C3%B3n-de-calidad-de-estimaciones-publicaci%C3%B3n-27022020.pdf/"" target=""_blank"" rel=""noopener noreferrer"">La clasificación en estimaciones Fiables, Poco fiables y No fiables provienen del Estándar para la evaluación de la calidad de las estimaciones en encuestas de hogares del INE.</a>",Encuesta Suplementaria de Ingresos (ESI),PT,0
CL01:DF_BGYMEDIOOCU_CIUO(1.0),A,BGYMEDIOOCU,10,CIUO_6,2023,-58.6496688711764,Y,,1,"<a href="" https://www.ine.gob.cl/docs/default-source/institucionalidad/buenas-pr%C3%A1cticas/clasificaciones-y-estandares/est%C3%A1ndar-evaluaci%C3%B3n-de-calidad-de-estimaciones-publicaci%C3%B3n-27022020.pdf/"" target=""_blank"" rel=""noopener noreferrer"">La clasificación en estimaciones Fiables, Poco fiables y No fiables provienen del Estándar para la evaluación de la calidad de las estimaciones en encuestas de hogares del INE.</a>",Encuesta Suplementaria de Ingresos (ESI),PT,0
CL01:DF_BGYMEDIOOCU_CIUO(1.0),A,BGYMEDIOOCU,10,CIUO_6,2024,-22.7607241757589,Y,,1,"<a href="" https://www.ine.gob.cl/docs/default-source/institucionalidad/buenas-pr%C3%A1cticas/clasificaciones-y-estandares/est%C3%A1ndar-evaluaci%C3%B3n-de-calidad-de-estimaciones-publicaci%C3%B3n-27022020.pdf/"" target=""_blank"" rel=""noopener noreferrer"">La clasificación en estimaciones Fiables, Poco fiables y No fiables provienen del Estándar para la evaluación de la calidad de las estimaciones en encuestas de hogares del INE.</a>",Encuesta Suplementaria de Ingresos (ESI),PT,0
CL01:DF_BGYMEDIOOCU_CIUO(1.0),A,BGYMEDIOOCU,10,CIUO_7,2017,-50.2702598495088,Y,,1,"<a href="" https://www.ine.gob.cl/docs/default-source/institucionalidad/buenas-pr%C3%A1cticas/clasificaciones-y-estandares/est%C3%A1ndar-evaluaci%C3%B3n-de-calidad-de-estimaciones-publicaci%C3%B3n-27022020.pdf/"" target=""_blank"" rel=""noopener noreferrer"">La clasificación en estimaciones Fiables, Poco fiables y No fiables provienen del Estándar para la evaluación de la calidad de las estimaciones en encuestas de hogares del INE.</a>",Encuesta Suplementaria de Ingresos (ESI),PT,0
CL01:DF_BGYMEDIOOCU_CIUO(1.0),A,BGYMEDIOOCU,10,CIUO_7,2018,-44.6795611716099,,,1,"<a href="" https://www.ine.gob.cl/docs/default-source/institucionalidad/buenas-pr%C3%A1cticas/clasificaciones-y-estandares/est%C3%A1ndar-evaluaci%C3%B3n-de-calidad-de-estimaciones-publicaci%C3%B3n-27022020.pdf/"" target=""_blank"" rel=""noopener noreferrer"">La clasificación en estimaciones Fiables, Poco fiables y No fiables provienen del Estándar para la evaluación de la calidad de las estimaciones en encuestas de hogares del INE.</a>",Encuesta Suplementaria de Ingresos (ESI),PT,0
CL01:DF_BGYMEDIOOCU_CIUO(1.0),A,BGYMEDIOOCU,10,CIUO_7,2019,-45.7952070220058,Y,,1,"<a href="" https://www.ine.gob.cl/docs/default-source/institucionalidad/buenas-pr%C3%A1cticas/clasificaciones-y-estandares/est%C3%A1ndar-evaluaci%C3%B3n-de-calidad-de-estimaciones-publicaci%C3%B3n-27022020.pdf/"" target=""_blank"" rel=""noopener noreferrer"">La clasificación en estimaciones Fiables, Poco fiables y No fiables provienen del Estándar para la evaluación de la calidad de las estimaciones en encuestas de hogares del INE.</a>",Encuesta Suplementaria de Ingresos (ESI),PT,0
CL01:DF_BGYMEDIOOCU_CIUO(1.0),A,BGYMEDIOOCU,10,CIUO_7,2020,-59.7785201940286,Y,,1,"<a href="" https://www.ine.gob.cl/docs/default-source/institucionalidad/buenas-pr%C3%A1cticas/clasificaciones-y-estandares/est%C3%A1ndar-evaluaci%C3%B3n-de-calidad-de-estimaciones-publicaci%C3%B3n-27022020.pdf/"" target=""_blank"" rel=""noopener noreferrer"">La clasificación en estimaciones Fiables, Poco fiables y No fiables provienen del Estándar para la evaluación de la calidad de las estimaciones en encuestas de hogares del INE.</a>",Encuesta Suplementaria de Ingresos (ESI),PT,0
CL01:DF_BGYMEDIOOCU_CIUO(1.0),A,BGYMEDIOOCU,10,CIUO_7,2021,-40.0875019480577,,,1,"<a href="" https://www.ine.gob.cl/docs/default-source/institucionalidad/buenas-pr%C3%A1cticas/clasificaciones-y-estandares/est%C3%A1ndar-evaluaci%C3%B3n-de-calidad-de-estimaciones-publicaci%C3%B3n-27022020.pdf/"" target=""_blank"" rel=""noopener noreferrer"">La clasificación en estimaciones Fiables, Poco fiables y No fiables provienen del Estándar para la evaluación de la calidad de las estimaciones en encuestas de hogares del INE.</a>",Encuesta Suplementaria de Ingresos (ESI),PT,0
CL01:DF_BGYMEDIOOCU_CIUO(1.0),A,BGYMEDIOOCU,10,CIUO_7,2022,-45.3448070841503,Y,,1,"<a href="" https://www.ine.gob.cl/docs/default-source/institucionalidad/buenas-pr%C3%A1cticas/clasificaciones-y-estandares/est%C3%A1ndar-evaluaci%C3%B3n-de-calidad-de-estimaciones-publicaci%C3%B3n-27022020.pdf/"" target=""_blank"" rel=""noopener noreferrer"">La clasificación en estimaciones Fiables, Poco fiables y No fiables provienen del Estándar para la evaluación de la calidad de las estimaciones en encuestas de hogares del INE.</a>",Encuesta Suplementaria de Ingresos (ESI),PT,0
CL01:DF_BGYMEDIOOCU_CIUO(1.0),A,BGYMEDIOOCU,10,CIUO_7,2023,-50.4912511557212,,,1,"<a href="" https://www.ine.gob.cl/docs/default-source/institucionalidad/buenas-pr%C3%A1cticas/clasificaciones-y-estandares/est%C3%A1ndar-evaluaci%C3%B3n-de-calidad-de-estimaciones-publicaci%C3%B3n-27022020.pdf/"" target=""_blank"" rel=""noopener noreferrer"">La clasificación en estimaciones Fiables, Poco fiables y No fiables provienen del Estándar para la evaluación de la calidad de las estimaciones en encuestas de hogares del INE.</a>",Encuesta Suplementaria de Ingresos (ESI),PT,0
CL01:DF_BGYMEDIOOCU_CIUO(1.0),A,BGYMEDIOOCU,10,CIUO_7,2024,-36.2624017344513,Y,,1,"<a href="" https://www.ine.gob.cl/docs/default-source/institucionalidad/buenas-pr%C3%A1cticas/clasificaciones-y-estandares/est%C3%A1ndar-evaluaci%C3%B3n-de-calidad-de-estimaciones-publicaci%C3%B3n-27022020.pdf/"" target=""_blank"" rel=""noopener noreferrer"">La clasificación en estimaciones Fiables, Poco fiables y No fiables provienen del Estándar para la evaluación de la calidad de las estimaciones en encuestas de hogares del INE.</a>",Encuesta Suplementaria de Ingresos (ESI),PT,0
CL01:DF_BGYMEDIOOCU_CIUO(1.0),A,BGYMEDIOOCU,11,CIUO_5,2017,-47.865067521832,,,1,"<a href="" https://www.ine.gob.cl/docs/default-source/institucionalidad/buenas-pr%C3%A1cticas/clasificaciones-y-estandares/est%C3%A1ndar-evaluaci%C3%B3n-de-calidad-de-estimaciones-publicaci%C3%B3n-27022020.pdf/"" target=""_blank"" rel=""noopener noreferrer"">La clasificación en estimaciones Fiables, Poco fiables y No fiables provienen del Estándar para la evaluación de la calidad de las estimaciones en encuestas de hogares del INE.</a>",Encuesta Suplementaria de Ingresos (ESI),PT,0
CL01:DF_BGYMEDIOOCU_CIUO(1.0),A,BGYMEDIOOCU,11,CIUO_5,2018,-39.7204016404315,,,1,"<a href="" https://www.ine.gob.cl/docs/default-source/institucionalidad/buenas-pr%C3%A1cticas/clasificaciones-y-estandares/est%C3%A1ndar-evaluaci%C3%B3n-de-calidad-de-estimaciones-publicaci%C3%B3n-27022020.pdf/"" target=""_blank"" rel=""noopener noreferrer"">La clasificación en estimaciones Fiables, Poco fiables y No fiables provienen del Estándar para la evaluación de la calidad de las estimaciones en encuestas de hogares del INE.</a>",Encuesta Suplementaria de Ingresos (ESI),PT,0
CL01:DF_BGYMEDIOOCU_CIUO(1.0),A,BGYMEDIOOCU,11,CIUO_5,2019,-26.2990469300568,Y,,1,"<a href="" https://www.ine.gob.cl/docs/default-source/institucionalidad/buenas-pr%C3%A1cticas/clasificaciones-y-estandares/est%C3%A1ndar-evaluaci%C3%B3n-de-calidad-de-estimaciones-publicaci%C3%B3n-27022020.pdf/"" target=""_blank"" rel=""noopener noreferrer"">La clasificación en estimaciones Fiables, Poco fiables y No fiables provienen del Estándar para la evaluación de la calidad de las estimaciones en encuestas de hogares del INE.</a>",Encuesta Suplementaria de Ingresos (ESI),PT,0
CL01:DF_BGYMEDIOOCU_CIUO(1.0),A,BGYMEDIOOCU,11,CIUO_5,2020,-56.168727851924,Y,,1,"<a href="" https://www.ine.gob.cl/docs/default-source/institucionalidad/buenas-pr%C3%A1cticas/clasificaciones-y-estandares/est%C3%A1ndar-evaluaci%C3%B3n-de-calidad-de-estimaciones-publicaci%C3%B3n-27022020.pdf/"" target=""_blank"" rel=""noopener noreferrer"">La clasificación en estimaciones Fiables, Poco fiables y No fiables provienen del Estándar para la evaluación de la calidad de las estimaciones en encuestas de hogares del INE.</a>",Encuesta Suplementaria de Ingresos (ESI),PT,0
CL01:DF_BGYMEDIOOCU_CIUO(1.0),A,BGYMEDIOOCU,11,CIUO_5,2021,-36.6134181437391,,,1,"<a href="" https://www.ine.gob.cl/docs/default-source/institucionalidad/buenas-pr%C3%A1cticas/clasificaciones-y-estandares/est%C3%A1ndar-evaluaci%C3%B3n-de-calidad-de-estimaciones-publicaci%C3%B3n-27022020.pdf/"" target=""_blank"" rel=""noopener noreferrer"">La clasificación en estimaciones Fiables, Poco fiables y No fiables provienen del Estándar para la evaluación de la calidad de las estimaciones en encuestas de hogares del INE.</a>",Encuesta Suplementaria de Ingresos (ESI),PT,0
CL01:DF_BGYMEDIOOCU_CIUO(1.0),A,BGYMEDIOOCU,11,CIUO_5,2022,-57.2904037490034,Y,,1,"<a href="" https://www.ine.gob.cl/docs/default-source/institucionalidad/buenas-pr%C3%A1cticas/clasificaciones-y-estandares/est%C3%A1ndar-evaluaci%C3%B3n-de-calidad-de-estimaciones-publicaci%C3%B3n-27022020.pdf/"" target=""_blank"" rel=""noopener noreferrer"">La clasificación en estimaciones Fiables, Poco fiables y No fiables provienen del Estándar para la evaluación de la calidad de las estimaciones en encuestas de hogares del INE.</a>",Encuesta Suplementaria de Ingresos (ESI),PT,0
CL01:DF_BGYMEDIOOCU_CIUO(1.0),A,BGYMEDIOOCU,11,CIUO_5,2023,-58.8274855002072,Y,,1,"<a href="" https://www.ine.gob.cl/docs/default-source/institucionalidad/buenas-pr%C3%A1cticas/clasificaciones-y-estandares/est%C3%A1ndar-evaluaci%C3%B3n-de-calidad-de-estimaciones-publicaci%C3%B3n-27022020.pdf/"" target=""_blank"" rel=""noopener noreferrer"">La clasificación en estimaciones Fiables, Poco fiables y No fiables provienen del Estándar para la evaluación de la calidad de las estimaciones en encuestas de hogares del INE.</a>",Encuesta Suplementaria de Ingresos (ESI),PT,0
CL01:DF_BGYMEDIOOCU_CIUO(1.0),A,BGYMEDIOOCU,11,CIUO_5,2024,-34.2312424863648,,,1,"<a href="" https://www.ine.gob.cl/docs/default-source/institucionalidad/buenas-pr%C3%A1cticas/clasificaciones-y-estandares/est%C3%A1ndar-evaluaci%C3%B3n-de-calidad-de-estimaciones-publicaci%C3%B3n-27022020.pdf/"" target=""_blank"" rel=""noopener noreferrer"">La clasificación en estimaciones Fiables, Poco fiables y No fiables provienen del Estándar para la evaluación de la calidad de las estimaciones en encuestas de hogares del INE.</a>",Encuesta Suplementaria de Ingresos (ESI),PT,0
CL01:DF_BGYMEDIOOCU_CIUO(1.0),A,BGYMEDIOOCU,13,CIUO_8,2017,-4.27843344909885,,,1,"<a href="" https://www.ine.gob.cl/docs/default-source/institucionalidad/buenas-pr%C3%A1cticas/clasificaciones-y-estandares/est%C3%A1ndar-evaluaci%C3%B3n-de-calidad-de-estimaciones-publicaci%C3%B3n-27022020.pdf/"" target=""_blank"" rel=""noopener noreferrer"">La clasificación en estimaciones Fiables, Poco fiables y No fiables provienen del Estándar para la evaluación de la calidad de las estimaciones en encuestas de hogares del INE.</a>",Encuesta Suplementaria de Ingresos (ESI),PT,0
CL01:DF_BGYMEDIOOCU_CIUO(1.0),A,BGYMEDIOOCU,13,CIUO_8,2018,-28.3073215726241,Y,,1,"<a href="" https://www.ine.gob.cl/docs/default-source/institucionalidad/buenas-pr%C3%A1cticas/clasificaciones-y-estandares/est%C3%A1ndar-evaluaci%C3%B3n-de-calidad-de-estimaciones-publicaci%C3%B3n-27022020.pdf/"" target=""_blank"" rel=""noopener noreferrer"">La clasificación en estimaciones Fiables, Poco fiables y No fiables provienen del Estándar para la evaluación de la calidad de las estimaciones en encuestas de hogares del INE.</a>",Encuesta Suplementaria de Ingresos (ESI),PT,0
CL01:DF_BGYMEDIOOCU_CIUO(1.0),A,BGYMEDIOOCU,13,CIUO_8,2019,-16.1129019114391,,,1,"<a href="" https://www.ine.gob.cl/docs/default-source/institucionalidad/buenas-pr%C3%A1cticas/clasificaciones-y-estandares/est%C3%A1ndar-evaluaci%C3%B3n-de-calidad-de-estimaciones-publicaci%C3%B3n-27022020.pdf/"" target=""_blank"" rel=""noopener noreferrer"">La clasificación en estimaciones Fiables, Poco fiables y No fiables provienen del Estándar para la evaluación de la calidad de las estimaciones en encuestas de hogares del INE.</a>",Encuesta Suplementaria de Ingresos (ESI),PT,0
CL01:DF_BGYMEDIOOCU_CIUO(1.0),A,BGYMEDIOOCU,13,CIUO_8,2020,0.682685853091775,Y,,1,"<a href="" https://www.ine.gob.cl/docs/default-source/institucionalidad/buenas-pr%C3%A1cticas/clasificaciones-y-estandares/est%C3%A1ndar-evaluaci%C3%B3n-de-calidad-de-estimaciones-publicaci%C3%B3n-27022020.pdf/"" target=""_blank"" rel=""noopener noreferrer"">La clasificación en estimaciones Fiables, Poco fiables y No fiables provienen del Estándar para la evaluación de la calidad de las estimaciones en encuestas de hogares del INE.</a>",Encuesta Suplementaria de Ingresos (ESI),PT,0
CL01:DF_BGYMEDIOOCU_CIUO(1.0),A,BGYMEDIOOCU,13,CIUO_8,2021,-21.5104291310257,,,1,"<a href="" https://www.ine.gob.cl/docs/default-source/institucionalidad/buenas-pr%C3%A1cticas/clasificaciones-y-estandares/est%C3%A1ndar-evaluaci%C3%B3n-de-calidad-de-estimaciones-publicaci%C3%B3n-27022020.pdf/"" target=""_blank"" rel=""noopener noreferrer"">La clasificación en estimaciones Fiables, Poco fiables y No fiables provienen del Estándar para la evaluación de la calidad de las estimaciones en encuestas de hogares del INE.</a>",Encuesta Suplementaria de Ingresos (ESI),PT,0
CL01:DF_BGYMEDIOOCU_CIUO(1.0),A,BGYMEDIOOCU,13,CIUO_8,2022,-20.0496657419145,,,1,"<a href="" https://www.ine.gob.cl/docs/default-source/institucionalidad/buenas-pr%C3%A1cticas/clasificaciones-y-estandares/est%C3%A1ndar-evaluaci%C3%B3n-de-calidad-de-estimaciones-publicaci%C3%B3n-27022020.pdf/"" target=""_blank"" rel=""noopener noreferrer"">La clasificación en estimaciones Fiables, Poco fiables y No fiables provienen del Estándar para la evaluación de la calidad de las estimaciones en encuestas de hogares del INE.</a>",Encuesta Suplementaria de Ingresos (ESI),PT,0
CL01:DF_BGYMEDIOOCU_CIUO(1.0),A,BGYMEDIOOCU,13,CIUO_8,2023,-30.1300003354775,,,1,"<a href="" https://www.ine.gob.cl/docs/default-source/institucionalidad/buenas-pr%C3%A1cticas/clasificaciones-y-estandares/est%C3%A1ndar-evaluaci%C3%B3n-de-calidad-de-estimaciones-publicaci%C3%B3n-27022020.pdf/"" target=""_blank"" rel=""noopener noreferrer"">La clasificación en estimaciones Fiables, Poco fiables y No fiables provienen del Estándar para la evaluación de la calidad de las estimaciones en encuestas de hogares del INE.</a>",Encuesta Suplementaria de Ingresos (ESI),PT,0
CL01:DF_BGYMEDIOOCU_CIUO(1.0),A,BGYMEDIOOCU,13,CIUO_8,2024,7.31815082691232,Y,,1,"<a href="" https://www.ine.gob.cl/docs/default-source/institucionalidad/buenas-pr%C3%A1cticas/clasificaciones-y-estandares/est%C3%A1ndar-evaluaci%C3%B3n-de-calidad-de-estimaciones-publicaci%C3%B3n-27022020.pdf/"" target=""_blank"" rel=""noopener noreferrer"">La clasificación en estimaciones Fiables, Poco fiables y No fiables provienen del Estándar para la evaluación de la calidad de las estimaciones en encuestas de hogares del INE.</a>",Encuesta Suplementaria de Ingresos (ESI),PT,0
CL01:DF_BGYMEDIOOCU_CIUO(1.0),A,BGYMEDIOOCU,14,CIUO_6,2017,-57.9897818976318,X,,1,"<a href="" https://www.ine.gob.cl/docs/default-source/institucionalidad/buenas-pr%C3%A1cticas/clasificaciones-y-estandares/est%C3%A1ndar-evaluaci%C3%B3n-de-calidad-de-estimaciones-publicaci%C3%B3n-27022020.pdf/"" target=""_blank"" rel=""noopener noreferrer"">La clasificación en estimaciones Fiables, Poco fiables y No fiables provienen del Estándar para la evaluación de la calidad de las estimaciones en encuestas de hogares del INE.</a>",Encuesta Suplementaria de Ingresos (ESI),PT,0
CL01:DF_BGYMEDIOOCU_CIUO(1.0),A,BGYMEDIOOCU,14,CIUO_6,2018,-10.4038012636959,X,,1,"<a href="" https://www.ine.gob.cl/docs/default-source/institucionalidad/buenas-pr%C3%A1cticas/clasificaciones-y-estandares/est%C3%A1ndar-evaluaci%C3%B3n-de-calidad-de-estimaciones-publicaci%C3%B3n-27022020.pdf/"" target=""_blank"" rel=""noopener noreferrer"">La clasificación en estimaciones Fiables, Poco fiables y No fiables provienen del Estándar para la evaluación de la calidad de las estimaciones en encuestas de hogares del INE.</a>",Encuesta Suplementaria de Ingresos (ESI),PT,0
CL01:DF_BGYMEDIOOCU_CIUO(1.0),A,BGYMEDIOOCU,14,CIUO_6,2019,-49.124811535457,X,,1,"<a href="" https://www.ine.gob.cl/docs/default-source/institucionalidad/buenas-pr%C3%A1cticas/clasificaciones-y-estandares/est%C3%A1ndar-evaluaci%C3%B3n-de-calidad-de-estimaciones-publicaci%C3%B3n-27022020.pdf/"" target=""_blank"" rel=""noopener noreferrer"">La clasificación en estimaciones Fiables, Poco fiables y No fiables provienen del Estándar para la evaluación de la calidad de las estimaciones en encuestas de hogares del INE.</a>",Encuesta Suplementaria de Ingresos (ESI),PT,0
CL01:DF_BGYMEDIOOCU_CIUO(1.0),A,BGYMEDIOOCU,14,CIUO_6,2020,-28.5830657560522,Y,,1,"<a href="" https://www.ine.gob.cl/docs/default-source/institucionalidad/buenas-pr%C3%A1cticas/clasificaciones-y-estandares/est%C3%A1ndar-evaluaci%C3%B3n-de-calidad-de-estimaciones-publicaci%C3%B3n-27022020.pdf/"" target=""_blank"" rel=""noopener noreferrer"">La clasificación en estimaciones Fiables, Poco fiables y No fiables provienen del Estándar para la evaluación de la calidad de las estimaciones en encuestas de hogares del INE.</a>",Encuesta Suplementaria de Ingresos (ESI),PT,0
CL01:DF_BGYMEDIOOCU_CIUO(1.0),A,BGYMEDIOOCU,14,CIUO_6,2021,-53.9775924870484,X,,1,"<a href="" https://www.ine.gob.cl/docs/default-source/institucionalidad/buenas-pr%C3%A1cticas/clasificaciones-y-estandares/est%C3%A1ndar-evaluaci%C3%B3n-de-calidad-de-estimaciones-publicaci%C3%B3n-27022020.pdf/"" target=""_blank"" rel=""noopener noreferrer"">La clasificación en estimaciones Fiables, Poco fiables y No fiables provienen del Estándar para la evaluación de la calidad de las estimaciones en encuestas de hogares del INE.</a>",Encuesta Suplementaria de Ingresos (ESI),PT,0
CL01:DF_BGYMEDIOOCU_CIUO(1.0),A,BGYMEDIOOCU,14,CIUO_6,2022,-40.1410490417945,Y,,1,"<a href="" https://www.ine.gob.cl/docs/default-source/institucionalidad/buenas-pr%C3%A1cticas/clasificaciones-y-estandares/est%C3%A1ndar-evaluaci%C3%B3n-de-calidad-de-estimaciones-publicaci%C3%B3n-27022020.pdf/"" target=""_blank"" rel=""noopener noreferrer"">La clasificación en estimaciones Fiables, Poco fiables y No fiables provienen del Estándar para la evaluación de la calidad de las estimaciones en encuestas de hogares del INE.</a>",Encuesta Suplementaria de Ingresos (ESI),PT,0
CL01:DF_BGYMEDIOOCU_CIUO(1.0),A,BGYMEDIOOCU,14,CIUO_6,2023,-55.2423286764262,,,1,"<a href="" https://www.ine.gob.cl/docs/default-source/institucionalidad/buenas-pr%C3%A1cticas/clasificaciones-y-estandares/est%C3%A1ndar-evaluaci%C3%B3n-de-calidad-de-estimaciones-publicaci%C3%B3n-27022020.pdf/"" target=""_blank"" rel=""noopener noreferrer"">La clasificación en estimaciones Fiables, Poco fiables y No fiables provienen del Estándar para la evaluación de la calidad de las estimaciones en encuestas de hogares del INE.</a>",Encuesta Suplementaria de Ingresos (ESI),PT,0
CL01:DF_BGYMEDIOOCU_CIUO(1.0),A,BGYMEDIOOCU,14,CIUO_6,2024,-60.3671320144578,Y,,1,"<a href="" https://www.ine.gob.cl/docs/default-source/institucionalidad/buenas-pr%C3%A1cticas/clasificaciones-y-estandares/est%C3%A1ndar-evaluaci%C3%B3n-de-calidad-de-estimaciones-publicaci%C3%B3n-27022020.pdf/"" target=""_blank"" rel=""noopener noreferrer"">La clasificación en estimaciones Fiables, Poco fiables y No fiables provienen del Estándar para la evaluación de la calidad de las estimaciones en encuestas de hogares del INE.</a>",Encuesta Suplementaria de Ingresos (ESI),PT,0
CL01:DF_BGYMEDIOOCU_CIUO(1.0),A,BGYMEDIOOCU,15,CIUO_6,2017,-51.8108774760387,Y,,1,"<a href="" https://www.ine.gob.cl/docs/default-source/institucionalidad/buenas-pr%C3%A1cticas/clasificaciones-y-estandares/est%C3%A1ndar-evaluaci%C3%B3n-de-calidad-de-estimaciones-publicaci%C3%B3n-27022020.pdf/"" target=""_blank"" rel=""noopener noreferrer"">La clasificación en estimaciones Fiables, Poco fiables y No fiables provienen del Estándar para la evaluación de la calidad de las estimaciones en encuestas de hogares del INE.</a>",Encuesta Suplementaria de Ingresos (ESI),PT,0
CL01:DF_BGYMEDIOOCU_CIUO(1.0),A,BGYMEDIOOCU,15,CIUO_6,2018,-21.9858109211195,,,1,"<a href="" https://www.ine.gob.cl/docs/default-source/institucionalidad/buenas-pr%C3%A1cticas/clasificaciones-y-estandares/est%C3%A1ndar-evaluaci%C3%B3n-de-calidad-de-estimaciones-publicaci%C3%B3n-27022020.pdf/"" target=""_blank"" rel=""noopener noreferrer"">La clasificación en estimaciones Fiables, Poco fiables y No fiables provienen del Estándar para la evaluación de la calidad de las estimaciones en encuestas de hogares del INE.</a>",Encuesta Suplementaria de Ingresos (ESI),PT,0
CL01:DF_BGYMEDIOOCU_CIUO(1.0),A,BGYMEDIOOCU,15,CIUO_6,2019,-23.2914186840857,Y,,1,"<a href="" https://www.ine.gob.cl/docs/default-source/institucionalidad/buenas-pr%C3%A1cticas/clasificaciones-y-estandares/est%C3%A1ndar-evaluaci%C3%B3n-de-calidad-de-estimaciones-publicaci%C3%B3n-27022020.pdf/"" target=""_blank"" rel=""noopener noreferrer"">La clasificación en estimaciones Fiables, Poco fiables y No fiables provienen del Estándar para la evaluación de la calidad de las estimaciones en encuestas de hogares del INE.</a>",Encuesta Suplementaria de Ingresos (ESI),PT,0
CL01:DF_BGYMEDIOOCU_CIUO(1.0),A,BGYMEDIOOCU,15,CIUO_6,2020,58.0563412337796,X,,1,"<a href="" https://www.ine.gob.cl/docs/default-source/institucionalidad/buenas-pr%C3%A1cticas/clasificaciones-y-estandares/est%C3%A1ndar-evaluaci%C3%B3n-de-calidad-de-estimaciones-publicaci%C3%B3n-27022020.pdf/"" target=""_blank"" rel=""noopener noreferrer"">La clasificación en estimaciones Fiables, Poco fiables y No fiables provienen del Estándar para la evaluación de la calidad de las estimaciones en encuestas de hogares del INE.</a>",Encuesta Suplementaria de Ingresos (ESI),PT,0
CL01:DF_BGYMEDIOOCU_CIUO(1.0),A,BGYMEDIOOCU,15,CIUO_6,2021,-57.7779655400952,Y,,1,"<a href="" https://www.ine.gob.cl/docs/default-source/institucionalidad/buenas-pr%C3%A1cticas/clasificaciones-y-estandares/est%C3%A1ndar-evaluaci%C3%B3n-de-calidad-de-estimaciones-publicaci%C3%B3n-27022020.pdf/"" target=""_blank"" rel=""noopener noreferrer"">La clasificación en estimaciones Fiables, Poco fiables y No fiables provienen del Estándar para la evaluación de la calidad de las estimaciones en encuestas de hogares del INE.</a>",Encuesta Suplementaria de Ingresos (ESI),PT,0
CL01:DF_BGYMEDIOOCU_CIUO(1.0),A,BGYMEDIOOCU,15,CIUO_6,2022,-44.3968330215878,X,,1,"<a href="" https://www.ine.gob.cl/docs/default-source/institucionalidad/buenas-pr%C3%A1cticas/clasificaciones-y-estandares/est%C3%A1ndar-evaluaci%C3%B3n-de-calidad-de-estimaciones-publicaci%C3%B3n-27022020.pdf/"" target=""_blank"" rel=""noopener noreferrer"">La clasificación en estimaciones Fiables, Poco fiables y No fiables provienen del Estándar para la evaluación de la calidad de las estimaciones en encuestas de hogares del INE.</a>",Encuesta Suplementaria de Ingresos (ESI),PT,0
CL01:DF_BGYMEDIOOCU_CIUO(1.0),A,BGYMEDIOOCU,15,CIUO_6,2023,-43.4133626954366,X,,1,"<a href="" https://www.ine.gob.cl/docs/default-source/institucionalidad/buenas-pr%C3%A1cticas/clasificaciones-y-estandares/est%C3%A1ndar-evaluaci%C3%B3n-de-calidad-de-estimaciones-publicaci%C3%B3n-27022020.pdf/"" target=""_blank"" rel=""noopener noreferrer"">La clasificación en estimaciones Fiables, Poco fiables y No fiables provienen del Estándar para la evaluación de la calidad de las estimaciones en encuestas de hogares del INE.</a>",Encuesta Suplementaria de Ingresos (ESI),PT,0
CL01:DF_BGYMEDIOOCU_CIUO(1.0),A,BGYMEDIOOCU,15,CIUO_6,2024,-39.5103904536228,X,,1,"<a href="" https://www.ine.gob.cl/docs/default-source/institucionalidad/buenas-pr%C3%A1cticas/clasificaciones-y-estandares/est%C3%A1ndar-evaluaci%C3%B3n-de-calidad-de-estimaciones-publicaci%C3%B3n-27022020.pdf/"" target=""_blank"" rel=""noopener noreferrer"">La clasificación en estimaciones Fiables, Poco fiables y No fiables provienen del Estándar para la evaluación de la calidad de las estimaciones en encuestas de hogares del INE.</a>",Encuesta Suplementaria de Ingresos (ESI),PT,0
CL01:DF_BGYMEDIOOCU_CIUO(1.0),A,BGYMEDIOOCU,16,CIUO_3,2017,-34.8143479044816,Y,,1,"<a href="" https://www.ine.gob.cl/docs/default-source/institucionalidad/buenas-pr%C3%A1cticas/clasificaciones-y-estandares/est%C3%A1ndar-evaluaci%C3%B3n-de-calidad-de-estimaciones-publicaci%C3%B3n-27022020.pdf/"" target=""_blank"" rel=""noopener noreferrer"">La clasificación en estimaciones Fiables, Poco fiables y No fiables provienen del Estándar para la evaluación de la calidad de las estimaciones en encuestas de hogares del INE.</a>",Encuesta Suplementaria de Ingresos (ESI),PT,0
CL01:DF_BGYMEDIOOCU_CIUO(1.0),A,BGYMEDIOOCU,16,CIUO_3,2018,14.4621832963764,Y,,1,"<a href="" https://www.ine.gob.cl/docs/default-source/institucionalidad/buenas-pr%C3%A1cticas/clasificaciones-y-estandares/est%C3%A1ndar-evaluaci%C3%B3n-de-calidad-de-estimaciones-publicaci%C3%B3n-27022020.pdf/"" target=""_blank"" rel=""noopener noreferrer"">La clasificación en estimaciones Fiables, Poco fiables y No fiables provienen del Estándar para la evaluación de la calidad de las estimaciones en encuestas de hogares del INE.</a>",Encuesta Suplementaria de Ingresos (ESI),PT,0
CL01:DF_BGYMEDIOOCU_CIUO(1.0),A,BGYMEDIOOCU,16,CIUO_3,2019,-25.7889239760413,,,1,"<a href="" https://www.ine.gob.cl/docs/default-source/institucionalidad/buenas-pr%C3%A1cticas/clasificaciones-y-estandares/est%C3%A1ndar-evaluaci%C3%B3n-de-calidad-de-estimaciones-publicaci%C3%B3n-27022020.pdf/"" target=""_blank"" rel=""noopener noreferrer"">La clasificación en estimaciones Fiables, Poco fiables y No fiables provienen del Estándar para la evaluación de la calidad de las estimaciones en encuestas de hogares del INE.</a>",Encuesta Suplementaria de Ingresos (ESI),PT,0
CL01:DF_BGYMEDIOOCU_CIUO(1.0),A,BGYMEDIOOCU,16,CIUO_3,2020,-37.3206499498068,,,1,"<a href="" https://www.ine.gob.cl/docs/default-source/institucionalidad/buenas-pr%C3%A1cticas/clasificaciones-y-estandares/est%C3%A1ndar-evaluaci%C3%B3n-de-calidad-de-estimaciones-publicaci%C3%B3n-27022020.pdf/"" target=""_blank"" rel=""noopener noreferrer"">La clasificación en estimaciones Fiables, Poco fiables y No fiables provienen del Estándar para la evaluación de la calidad de las estimaciones en encuestas de hogares del INE.</a>",Encuesta Suplementaria de Ingresos (ESI),PT,0
CL01:DF_BGYMEDIOOCU_CIUO(1.0),A,BGYMEDIOOCU,16,CIUO_3,2021,-21.1953005741838,,,1,"<a href="" https://www.ine.gob.cl/docs/default-source/institucionalidad/buenas-pr%C3%A1cticas/clasificaciones-y-estandares/est%C3%A1ndar-evaluaci%C3%B3n-de-calidad-de-estimaciones-publicaci%C3%B3n-27022020.pdf/"" target=""_blank"" rel=""noopener noreferrer"">La clasificación en estimaciones Fiables, Poco fiables y No fiables provienen del Estándar para la evaluación de la calidad de las estimaciones en encuestas de hogares del INE.</a>",Encuesta Suplementaria de Ingresos (ESI),PT,0
CL01:DF_BGYMEDIOOCU_CIUO(1.0),A,BGYMEDIOOCU,16,CIUO_3,2022,-19.32895202762,Y,,1,"<a href="" https://www.ine.gob.cl/docs/default-source/institucionalidad/buenas-pr%C3%A1cticas/clasificaciones-y-estandares/est%C3%A1ndar-evaluaci%C3%B3n-de-calidad-de-estimaciones-publicaci%C3%B3n-27022020.pdf/"" target=""_blank"" rel=""noopener noreferrer"">La clasificación en estimaciones Fiables, Poco fiables y No fiables provienen del Estándar para la evaluación de la calidad de las estimaciones en encuestas de hogares del INE.</a>",Encuesta Suplementaria de Ingresos (ESI),PT,0
CL01:DF_BGYMEDIOOCU_CIUO(1.0),A,BGYMEDIOOCU,16,CIUO_3,2023,-34.1167110628474,,,1,"<a href="" https://www.ine.gob.cl/docs/default-source/institucionalidad/buenas-pr%C3%A1cticas/clasificaciones-y-estandares/est%C3%A1ndar-evaluaci%C3%B3n-de-calidad-de-estimaciones-publicaci%C3%B3n-27022020.pdf/"" target=""_blank"" rel=""noopener noreferrer"">La clasificación en estimaciones Fiables, Poco fiables y No fiables provienen del Estándar para la evaluación de la calidad de las estimaciones en encuestas de hogares del INE.</a>",Encuesta Suplementaria de Ingresos (ESI),PT,0
CL01:DF_BGYMEDIOOCU_CIUO(1.0),A,BGYMEDIOOCU,16,CIUO_3,2024,-33.1900590259172,,,1,"<a href="" https://www.ine.gob.cl/docs/default-source/institucionalidad/buenas-pr%C3%A1cticas/clasificaciones-y-estandares/est%C3%A1ndar-evaluaci%C3%B3n-de-calidad-de-estimaciones-publicaci%C3%B3n-27022020.pdf/"" target=""_blank"" rel=""noopener noreferrer"">La clasificación en estimaciones Fiables, Poco fiables y No fiables provienen del Estándar para la evaluación de la calidad de las estimaciones en encuestas de hogares del INE.</a>",Encuesta Suplementaria de Ingresos (ESI),PT,0
CL01:DF_BGYMEDIOOCU_CIUO(1.0),A,BGYMEDIOOCU,03,_T,2017,-33.7074577144914,,,1,"<a href="" https://www.ine.gob.cl/docs/default-source/institucionalidad/buenas-pr%C3%A1cticas/clasificaciones-y-estandares/est%C3%A1ndar-evaluaci%C3%B3n-de-calidad-de-estimaciones-publicaci%C3%B3n-27022020.pdf/"" target=""_blank"" rel=""noopener noreferrer"">La clasificación en estimaciones Fiables, Poco fiables y No fiables provienen del Estándar para la evaluación de la calidad de las estimaciones en encuestas de hogares del INE.</a>",Encuesta Suplementaria de Ingresos (ESI),PT,0
CL01:DF_BGYMEDIOOCU_CIUO(1.0),A,BGYMEDIOOCU,03,_T,2018,-37.6920989477948,,,1,"<a href="" https://www.ine.gob.cl/docs/default-source/institucionalidad/buenas-pr%C3%A1cticas/clasificaciones-y-estandares/est%C3%A1ndar-evaluaci%C3%B3n-de-calidad-de-estimaciones-publicaci%C3%B3n-27022020.pdf/"" target=""_blank"" rel=""noopener noreferrer"">La clasificación en estimaciones Fiables, Poco fiables y No fiables provienen del Estándar para la evaluación de la calidad de las estimaciones en encuestas de hogares del INE.</a>",Encuesta Suplementaria de Ingresos (ESI),PT,0
CL01:DF_BGYMEDIOOCU_CIUO(1.0),A,BGYMEDIOOCU,03,_T,2019,-39.7340861890398,,,1,"<a href="" https://www.ine.gob.cl/docs/default-source/institucionalidad/buenas-pr%C3%A1cticas/clasificaciones-y-estandares/est%C3%A1ndar-evaluaci%C3%B3n-de-calidad-de-estimaciones-publicaci%C3%B3n-27022020.pdf/"" target=""_blank"" rel=""noopener noreferrer"">La clasificación en estimaciones Fiables, Poco fiables y No fiables provienen del Estándar para la evaluación de la calidad de las estimaciones en encuestas de hogares del INE.</a>",Encuesta Suplementaria de Ingresos (ESI),PT,0
CL01:DF_BGYMEDIOOCU_CIUO(1.0),A,BGYMEDIOOCU,03,_T,2020,-29.3097451123126,,,1,"<a href="" https://www.ine.gob.cl/docs/default-source/institucionalidad/buenas-pr%C3%A1cticas/clasificaciones-y-estandares/est%C3%A1ndar-evaluaci%C3%B3n-de-calidad-de-estimaciones-publicaci%C3%B3n-27022020.pdf/"" target=""_blank"" rel=""noopener noreferrer"">La clasificación en estimaciones Fiables, Poco fiables y No fiables provienen del Estándar para la evaluación de la calidad de las estimaciones en encuestas de hogares del INE.</a>",Encuesta Suplementaria de Ingresos (ESI),PT,0
CL01:DF_BGYMEDIOOCU_CIUO(1.0),A,BGYMEDIOOCU,03,_T,2021,-26.7552607715982,,,1,"<a href="" https://www.ine.gob.cl/docs/default-source/institucionalidad/buenas-pr%C3%A1cticas/clasificaciones-y-estandares/est%C3%A1ndar-evaluaci%C3%B3n-de-calidad-de-estimaciones-publicaci%C3%B3n-27022020.pdf/"" target=""_blank"" rel=""noopener noreferrer"">La clasificación en estimaciones Fiables, Poco fiables y No fiables provienen del Estándar para la evaluación de la calidad de las estimaciones en encuestas de hogares del INE.</a>",Encuesta Suplementaria de Ingresos (ESI),PT,0
CL01:DF_BGYMEDIOOCU_CIUO(1.0),A,BGYMEDIOOCU,03,_T,2022,-34.4151227973569,,,1,"<a href="" https://www.ine.gob.cl/docs/default-source/institucionalidad/buenas-pr%C3%A1cticas/clasificaciones-y-estandares/est%C3%A1ndar-evaluaci%C3%B3n-de-calidad-de-estimaciones-publicaci%C3%B3n-27022020.pdf/"" target=""_blank"" rel=""noopener noreferrer"">La clasificación en estimaciones Fiables, Poco fiables y No fiables provienen del Estándar para la evaluación de la calidad de las estimaciones en encuestas de hogares del INE.</a>",Encuesta Suplementaria de Ingresos (ESI),PT,0
CL01:DF_BGYMEDIOOCU_CIUO(1.0),A,BGYMEDIOOCU,03,_T,2023,-31.8014545156616,,,1,"<a href="" https://www.ine.gob.cl/docs/default-source/institucionalidad/buenas-pr%C3%A1cticas/clasificaciones-y-estandares/est%C3%A1ndar-evaluaci%C3%B3n-de-calidad-de-estimaciones-publicaci%C3%B3n-27022020.pdf/"" target=""_blank"" rel=""noopener noreferrer"">La clasificación en estimaciones Fiables, Poco fiables y No fiables provienen del Estándar para la evaluación de la calidad de las estimaciones en encuestas de hogares del INE.</a>",Encuesta Suplementaria de Ingresos (ESI),PT,0
CL01:DF_BGYMEDIOOCU_CIUO(1.0),A,BGYMEDIOOCU,03,_T,2024,-30.543005919077,,,1,"<a href="" https://www.ine.gob.cl/docs/default-source/institucionalidad/buenas-pr%C3%A1cticas/clasificaciones-y-estandares/est%C3%A1ndar-evaluaci%C3%B3n-de-calidad-de-estimaciones-publicaci%C3%B3n-27022020.pdf/"" target=""_blank"" rel=""noopener noreferrer"">La clasificación en estimaciones Fiables, Poco fiables y No fiables provienen del Estándar para la evaluación de la calidad de las estimaciones en encuestas de hogares del INE.</a>",Encuesta Suplementaria de Ingresos (ESI),PT,0
CL01:DF_BGYMEDIOOCU_CIUO(1.0),A,BGYMEDIOOCU,03,CIUO_0,2017,,X,,1,"<a href="" https://www.ine.gob.cl/docs/default-source/institucionalidad/buenas-pr%C3%A1cticas/clasificaciones-y-estandares/est%C3%A1ndar-evaluaci%C3%B3n-de-calidad-de-estimaciones-publicaci%C3%B3n-27022020.pdf/"" target=""_blank"" rel=""noopener noreferrer"">La clasificación en estimaciones Fiables, Poco fiables y No fiables provienen del Estándar para la evaluación de la calidad de las estimaciones en encuestas de hogares del INE.</a>",Encuesta Suplementaria de Ingresos (ESI),PT,0
CL01:DF_BGYMEDIOOCU_CIUO(1.0),A,BGYMEDIOOCU,03,CIUO_0,2018,,X,,1,"<a href="" https://www.ine.gob.cl/docs/default-source/institucionalidad/buenas-pr%C3%A1cticas/clasificaciones-y-estandares/est%C3%A1ndar-evaluaci%C3%B3n-de-calidad-de-estimaciones-publicaci%C3%B3n-27022020.pdf/"" target=""_blank"" rel=""noopener noreferrer"">La clasificación en estimaciones Fiables, Poco fiables y No fiables provienen del Estándar para la evaluación de la calidad de las estimaciones en encuestas de hogares del INE.</a>",Encuesta Suplementaria de Ingresos (ESI),PT,0
CL01:DF_BGYMEDIOOCU_CIUO(1.0),A,BGYMEDIOOCU,03,CIUO_0,2019,,X,,1,"<a href="" https://www.ine.gob.cl/docs/default-source/institucionalidad/buenas-pr%C3%A1cticas/clasificaciones-y-estandares/est%C3%A1ndar-evaluaci%C3%B3n-de-calidad-de-estimaciones-publicaci%C3%B3n-27022020.pdf/"" target=""_blank"" rel=""noopener noreferrer"">La clasificación en estimaciones Fiables, Poco fiables y No fiables provienen del Estándar para la evaluación de la calidad de las estimaciones en encuestas de hogares del INE.</a>",Encuesta Suplementaria de Ingresos (ESI),PT,0
CL01:DF_BGYMEDIOOCU_CIUO(1.0),A,BGYMEDIOOCU,03,CIUO_0,2020,,X,,1,"<a href="" https://www.ine.gob.cl/docs/default-source/institucionalidad/buenas-pr%C3%A1cticas/clasificaciones-y-estandares/est%C3%A1ndar-evaluaci%C3%B3n-de-calidad-de-estimaciones-publicaci%C3%B3n-27022020.pdf/"" target=""_blank"" rel=""noopener noreferrer"">La clasificación en estimaciones Fiables, Poco fiables y No fiables provienen del Estándar para la evaluación de la calidad de las estimaciones en encuestas de hogares del INE.</a>",Encuesta Suplementaria de Ingresos (ESI),PT,0
CL01:DF_BGYMEDIOOCU_CIUO(1.0),A,BGYMEDIOOCU,03,CIUO_0,2021,,X,,1,"<a href="" https://www.ine.gob.cl/docs/default-source/institucionalidad/buenas-pr%C3%A1cticas/clasificaciones-y-estandares/est%C3%A1ndar-evaluaci%C3%B3n-de-calidad-de-estimaciones-publicaci%C3%B3n-27022020.pdf/"" target=""_blank"" rel=""noopener noreferrer"">La clasificación en estimaciones Fiables, Poco fiables y No fiables provienen del Estándar para la evaluación de la calidad de las estimaciones en encuestas de hogares del INE.</a>",Encuesta Suplementaria de Ingresos (ESI),PT,0
CL01:DF_BGYMEDIOOCU_CIUO(1.0),A,BGYMEDIOOCU,03,CIUO_0,2022,,X,,1,"<a href="" https://www.ine.gob.cl/docs/default-source/institucionalidad/buenas-pr%C3%A1cticas/clasificaciones-y-estandares/est%C3%A1ndar-evaluaci%C3%B3n-de-calidad-de-estimaciones-publicaci%C3%B3n-27022020.pdf/"" target=""_blank"" rel=""noopener noreferrer"">La clasificación en estimaciones Fiables, Poco fiables y No fiables provienen del Estándar para la evaluación de la calidad de las estimaciones en encuestas de hogares del INE.</a>",Encuesta Suplementaria de Ingresos (ESI),PT,0
CL01:DF_BGYMEDIOOCU_CIUO(1.0),A,BGYMEDIOOCU,03,CIUO_0,2023,,X,,1,"<a href="" https://www.ine.gob.cl/docs/default-source/institucionalidad/buenas-pr%C3%A1cticas/clasificaciones-y-estandares/est%C3%A1ndar-evaluaci%C3%B3n-de-calidad-de-estimaciones-publicaci%C3%B3n-27022020.pdf/"" target=""_blank"" rel=""noopener noreferrer"">La clasificación en estimaciones Fiables, Poco fiables y No fiables provienen del Estándar para la evaluación de la calidad de las estimaciones en encuestas de hogares del INE.</a>",Encuesta Suplementaria de Ingresos (ESI),PT,0
CL01:DF_BGYMEDIOOCU_CIUO(1.0),A,BGYMEDIOOCU,03,CIUO_0,2024,-28.6472709153614,X,,1,"<a href="" https://www.ine.gob.cl/docs/default-source/institucionalidad/buenas-pr%C3%A1cticas/clasificaciones-y-estandares/est%C3%A1ndar-evaluaci%C3%B3n-de-calidad-de-estimaciones-publicaci%C3%B3n-27022020.pdf/"" target=""_blank"" rel=""noopener noreferrer"">La clasificación en estimaciones Fiables, Poco fiables y No fiables provienen del Estándar para la evaluación de la calidad de las estimaciones en encuestas de hogares del INE.</a>",Encuesta Suplementaria de Ingresos (ESI),PT,0
CL01:DF_BGYMEDIOOCU_CIUO(1.0),A,BGYMEDIOOCU,03,CIUO_7,2017,-45.4396719253982,X,,1,"<a href="" https://www.ine.gob.cl/docs/default-source/institucionalidad/buenas-pr%C3%A1cticas/clasificaciones-y-estandares/est%C3%A1ndar-evaluaci%C3%B3n-de-calidad-de-estimaciones-publicaci%C3%B3n-27022020.pdf/"" target=""_blank"" rel=""noopener noreferrer"">La clasificación en estimaciones Fiables, Poco fiables y No fiables provienen del Estándar para la evaluación de la calidad de las estimaciones en encuestas de hogares del INE.</a>",Encuesta Suplementaria de Ingresos (ESI),PT,0
CL01:DF_BGYMEDIOOCU_CIUO(1.0),A,BGYMEDIOOCU,03,CIUO_7,2018,-65.1367563645939,Y,,1,"<a href="" https://www.ine.gob.cl/docs/default-source/institucionalidad/buenas-pr%C3%A1cticas/clasificaciones-y-estandares/est%C3%A1ndar-evaluaci%C3%B3n-de-calidad-de-estimaciones-publicaci%C3%B3n-27022020.pdf/"" target=""_blank"" rel=""noopener noreferrer"">La clasificación en estimaciones Fiables, Poco fiables y No fiables provienen del Estándar para la evaluación de la calidad de las estimaciones en encuestas de hogares del INE.</a>",Encuesta Suplementaria de Ingresos (ESI),PT,0
CL01:DF_BGYMEDIOOCU_CIUO(1.0),A,BGYMEDIOOCU,03,CIUO_7,2019,-63.5227717204513,Y,,1,"<a href="" https://www.ine.gob.cl/docs/default-source/institucionalidad/buenas-pr%C3%A1cticas/clasificaciones-y-estandares/est%C3%A1ndar-evaluaci%C3%B3n-de-calidad-de-estimaciones-publicaci%C3%B3n-27022020.pdf/"" target=""_blank"" rel=""noopener noreferrer"">La clasificación en estimaciones Fiables, Poco fiables y No fiables provienen del Estándar para la evaluación de la calidad de las estimaciones en encuestas de hogares del INE.</a>",Encuesta Suplementaria de Ingresos (ESI),PT,0
CL01:DF_BGYMEDIOOCU_CIUO(1.0),A,BGYMEDIOOCU,03,CIUO_7,2020,-74.9530431133273,Y,,1,"<a href="" https://www.ine.gob.cl/docs/default-source/institucionalidad/buenas-pr%C3%A1cticas/clasificaciones-y-estandares/est%C3%A1ndar-evaluaci%C3%B3n-de-calidad-de-estimaciones-publicaci%C3%B3n-27022020.pdf/"" target=""_blank"" rel=""noopener noreferrer"">La clasificación en estimaciones Fiables, Poco fiables y No fiables provienen del Estándar para la evaluación de la calidad de las estimaciones en encuestas de hogares del INE.</a>",Encuesta Suplementaria de Ingresos (ESI),PT,0
CL01:DF_BGYMEDIOOCU_CIUO(1.0),A,BGYMEDIOOCU,03,CIUO_7,2021,-76.4807846652725,,,1,"<a href="" https://www.ine.gob.cl/docs/default-source/institucionalidad/buenas-pr%C3%A1cticas/clasificaciones-y-estandares/est%C3%A1ndar-evaluaci%C3%B3n-de-calidad-de-estimaciones-publicaci%C3%B3n-27022020.pdf/"" target=""_blank"" rel=""noopener noreferrer"">La clasificación en estimaciones Fiables, Poco fiables y No fiables provienen del Estándar para la evaluación de la calidad de las estimaciones en encuestas de hogares del INE.</a>",Encuesta Suplementaria de Ingresos (ESI),PT,0
CL01:DF_BGYMEDIOOCU_CIUO(1.0),A,BGYMEDIOOCU,03,CIUO_7,2022,-68.6153796013687,Y,,1,"<a href="" https://www.ine.gob.cl/docs/default-source/institucionalidad/buenas-pr%C3%A1cticas/clasificaciones-y-estandares/est%C3%A1ndar-evaluaci%C3%B3n-de-calidad-de-estimaciones-publicaci%C3%B3n-27022020.pdf/"" target=""_blank"" rel=""noopener noreferrer"">La clasificación en estimaciones Fiables, Poco fiables y No fiables provienen del Estándar para la evaluación de la calidad de las estimaciones en encuestas de hogares del INE.</a>",Encuesta Suplementaria de Ingresos (ESI),PT,0
CL01:DF_BGYMEDIOOCU_CIUO(1.0),A,BGYMEDIOOCU,03,CIUO_7,2023,-65.611147854763,Y,,1,"<a href="" https://www.ine.gob.cl/docs/default-source/institucionalidad/buenas-pr%C3%A1cticas/clasificaciones-y-estandares/est%C3%A1ndar-evaluaci%C3%B3n-de-calidad-de-estimaciones-publicaci%C3%B3n-27022020.pdf/"" target=""_blank"" rel=""noopener noreferrer"">La clasificación en estimaciones Fiables, Poco fiables y No fiables provienen del Estándar para la evaluación de la calidad de las estimaciones en encuestas de hogares del INE.</a>",Encuesta Suplementaria de Ingresos (ESI),PT,0
CL01:DF_BGYMEDIOOCU_CIUO(1.0),A,BGYMEDIOOCU,03,CIUO_7,2024,-73.1493986643789,Y,,1,"<a href="" https://www.ine.gob.cl/docs/default-source/institucionalidad/buenas-pr%C3%A1cticas/clasificaciones-y-estandares/est%C3%A1ndar-evaluaci%C3%B3n-de-calidad-de-estimaciones-publicaci%C3%B3n-27022020.pdf/"" target=""_blank"" rel=""noopener noreferrer"">La clasificación en estimaciones Fiables, Poco fiables y No fiables provienen del Estándar para la evaluación de la calidad de las estimaciones en encuestas de hogares del INE.</a>",Encuesta Suplementaria de Ingresos (ESI),PT,0
CL01:DF_BGYMEDIOOCU_CIUO(1.0),A,BGYMEDIOOCU,06,CIUO_1,2017,-33.083493957314,Y,,1,"<a href="" https://www.ine.gob.cl/docs/default-source/institucionalidad/buenas-pr%C3%A1cticas/clasificaciones-y-estandares/est%C3%A1ndar-evaluaci%C3%B3n-de-calidad-de-estimaciones-publicaci%C3%B3n-27022020.pdf/"" target=""_blank"" rel=""noopener noreferrer"">La clasificación en estimaciones Fiables, Poco fiables y No fiables provienen del Estándar para la evaluación de la calidad de las estimaciones en encuestas de hogares del INE.</a>",Encuesta Suplementaria de Ingresos (ESI),PT,0
CL01:DF_BGYMEDIOOCU_CIUO(1.0),A,BGYMEDIOOCU,06,CIUO_1,2018,30.5073618196403,X,,1,"<a href="" https://www.ine.gob.cl/docs/default-source/institucionalidad/buenas-pr%C3%A1cticas/clasificaciones-y-estandares/est%C3%A1ndar-evaluaci%C3%B3n-de-calidad-de-estimaciones-publicaci%C3%B3n-27022020.pdf/"" target=""_blank"" rel=""noopener noreferrer"">La clasificación en estimaciones Fiables, Poco fiables y No fiables provienen del Estándar para la evaluación de la calidad de las estimaciones en encuestas de hogares del INE.</a>",Encuesta Suplementaria de Ingresos (ESI),PT,0
CL01:DF_BGYMEDIOOCU_CIUO(1.0),A,BGYMEDIOOCU,06,CIUO_1,2019,3.57103357216723,X,,1,"<a href="" https://www.ine.gob.cl/docs/default-source/institucionalidad/buenas-pr%C3%A1cticas/clasificaciones-y-estandares/est%C3%A1ndar-evaluaci%C3%B3n-de-calidad-de-estimaciones-publicaci%C3%B3n-27022020.pdf/"" target=""_blank"" rel=""noopener noreferrer"">La clasificación en estimaciones Fiables, Poco fiables y No fiables provienen del Estándar para la evaluación de la calidad de las estimaciones en encuestas de hogares del INE.</a>",Encuesta Suplementaria de Ingresos (ESI),PT,0
CL01:DF_BGYMEDIOOCU_CIUO(1.0),A,BGYMEDIOOCU,06,CIUO_1,2020,-8.65835975538664,X,,1,"<a href="" https://www.ine.gob.cl/docs/default-source/institucionalidad/buenas-pr%C3%A1cticas/clasificaciones-y-estandares/est%C3%A1ndar-evaluaci%C3%B3n-de-calidad-de-estimaciones-publicaci%C3%B3n-27022020.pdf/"" target=""_blank"" rel=""noopener noreferrer"">La clasificación en estimaciones Fiables, Poco fiables y No fiables provienen del Estándar para la evaluación de la calidad de las estimaciones en encuestas de hogares del INE.</a>",Encuesta Suplementaria de Ingresos (ESI),PT,0
CL01:DF_BGYMEDIOOCU_CIUO(1.0),A,BGYMEDIOOCU,06,CIUO_1,2021,-66.5352429281945,X,,1,"<a href="" https://www.ine.gob.cl/docs/default-source/institucionalidad/buenas-pr%C3%A1cticas/clasificaciones-y-estandares/est%C3%A1ndar-evaluaci%C3%B3n-de-calidad-de-estimaciones-publicaci%C3%B3n-27022020.pdf/"" target=""_blank"" rel=""noopener noreferrer"">La clasificación en estimaciones Fiables, Poco fiables y No fiables provienen del Estándar para la evaluación de la calidad de las estimaciones en encuestas de hogares del INE.</a>",Encuesta Suplementaria de Ingresos (ESI),PT,0
CL01:DF_BGYMEDIOOCU_CIUO(1.0),A,BGYMEDIOOCU,06,CIUO_1,2022,5.41992901506262,X,,1,"<a href="" https://www.ine.gob.cl/docs/default-source/institucionalidad/buenas-pr%C3%A1cticas/clasificaciones-y-estandares/est%C3%A1ndar-evaluaci%C3%B3n-de-calidad-de-estimaciones-publicaci%C3%B3n-27022020.pdf/"" target=""_blank"" rel=""noopener noreferrer"">La clasificación en estimaciones Fiables, Poco fiables y No fiables provienen del Estándar para la evaluación de la calidad de las estimaciones en encuestas de hogares del INE.</a>",Encuesta Suplementaria de Ingresos (ESI),PT,0
CL01:DF_BGYMEDIOOCU_CIUO(1.0),A,BGYMEDIOOCU,06,CIUO_1,2023,-25.5960948570303,X,,1,"<a href="" https://www.ine.gob.cl/docs/default-source/institucionalidad/buenas-pr%C3%A1cticas/clasificaciones-y-estandares/est%C3%A1ndar-evaluaci%C3%B3n-de-calidad-de-estimaciones-publicaci%C3%B3n-27022020.pdf/"" target=""_blank"" rel=""noopener noreferrer"">La clasificación en estimaciones Fiables, Poco fiables y No fiables provienen del Estándar para la evaluación de la calidad de las estimaciones en encuestas de hogares del INE.</a>",Encuesta Suplementaria de Ingresos (ESI),PT,0
CL01:DF_BGYMEDIOOCU_CIUO(1.0),A,BGYMEDIOOCU,06,CIUO_1,2024,-6.61246779303823,X,,1,"<a href="" https://www.ine.gob.cl/docs/default-source/institucionalidad/buenas-pr%C3%A1cticas/clasificaciones-y-estandares/est%C3%A1ndar-evaluaci%C3%B3n-de-calidad-de-estimaciones-publicaci%C3%B3n-27022020.pdf/"" target=""_blank"" rel=""noopener noreferrer"">La clasificación en estimaciones Fiables, Poco fiables y No fiables provienen del Estándar para la evaluación de la calidad de las estimaciones en encuestas de hogares del INE.</a>",Encuesta Suplementaria de Ingresos (ESI),PT,0
CL01:DF_BGYMEDIOOCU_CIUO(1.0),A,BGYMEDIOOCU,09,CIUO_3,2017,-26.0285056767401,,,1,"<a href="" https://www.ine.gob.cl/docs/default-source/institucionalidad/buenas-pr%C3%A1cticas/clasificaciones-y-estandares/est%C3%A1ndar-evaluaci%C3%B3n-de-calidad-de-estimaciones-publicaci%C3%B3n-27022020.pdf/"" target=""_blank"" rel=""noopener noreferrer"">La clasificación en estimaciones Fiables, Poco fiables y No fiables provienen del Estándar para la evaluación de la calidad de las estimaciones en encuestas de hogares del INE.</a>",Encuesta Suplementaria de Ingresos (ESI),PT,0
CL01:DF_BGYMEDIOOCU_CIUO(1.0),A,BGYMEDIOOCU,09,CIUO_3,2018,-26.643518865964,Y,,1,"<a href="" https://www.ine.gob.cl/docs/default-source/institucionalidad/buenas-pr%C3%A1cticas/clasificaciones-y-estandares/est%C3%A1ndar-evaluaci%C3%B3n-de-calidad-de-estimaciones-publicaci%C3%B3n-27022020.pdf/"" target=""_blank"" rel=""noopener noreferrer"">La clasificación en estimaciones Fiables, Poco fiables y No fiables provienen del Estándar para la evaluación de la calidad de las estimaciones en encuestas de hogares del INE.</a>",Encuesta Suplementaria de Ingresos (ESI),PT,0
CL01:DF_BGYMEDIOOCU_CIUO(1.0),A,BGYMEDIOOCU,09,CIUO_3,2019,-29.9857982637395,,,1,"<a href="" https://www.ine.gob.cl/docs/default-source/institucionalidad/buenas-pr%C3%A1cticas/clasificaciones-y-estandares/est%C3%A1ndar-evaluaci%C3%B3n-de-calidad-de-estimaciones-publicaci%C3%B3n-27022020.pdf/"" target=""_blank"" rel=""noopener noreferrer"">La clasificación en estimaciones Fiables, Poco fiables y No fiables provienen del Estándar para la evaluación de la calidad de las estimaciones en encuestas de hogares del INE.</a>",Encuesta Suplementaria de Ingresos (ESI),PT,0
CL01:DF_BGYMEDIOOCU_CIUO(1.0),A,BGYMEDIOOCU,09,CIUO_3,2020,-42.2099251635079,Y,,1,"<a href="" https://www.ine.gob.cl/docs/default-source/institucionalidad/buenas-pr%C3%A1cticas/clasificaciones-y-estandares/est%C3%A1ndar-evaluaci%C3%B3n-de-calidad-de-estimaciones-publicaci%C3%B3n-27022020.pdf/"" target=""_blank"" rel=""noopener noreferrer"">La clasificación en estimaciones Fiables, Poco fiables y No fiables provienen del Estándar para la evaluación de la calidad de las estimaciones en encuestas de hogares del INE.</a>",Encuesta Suplementaria de Ingresos (ESI),PT,0
CL01:DF_BGYMEDIOOCU_CIUO(1.0),A,BGYMEDIOOCU,09,CIUO_3,2021,-13.6304154586039,,,1,"<a href="" https://www.ine.gob.cl/docs/default-source/institucionalidad/buenas-pr%C3%A1cticas/clasificaciones-y-estandares/est%C3%A1ndar-evaluaci%C3%B3n-de-calidad-de-estimaciones-publicaci%C3%B3n-27022020.pdf/"" target=""_blank"" rel=""noopener noreferrer"">La clasificación en estimaciones Fiables, Poco fiables y No fiables provienen del Estándar para la evaluación de la calidad de las estimaciones en encuestas de hogares del INE.</a>",Encuesta Suplementaria de Ingresos (ESI),PT,0
CL01:DF_BGYMEDIOOCU_CIUO(1.0),A,BGYMEDIOOCU,09,CIUO_3,2022,-32.6680383795715,,,1,"<a href="" https://www.ine.gob.cl/docs/default-source/institucionalidad/buenas-pr%C3%A1cticas/clasificaciones-y-estandares/est%C3%A1ndar-evaluaci%C3%B3n-de-calidad-de-estimaciones-publicaci%C3%B3n-27022020.pdf/"" target=""_blank"" rel=""noopener noreferrer"">La clasificación en estimaciones Fiables, Poco fiables y No fiables provienen del Estándar para la evaluación de la calidad de las estimaciones en encuestas de hogares del INE.</a>",Encuesta Suplementaria de Ingresos (ESI),PT,0
CL01:DF_BGYMEDIOOCU_CIUO(1.0),A,BGYMEDIOOCU,09,CIUO_3,2023,-22.6196270586096,,,1,"<a href="" https://www.ine.gob.cl/docs/default-source/institucionalidad/buenas-pr%C3%A1cticas/clasificaciones-y-estandares/est%C3%A1ndar-evaluaci%C3%B3n-de-calidad-de-estimaciones-publicaci%C3%B3n-27022020.pdf/"" target=""_blank"" rel=""noopener noreferrer"">La clasificación en estimaciones Fiables, Poco fiables y No fiables provienen del Estándar para la evaluación de la calidad de las estimaciones en encuestas de hogares del INE.</a>",Encuesta Suplementaria de Ingresos (ESI),PT,0
CL01:DF_BGYMEDIOOCU_CIUO(1.0),A,BGYMEDIOOCU,09,CIUO_3,2024,-36.3801099964019,,,1,"<a href="" https://www.ine.gob.cl/docs/default-source/institucionalidad/buenas-pr%C3%A1cticas/clasificaciones-y-estandares/est%C3%A1ndar-evaluaci%C3%B3n-de-calidad-de-estimaciones-publicaci%C3%B3n-27022020.pdf/"" target=""_blank"" rel=""noopener noreferrer"">La clasificación en estimaciones Fiables, Poco fiables y No fiables provienen del Estándar para la evaluación de la calidad de las estimaciones en encuestas de hogares del INE.</a>",Encuesta Suplementaria de Ingresos (ESI),PT,0
CL01:DF_BGYMEDIOOCU_CIUO(1.0),A,BGYMEDIOOCU,09,CIUO_5,2017,-38.7962315464952,,,1,"<a href="" https://www.ine.gob.cl/docs/default-source/institucionalidad/buenas-pr%C3%A1cticas/clasificaciones-y-estandares/est%C3%A1ndar-evaluaci%C3%B3n-de-calidad-de-estimaciones-publicaci%C3%B3n-27022020.pdf/"" target=""_blank"" rel=""noopener noreferrer"">La clasificación en estimaciones Fiables, Poco fiables y No fiables provienen del Estándar para la evaluación de la calidad de las estimaciones en encuestas de hogares del INE.</a>",Encuesta Suplementaria de Ingresos (ESI),PT,0
CL01:DF_BGYMEDIOOCU_CIUO(1.0),A,BGYMEDIOOCU,09,CIUO_5,2018,-51.7105699223361,,,1,"<a href="" https://www.ine.gob.cl/docs/default-source/institucionalidad/buenas-pr%C3%A1cticas/clasificaciones-y-estandares/est%C3%A1ndar-evaluaci%C3%B3n-de-calidad-de-estimaciones-publicaci%C3%B3n-27022020.pdf/"" target=""_blank"" rel=""noopener noreferrer"">La clasificación en estimaciones Fiables, Poco fiables y No fiables provienen del Estándar para la evaluación de la calidad de las estimaciones en encuestas de hogares del INE.</a>",Encuesta Suplementaria de Ingresos (ESI),PT,0
CL01:DF_BGYMEDIOOCU_CIUO(1.0),A,BGYMEDIOOCU,09,CIUO_5,2019,-46.885020746886,,,1,"<a href="" https://www.ine.gob.cl/docs/default-source/institucionalidad/buenas-pr%C3%A1cticas/clasificaciones-y-estandares/est%C3%A1ndar-evaluaci%C3%B3n-de-calidad-de-estimaciones-publicaci%C3%B3n-27022020.pdf/"" target=""_blank"" rel=""noopener noreferrer"">La clasificación en estimaciones Fiables, Poco fiables y No fiables provienen del Estándar para la evaluación de la calidad de las estimaciones en encuestas de hogares del INE.</a>",Encuesta Suplementaria de Ingresos (ESI),PT,0
CL01:DF_BGYMEDIOOCU_CIUO(1.0),A,BGYMEDIOOCU,09,CIUO_5,2020,-41.7954948939864,,,1,"<a href="" https://www.ine.gob.cl/docs/default-source/institucionalidad/buenas-pr%C3%A1cticas/clasificaciones-y-estandares/est%C3%A1ndar-evaluaci%C3%B3n-de-calidad-de-estimaciones-publicaci%C3%B3n-27022020.pdf/"" target=""_blank"" rel=""noopener noreferrer"">La clasificación en estimaciones Fiables, Poco fiables y No fiables provienen del Estándar para la evaluación de la calidad de las estimaciones en encuestas de hogares del INE.</a>",Encuesta Suplementaria de Ingresos (ESI),PT,0
CL01:DF_BGYMEDIOOCU_CIUO(1.0),A,BGYMEDIOOCU,09,CIUO_5,2021,-38.6646677865678,,,1,"<a href="" https://www.ine.gob.cl/docs/default-source/institucionalidad/buenas-pr%C3%A1cticas/clasificaciones-y-estandares/est%C3%A1ndar-evaluaci%C3%B3n-de-calidad-de-estimaciones-publicaci%C3%B3n-27022020.pdf/"" target=""_blank"" rel=""noopener noreferrer"">La clasificación en estimaciones Fiables, Poco fiables y No fiables provienen del Estándar para la evaluación de la calidad de las estimaciones en encuestas de hogares del INE.</a>",Encuesta Suplementaria de Ingresos (ESI),PT,0
CL01:DF_BGYMEDIOOCU_CIUO(1.0),A,BGYMEDIOOCU,09,CIUO_5,2022,-43.7738632860996,,,1,"<a href="" https://www.ine.gob.cl/docs/default-source/institucionalidad/buenas-pr%C3%A1cticas/clasificaciones-y-estandares/est%C3%A1ndar-evaluaci%C3%B3n-de-calidad-de-estimaciones-publicaci%C3%B3n-27022020.pdf/"" target=""_blank"" rel=""noopener noreferrer"">La clasificación en estimaciones Fiables, Poco fiables y No fiables provienen del Estándar para la evaluación de la calidad de las estimaciones en encuestas de hogares del INE.</a>",Encuesta Suplementaria de Ingresos (ESI),PT,0
CL01:DF_BGYMEDIOOCU_CIUO(1.0),A,BGYMEDIOOCU,09,CIUO_5,2023,-36.5335366712016,,,1,"<a href="" https://www.ine.gob.cl/docs/default-source/institucionalidad/buenas-pr%C3%A1cticas/clasificaciones-y-estandares/est%C3%A1ndar-evaluaci%C3%B3n-de-calidad-de-estimaciones-publicaci%C3%B3n-27022020.pdf/"" target=""_blank"" rel=""noopener noreferrer"">La clasificación en estimaciones Fiables, Poco fiables y No fiables provienen del Estándar para la evaluación de la calidad de las estimaciones en encuestas de hogares del INE.</a>",Encuesta Suplementaria de Ingresos (ESI),PT,0
CL01:DF_BGYMEDIOOCU_CIUO(1.0),A,BGYMEDIOOCU,09,CIUO_5,2024,-39.9596332377433,,,1,"<a href="" https://www.ine.gob.cl/docs/default-source/institucionalidad/buenas-pr%C3%A1cticas/clasificaciones-y-estandares/est%C3%A1ndar-evaluaci%C3%B3n-de-calidad-de-estimaciones-publicaci%C3%B3n-27022020.pdf/"" target=""_blank"" rel=""noopener noreferrer"">La clasificación en estimaciones Fiables, Poco fiables y No fiables provienen del Estándar para la evaluación de la calidad de las estimaciones en encuestas de hogares del INE.</a>",Encuesta Suplementaria de Ingresos (ESI),PT,0
CL01:DF_BGYMEDIOOCU_CIUO(1.0),A,BGYMEDIOOCU,11,CIUO_3,2017,-12.0169747569286,,,1,"<a href="" https://www.ine.gob.cl/docs/default-source/institucionalidad/buenas-pr%C3%A1cticas/clasificaciones-y-estandares/est%C3%A1ndar-evaluaci%C3%B3n-de-calidad-de-estimaciones-publicaci%C3%B3n-27022020.pdf/"" target=""_blank"" rel=""noopener noreferrer"">La clasificación en estimaciones Fiables, Poco fiables y No fiables provienen del Estándar para la evaluación de la calidad de las estimaciones en encuestas de hogares del INE.</a>",Encuesta Suplementaria de Ingresos (ESI),PT,0
CL01:DF_BGYMEDIOOCU_CIUO(1.0),A,BGYMEDIOOCU,11,CIUO_3,2018,-29.7690958383238,Y,,1,"<a href="" https://www.ine.gob.cl/docs/default-source/institucionalidad/buenas-pr%C3%A1cticas/clasificaciones-y-estandares/est%C3%A1ndar-evaluaci%C3%B3n-de-calidad-de-estimaciones-publicaci%C3%B3n-27022020.pdf/"" target=""_blank"" rel=""noopener noreferrer"">La clasificación en estimaciones Fiables, Poco fiables y No fiables provienen del Estándar para la evaluación de la calidad de las estimaciones en encuestas de hogares del INE.</a>",Encuesta Suplementaria de Ingresos (ESI),PT,0
CL01:DF_BGYMEDIOOCU_CIUO(1.0),A,BGYMEDIOOCU,11,CIUO_3,2019,-19.1062092692995,,,1,"<a href="" https://www.ine.gob.cl/docs/default-source/institucionalidad/buenas-pr%C3%A1cticas/clasificaciones-y-estandares/est%C3%A1ndar-evaluaci%C3%B3n-de-calidad-de-estimaciones-publicaci%C3%B3n-27022020.pdf/"" target=""_blank"" rel=""noopener noreferrer"">La clasificación en estimaciones Fiables, Poco fiables y No fiables provienen del Estándar para la evaluación de la calidad de las estimaciones en encuestas de hogares del INE.</a>",Encuesta Suplementaria de Ingresos (ESI),PT,0
CL01:DF_BGYMEDIOOCU_CIUO(1.0),A,BGYMEDIOOCU,11,CIUO_3,2020,-8.24548326478806,,,1,"<a href="" https://www.ine.gob.cl/docs/default-source/institucionalidad/buenas-pr%C3%A1cticas/clasificaciones-y-estandares/est%C3%A1ndar-evaluaci%C3%B3n-de-calidad-de-estimaciones-publicaci%C3%B3n-27022020.pdf/"" target=""_blank"" rel=""noopener noreferrer"">La clasificación en estimaciones Fiables, Poco fiables y No fiables provienen del Estándar para la evaluación de la calidad de las estimaciones en encuestas de hogares del INE.</a>",Encuesta Suplementaria de Ingresos (ESI),PT,0
CL01:DF_BGYMEDIOOCU_CIUO(1.0),A,BGYMEDIOOCU,11,CIUO_3,2021,-28.1206468158154,,,1,"<a href="" https://www.ine.gob.cl/docs/default-source/institucionalidad/buenas-pr%C3%A1cticas/clasificaciones-y-estandares/est%C3%A1ndar-evaluaci%C3%B3n-de-calidad-de-estimaciones-publicaci%C3%B3n-27022020.pdf/"" target=""_blank"" rel=""noopener noreferrer"">La clasificación en estimaciones Fiables, Poco fiables y No fiables provienen del Estándar para la evaluación de la calidad de las estimaciones en encuestas de hogares del INE.</a>",Encuesta Suplementaria de Ingresos (ESI),PT,0
CL01:DF_BGYMEDIOOCU_CIUO(1.0),A,BGYMEDIOOCU,11,CIUO_3,2022,-25.5619161623778,,,1,"<a href="" https://www.ine.gob.cl/docs/default-source/institucionalidad/buenas-pr%C3%A1cticas/clasificaciones-y-estandares/est%C3%A1ndar-evaluaci%C3%B3n-de-calidad-de-estimaciones-publicaci%C3%B3n-27022020.pdf/"" target=""_blank"" rel=""noopener noreferrer"">La clasificación en estimaciones Fiables, Poco fiables y No fiables provienen del Estándar para la evaluación de la calidad de las estimaciones en encuestas de hogares del INE.</a>",Encuesta Suplementaria de Ingresos (ESI),PT,0
CL01:DF_BGYMEDIOOCU_CIUO(1.0),A,BGYMEDIOOCU,11,CIUO_3,2023,-18.0192120218835,,,1,"<a href="" https://www.ine.gob.cl/docs/default-source/institucionalidad/buenas-pr%C3%A1cticas/clasificaciones-y-estandares/est%C3%A1ndar-evaluaci%C3%B3n-de-calidad-de-estimaciones-publicaci%C3%B3n-27022020.pdf/"" target=""_blank"" rel=""noopener noreferrer"">La clasificación en estimaciones Fiables, Poco fiables y No fiables provienen del Estándar para la evaluación de la calidad de las estimaciones en encuestas de hogares del INE.</a>",Encuesta Suplementaria de Ingresos (ESI),PT,0
CL01:DF_BGYMEDIOOCU_CIUO(1.0),A,BGYMEDIOOCU,11,CIUO_3,2024,-10.8493189432009,,,1,"<a href="" https://www.ine.gob.cl/docs/default-source/institucionalidad/buenas-pr%C3%A1cticas/clasificaciones-y-estandares/est%C3%A1ndar-evaluaci%C3%B3n-de-calidad-de-estimaciones-publicaci%C3%B3n-27022020.pdf/"" target=""_blank"" rel=""noopener noreferrer"">La clasificación en estimaciones Fiables, Poco fiables y No fiables provienen del Estándar para la evaluación de la calidad de las estimaciones en encuestas de hogares del INE.</a>",Encuesta Suplementaria de Ingresos (ESI),PT,0
CL01:DF_BGYMEDIOOCU_CIUO(1.0),A,BGYMEDIOOCU,12,CIUO_1,2017,-15.2573785622175,Y,,1,"<a href="" https://www.ine.gob.cl/docs/default-source/institucionalidad/buenas-pr%C3%A1cticas/clasificaciones-y-estandares/est%C3%A1ndar-evaluaci%C3%B3n-de-calidad-de-estimaciones-publicaci%C3%B3n-27022020.pdf/"" target=""_blank"" rel=""noopener noreferrer"">La clasificación en estimaciones Fiables, Poco fiables y No fiables provienen del Estándar para la evaluación de la calidad de las estimaciones en encuestas de hogares del INE.</a>",Encuesta Suplementaria de Ingresos (ESI),PT,0
CL01:DF_BGYMEDIOOCU_CIUO(1.0),A,BGYMEDIOOCU,12,CIUO_1,2018,-30.7738753948705,Y,,1,"<a href="" https://www.ine.gob.cl/docs/default-source/institucionalidad/buenas-pr%C3%A1cticas/clasificaciones-y-estandares/est%C3%A1ndar-evaluaci%C3%B3n-de-calidad-de-estimaciones-publicaci%C3%B3n-27022020.pdf/"" target=""_blank"" rel=""noopener noreferrer"">La clasificación en estimaciones Fiables, Poco fiables y No fiables provienen del Estándar para la evaluación de la calidad de las estimaciones en encuestas de hogares del INE.</a>",Encuesta Suplementaria de Ingresos (ESI),PT,0
CL01:DF_BGYMEDIOOCU_CIUO(1.0),A,BGYMEDIOOCU,12,CIUO_1,2019,-37.6379000805143,Y,,1,"<a href="" https://www.ine.gob.cl/docs/default-source/institucionalidad/buenas-pr%C3%A1cticas/clasificaciones-y-estandares/est%C3%A1ndar-evaluaci%C3%B3n-de-calidad-de-estimaciones-publicaci%C3%B3n-27022020.pdf/"" target=""_blank"" rel=""noopener noreferrer"">La clasificación en estimaciones Fiables, Poco fiables y No fiables provienen del Estándar para la evaluación de la calidad de las estimaciones en encuestas de hogares del INE.</a>",Encuesta Suplementaria de Ingresos (ESI),PT,0
CL01:DF_BGYMEDIOOCU_CIUO(1.0),A,BGYMEDIOOCU,12,CIUO_1,2020,-39.450198517072,X,,1,"<a href="" https://www.ine.gob.cl/docs/default-source/institucionalidad/buenas-pr%C3%A1cticas/clasificaciones-y-estandares/est%C3%A1ndar-evaluaci%C3%B3n-de-calidad-de-estimaciones-publicaci%C3%B3n-27022020.pdf/"" target=""_blank"" rel=""noopener noreferrer"">La clasificación en estimaciones Fiables, Poco fiables y No fiables provienen del Estándar para la evaluación de la calidad de las estimaciones en encuestas de hogares del INE.</a>",Encuesta Suplementaria de Ingresos (ESI),PT,0
CL01:DF_BGYMEDIOOCU_CIUO(1.0),A,BGYMEDIOOCU,12,CIUO_1,2021,10.9400314306157,X,,1,"<a href="" https://www.ine.gob.cl/docs/default-source/institucionalidad/buenas-pr%C3%A1cticas/clasificaciones-y-estandares/est%C3%A1ndar-evaluaci%C3%B3n-de-calidad-de-estimaciones-publicaci%C3%B3n-27022020.pdf/"" target=""_blank"" rel=""noopener noreferrer"">La clasificación en estimaciones Fiables, Poco fiables y No fiables provienen del Estándar para la evaluación de la calidad de las estimaciones en encuestas de hogares del INE.</a>",Encuesta Suplementaria de Ingresos (ESI),PT,0
CL01:DF_BGYMEDIOOCU_CIUO(1.0),A,BGYMEDIOOCU,12,CIUO_1,2022,-16.4225204916316,Y,,1,"<a href="" https://www.ine.gob.cl/docs/default-source/institucionalidad/buenas-pr%C3%A1cticas/clasificaciones-y-estandares/est%C3%A1ndar-evaluaci%C3%B3n-de-calidad-de-estimaciones-publicaci%C3%B3n-27022020.pdf/"" target=""_blank"" rel=""noopener noreferrer"">La clasificación en estimaciones Fiables, Poco fiables y No fiables provienen del Estándar para la evaluación de la calidad de las estimaciones en encuestas de hogares del INE.</a>",Encuesta Suplementaria de Ingresos (ESI),PT,0
CL01:DF_BGYMEDIOOCU_CIUO(1.0),A,BGYMEDIOOCU,12,CIUO_1,2023,-27.7016304866431,Y,,1,"<a href="" https://www.ine.gob.cl/docs/default-source/institucionalidad/buenas-pr%C3%A1cticas/clasificaciones-y-estandares/est%C3%A1ndar-evaluaci%C3%B3n-de-calidad-de-estimaciones-publicaci%C3%B3n-27022020.pdf/"" target=""_blank"" rel=""noopener noreferrer"">La clasificación en estimaciones Fiables, Poco fiables y No fiables provienen del Estándar para la evaluación de la calidad de las estimaciones en encuestas de hogares del INE.</a>",Encuesta Suplementaria de Ingresos (ESI),PT,0
CL01:DF_BGYMEDIOOCU_CIUO(1.0),A,BGYMEDIOOCU,12,CIUO_1,2024,-44.5860009090886,X,,1,"<a href="" https://www.ine.gob.cl/docs/default-source/institucionalidad/buenas-pr%C3%A1cticas/clasificaciones-y-estandares/est%C3%A1ndar-evaluaci%C3%B3n-de-calidad-de-estimaciones-publicaci%C3%B3n-27022020.pdf/"" target=""_blank"" rel=""noopener noreferrer"">La clasificación en estimaciones Fiables, Poco fiables y No fiables provienen del Estándar para la evaluación de la calidad de las estimaciones en encuestas de hogares del INE.</a>",Encuesta Suplementaria de Ingresos (ESI),PT,0
CL01:DF_BGYMEDIOOCU_CIUO(1.0),A,BGYMEDIOOCU,16,CIUO_1,2017,-26.8621185388,X,,1,"<a href="" https://www.ine.gob.cl/docs/default-source/institucionalidad/buenas-pr%C3%A1cticas/clasificaciones-y-estandares/est%C3%A1ndar-evaluaci%C3%B3n-de-calidad-de-estimaciones-publicaci%C3%B3n-27022020.pdf/"" target=""_blank"" rel=""noopener noreferrer"">La clasificación en estimaciones Fiables, Poco fiables y No fiables provienen del Estándar para la evaluación de la calidad de las estimaciones en encuestas de hogares del INE.</a>",Encuesta Suplementaria de Ingresos (ESI),PT,0
CL01:DF_BGYMEDIOOCU_CIUO(1.0),A,BGYMEDIOOCU,16,CIUO_1,2018,-35.9115819640496,X,,1,"<a href="" https://www.ine.gob.cl/docs/default-source/institucionalidad/buenas-pr%C3%A1cticas/clasificaciones-y-estandares/est%C3%A1ndar-evaluaci%C3%B3n-de-calidad-de-estimaciones-publicaci%C3%B3n-27022020.pdf/"" target=""_blank"" rel=""noopener noreferrer"">La clasificación en estimaciones Fiables, Poco fiables y No fiables provienen del Estándar para la evaluación de la calidad de las estimaciones en encuestas de hogares del INE.</a>",Encuesta Suplementaria de Ingresos (ESI),PT,0
CL01:DF_BGYMEDIOOCU_CIUO(1.0),A,BGYMEDIOOCU,16,CIUO_1,2019,-45.0465116969194,X,,1,"<a href="" https://www.ine.gob.cl/docs/default-source/institucionalidad/buenas-pr%C3%A1cticas/clasificaciones-y-estandares/est%C3%A1ndar-evaluaci%C3%B3n-de-calidad-de-estimaciones-publicaci%C3%B3n-27022020.pdf/"" target=""_blank"" rel=""noopener noreferrer"">La clasificación en estimaciones Fiables, Poco fiables y No fiables provienen del Estándar para la evaluación de la calidad de las estimaciones en encuestas de hogares del INE.</a>",Encuesta Suplementaria de Ingresos (ESI),PT,0
CL01:DF_BGYMEDIOOCU_CIUO(1.0),A,BGYMEDIOOCU,16,CIUO_1,2020,-15.0585938057479,X,,1,"<a href="" https://www.ine.gob.cl/docs/default-source/institucionalidad/buenas-pr%C3%A1cticas/clasificaciones-y-estandares/est%C3%A1ndar-evaluaci%C3%B3n-de-calidad-de-estimaciones-publicaci%C3%B3n-27022020.pdf/"" target=""_blank"" rel=""noopener noreferrer"">La clasificación en estimaciones Fiables, Poco fiables y No fiables provienen del Estándar para la evaluación de la calidad de las estimaciones en encuestas de hogares del INE.</a>",Encuesta Suplementaria de Ingresos (ESI),PT,0
CL01:DF_BGYMEDIOOCU_CIUO(1.0),A,BGYMEDIOOCU,16,CIUO_1,2021,-45.8015707166553,X,,1,"<a href="" https://www.ine.gob.cl/docs/default-source/institucionalidad/buenas-pr%C3%A1cticas/clasificaciones-y-estandares/est%C3%A1ndar-evaluaci%C3%B3n-de-calidad-de-estimaciones-publicaci%C3%B3n-27022020.pdf/"" target=""_blank"" rel=""noopener noreferrer"">La clasificación en estimaciones Fiables, Poco fiables y No fiables provienen del Estándar para la evaluación de la calidad de las estimaciones en encuestas de hogares del INE.</a>",Encuesta Suplementaria de Ingresos (ESI),PT,0
CL01:DF_BGYMEDIOOCU_CIUO(1.0),A,BGYMEDIOOCU,16,CIUO_1,2022,-41.6184866539795,X,,1,"<a href="" https://www.ine.gob.cl/docs/default-source/institucionalidad/buenas-pr%C3%A1cticas/clasificaciones-y-estandares/est%C3%A1ndar-evaluaci%C3%B3n-de-calidad-de-estimaciones-publicaci%C3%B3n-27022020.pdf/"" target=""_blank"" rel=""noopener noreferrer"">La clasificación en estimaciones Fiables, Poco fiables y No fiables provienen del Estándar para la evaluación de la calidad de las estimaciones en encuestas de hogares del INE.</a>",Encuesta Suplementaria de Ingresos (ESI),PT,0
CL01:DF_BGYMEDIOOCU_CIUO(1.0),A,BGYMEDIOOCU,16,CIUO_1,2023,-61.9146162141339,X,,1,"<a href="" https://www.ine.gob.cl/docs/default-source/institucionalidad/buenas-pr%C3%A1cticas/clasificaciones-y-estandares/est%C3%A1ndar-evaluaci%C3%B3n-de-calidad-de-estimaciones-publicaci%C3%B3n-27022020.pdf/"" target=""_blank"" rel=""noopener noreferrer"">La clasificación en estimaciones Fiables, Poco fiables y No fiables provienen del Estándar para la evaluación de la calidad de las estimaciones en encuestas de hogares del INE.</a>",Encuesta Suplementaria de Ingresos (ESI),PT,0
CL01:DF_BGYMEDIOOCU_CIUO(1.0),A,BGYMEDIOOCU,16,CIUO_1,2024,31.9325852031683,X,,1,"<a href="" https://www.ine.gob.cl/docs/default-source/institucionalidad/buenas-pr%C3%A1cticas/clasificaciones-y-estandares/est%C3%A1ndar-evaluaci%C3%B3n-de-calidad-de-estimaciones-publicaci%C3%B3n-27022020.pdf/"" target=""_blank"" rel=""noopener noreferrer"">La clasificación en estimaciones Fiables, Poco fiables y No fiables provienen del Estándar para la evaluación de la calidad de las estimaciones en encuestas de hogares del INE.</a>",Encuesta Suplementaria de Ingresos (ESI),PT,0
CL01:DF_BGYMEDIOOCU_CIUO(1.0),A,BGYMEDIOOCU,04,_T,2017,-34.7925661006808,,,1,"<a href="" https://www.ine.gob.cl/docs/default-source/institucionalidad/buenas-pr%C3%A1cticas/clasificaciones-y-estandares/est%C3%A1ndar-evaluaci%C3%B3n-de-calidad-de-estimaciones-publicaci%C3%B3n-27022020.pdf/"" target=""_blank"" rel=""noopener noreferrer"">La clasificación en estimaciones Fiables, Poco fiables y No fiables provienen del Estándar para la evaluación de la calidad de las estimaciones en encuestas de hogares del INE.</a>",Encuesta Suplementaria de Ingresos (ESI),PT,0
CL01:DF_BGYMEDIOOCU_CIUO(1.0),A,BGYMEDIOOCU,04,_T,2018,-32.0816919940872,,,1,"<a href="" https://www.ine.gob.cl/docs/default-source/institucionalidad/buenas-pr%C3%A1cticas/clasificaciones-y-estandares/est%C3%A1ndar-evaluaci%C3%B3n-de-calidad-de-estimaciones-publicaci%C3%B3n-27022020.pdf/"" target=""_blank"" rel=""noopener noreferrer"">La clasificación en estimaciones Fiables, Poco fiables y No fiables provienen del Estándar para la evaluación de la calidad de las estimaciones en encuestas de hogares del INE.</a>",Encuesta Suplementaria de Ingresos (ESI),PT,0
CL01:DF_BGYMEDIOOCU_CIUO(1.0),A,BGYMEDIOOCU,04,_T,2019,-28.1528234550567,,,1,"<a href="" https://www.ine.gob.cl/docs/default-source/institucionalidad/buenas-pr%C3%A1cticas/clasificaciones-y-estandares/est%C3%A1ndar-evaluaci%C3%B3n-de-calidad-de-estimaciones-publicaci%C3%B3n-27022020.pdf/"" target=""_blank"" rel=""noopener noreferrer"">La clasificación en estimaciones Fiables, Poco fiables y No fiables provienen del Estándar para la evaluación de la calidad de las estimaciones en encuestas de hogares del INE.</a>",Encuesta Suplementaria de Ingresos (ESI),PT,0
CL01:DF_BGYMEDIOOCU_CIUO(1.0),A,BGYMEDIOOCU,04,_T,2020,-10.4553054902673,,,1,"<a href="" https://www.ine.gob.cl/docs/default-source/institucionalidad/buenas-pr%C3%A1cticas/clasificaciones-y-estandares/est%C3%A1ndar-evaluaci%C3%B3n-de-calidad-de-estimaciones-publicaci%C3%B3n-27022020.pdf/"" target=""_blank"" rel=""noopener noreferrer"">La clasificación en estimaciones Fiables, Poco fiables y No fiables provienen del Estándar para la evaluación de la calidad de las estimaciones en encuestas de hogares del INE.</a>",Encuesta Suplementaria de Ingresos (ESI),PT,0
CL01:DF_BGYMEDIOOCU_CIUO(1.0),A,BGYMEDIOOCU,04,_T,2021,-29.6420260962583,,,1,"<a href="" https://www.ine.gob.cl/docs/default-source/institucionalidad/buenas-pr%C3%A1cticas/clasificaciones-y-estandares/est%C3%A1ndar-evaluaci%C3%B3n-de-calidad-de-estimaciones-publicaci%C3%B3n-27022020.pdf/"" target=""_blank"" rel=""noopener noreferrer"">La clasificación en estimaciones Fiables, Poco fiables y No fiables provienen del Estándar para la evaluación de la calidad de las estimaciones en encuestas de hogares del INE.</a>",Encuesta Suplementaria de Ingresos (ESI),PT,0
CL01:DF_BGYMEDIOOCU_CIUO(1.0),A,BGYMEDIOOCU,04,_T,2022,-32.5525061310944,,,1,"<a href="" https://www.ine.gob.cl/docs/default-source/institucionalidad/buenas-pr%C3%A1cticas/clasificaciones-y-estandares/est%C3%A1ndar-evaluaci%C3%B3n-de-calidad-de-estimaciones-publicaci%C3%B3n-27022020.pdf/"" target=""_blank"" rel=""noopener noreferrer"">La clasificación en estimaciones Fiables, Poco fiables y No fiables provienen del Estándar para la evaluación de la calidad de las estimaciones en encuestas de hogares del INE.</a>",Encuesta Suplementaria de Ingresos (ESI),PT,0
CL01:DF_BGYMEDIOOCU_CIUO(1.0),A,BGYMEDIOOCU,04,_T,2023,-31.6196157856075,,,1,"<a href="" https://www.ine.gob.cl/docs/default-source/institucionalidad/buenas-pr%C3%A1cticas/clasificaciones-y-estandares/est%C3%A1ndar-evaluaci%C3%B3n-de-calidad-de-estimaciones-publicaci%C3%B3n-27022020.pdf/"" target=""_blank"" rel=""noopener noreferrer"">La clasificación en estimaciones Fiables, Poco fiables y No fiables provienen del Estándar para la evaluación de la calidad de las estimaciones en encuestas de hogares del INE.</a>",Encuesta Suplementaria de Ingresos (ESI),PT,0
CL01:DF_BGYMEDIOOCU_CIUO(1.0),A,BGYMEDIOOCU,04,_T,2024,-25.7399709150692,,,1,"<a href="" https://www.ine.gob.cl/docs/default-source/institucionalidad/buenas-pr%C3%A1cticas/clasificaciones-y-estandares/est%C3%A1ndar-evaluaci%C3%B3n-de-calidad-de-estimaciones-publicaci%C3%B3n-27022020.pdf/"" target=""_blank"" rel=""noopener noreferrer"">La clasificación en estimaciones Fiables, Poco fiables y No fiables provienen del Estándar para la evaluación de la calidad de las estimaciones en encuestas de hogares del INE.</a>",Encuesta Suplementaria de Ingresos (ESI),PT,0
CL01:DF_BGYMEDIOOCU_CIUO(1.0),A,BGYMEDIOOCU,08,_T,2017,-25.1770028411236,,,1,"<a href="" https://www.ine.gob.cl/docs/default-source/institucionalidad/buenas-pr%C3%A1cticas/clasificaciones-y-estandares/est%C3%A1ndar-evaluaci%C3%B3n-de-calidad-de-estimaciones-publicaci%C3%B3n-27022020.pdf/"" target=""_blank"" rel=""noopener noreferrer"">La clasificación en estimaciones Fiables, Poco fiables y No fiables provienen del Estándar para la evaluación de la calidad de las estimaciones en encuestas de hogares del INE.</a>",Encuesta Suplementaria de Ingresos (ESI),PT,0
CL01:DF_BGYMEDIOOCU_CIUO(1.0),A,BGYMEDIOOCU,08,_T,2018,-24.8934666974811,,,1,"<a href="" https://www.ine.gob.cl/docs/default-source/institucionalidad/buenas-pr%C3%A1cticas/clasificaciones-y-estandares/est%C3%A1ndar-evaluaci%C3%B3n-de-calidad-de-estimaciones-publicaci%C3%B3n-27022020.pdf/"" target=""_blank"" rel=""noopener noreferrer"">La clasificación en estimaciones Fiables, Poco fiables y No fiables provienen del Estándar para la evaluación de la calidad de las estimaciones en encuestas de hogares del INE.</a>",Encuesta Suplementaria de Ingresos (ESI),PT,0
CL01:DF_BGYMEDIOOCU_CIUO(1.0),A,BGYMEDIOOCU,08,_T,2019,-26.9152823544973,,,1,"<a href="" https://www.ine.gob.cl/docs/default-source/institucionalidad/buenas-pr%C3%A1cticas/clasificaciones-y-estandares/est%C3%A1ndar-evaluaci%C3%B3n-de-calidad-de-estimaciones-publicaci%C3%B3n-27022020.pdf/"" target=""_blank"" rel=""noopener noreferrer"">La clasificación en estimaciones Fiables, Poco fiables y No fiables provienen del Estándar para la evaluación de la calidad de las estimaciones en encuestas de hogares del INE.</a>",Encuesta Suplementaria de Ingresos (ESI),PT,0
CL01:DF_BGYMEDIOOCU_CIUO(1.0),A,BGYMEDIOOCU,08,_T,2020,-17.6688921084658,,,1,"<a href="" https://www.ine.gob.cl/docs/default-source/institucionalidad/buenas-pr%C3%A1cticas/clasificaciones-y-estandares/est%C3%A1ndar-evaluaci%C3%B3n-de-calidad-de-estimaciones-publicaci%C3%B3n-27022020.pdf/"" target=""_blank"" rel=""noopener noreferrer"">La clasificación en estimaciones Fiables, Poco fiables y No fiables provienen del Estándar para la evaluación de la calidad de las estimaciones en encuestas de hogares del INE.</a>",Encuesta Suplementaria de Ingresos (ESI),PT,0
CL01:DF_BGYMEDIOOCU_CIUO(1.0),A,BGYMEDIOOCU,08,_T,2021,-21.6209012849556,,,1,"<a href="" https://www.ine.gob.cl/docs/default-source/institucionalidad/buenas-pr%C3%A1cticas/clasificaciones-y-estandares/est%C3%A1ndar-evaluaci%C3%B3n-de-calidad-de-estimaciones-publicaci%C3%B3n-27022020.pdf/"" target=""_blank"" rel=""noopener noreferrer"">La clasificación en estimaciones Fiables, Poco fiables y No fiables provienen del Estándar para la evaluación de la calidad de las estimaciones en encuestas de hogares del INE.</a>",Encuesta Suplementaria de Ingresos (ESI),PT,0
CL01:DF_BGYMEDIOOCU_CIUO(1.0),A,BGYMEDIOOCU,08,_T,2022,-25.3609381550214,,,1,"<a href="" https://www.ine.gob.cl/docs/default-source/institucionalidad/buenas-pr%C3%A1cticas/clasificaciones-y-estandares/est%C3%A1ndar-evaluaci%C3%B3n-de-calidad-de-estimaciones-publicaci%C3%B3n-27022020.pdf/"" target=""_blank"" rel=""noopener noreferrer"">La clasificación en estimaciones Fiables, Poco fiables y No fiables provienen del Estándar para la evaluación de la calidad de las estimaciones en encuestas de hogares del INE.</a>",Encuesta Suplementaria de Ingresos (ESI),PT,0
CL01:DF_BGYMEDIOOCU_CIUO(1.0),A,BGYMEDIOOCU,08,_T,2023,-19.734262292866,,,1,"<a href="" https://www.ine.gob.cl/docs/default-source/institucionalidad/buenas-pr%C3%A1cticas/clasificaciones-y-estandares/est%C3%A1ndar-evaluaci%C3%B3n-de-calidad-de-estimaciones-publicaci%C3%B3n-27022020.pdf/"" target=""_blank"" rel=""noopener noreferrer"">La clasificación en estimaciones Fiables, Poco fiables y No fiables provienen del Estándar para la evaluación de la calidad de las estimaciones en encuestas de hogares del INE.</a>",Encuesta Suplementaria de Ingresos (ESI),PT,0
CL01:DF_BGYMEDIOOCU_CIUO(1.0),A,BGYMEDIOOCU,08,_T,2024,-24.2183968647487,,,1,"<a href="" https://www.ine.gob.cl/docs/default-source/institucionalidad/buenas-pr%C3%A1cticas/clasificaciones-y-estandares/est%C3%A1ndar-evaluaci%C3%B3n-de-calidad-de-estimaciones-publicaci%C3%B3n-27022020.pdf/"" target=""_blank"" rel=""noopener noreferrer"">La clasificación en estimaciones Fiables, Poco fiables y No fiables provienen del Estándar para la evaluación de la calidad de las estimaciones en encuestas de hogares del INE.</a>",Encuesta Suplementaria de Ingresos (ESI),PT,0
CL01:DF_BGYMEDIOOCU_CIUO(1.0),A,BGYMEDIOOCU,03,CIUO_9,2017,-25.9793055920228,,,1,"<a href="" https://www.ine.gob.cl/docs/default-source/institucionalidad/buenas-pr%C3%A1cticas/clasificaciones-y-estandares/est%C3%A1ndar-evaluaci%C3%B3n-de-calidad-de-estimaciones-publicaci%C3%B3n-27022020.pdf/"" target=""_blank"" rel=""noopener noreferrer"">La clasificación en estimaciones Fiables, Poco fiables y No fiables provienen del Estándar para la evaluación de la calidad de las estimaciones en encuestas de hogares del INE.</a>",Encuesta Suplementaria de Ingresos (ESI),PT,0
CL01:DF_BGYMEDIOOCU_CIUO(1.0),A,BGYMEDIOOCU,03,CIUO_9,2018,-14.2430206796317,,,1,"<a href="" https://www.ine.gob.cl/docs/default-source/institucionalidad/buenas-pr%C3%A1cticas/clasificaciones-y-estandares/est%C3%A1ndar-evaluaci%C3%B3n-de-calidad-de-estimaciones-publicaci%C3%B3n-27022020.pdf/"" target=""_blank"" rel=""noopener noreferrer"">La clasificación en estimaciones Fiables, Poco fiables y No fiables provienen del Estándar para la evaluación de la calidad de las estimaciones en encuestas de hogares del INE.</a>",Encuesta Suplementaria de Ingresos (ESI),PT,0
CL01:DF_BGYMEDIOOCU_CIUO(1.0),A,BGYMEDIOOCU,03,CIUO_9,2019,-21.244834069236,,,1,"<a href="" https://www.ine.gob.cl/docs/default-source/institucionalidad/buenas-pr%C3%A1cticas/clasificaciones-y-estandares/est%C3%A1ndar-evaluaci%C3%B3n-de-calidad-de-estimaciones-publicaci%C3%B3n-27022020.pdf/"" target=""_blank"" rel=""noopener noreferrer"">La clasificación en estimaciones Fiables, Poco fiables y No fiables provienen del Estándar para la evaluación de la calidad de las estimaciones en encuestas de hogares del INE.</a>",Encuesta Suplementaria de Ingresos (ESI),PT,0
CL01:DF_BGYMEDIOOCU_CIUO(1.0),A,BGYMEDIOOCU,03,CIUO_9,2020,-15.9836721403007,,,1,"<a href="" https://www.ine.gob.cl/docs/default-source/institucionalidad/buenas-pr%C3%A1cticas/clasificaciones-y-estandares/est%C3%A1ndar-evaluaci%C3%B3n-de-calidad-de-estimaciones-publicaci%C3%B3n-27022020.pdf/"" target=""_blank"" rel=""noopener noreferrer"">La clasificación en estimaciones Fiables, Poco fiables y No fiables provienen del Estándar para la evaluación de la calidad de las estimaciones en encuestas de hogares del INE.</a>",Encuesta Suplementaria de Ingresos (ESI),PT,0
CL01:DF_BGYMEDIOOCU_CIUO(1.0),A,BGYMEDIOOCU,03,CIUO_9,2021,-15.5694523115409,,,1,"<a href="" https://www.ine.gob.cl/docs/default-source/institucionalidad/buenas-pr%C3%A1cticas/clasificaciones-y-estandares/est%C3%A1ndar-evaluaci%C3%B3n-de-calidad-de-estimaciones-publicaci%C3%B3n-27022020.pdf/"" target=""_blank"" rel=""noopener noreferrer"">La clasificación en estimaciones Fiables, Poco fiables y No fiables provienen del Estándar para la evaluación de la calidad de las estimaciones en encuestas de hogares del INE.</a>",Encuesta Suplementaria de Ingresos (ESI),PT,0
CL01:DF_BGYMEDIOOCU_CIUO(1.0),A,BGYMEDIOOCU,03,CIUO_9,2022,-16.9858522362148,,,1,"<a href="" https://www.ine.gob.cl/docs/default-source/institucionalidad/buenas-pr%C3%A1cticas/clasificaciones-y-estandares/est%C3%A1ndar-evaluaci%C3%B3n-de-calidad-de-estimaciones-publicaci%C3%B3n-27022020.pdf/"" target=""_blank"" rel=""noopener noreferrer"">La clasificación en estimaciones Fiables, Poco fiables y No fiables provienen del Estándar para la evaluación de la calidad de las estimaciones en encuestas de hogares del INE.</a>",Encuesta Suplementaria de Ingresos (ESI),PT,0
CL01:DF_BGYMEDIOOCU_CIUO(1.0),A,BGYMEDIOOCU,03,CIUO_9,2023,-8.60451929855249,,,1,"<a href="" https://www.ine.gob.cl/docs/default-source/institucionalidad/buenas-pr%C3%A1cticas/clasificaciones-y-estandares/est%C3%A1ndar-evaluaci%C3%B3n-de-calidad-de-estimaciones-publicaci%C3%B3n-27022020.pdf/"" target=""_blank"" rel=""noopener noreferrer"">La clasificación en estimaciones Fiables, Poco fiables y No fiables provienen del Estándar para la evaluación de la calidad de las estimaciones en encuestas de hogares del INE.</a>",Encuesta Suplementaria de Ingresos (ESI),PT,0
CL01:DF_BGYMEDIOOCU_CIUO(1.0),A,BGYMEDIOOCU,03,CIUO_9,2024,-22.6095629203048,,,1,"<a href="" https://www.ine.gob.cl/docs/default-source/institucionalidad/buenas-pr%C3%A1cticas/clasificaciones-y-estandares/est%C3%A1ndar-evaluaci%C3%B3n-de-calidad-de-estimaciones-publicaci%C3%B3n-27022020.pdf/"" target=""_blank"" rel=""noopener noreferrer"">La clasificación en estimaciones Fiables, Poco fiables y No fiables provienen del Estándar para la evaluación de la calidad de las estimaciones en encuestas de hogares del INE.</a>",Encuesta Suplementaria de Ingresos (ESI),PT,0
CL01:DF_BGYMEDIOOCU_CIUO(1.0),A,BGYMEDIOOCU,04,CIUO_2,2017,-38.5624482930146,,,1,"<a href="" https://www.ine.gob.cl/docs/default-source/institucionalidad/buenas-pr%C3%A1cticas/clasificaciones-y-estandares/est%C3%A1ndar-evaluaci%C3%B3n-de-calidad-de-estimaciones-publicaci%C3%B3n-27022020.pdf/"" target=""_blank"" rel=""noopener noreferrer"">La clasificación en estimaciones Fiables, Poco fiables y No fiables provienen del Estándar para la evaluación de la calidad de las estimaciones en encuestas de hogares del INE.</a>",Encuesta Suplementaria de Ingresos (ESI),PT,0
CL01:DF_BGYMEDIOOCU_CIUO(1.0),A,BGYMEDIOOCU,04,CIUO_2,2018,-28.6734176123219,,,1,"<a href="" https://www.ine.gob.cl/docs/default-source/institucionalidad/buenas-pr%C3%A1cticas/clasificaciones-y-estandares/est%C3%A1ndar-evaluaci%C3%B3n-de-calidad-de-estimaciones-publicaci%C3%B3n-27022020.pdf/"" target=""_blank"" rel=""noopener noreferrer"">La clasificación en estimaciones Fiables, Poco fiables y No fiables provienen del Estándar para la evaluación de la calidad de las estimaciones en encuestas de hogares del INE.</a>",Encuesta Suplementaria de Ingresos (ESI),PT,0
CL01:DF_BGYMEDIOOCU_CIUO(1.0),A,BGYMEDIOOCU,04,CIUO_2,2019,-16.7501621917142,Y,,1,"<a href="" https://www.ine.gob.cl/docs/default-source/institucionalidad/buenas-pr%C3%A1cticas/clasificaciones-y-estandares/est%C3%A1ndar-evaluaci%C3%B3n-de-calidad-de-estimaciones-publicaci%C3%B3n-27022020.pdf/"" target=""_blank"" rel=""noopener noreferrer"">La clasificación en estimaciones Fiables, Poco fiables y No fiables provienen del Estándar para la evaluación de la calidad de las estimaciones en encuestas de hogares del INE.</a>",Encuesta Suplementaria de Ingresos (ESI),PT,0
CL01:DF_BGYMEDIOOCU_CIUO(1.0),A,BGYMEDIOOCU,04,CIUO_2,2020,-3.50127392752642,Y,,1,"<a href="" https://www.ine.gob.cl/docs/default-source/institucionalidad/buenas-pr%C3%A1cticas/clasificaciones-y-estandares/est%C3%A1ndar-evaluaci%C3%B3n-de-calidad-de-estimaciones-publicaci%C3%B3n-27022020.pdf/"" target=""_blank"" rel=""noopener noreferrer"">La clasificación en estimaciones Fiables, Poco fiables y No fiables provienen del Estándar para la evaluación de la calidad de las estimaciones en encuestas de hogares del INE.</a>",Encuesta Suplementaria de Ingresos (ESI),PT,0
CL01:DF_BGYMEDIOOCU_CIUO(1.0),A,BGYMEDIOOCU,04,CIUO_2,2021,-36.4739028036428,,,1,"<a href="" https://www.ine.gob.cl/docs/default-source/institucionalidad/buenas-pr%C3%A1cticas/clasificaciones-y-estandares/est%C3%A1ndar-evaluaci%C3%B3n-de-calidad-de-estimaciones-publicaci%C3%B3n-27022020.pdf/"" target=""_blank"" rel=""noopener noreferrer"">La clasificación en estimaciones Fiables, Poco fiables y No fiables provienen del Estándar para la evaluación de la calidad de las estimaciones en encuestas de hogares del INE.</a>",Encuesta Suplementaria de Ingresos (ESI),PT,0
CL01:DF_BGYMEDIOOCU_CIUO(1.0),A,BGYMEDIOOCU,04,CIUO_2,2022,-29.0832556060781,,,1,"<a href="" https://www.ine.gob.cl/docs/default-source/institucionalidad/buenas-pr%C3%A1cticas/clasificaciones-y-estandares/est%C3%A1ndar-evaluaci%C3%B3n-de-calidad-de-estimaciones-publicaci%C3%B3n-27022020.pdf/"" target=""_blank"" rel=""noopener noreferrer"">La clasificación en estimaciones Fiables, Poco fiables y No fiables provienen del Estándar para la evaluación de la calidad de las estimaciones en encuestas de hogares del INE.</a>",Encuesta Suplementaria de Ingresos (ESI),PT,0
CL01:DF_BGYMEDIOOCU_CIUO(1.0),A,BGYMEDIOOCU,04,CIUO_2,2023,-31.32955730344,,,1,"<a href="" https://www.ine.gob.cl/docs/default-source/institucionalidad/buenas-pr%C3%A1cticas/clasificaciones-y-estandares/est%C3%A1ndar-evaluaci%C3%B3n-de-calidad-de-estimaciones-publicaci%C3%B3n-27022020.pdf/"" target=""_blank"" rel=""noopener noreferrer"">La clasificación en estimaciones Fiables, Poco fiables y No fiables provienen del Estándar para la evaluación de la calidad de las estimaciones en encuestas de hogares del INE.</a>",Encuesta Suplementaria de Ingresos (ESI),PT,0
CL01:DF_BGYMEDIOOCU_CIUO(1.0),A,BGYMEDIOOCU,04,CIUO_2,2024,-11.0100422055259,,,1,"<a href="" https://www.ine.gob.cl/docs/default-source/institucionalidad/buenas-pr%C3%A1cticas/clasificaciones-y-estandares/est%C3%A1ndar-evaluaci%C3%B3n-de-calidad-de-estimaciones-publicaci%C3%B3n-27022020.pdf/"" target=""_blank"" rel=""noopener noreferrer"">La clasificación en estimaciones Fiables, Poco fiables y No fiables provienen del Estándar para la evaluación de la calidad de las estimaciones en encuestas de hogares del INE.</a>",Encuesta Suplementaria de Ingresos (ESI),PT,0
CL01:DF_BGYMEDIOOCU_CIUO(1.0),A,BGYMEDIOOCU,07,CIUO_0,2017,0.86657200845725,X,,1,"<a href="" https://www.ine.gob.cl/docs/default-source/institucionalidad/buenas-pr%C3%A1cticas/clasificaciones-y-estandares/est%C3%A1ndar-evaluaci%C3%B3n-de-calidad-de-estimaciones-publicaci%C3%B3n-27022020.pdf/"" target=""_blank"" rel=""noopener noreferrer"">La clasificación en estimaciones Fiables, Poco fiables y No fiables provienen del Estándar para la evaluación de la calidad de las estimaciones en encuestas de hogares del INE.</a>",Encuesta Suplementaria de Ingresos (ESI),PT,0
CL01:DF_BGYMEDIOOCU_CIUO(1.0),A,BGYMEDIOOCU,07,CIUO_0,2018,,X,,1,"<a href="" https://www.ine.gob.cl/docs/default-source/institucionalidad/buenas-pr%C3%A1cticas/clasificaciones-y-estandares/est%C3%A1ndar-evaluaci%C3%B3n-de-calidad-de-estimaciones-publicaci%C3%B3n-27022020.pdf/"" target=""_blank"" rel=""noopener noreferrer"">La clasificación en estimaciones Fiables, Poco fiables y No fiables provienen del Estándar para la evaluación de la calidad de las estimaciones en encuestas de hogares del INE.</a>",Encuesta Suplementaria de Ingresos (ESI),PT,0
CL01:DF_BGYMEDIOOCU_CIUO(1.0),A,BGYMEDIOOCU,07,CIUO_0,2019,-63.508201375749,X,,1,"<a href="" https://www.ine.gob.cl/docs/default-source/institucionalidad/buenas-pr%C3%A1cticas/clasificaciones-y-estandares/est%C3%A1ndar-evaluaci%C3%B3n-de-calidad-de-estimaciones-publicaci%C3%B3n-27022020.pdf/"" target=""_blank"" rel=""noopener noreferrer"">La clasificación en estimaciones Fiables, Poco fiables y No fiables provienen del Estándar para la evaluación de la calidad de las estimaciones en encuestas de hogares del INE.</a>",Encuesta Suplementaria de Ingresos (ESI),PT,0
CL01:DF_BGYMEDIOOCU_CIUO(1.0),A,BGYMEDIOOCU,07,CIUO_0,2020,,X,,1,"<a href="" https://www.ine.gob.cl/docs/default-source/institucionalidad/buenas-pr%C3%A1cticas/clasificaciones-y-estandares/est%C3%A1ndar-evaluaci%C3%B3n-de-calidad-de-estimaciones-publicaci%C3%B3n-27022020.pdf/"" target=""_blank"" rel=""noopener noreferrer"">La clasificación en estimaciones Fiables, Poco fiables y No fiables provienen del Estándar para la evaluación de la calidad de las estimaciones en encuestas de hogares del INE.</a>",Encuesta Suplementaria de Ingresos (ESI),PT,0
CL01:DF_BGYMEDIOOCU_CIUO(1.0),A,BGYMEDIOOCU,07,CIUO_0,2021,,X,,1,"<a href="" https://www.ine.gob.cl/docs/default-source/institucionalidad/buenas-pr%C3%A1cticas/clasificaciones-y-estandares/est%C3%A1ndar-evaluaci%C3%B3n-de-calidad-de-estimaciones-publicaci%C3%B3n-27022020.pdf/"" target=""_blank"" rel=""noopener noreferrer"">La clasificación en estimaciones Fiables, Poco fiables y No fiables provienen del Estándar para la evaluación de la calidad de las estimaciones en encuestas de hogares del INE.</a>",Encuesta Suplementaria de Ingresos (ESI),PT,0
CL01:DF_BGYMEDIOOCU_CIUO(1.0),A,BGYMEDIOOCU,07,CIUO_0,2022,,X,,1,"<a href="" https://www.ine.gob.cl/docs/default-source/institucionalidad/buenas-pr%C3%A1cticas/clasificaciones-y-estandares/est%C3%A1ndar-evaluaci%C3%B3n-de-calidad-de-estimaciones-publicaci%C3%B3n-27022020.pdf/"" target=""_blank"" rel=""noopener noreferrer"">La clasificación en estimaciones Fiables, Poco fiables y No fiables provienen del Estándar para la evaluación de la calidad de las estimaciones en encuestas de hogares del INE.</a>",Encuesta Suplementaria de Ingresos (ESI),PT,0
CL01:DF_BGYMEDIOOCU_CIUO(1.0),A,BGYMEDIOOCU,07,CIUO_0,2023,,X,,1,"<a href="" https://www.ine.gob.cl/docs/default-source/institucionalidad/buenas-pr%C3%A1cticas/clasificaciones-y-estandares/est%C3%A1ndar-evaluaci%C3%B3n-de-calidad-de-estimaciones-publicaci%C3%B3n-27022020.pdf/"" target=""_blank"" rel=""noopener noreferrer"">La clasificación en estimaciones Fiables, Poco fiables y No fiables provienen del Estándar para la evaluación de la calidad de las estimaciones en encuestas de hogares del INE.</a>",Encuesta Suplementaria de Ingresos (ESI),PT,0
CL01:DF_BGYMEDIOOCU_CIUO(1.0),A,BGYMEDIOOCU,07,CIUO_0,2024,,X,,1,"<a href="" https://www.ine.gob.cl/docs/default-source/institucionalidad/buenas-pr%C3%A1cticas/clasificaciones-y-estandares/est%C3%A1ndar-evaluaci%C3%B3n-de-calidad-de-estimaciones-publicaci%C3%B3n-27022020.pdf/"" target=""_blank"" rel=""noopener noreferrer"">La clasificación en estimaciones Fiables, Poco fiables y No fiables provienen del Estándar para la evaluación de la calidad de las estimaciones en encuestas de hogares del INE.</a>",Encuesta Suplementaria de Ingresos (ESI),PT,0
CL01:DF_BGYMEDIOOCU_CIUO(1.0),A,BGYMEDIOOCU,08,CIUO_4,2017,-17.2443513222648,,,1,"<a href="" https://www.ine.gob.cl/docs/default-source/institucionalidad/buenas-pr%C3%A1cticas/clasificaciones-y-estandares/est%C3%A1ndar-evaluaci%C3%B3n-de-calidad-de-estimaciones-publicaci%C3%B3n-27022020.pdf/"" target=""_blank"" rel=""noopener noreferrer"">La clasificación en estimaciones Fiables, Poco fiables y No fiables provienen del Estándar para la evaluación de la calidad de las estimaciones en encuestas de hogares del INE.</a>",Encuesta Suplementaria de Ingresos (ESI),PT,0
CL01:DF_BGYMEDIOOCU_CIUO(1.0),A,BGYMEDIOOCU,08,CIUO_4,2018,-12.1500633206582,,,1,"<a href="" https://www.ine.gob.cl/docs/default-source/institucionalidad/buenas-pr%C3%A1cticas/clasificaciones-y-estandares/est%C3%A1ndar-evaluaci%C3%B3n-de-calidad-de-estimaciones-publicaci%C3%B3n-27022020.pdf/"" target=""_blank"" rel=""noopener noreferrer"">La clasificación en estimaciones Fiables, Poco fiables y No fiables provienen del Estándar para la evaluación de la calidad de las estimaciones en encuestas de hogares del INE.</a>",Encuesta Suplementaria de Ingresos (ESI),PT,0
CL01:DF_BGYMEDIOOCU_CIUO(1.0),A,BGYMEDIOOCU,08,CIUO_4,2019,-35.8915143624163,Y,,1,"<a href="" https://www.ine.gob.cl/docs/default-source/institucionalidad/buenas-pr%C3%A1cticas/clasificaciones-y-estandares/est%C3%A1ndar-evaluaci%C3%B3n-de-calidad-de-estimaciones-publicaci%C3%B3n-27022020.pdf/"" target=""_blank"" rel=""noopener noreferrer"">La clasificación en estimaciones Fiables, Poco fiables y No fiables provienen del Estándar para la evaluación de la calidad de las estimaciones en encuestas de hogares del INE.</a>",Encuesta Suplementaria de Ingresos (ESI),PT,0
CL01:DF_BGYMEDIOOCU_CIUO(1.0),A,BGYMEDIOOCU,08,CIUO_4,2020,-24.8323806112602,,,1,"<a href="" https://www.ine.gob.cl/docs/default-source/institucionalidad/buenas-pr%C3%A1cticas/clasificaciones-y-estandares/est%C3%A1ndar-evaluaci%C3%B3n-de-calidad-de-estimaciones-publicaci%C3%B3n-27022020.pdf/"" target=""_blank"" rel=""noopener noreferrer"">La clasificación en estimaciones Fiables, Poco fiables y No fiables provienen del Estándar para la evaluación de la calidad de las estimaciones en encuestas de hogares del INE.</a>",Encuesta Suplementaria de Ingresos (ESI),PT,0
CL01:DF_BGYMEDIOOCU_CIUO(1.0),A,BGYMEDIOOCU,08,CIUO_4,2021,-5.91503719764349,,,1,"<a href="" https://www.ine.gob.cl/docs/default-source/institucionalidad/buenas-pr%C3%A1cticas/clasificaciones-y-estandares/est%C3%A1ndar-evaluaci%C3%B3n-de-calidad-de-estimaciones-publicaci%C3%B3n-27022020.pdf/"" target=""_blank"" rel=""noopener noreferrer"">La clasificación en estimaciones Fiables, Poco fiables y No fiables provienen del Estándar para la evaluación de la calidad de las estimaciones en encuestas de hogares del INE.</a>",Encuesta Suplementaria de Ingresos (ESI),PT,0
CL01:DF_BGYMEDIOOCU_CIUO(1.0),A,BGYMEDIOOCU,08,CIUO_4,2022,-12.2173797681999,,,1,"<a href="" https://www.ine.gob.cl/docs/default-source/institucionalidad/buenas-pr%C3%A1cticas/clasificaciones-y-estandares/est%C3%A1ndar-evaluaci%C3%B3n-de-calidad-de-estimaciones-publicaci%C3%B3n-27022020.pdf/"" target=""_blank"" rel=""noopener noreferrer"">La clasificación en estimaciones Fiables, Poco fiables y No fiables provienen del Estándar para la evaluación de la calidad de las estimaciones en encuestas de hogares del INE.</a>",Encuesta Suplementaria de Ingresos (ESI),PT,0
CL01:DF_BGYMEDIOOCU_CIUO(1.0),A,BGYMEDIOOCU,08,CIUO_4,2023,-17.368228014027,,,1,"<a href="" https://www.ine.gob.cl/docs/default-source/institucionalidad/buenas-pr%C3%A1cticas/clasificaciones-y-estandares/est%C3%A1ndar-evaluaci%C3%B3n-de-calidad-de-estimaciones-publicaci%C3%B3n-27022020.pdf/"" target=""_blank"" rel=""noopener noreferrer"">La clasificación en estimaciones Fiables, Poco fiables y No fiables provienen del Estándar para la evaluación de la calidad de las estimaciones en encuestas de hogares del INE.</a>",Encuesta Suplementaria de Ingresos (ESI),PT,0
CL01:DF_BGYMEDIOOCU_CIUO(1.0),A,BGYMEDIOOCU,08,CIUO_4,2024,-10.8572807783714,,,1,"<a href="" https://www.ine.gob.cl/docs/default-source/institucionalidad/buenas-pr%C3%A1cticas/clasificaciones-y-estandares/est%C3%A1ndar-evaluaci%C3%B3n-de-calidad-de-estimaciones-publicaci%C3%B3n-27022020.pdf/"" target=""_blank"" rel=""noopener noreferrer"">La clasificación en estimaciones Fiables, Poco fiables y No fiables provienen del Estándar para la evaluación de la calidad de las estimaciones en encuestas de hogares del INE.</a>",Encuesta Suplementaria de Ingresos (ESI),PT,0
CL01:DF_BGYMEDIOOCU_CIUO(1.0),A,BGYMEDIOOCU,09,CIUO_0,2017,80.3530400119759,X,,1,"<a href="" https://www.ine.gob.cl/docs/default-source/institucionalidad/buenas-pr%C3%A1cticas/clasificaciones-y-estandares/est%C3%A1ndar-evaluaci%C3%B3n-de-calidad-de-estimaciones-publicaci%C3%B3n-27022020.pdf/"" target=""_blank"" rel=""noopener noreferrer"">La clasificación en estimaciones Fiables, Poco fiables y No fiables provienen del Estándar para la evaluación de la calidad de las estimaciones en encuestas de hogares del INE.</a>",Encuesta Suplementaria de Ingresos (ESI),PT,0
CL01:DF_BGYMEDIOOCU_CIUO(1.0),A,BGYMEDIOOCU,09,CIUO_0,2018,81.1538168655635,X,,1,"<a href="" https://www.ine.gob.cl/docs/default-source/institucionalidad/buenas-pr%C3%A1cticas/clasificaciones-y-estandares/est%C3%A1ndar-evaluaci%C3%B3n-de-calidad-de-estimaciones-publicaci%C3%B3n-27022020.pdf/"" target=""_blank"" rel=""noopener noreferrer"">La clasificación en estimaciones Fiables, Poco fiables y No fiables provienen del Estándar para la evaluación de la calidad de las estimaciones en encuestas de hogares del INE.</a>",Encuesta Suplementaria de Ingresos (ESI),PT,0
CL01:DF_BGYMEDIOOCU_CIUO(1.0),A,BGYMEDIOOCU,09,CIUO_0,2019,-36.0899246839601,X,,1,"<a href="" https://www.ine.gob.cl/docs/default-source/institucionalidad/buenas-pr%C3%A1cticas/clasificaciones-y-estandares/est%C3%A1ndar-evaluaci%C3%B3n-de-calidad-de-estimaciones-publicaci%C3%B3n-27022020.pdf/"" target=""_blank"" rel=""noopener noreferrer"">La clasificación en estimaciones Fiables, Poco fiables y No fiables provienen del Estándar para la evaluación de la calidad de las estimaciones en encuestas de hogares del INE.</a>",Encuesta Suplementaria de Ingresos (ESI),PT,0
CL01:DF_BGYMEDIOOCU_CIUO(1.0),A,BGYMEDIOOCU,09,CIUO_0,2020,,X,,1,"<a href="" https://www.ine.gob.cl/docs/default-source/institucionalidad/buenas-pr%C3%A1cticas/clasificaciones-y-estandares/est%C3%A1ndar-evaluaci%C3%B3n-de-calidad-de-estimaciones-publicaci%C3%B3n-27022020.pdf/"" target=""_blank"" rel=""noopener noreferrer"">La clasificación en estimaciones Fiables, Poco fiables y No fiables provienen del Estándar para la evaluación de la calidad de las estimaciones en encuestas de hogares del INE.</a>",Encuesta Suplementaria de Ingresos (ESI),PT,0
CL01:DF_BGYMEDIOOCU_CIUO(1.0),A,BGYMEDIOOCU,09,CIUO_0,2021,,X,,1,"<a href="" https://www.ine.gob.cl/docs/default-source/institucionalidad/buenas-pr%C3%A1cticas/clasificaciones-y-estandares/est%C3%A1ndar-evaluaci%C3%B3n-de-calidad-de-estimaciones-publicaci%C3%B3n-27022020.pdf/"" target=""_blank"" rel=""noopener noreferrer"">La clasificación en estimaciones Fiables, Poco fiables y No fiables provienen del Estándar para la evaluación de la calidad de las estimaciones en encuestas de hogares del INE.</a>",Encuesta Suplementaria de Ingresos (ESI),PT,0
CL01:DF_BGYMEDIOOCU_CIUO(1.0),A,BGYMEDIOOCU,09,CIUO_0,2022,,X,,1,"<a href="" https://www.ine.gob.cl/docs/default-source/institucionalidad/buenas-pr%C3%A1cticas/clasificaciones-y-estandares/est%C3%A1ndar-evaluaci%C3%B3n-de-calidad-de-estimaciones-publicaci%C3%B3n-27022020.pdf/"" target=""_blank"" rel=""noopener noreferrer"">La clasificación en estimaciones Fiables, Poco fiables y No fiables provienen del Estándar para la evaluación de la calidad de las estimaciones en encuestas de hogares del INE.</a>",Encuesta Suplementaria de Ingresos (ESI),PT,0
CL01:DF_BGYMEDIOOCU_CIUO(1.0),A,BGYMEDIOOCU,09,CIUO_0,2023,-40.3555542532898,X,,1,"<a href="" https://www.ine.gob.cl/docs/default-source/institucionalidad/buenas-pr%C3%A1cticas/clasificaciones-y-estandares/est%C3%A1ndar-evaluaci%C3%B3n-de-calidad-de-estimaciones-publicaci%C3%B3n-27022020.pdf/"" target=""_blank"" rel=""noopener noreferrer"">La clasificación en estimaciones Fiables, Poco fiables y No fiables provienen del Estándar para la evaluación de la calidad de las estimaciones en encuestas de hogares del INE.</a>",Encuesta Suplementaria de Ingresos (ESI),PT,0
CL01:DF_BGYMEDIOOCU_CIUO(1.0),A,BGYMEDIOOCU,09,CIUO_0,2024,4.62354727149801,X,,1,"<a href="" https://www.ine.gob.cl/docs/default-source/institucionalidad/buenas-pr%C3%A1cticas/clasificaciones-y-estandares/est%C3%A1ndar-evaluaci%C3%B3n-de-calidad-de-estimaciones-publicaci%C3%B3n-27022020.pdf/"" target=""_blank"" rel=""noopener noreferrer"">La clasificación en estimaciones Fiables, Poco fiables y No fiables provienen del Estándar para la evaluación de la calidad de las estimaciones en encuestas de hogares del INE.</a>",Encuesta Suplementaria de Ingresos (ESI),PT,0
CL01:DF_BGYMEDIOOCU_CIUO(1.0),A,BGYMEDIOOCU,11,CIUO_1,2017,-25.225667078668,X,,1,"<a href="" https://www.ine.gob.cl/docs/default-source/institucionalidad/buenas-pr%C3%A1cticas/clasificaciones-y-estandares/est%C3%A1ndar-evaluaci%C3%B3n-de-calidad-de-estimaciones-publicaci%C3%B3n-27022020.pdf/"" target=""_blank"" rel=""noopener noreferrer"">La clasificación en estimaciones Fiables, Poco fiables y No fiables provienen del Estándar para la evaluación de la calidad de las estimaciones en encuestas de hogares del INE.</a>",Encuesta Suplementaria de Ingresos (ESI),PT,0
CL01:DF_BGYMEDIOOCU_CIUO(1.0),A,BGYMEDIOOCU,11,CIUO_1,2018,24.7959642220659,X,,1,"<a href="" https://www.ine.gob.cl/docs/default-source/institucionalidad/buenas-pr%C3%A1cticas/clasificaciones-y-estandares/est%C3%A1ndar-evaluaci%C3%B3n-de-calidad-de-estimaciones-publicaci%C3%B3n-27022020.pdf/"" target=""_blank"" rel=""noopener noreferrer"">La clasificación en estimaciones Fiables, Poco fiables y No fiables provienen del Estándar para la evaluación de la calidad de las estimaciones en encuestas de hogares del INE.</a>",Encuesta Suplementaria de Ingresos (ESI),PT,0
CL01:DF_BGYMEDIOOCU_CIUO(1.0),A,BGYMEDIOOCU,11,CIUO_1,2019,-37.4425000070912,X,,1,"<a href="" https://www.ine.gob.cl/docs/default-source/institucionalidad/buenas-pr%C3%A1cticas/clasificaciones-y-estandares/est%C3%A1ndar-evaluaci%C3%B3n-de-calidad-de-estimaciones-publicaci%C3%B3n-27022020.pdf/"" target=""_blank"" rel=""noopener noreferrer"">La clasificación en estimaciones Fiables, Poco fiables y No fiables provienen del Estándar para la evaluación de la calidad de las estimaciones en encuestas de hogares del INE.</a>",Encuesta Suplementaria de Ingresos (ESI),PT,0
CL01:DF_BGYMEDIOOCU_CIUO(1.0),A,BGYMEDIOOCU,11,CIUO_1,2020,12.1343849647385,X,,1,"<a href="" https://www.ine.gob.cl/docs/default-source/institucionalidad/buenas-pr%C3%A1cticas/clasificaciones-y-estandares/est%C3%A1ndar-evaluaci%C3%B3n-de-calidad-de-estimaciones-publicaci%C3%B3n-27022020.pdf/"" target=""_blank"" rel=""noopener noreferrer"">La clasificación en estimaciones Fiables, Poco fiables y No fiables provienen del Estándar para la evaluación de la calidad de las estimaciones en encuestas de hogares del INE.</a>",Encuesta Suplementaria de Ingresos (ESI),PT,0
CL01:DF_BGYMEDIOOCU_CIUO(1.0),A,BGYMEDIOOCU,11,CIUO_1,2021,-20.7273717027753,X,,1,"<a href="" https://www.ine.gob.cl/docs/default-source/institucionalidad/buenas-pr%C3%A1cticas/clasificaciones-y-estandares/est%C3%A1ndar-evaluaci%C3%B3n-de-calidad-de-estimaciones-publicaci%C3%B3n-27022020.pdf/"" target=""_blank"" rel=""noopener noreferrer"">La clasificación en estimaciones Fiables, Poco fiables y No fiables provienen del Estándar para la evaluación de la calidad de las estimaciones en encuestas de hogares del INE.</a>",Encuesta Suplementaria de Ingresos (ESI),PT,0
CL01:DF_BGYMEDIOOCU_CIUO(1.0),A,BGYMEDIOOCU,11,CIUO_1,2022,-37.0861968972216,X,,1,"<a href="" https://www.ine.gob.cl/docs/default-source/institucionalidad/buenas-pr%C3%A1cticas/clasificaciones-y-estandares/est%C3%A1ndar-evaluaci%C3%B3n-de-calidad-de-estimaciones-publicaci%C3%B3n-27022020.pdf/"" target=""_blank"" rel=""noopener noreferrer"">La clasificación en estimaciones Fiables, Poco fiables y No fiables provienen del Estándar para la evaluación de la calidad de las estimaciones en encuestas de hogares del INE.</a>",Encuesta Suplementaria de Ingresos (ESI),PT,0
CL01:DF_BGYMEDIOOCU_CIUO(1.0),A,BGYMEDIOOCU,11,CIUO_1,2023,-56.5566947956887,X,,1,"<a href="" https://www.ine.gob.cl/docs/default-source/institucionalidad/buenas-pr%C3%A1cticas/clasificaciones-y-estandares/est%C3%A1ndar-evaluaci%C3%B3n-de-calidad-de-estimaciones-publicaci%C3%B3n-27022020.pdf/"" target=""_blank"" rel=""noopener noreferrer"">La clasificación en estimaciones Fiables, Poco fiables y No fiables provienen del Estándar para la evaluación de la calidad de las estimaciones en encuestas de hogares del INE.</a>",Encuesta Suplementaria de Ingresos (ESI),PT,0
CL01:DF_BGYMEDIOOCU_CIUO(1.0),A,BGYMEDIOOCU,11,CIUO_1,2024,-4.91345144937142,X,,1,"<a href="" https://www.ine.gob.cl/docs/default-source/institucionalidad/buenas-pr%C3%A1cticas/clasificaciones-y-estandares/est%C3%A1ndar-evaluaci%C3%B3n-de-calidad-de-estimaciones-publicaci%C3%B3n-27022020.pdf/"" target=""_blank"" rel=""noopener noreferrer"">La clasificación en estimaciones Fiables, Poco fiables y No fiables provienen del Estándar para la evaluación de la calidad de las estimaciones en encuestas de hogares del INE.</a>",Encuesta Suplementaria de Ingresos (ESI),PT,0
CL01:DF_BGYMEDIOOCU_CIUO(1.0),A,BGYMEDIOOCU,13,CIUO_2,2017,-36.5732889138895,,,1,"<a href="" https://www.ine.gob.cl/docs/default-source/institucionalidad/buenas-pr%C3%A1cticas/clasificaciones-y-estandares/est%C3%A1ndar-evaluaci%C3%B3n-de-calidad-de-estimaciones-publicaci%C3%B3n-27022020.pdf/"" target=""_blank"" rel=""noopener noreferrer"">La clasificación en estimaciones Fiables, Poco fiables y No fiables provienen del Estándar para la evaluación de la calidad de las estimaciones en encuestas de hogares del INE.</a>",Encuesta Suplementaria de Ingresos (ESI),PT,0
CL01:DF_BGYMEDIOOCU_CIUO(1.0),A,BGYMEDIOOCU,13,CIUO_2,2018,-24.6454938161103,,,1,"<a href="" https://www.ine.gob.cl/docs/default-source/institucionalidad/buenas-pr%C3%A1cticas/clasificaciones-y-estandares/est%C3%A1ndar-evaluaci%C3%B3n-de-calidad-de-estimaciones-publicaci%C3%B3n-27022020.pdf/"" target=""_blank"" rel=""noopener noreferrer"">La clasificación en estimaciones Fiables, Poco fiables y No fiables provienen del Estándar para la evaluación de la calidad de las estimaciones en encuestas de hogares del INE.</a>",Encuesta Suplementaria de Ingresos (ESI),PT,0
CL01:DF_BGYMEDIOOCU_CIUO(1.0),A,BGYMEDIOOCU,13,CIUO_2,2019,-31.7239059527797,,,1,"<a href="" https://www.ine.gob.cl/docs/default-source/institucionalidad/buenas-pr%C3%A1cticas/clasificaciones-y-estandares/est%C3%A1ndar-evaluaci%C3%B3n-de-calidad-de-estimaciones-publicaci%C3%B3n-27022020.pdf/"" target=""_blank"" rel=""noopener noreferrer"">La clasificación en estimaciones Fiables, Poco fiables y No fiables provienen del Estándar para la evaluación de la calidad de las estimaciones en encuestas de hogares del INE.</a>",Encuesta Suplementaria de Ingresos (ESI),PT,0
CL01:DF_BGYMEDIOOCU_CIUO(1.0),A,BGYMEDIOOCU,13,CIUO_2,2020,-24.0189061014036,,,1,"<a href="" https://www.ine.gob.cl/docs/default-source/institucionalidad/buenas-pr%C3%A1cticas/clasificaciones-y-estandares/est%C3%A1ndar-evaluaci%C3%B3n-de-calidad-de-estimaciones-publicaci%C3%B3n-27022020.pdf/"" target=""_blank"" rel=""noopener noreferrer"">La clasificación en estimaciones Fiables, Poco fiables y No fiables provienen del Estándar para la evaluación de la calidad de las estimaciones en encuestas de hogares del INE.</a>",Encuesta Suplementaria de Ingresos (ESI),PT,0
CL01:DF_BGYMEDIOOCU_CIUO(1.0),A,BGYMEDIOOCU,13,CIUO_2,2021,-31.9296542540322,,,1,"<a href="" https://www.ine.gob.cl/docs/default-source/institucionalidad/buenas-pr%C3%A1cticas/clasificaciones-y-estandares/est%C3%A1ndar-evaluaci%C3%B3n-de-calidad-de-estimaciones-publicaci%C3%B3n-27022020.pdf/"" target=""_blank"" rel=""noopener noreferrer"">La clasificación en estimaciones Fiables, Poco fiables y No fiables provienen del Estándar para la evaluación de la calidad de las estimaciones en encuestas de hogares del INE.</a>",Encuesta Suplementaria de Ingresos (ESI),PT,0
CL01:DF_BGYMEDIOOCU_CIUO(1.0),A,BGYMEDIOOCU,13,CIUO_2,2022,-25.5218806290408,,,1,"<a href="" https://www.ine.gob.cl/docs/default-source/institucionalidad/buenas-pr%C3%A1cticas/clasificaciones-y-estandares/est%C3%A1ndar-evaluaci%C3%B3n-de-calidad-de-estimaciones-publicaci%C3%B3n-27022020.pdf/"" target=""_blank"" rel=""noopener noreferrer"">La clasificación en estimaciones Fiables, Poco fiables y No fiables provienen del Estándar para la evaluación de la calidad de las estimaciones en encuestas de hogares del INE.</a>",Encuesta Suplementaria de Ingresos (ESI),PT,0
CL01:DF_BGYMEDIOOCU_CIUO(1.0),A,BGYMEDIOOCU,13,CIUO_2,2023,-21.3543364653568,,,1,"<a href="" https://www.ine.gob.cl/docs/default-source/institucionalidad/buenas-pr%C3%A1cticas/clasificaciones-y-estandares/est%C3%A1ndar-evaluaci%C3%B3n-de-calidad-de-estimaciones-publicaci%C3%B3n-27022020.pdf/"" target=""_blank"" rel=""noopener noreferrer"">La clasificación en estimaciones Fiables, Poco fiables y No fiables provienen del Estándar para la evaluación de la calidad de las estimaciones en encuestas de hogares del INE.</a>",Encuesta Suplementaria de Ingresos (ESI),PT,0
CL01:DF_BGYMEDIOOCU_CIUO(1.0),A,BGYMEDIOOCU,13,CIUO_2,2024,-27.3474152422775,,,1,"<a href="" https://www.ine.gob.cl/docs/default-source/institucionalidad/buenas-pr%C3%A1cticas/clasificaciones-y-estandares/est%C3%A1ndar-evaluaci%C3%B3n-de-calidad-de-estimaciones-publicaci%C3%B3n-27022020.pdf/"" target=""_blank"" rel=""noopener noreferrer"">La clasificación en estimaciones Fiables, Poco fiables y No fiables provienen del Estándar para la evaluación de la calidad de las estimaciones en encuestas de hogares del INE.</a>",Encuesta Suplementaria de Ingresos (ESI),PT,0
CL01:DF_BGYMEDIOOCU_CIUO(1.0),A,BGYMEDIOOCU,13,CIUO_3,2017,-26.5695471666597,,,1,"<a href="" https://www.ine.gob.cl/docs/default-source/institucionalidad/buenas-pr%C3%A1cticas/clasificaciones-y-estandares/est%C3%A1ndar-evaluaci%C3%B3n-de-calidad-de-estimaciones-publicaci%C3%B3n-27022020.pdf/"" target=""_blank"" rel=""noopener noreferrer"">La clasificación en estimaciones Fiables, Poco fiables y No fiables provienen del Estándar para la evaluación de la calidad de las estimaciones en encuestas de hogares del INE.</a>",Encuesta Suplementaria de Ingresos (ESI),PT,0
CL01:DF_BGYMEDIOOCU_CIUO(1.0),A,BGYMEDIOOCU,13,CIUO_3,2018,-25.112797103981,,,1,"<a href="" https://www.ine.gob.cl/docs/default-source/institucionalidad/buenas-pr%C3%A1cticas/clasificaciones-y-estandares/est%C3%A1ndar-evaluaci%C3%B3n-de-calidad-de-estimaciones-publicaci%C3%B3n-27022020.pdf/"" target=""_blank"" rel=""noopener noreferrer"">La clasificación en estimaciones Fiables, Poco fiables y No fiables provienen del Estándar para la evaluación de la calidad de las estimaciones en encuestas de hogares del INE.</a>",Encuesta Suplementaria de Ingresos (ESI),PT,0
CL01:DF_BGYMEDIOOCU_CIUO(1.0),A,BGYMEDIOOCU,13,CIUO_3,2019,-32.1511069625668,,,1,"<a href="" https://www.ine.gob.cl/docs/default-source/institucionalidad/buenas-pr%C3%A1cticas/clasificaciones-y-estandares/est%C3%A1ndar-evaluaci%C3%B3n-de-calidad-de-estimaciones-publicaci%C3%B3n-27022020.pdf/"" target=""_blank"" rel=""noopener noreferrer"">La clasificación en estimaciones Fiables, Poco fiables y No fiables provienen del Estándar para la evaluación de la calidad de las estimaciones en encuestas de hogares del INE.</a>",Encuesta Suplementaria de Ingresos (ESI),PT,0
CL01:DF_BGYMEDIOOCU_CIUO(1.0),A,BGYMEDIOOCU,13,CIUO_3,2020,-30.9513674170488,,,1,"<a href="" https://www.ine.gob.cl/docs/default-source/institucionalidad/buenas-pr%C3%A1cticas/clasificaciones-y-estandares/est%C3%A1ndar-evaluaci%C3%B3n-de-calidad-de-estimaciones-publicaci%C3%B3n-27022020.pdf/"" target=""_blank"" rel=""noopener noreferrer"">La clasificación en estimaciones Fiables, Poco fiables y No fiables provienen del Estándar para la evaluación de la calidad de las estimaciones en encuestas de hogares del INE.</a>",Encuesta Suplementaria de Ingresos (ESI),PT,0
CL01:DF_BGYMEDIOOCU_CIUO(1.0),A,BGYMEDIOOCU,13,CIUO_3,2021,-15.9999720808563,,,1,"<a href="" https://www.ine.gob.cl/docs/default-source/institucionalidad/buenas-pr%C3%A1cticas/clasificaciones-y-estandares/est%C3%A1ndar-evaluaci%C3%B3n-de-calidad-de-estimaciones-publicaci%C3%B3n-27022020.pdf/"" target=""_blank"" rel=""noopener noreferrer"">La clasificación en estimaciones Fiables, Poco fiables y No fiables provienen del Estándar para la evaluación de la calidad de las estimaciones en encuestas de hogares del INE.</a>",Encuesta Suplementaria de Ingresos (ESI),PT,0
CL01:DF_BGYMEDIOOCU_CIUO(1.0),A,BGYMEDIOOCU,13,CIUO_3,2022,-18.36668357063,,,1,"<a href="" https://www.ine.gob.cl/docs/default-source/institucionalidad/buenas-pr%C3%A1cticas/clasificaciones-y-estandares/est%C3%A1ndar-evaluaci%C3%B3n-de-calidad-de-estimaciones-publicaci%C3%B3n-27022020.pdf/"" target=""_blank"" rel=""noopener noreferrer"">La clasificación en estimaciones Fiables, Poco fiables y No fiables provienen del Estándar para la evaluación de la calidad de las estimaciones en encuestas de hogares del INE.</a>",Encuesta Suplementaria de Ingresos (ESI),PT,0
CL01:DF_BGYMEDIOOCU_CIUO(1.0),A,BGYMEDIOOCU,13,CIUO_3,2023,-25.3770080461276,,,1,"<a href="" https://www.ine.gob.cl/docs/default-source/institucionalidad/buenas-pr%C3%A1cticas/clasificaciones-y-estandares/est%C3%A1ndar-evaluaci%C3%B3n-de-calidad-de-estimaciones-publicaci%C3%B3n-27022020.pdf/"" target=""_blank"" rel=""noopener noreferrer"">La clasificación en estimaciones Fiables, Poco fiables y No fiables provienen del Estándar para la evaluación de la calidad de las estimaciones en encuestas de hogares del INE.</a>",Encuesta Suplementaria de Ingresos (ESI),PT,0
CL01:DF_BGYMEDIOOCU_CIUO(1.0),A,BGYMEDIOOCU,13,CIUO_3,2024,-30.6849447644831,,,1,"<a href="" https://www.ine.gob.cl/docs/default-source/institucionalidad/buenas-pr%C3%A1cticas/clasificaciones-y-estandares/est%C3%A1ndar-evaluaci%C3%B3n-de-calidad-de-estimaciones-publicaci%C3%B3n-27022020.pdf/"" target=""_blank"" rel=""noopener noreferrer"">La clasificación en estimaciones Fiables, Poco fiables y No fiables provienen del Estándar para la evaluación de la calidad de las estimaciones en encuestas de hogares del INE.</a>",Encuesta Suplementaria de Ingresos (ESI),PT,0
CL01:DF_BGYMEDIOOCU_CIUO(1.0),A,BGYMEDIOOCU,14,CIUO_9,2017,-40.6835266252873,,,1,"<a href="" https://www.ine.gob.cl/docs/default-source/institucionalidad/buenas-pr%C3%A1cticas/clasificaciones-y-estandares/est%C3%A1ndar-evaluaci%C3%B3n-de-calidad-de-estimaciones-publicaci%C3%B3n-27022020.pdf/"" target=""_blank"" rel=""noopener noreferrer"">La clasificación en estimaciones Fiables, Poco fiables y No fiables provienen del Estándar para la evaluación de la calidad de las estimaciones en encuestas de hogares del INE.</a>",Encuesta Suplementaria de Ingresos (ESI),PT,0
CL01:DF_BGYMEDIOOCU_CIUO(1.0),A,BGYMEDIOOCU,14,CIUO_9,2018,-28.5073575310967,,,1,"<a href="" https://www.ine.gob.cl/docs/default-source/institucionalidad/buenas-pr%C3%A1cticas/clasificaciones-y-estandares/est%C3%A1ndar-evaluaci%C3%B3n-de-calidad-de-estimaciones-publicaci%C3%B3n-27022020.pdf/"" target=""_blank"" rel=""noopener noreferrer"">La clasificación en estimaciones Fiables, Poco fiables y No fiables provienen del Estándar para la evaluación de la calidad de las estimaciones en encuestas de hogares del INE.</a>",Encuesta Suplementaria de Ingresos (ESI),PT,0
CL01:DF_BGYMEDIOOCU_CIUO(1.0),A,BGYMEDIOOCU,14,CIUO_9,2019,-25.5398308043366,,,1,"<a href="" https://www.ine.gob.cl/docs/default-source/institucionalidad/buenas-pr%C3%A1cticas/clasificaciones-y-estandares/est%C3%A1ndar-evaluaci%C3%B3n-de-calidad-de-estimaciones-publicaci%C3%B3n-27022020.pdf/"" target=""_blank"" rel=""noopener noreferrer"">La clasificación en estimaciones Fiables, Poco fiables y No fiables provienen del Estándar para la evaluación de la calidad de las estimaciones en encuestas de hogares del INE.</a>",Encuesta Suplementaria de Ingresos (ESI),PT,0
CL01:DF_BGYMEDIOOCU_CIUO(1.0),A,BGYMEDIOOCU,14,CIUO_9,2020,-13.7402284119487,,,1,"<a href="" https://www.ine.gob.cl/docs/default-source/institucionalidad/buenas-pr%C3%A1cticas/clasificaciones-y-estandares/est%C3%A1ndar-evaluaci%C3%B3n-de-calidad-de-estimaciones-publicaci%C3%B3n-27022020.pdf/"" target=""_blank"" rel=""noopener noreferrer"">La clasificación en estimaciones Fiables, Poco fiables y No fiables provienen del Estándar para la evaluación de la calidad de las estimaciones en encuestas de hogares del INE.</a>",Encuesta Suplementaria de Ingresos (ESI),PT,0
CL01:DF_BGYMEDIOOCU_CIUO(1.0),A,BGYMEDIOOCU,14,CIUO_9,2021,-23.6406794946415,,,1,"<a href="" https://www.ine.gob.cl/docs/default-source/institucionalidad/buenas-pr%C3%A1cticas/clasificaciones-y-estandares/est%C3%A1ndar-evaluaci%C3%B3n-de-calidad-de-estimaciones-publicaci%C3%B3n-27022020.pdf/"" target=""_blank"" rel=""noopener noreferrer"">La clasificación en estimaciones Fiables, Poco fiables y No fiables provienen del Estándar para la evaluación de la calidad de las estimaciones en encuestas de hogares del INE.</a>",Encuesta Suplementaria de Ingresos (ESI),PT,0
CL01:DF_BGYMEDIOOCU_CIUO(1.0),A,BGYMEDIOOCU,14,CIUO_9,2022,-17.3115432546823,,,1,"<a href="" https://www.ine.gob.cl/docs/default-source/institucionalidad/buenas-pr%C3%A1cticas/clasificaciones-y-estandares/est%C3%A1ndar-evaluaci%C3%B3n-de-calidad-de-estimaciones-publicaci%C3%B3n-27022020.pdf/"" target=""_blank"" rel=""noopener noreferrer"">La clasificación en estimaciones Fiables, Poco fiables y No fiables provienen del Estándar para la evaluación de la calidad de las estimaciones en encuestas de hogares del INE.</a>",Encuesta Suplementaria de Ingresos (ESI),PT,0
CL01:DF_BGYMEDIOOCU_CIUO(1.0),A,BGYMEDIOOCU,14,CIUO_9,2023,-24.0930954899244,,,1,"<a href="" https://www.ine.gob.cl/docs/default-source/institucionalidad/buenas-pr%C3%A1cticas/clasificaciones-y-estandares/est%C3%A1ndar-evaluaci%C3%B3n-de-calidad-de-estimaciones-publicaci%C3%B3n-27022020.pdf/"" target=""_blank"" rel=""noopener noreferrer"">La clasificación en estimaciones Fiables, Poco fiables y No fiables provienen del Estándar para la evaluación de la calidad de las estimaciones en encuestas de hogares del INE.</a>",Encuesta Suplementaria de Ingresos (ESI),PT,0
CL01:DF_BGYMEDIOOCU_CIUO(1.0),A,BGYMEDIOOCU,14,CIUO_9,2024,-24.3003374723414,,,1,"<a href="" https://www.ine.gob.cl/docs/default-source/institucionalidad/buenas-pr%C3%A1cticas/clasificaciones-y-estandares/est%C3%A1ndar-evaluaci%C3%B3n-de-calidad-de-estimaciones-publicaci%C3%B3n-27022020.pdf/"" target=""_blank"" rel=""noopener noreferrer"">La clasificación en estimaciones Fiables, Poco fiables y No fiables provienen del Estándar para la evaluación de la calidad de las estimaciones en encuestas de hogares del INE.</a>",Encuesta Suplementaria de Ingresos (ESI),PT,0
CL01:DF_BGYMEDIOOCU_CIUO(1.0),A,BGYMEDIOOCU,16,CIUO_7,2017,-60.9923362607373,X,,1,"<a href="" https://www.ine.gob.cl/docs/default-source/institucionalidad/buenas-pr%C3%A1cticas/clasificaciones-y-estandares/est%C3%A1ndar-evaluaci%C3%B3n-de-calidad-de-estimaciones-publicaci%C3%B3n-27022020.pdf/"" target=""_blank"" rel=""noopener noreferrer"">La clasificación en estimaciones Fiables, Poco fiables y No fiables provienen del Estándar para la evaluación de la calidad de las estimaciones en encuestas de hogares del INE.</a>",Encuesta Suplementaria de Ingresos (ESI),PT,0
CL01:DF_BGYMEDIOOCU_CIUO(1.0),A,BGYMEDIOOCU,16,CIUO_7,2018,-57.6531801123457,X,,1,"<a href="" https://www.ine.gob.cl/docs/default-source/institucionalidad/buenas-pr%C3%A1cticas/clasificaciones-y-estandares/est%C3%A1ndar-evaluaci%C3%B3n-de-calidad-de-estimaciones-publicaci%C3%B3n-27022020.pdf/"" target=""_blank"" rel=""noopener noreferrer"">La clasificación en estimaciones Fiables, Poco fiables y No fiables provienen del Estándar para la evaluación de la calidad de las estimaciones en encuestas de hogares del INE.</a>",Encuesta Suplementaria de Ingresos (ESI),PT,0
CL01:DF_BGYMEDIOOCU_CIUO(1.0),A,BGYMEDIOOCU,16,CIUO_7,2019,-69.8944025027552,Y,,1,"<a href="" https://www.ine.gob.cl/docs/default-source/institucionalidad/buenas-pr%C3%A1cticas/clasificaciones-y-estandares/est%C3%A1ndar-evaluaci%C3%B3n-de-calidad-de-estimaciones-publicaci%C3%B3n-27022020.pdf/"" target=""_blank"" rel=""noopener noreferrer"">La clasificación en estimaciones Fiables, Poco fiables y No fiables provienen del Estándar para la evaluación de la calidad de las estimaciones en encuestas de hogares del INE.</a>",Encuesta Suplementaria de Ingresos (ESI),PT,0
CL01:DF_BGYMEDIOOCU_CIUO(1.0),A,BGYMEDIOOCU,16,CIUO_7,2020,-64.7592545041864,Y,,1,"<a href="" https://www.ine.gob.cl/docs/default-source/institucionalidad/buenas-pr%C3%A1cticas/clasificaciones-y-estandares/est%C3%A1ndar-evaluaci%C3%B3n-de-calidad-de-estimaciones-publicaci%C3%B3n-27022020.pdf/"" target=""_blank"" rel=""noopener noreferrer"">La clasificación en estimaciones Fiables, Poco fiables y No fiables provienen del Estándar para la evaluación de la calidad de las estimaciones en encuestas de hogares del INE.</a>",Encuesta Suplementaria de Ingresos (ESI),PT,0
CL01:DF_BGYMEDIOOCU_CIUO(1.0),A,BGYMEDIOOCU,16,CIUO_7,2021,-62.0652010368037,Y,,1,"<a href="" https://www.ine.gob.cl/docs/default-source/institucionalidad/buenas-pr%C3%A1cticas/clasificaciones-y-estandares/est%C3%A1ndar-evaluaci%C3%B3n-de-calidad-de-estimaciones-publicaci%C3%B3n-27022020.pdf/"" target=""_blank"" rel=""noopener noreferrer"">La clasificación en estimaciones Fiables, Poco fiables y No fiables provienen del Estándar para la evaluación de la calidad de las estimaciones en encuestas de hogares del INE.</a>",Encuesta Suplementaria de Ingresos (ESI),PT,0
CL01:DF_BGYMEDIOOCU_CIUO(1.0),A,BGYMEDIOOCU,16,CIUO_7,2022,-54.0235340015308,Y,,1,"<a href="" https://www.ine.gob.cl/docs/default-source/institucionalidad/buenas-pr%C3%A1cticas/clasificaciones-y-estandares/est%C3%A1ndar-evaluaci%C3%B3n-de-calidad-de-estimaciones-publicaci%C3%B3n-27022020.pdf/"" target=""_blank"" rel=""noopener noreferrer"">La clasificación en estimaciones Fiables, Poco fiables y No fiables provienen del Estándar para la evaluación de la calidad de las estimaciones en encuestas de hogares del INE.</a>",Encuesta Suplementaria de Ingresos (ESI),PT,0
CL01:DF_BGYMEDIOOCU_CIUO(1.0),A,BGYMEDIOOCU,16,CIUO_7,2023,-63.8346368736117,Y,,1,"<a href="" https://www.ine.gob.cl/docs/default-source/institucionalidad/buenas-pr%C3%A1cticas/clasificaciones-y-estandares/est%C3%A1ndar-evaluaci%C3%B3n-de-calidad-de-estimaciones-publicaci%C3%B3n-27022020.pdf/"" target=""_blank"" rel=""noopener noreferrer"">La clasificación en estimaciones Fiables, Poco fiables y No fiables provienen del Estándar para la evaluación de la calidad de las estimaciones en encuestas de hogares del INE.</a>",Encuesta Suplementaria de Ingresos (ESI),PT,0
CL01:DF_BGYMEDIOOCU_CIUO(1.0),A,BGYMEDIOOCU,16,CIUO_7,2024,-72.2397573692883,Y,,1,"<a href="" https://www.ine.gob.cl/docs/default-source/institucionalidad/buenas-pr%C3%A1cticas/clasificaciones-y-estandares/est%C3%A1ndar-evaluaci%C3%B3n-de-calidad-de-estimaciones-publicaci%C3%B3n-27022020.pdf/"" target=""_blank"" rel=""noopener noreferrer"">La clasificación en estimaciones Fiables, Poco fiables y No fiables provienen del Estándar para la evaluación de la calidad de las estimaciones en encuestas de hogares del INE.</a>",Encuesta Suplementaria de Ingresos (ESI),PT,0
CL01:DF_BGYMEDIOOCU_CIUO(1.0),A,BGYMEDIOOCU,_T,CIUO_SC,2017,,X,,1,"<a href="" https://www.ine.gob.cl/docs/default-source/institucionalidad/buenas-pr%C3%A1cticas/clasificaciones-y-estandares/est%C3%A1ndar-evaluaci%C3%B3n-de-calidad-de-estimaciones-publicaci%C3%B3n-27022020.pdf/"" target=""_blank"" rel=""noopener noreferrer"">La clasificación en estimaciones Fiables, Poco fiables y No fiables provienen del Estándar para la evaluación de la calidad de las estimaciones en encuestas de hogares del INE.</a>",Encuesta Suplementaria de Ingresos (ESI),PT,0
CL01:DF_BGYMEDIOOCU_CIUO(1.0),A,BGYMEDIOOCU,_T,CIUO_SC,2018,,X,,1,"<a href="" https://www.ine.gob.cl/docs/default-source/institucionalidad/buenas-pr%C3%A1cticas/clasificaciones-y-estandares/est%C3%A1ndar-evaluaci%C3%B3n-de-calidad-de-estimaciones-publicaci%C3%B3n-27022020.pdf/"" target=""_blank"" rel=""noopener noreferrer"">La clasificación en estimaciones Fiables, Poco fiables y No fiables provienen del Estándar para la evaluación de la calidad de las estimaciones en encuestas de hogares del INE.</a>",Encuesta Suplementaria de Ingresos (ESI),PT,0
CL01:DF_BGYMEDIOOCU_CIUO(1.0),A,BGYMEDIOOCU,_T,CIUO_SC,2019,,X,,1,"<a href="" https://www.ine.gob.cl/docs/default-source/institucionalidad/buenas-pr%C3%A1cticas/clasificaciones-y-estandares/est%C3%A1ndar-evaluaci%C3%B3n-de-calidad-de-estimaciones-publicaci%C3%B3n-27022020.pdf/"" target=""_blank"" rel=""noopener noreferrer"">La clasificación en estimaciones Fiables, Poco fiables y No fiables provienen del Estándar para la evaluación de la calidad de las estimaciones en encuestas de hogares del INE.</a>",Encuesta Suplementaria de Ingresos (ESI),PT,0
CL01:DF_BGYMEDIOOCU_CIUO(1.0),A,BGYMEDIOOCU,_T,CIUO_SC,2020,-51.7797111811379,X,,1,"<a href="" https://www.ine.gob.cl/docs/default-source/institucionalidad/buenas-pr%C3%A1cticas/clasificaciones-y-estandares/est%C3%A1ndar-evaluaci%C3%B3n-de-calidad-de-estimaciones-publicaci%C3%B3n-27022020.pdf/"" target=""_blank"" rel=""noopener noreferrer"">La clasificación en estimaciones Fiables, Poco fiables y No fiables provienen del Estándar para la evaluación de la calidad de las estimaciones en encuestas de hogares del INE.</a>",Encuesta Suplementaria de Ingresos (ESI),PT,0
CL01:DF_BGYMEDIOOCU_CIUO(1.0),A,BGYMEDIOOCU,_T,CIUO_SC,2021,-23.5463533390478,X,,1,"<a href="" https://www.ine.gob.cl/docs/default-source/institucionalidad/buenas-pr%C3%A1cticas/clasificaciones-y-estandares/est%C3%A1ndar-evaluaci%C3%B3n-de-calidad-de-estimaciones-publicaci%C3%B3n-27022020.pdf/"" target=""_blank"" rel=""noopener noreferrer"">La clasificación en estimaciones Fiables, Poco fiables y No fiables provienen del Estándar para la evaluación de la calidad de las estimaciones en encuestas de hogares del INE.</a>",Encuesta Suplementaria de Ingresos (ESI),PT,0
CL01:DF_BGYMEDIOOCU_CIUO(1.0),A,BGYMEDIOOCU,_T,CIUO_SC,2022,-79.8743446199267,X,,1,"<a href="" https://www.ine.gob.cl/docs/default-source/institucionalidad/buenas-pr%C3%A1cticas/clasificaciones-y-estandares/est%C3%A1ndar-evaluaci%C3%B3n-de-calidad-de-estimaciones-publicaci%C3%B3n-27022020.pdf/"" target=""_blank"" rel=""noopener noreferrer"">La clasificación en estimaciones Fiables, Poco fiables y No fiables provienen del Estándar para la evaluación de la calidad de las estimaciones en encuestas de hogares del INE.</a>",Encuesta Suplementaria de Ingresos (ESI),PT,0
CL01:DF_BGYMEDIOOCU_CIUO(1.0),A,BGYMEDIOOCU,_T,CIUO_SC,2023,-0.916097902031631,X,,1,"<a href="" https://www.ine.gob.cl/docs/default-source/institucionalidad/buenas-pr%C3%A1cticas/clasificaciones-y-estandares/est%C3%A1ndar-evaluaci%C3%B3n-de-calidad-de-estimaciones-publicaci%C3%B3n-27022020.pdf/"" target=""_blank"" rel=""noopener noreferrer"">La clasificación en estimaciones Fiables, Poco fiables y No fiables provienen del Estándar para la evaluación de la calidad de las estimaciones en encuestas de hogares del INE.</a>",Encuesta Suplementaria de Ingresos (ESI),PT,0
CL01:DF_BGYMEDIOOCU_CIUO(1.0),A,BGYMEDIOOCU,_T,CIUO_SC,2024,12.5171722763185,X,,1,"<a href="" https://www.ine.gob.cl/docs/default-source/institucionalidad/buenas-pr%C3%A1cticas/clasificaciones-y-estandares/est%C3%A1ndar-evaluaci%C3%B3n-de-calidad-de-estimaciones-publicaci%C3%B3n-27022020.pdf/"" target=""_blank"" rel=""noopener noreferrer"">La clasificación en estimaciones Fiables, Poco fiables y No fiables provienen del Estándar para la evaluación de la calidad de las estimaciones en encuestas de hogares del INE.</a>",Encuesta Suplementaria de Ingresos (ESI),PT,0
CL01:DF_BGYMEDIOOCU_CIUO(1.0),A,BGYMEDIOOCU,07,CIUO_SC,2017,,X,,1,"<a href="" https://www.ine.gob.cl/docs/default-source/institucionalidad/buenas-pr%C3%A1cticas/clasificaciones-y-estandares/est%C3%A1ndar-evaluaci%C3%B3n-de-calidad-de-estimaciones-publicaci%C3%B3n-27022020.pdf/"" target=""_blank"" rel=""noopener noreferrer"">La clasificación en estimaciones Fiables, Poco fiables y No fiables provienen del Estándar para la evaluación de la calidad de las estimaciones en encuestas de hogares del INE.</a>",Encuesta Suplementaria de Ingresos (ESI),PT,0
CL01:DF_BGYMEDIOOCU_CIUO(1.0),A,BGYMEDIOOCU,07,CIUO_SC,2018,,X,,1,"<a href="" https://www.ine.gob.cl/docs/default-source/institucionalidad/buenas-pr%C3%A1cticas/clasificaciones-y-estandares/est%C3%A1ndar-evaluaci%C3%B3n-de-calidad-de-estimaciones-publicaci%C3%B3n-27022020.pdf/"" target=""_blank"" rel=""noopener noreferrer"">La clasificación en estimaciones Fiables, Poco fiables y No fiables provienen del Estándar para la evaluación de la calidad de las estimaciones en encuestas de hogares del INE.</a>",Encuesta Suplementaria de Ingresos (ESI),PT,0
CL01:DF_BGYMEDIOOCU_CIUO(1.0),A,BGYMEDIOOCU,07,CIUO_SC,2019,,X,,1,"<a href="" https://www.ine.gob.cl/docs/default-source/institucionalidad/buenas-pr%C3%A1cticas/clasificaciones-y-estandares/est%C3%A1ndar-evaluaci%C3%B3n-de-calidad-de-estimaciones-publicaci%C3%B3n-27022020.pdf/"" target=""_blank"" rel=""noopener noreferrer"">La clasificación en estimaciones Fiables, Poco fiables y No fiables provienen del Estándar para la evaluación de la calidad de las estimaciones en encuestas de hogares del INE.</a>",Encuesta Suplementaria de Ingresos (ESI),PT,0
CL01:DF_BGYMEDIOOCU_CIUO(1.0),A,BGYMEDIOOCU,07,CIUO_SC,2020,,X,,1,"<a href="" https://www.ine.gob.cl/docs/default-source/institucionalidad/buenas-pr%C3%A1cticas/clasificaciones-y-estandares/est%C3%A1ndar-evaluaci%C3%B3n-de-calidad-de-estimaciones-publicaci%C3%B3n-27022020.pdf/"" target=""_blank"" rel=""noopener noreferrer"">La clasificación en estimaciones Fiables, Poco fiables y No fiables provienen del Estándar para la evaluación de la calidad de las estimaciones en encuestas de hogares del INE.</a>",Encuesta Suplementaria de Ingresos (ESI),PT,0
CL01:DF_BGYMEDIOOCU_CIUO(1.0),A,BGYMEDIOOCU,07,CIUO_SC,2021,,X,,1,"<a href="" https://www.ine.gob.cl/docs/default-source/institucionalidad/buenas-pr%C3%A1cticas/clasificaciones-y-estandares/est%C3%A1ndar-evaluaci%C3%B3n-de-calidad-de-estimaciones-publicaci%C3%B3n-27022020.pdf/"" target=""_blank"" rel=""noopener noreferrer"">La clasificación en estimaciones Fiables, Poco fiables y No fiables provienen del Estándar para la evaluación de la calidad de las estimaciones en encuestas de hogares del INE.</a>",Encuesta Suplementaria de Ingresos (ESI),PT,0
CL01:DF_BGYMEDIOOCU_CIUO(1.0),A,BGYMEDIOOCU,07,CIUO_SC,2022,,X,,1,"<a href="" https://www.ine.gob.cl/docs/default-source/institucionalidad/buenas-pr%C3%A1cticas/clasificaciones-y-estandares/est%C3%A1ndar-evaluaci%C3%B3n-de-calidad-de-estimaciones-publicaci%C3%B3n-27022020.pdf/"" target=""_blank"" rel=""noopener noreferrer"">La clasificación en estimaciones Fiables, Poco fiables y No fiables provienen del Estándar para la evaluación de la calidad de las estimaciones en encuestas de hogares del INE.</a>",Encuesta Suplementaria de Ingresos (ESI),PT,0
CL01:DF_BGYMEDIOOCU_CIUO(1.0),A,BGYMEDIOOCU,07,CIUO_SC,2023,,X,,1,"<a href="" https://www.ine.gob.cl/docs/default-source/institucionalidad/buenas-pr%C3%A1cticas/clasificaciones-y-estandares/est%C3%A1ndar-evaluaci%C3%B3n-de-calidad-de-estimaciones-publicaci%C3%B3n-27022020.pdf/"" target=""_blank"" rel=""noopener noreferrer"">La clasificación en estimaciones Fiables, Poco fiables y No fiables provienen del Estándar para la evaluación de la calidad de las estimaciones en encuestas de hogares del INE.</a>",Encuesta Suplementaria de Ingresos (ESI),PT,0
CL01:DF_BGYMEDIOOCU_CIUO(1.0),A,BGYMEDIOOCU,07,CIUO_SC,2024,,X,,1,"<a href="" https://www.ine.gob.cl/docs/default-source/institucionalidad/buenas-pr%C3%A1cticas/clasificaciones-y-estandares/est%C3%A1ndar-evaluaci%C3%B3n-de-calidad-de-estimaciones-publicaci%C3%B3n-27022020.pdf/"" target=""_blank"" rel=""noopener noreferrer"">La clasificación en estimaciones Fiables, Poco fiables y No fiables provienen del Estándar para la evaluación de la calidad de las estimaciones en encuestas de hogares del INE.</a>",Encuesta Suplementaria de Ingresos (ESI),PT,0
CL01:DF_BGYMEDIOOCU_CIUO(1.0),A,BGYMEDIOOCU,09,CIUO_SC,2017,,X,,1,"<a href="" https://www.ine.gob.cl/docs/default-source/institucionalidad/buenas-pr%C3%A1cticas/clasificaciones-y-estandares/est%C3%A1ndar-evaluaci%C3%B3n-de-calidad-de-estimaciones-publicaci%C3%B3n-27022020.pdf/"" target=""_blank"" rel=""noopener noreferrer"">La clasificación en estimaciones Fiables, Poco fiables y No fiables provienen del Estándar para la evaluación de la calidad de las estimaciones en encuestas de hogares del INE.</a>",Encuesta Suplementaria de Ingresos (ESI),PT,0
CL01:DF_BGYMEDIOOCU_CIUO(1.0),A,BGYMEDIOOCU,09,CIUO_SC,2018,,X,,1,"<a href="" https://www.ine.gob.cl/docs/default-source/institucionalidad/buenas-pr%C3%A1cticas/clasificaciones-y-estandares/est%C3%A1ndar-evaluaci%C3%B3n-de-calidad-de-estimaciones-publicaci%C3%B3n-27022020.pdf/"" target=""_blank"" rel=""noopener noreferrer"">La clasificación en estimaciones Fiables, Poco fiables y No fiables provienen del Estándar para la evaluación de la calidad de las estimaciones en encuestas de hogares del INE.</a>",Encuesta Suplementaria de Ingresos (ESI),PT,0
CL01:DF_BGYMEDIOOCU_CIUO(1.0),A,BGYMEDIOOCU,09,CIUO_SC,2019,,X,,1,"<a href="" https://www.ine.gob.cl/docs/default-source/institucionalidad/buenas-pr%C3%A1cticas/clasificaciones-y-estandares/est%C3%A1ndar-evaluaci%C3%B3n-de-calidad-de-estimaciones-publicaci%C3%B3n-27022020.pdf/"" target=""_blank"" rel=""noopener noreferrer"">La clasificación en estimaciones Fiables, Poco fiables y No fiables provienen del Estándar para la evaluación de la calidad de las estimaciones en encuestas de hogares del INE.</a>",Encuesta Suplementaria de Ingresos (ESI),PT,0
CL01:DF_BGYMEDIOOCU_CIUO(1.0),A,BGYMEDIOOCU,09,CIUO_SC,2020,,X,,1,"<a href="" https://www.ine.gob.cl/docs/default-source/institucionalidad/buenas-pr%C3%A1cticas/clasificaciones-y-estandares/est%C3%A1ndar-evaluaci%C3%B3n-de-calidad-de-estimaciones-publicaci%C3%B3n-27022020.pdf/"" target=""_blank"" rel=""noopener noreferrer"">La clasificación en estimaciones Fiables, Poco fiables y No fiables provienen del Estándar para la evaluación de la calidad de las estimaciones en encuestas de hogares del INE.</a>",Encuesta Suplementaria de Ingresos (ESI),PT,0
CL01:DF_BGYMEDIOOCU_CIUO(1.0),A,BGYMEDIOOCU,09,CIUO_SC,2021,,X,,1,"<a href="" https://www.ine.gob.cl/docs/default-source/institucionalidad/buenas-pr%C3%A1cticas/clasificaciones-y-estandares/est%C3%A1ndar-evaluaci%C3%B3n-de-calidad-de-estimaciones-publicaci%C3%B3n-27022020.pdf/"" target=""_blank"" rel=""noopener noreferrer"">La clasificación en estimaciones Fiables, Poco fiables y No fiables provienen del Estándar para la evaluación de la calidad de las estimaciones en encuestas de hogares del INE.</a>",Encuesta Suplementaria de Ingresos (ESI),PT,0
CL01:DF_BGYMEDIOOCU_CIUO(1.0),A,BGYMEDIOOCU,09,CIUO_SC,2022,,X,,1,"<a href="" https://www.ine.gob.cl/docs/default-source/institucionalidad/buenas-pr%C3%A1cticas/clasificaciones-y-estandares/est%C3%A1ndar-evaluaci%C3%B3n-de-calidad-de-estimaciones-publicaci%C3%B3n-27022020.pdf/"" target=""_blank"" rel=""noopener noreferrer"">La clasificación en estimaciones Fiables, Poco fiables y No fiables provienen del Estándar para la evaluación de la calidad de las estimaciones en encuestas de hogares del INE.</a>",Encuesta Suplementaria de Ingresos (ESI),PT,0
CL01:DF_BGYMEDIOOCU_CIUO(1.0),A,BGYMEDIOOCU,09,CIUO_SC,2023,,X,,1,"<a href="" https://www.ine.gob.cl/docs/default-source/institucionalidad/buenas-pr%C3%A1cticas/clasificaciones-y-estandares/est%C3%A1ndar-evaluaci%C3%B3n-de-calidad-de-estimaciones-publicaci%C3%B3n-27022020.pdf/"" target=""_blank"" rel=""noopener noreferrer"">La clasificación en estimaciones Fiables, Poco fiables y No fiables provienen del Estándar para la evaluación de la calidad de las estimaciones en encuestas de hogares del INE.</a>",Encuesta Suplementaria de Ingresos (ESI),PT,0
CL01:DF_BGYMEDIOOCU_CIUO(1.0),A,BGYMEDIOOCU,09,CIUO_SC,2024,,X,,1,"<a href="" https://www.ine.gob.cl/docs/default-source/institucionalidad/buenas-pr%C3%A1cticas/clasificaciones-y-estandares/est%C3%A1ndar-evaluaci%C3%B3n-de-calidad-de-estimaciones-publicaci%C3%B3n-27022020.pdf/"" target=""_blank"" rel=""noopener noreferrer"">La clasificación en estimaciones Fiables, Poco fiables y No fiables provienen del Estándar para la evaluación de la calidad de las estimaciones en encuestas de hogares del INE.</a>",Encuesta Suplementaria de Ingresos (ESI),PT,0
CL01:DF_BGYMEDIOOCU_CIUO(1.0),A,BGYMEDIOOCU,12,CIUO_SC,2017,,X,,1,"<a href="" https://www.ine.gob.cl/docs/default-source/institucionalidad/buenas-pr%C3%A1cticas/clasificaciones-y-estandares/est%C3%A1ndar-evaluaci%C3%B3n-de-calidad-de-estimaciones-publicaci%C3%B3n-27022020.pdf/"" target=""_blank"" rel=""noopener noreferrer"">La clasificación en estimaciones Fiables, Poco fiables y No fiables provienen del Estándar para la evaluación de la calidad de las estimaciones en encuestas de hogares del INE.</a>",Encuesta Suplementaria de Ingresos (ESI),PT,0
CL01:DF_BGYMEDIOOCU_CIUO(1.0),A,BGYMEDIOOCU,12,CIUO_SC,2018,,X,,1,"<a href="" https://www.ine.gob.cl/docs/default-source/institucionalidad/buenas-pr%C3%A1cticas/clasificaciones-y-estandares/est%C3%A1ndar-evaluaci%C3%B3n-de-calidad-de-estimaciones-publicaci%C3%B3n-27022020.pdf/"" target=""_blank"" rel=""noopener noreferrer"">La clasificación en estimaciones Fiables, Poco fiables y No fiables provienen del Estándar para la evaluación de la calidad de las estimaciones en encuestas de hogares del INE.</a>",Encuesta Suplementaria de Ingresos (ESI),PT,0
CL01:DF_BGYMEDIOOCU_CIUO(1.0),A,BGYMEDIOOCU,12,CIUO_SC,2019,,X,,1,"<a href="" https://www.ine.gob.cl/docs/default-source/institucionalidad/buenas-pr%C3%A1cticas/clasificaciones-y-estandares/est%C3%A1ndar-evaluaci%C3%B3n-de-calidad-de-estimaciones-publicaci%C3%B3n-27022020.pdf/"" target=""_blank"" rel=""noopener noreferrer"">La clasificación en estimaciones Fiables, Poco fiables y No fiables provienen del Estándar para la evaluación de la calidad de las estimaciones en encuestas de hogares del INE.</a>",Encuesta Suplementaria de Ingresos (ESI),PT,0
CL01:DF_BGYMEDIOOCU_CIUO(1.0),A,BGYMEDIOOCU,12,CIUO_SC,2020,,X,,1,"<a href="" https://www.ine.gob.cl/docs/default-source/institucionalidad/buenas-pr%C3%A1cticas/clasificaciones-y-estandares/est%C3%A1ndar-evaluaci%C3%B3n-de-calidad-de-estimaciones-publicaci%C3%B3n-27022020.pdf/"" target=""_blank"" rel=""noopener noreferrer"">La clasificación en estimaciones Fiables, Poco fiables y No fiables provienen del Estándar para la evaluación de la calidad de las estimaciones en encuestas de hogares del INE.</a>",Encuesta Suplementaria de Ingresos (ESI),PT,0
CL01:DF_BGYMEDIOOCU_CIUO(1.0),A,BGYMEDIOOCU,12,CIUO_SC,2021,,X,,1,"<a href="" https://www.ine.gob.cl/docs/default-source/institucionalidad/buenas-pr%C3%A1cticas/clasificaciones-y-estandares/est%C3%A1ndar-evaluaci%C3%B3n-de-calidad-de-estimaciones-publicaci%C3%B3n-27022020.pdf/"" target=""_blank"" rel=""noopener noreferrer"">La clasificación en estimaciones Fiables, Poco fiables y No fiables provienen del Estándar para la evaluación de la calidad de las estimaciones en encuestas de hogares del INE.</a>",Encuesta Suplementaria de Ingresos (ESI),PT,0
CL01:DF_BGYMEDIOOCU_CIUO(1.0),A,BGYMEDIOOCU,12,CIUO_SC,2022,,X,,1,"<a href="" https://www.ine.gob.cl/docs/default-source/institucionalidad/buenas-pr%C3%A1cticas/clasificaciones-y-estandares/est%C3%A1ndar-evaluaci%C3%B3n-de-calidad-de-estimaciones-publicaci%C3%B3n-27022020.pdf/"" target=""_blank"" rel=""noopener noreferrer"">La clasificación en estimaciones Fiables, Poco fiables y No fiables provienen del Estándar para la evaluación de la calidad de las estimaciones en encuestas de hogares del INE.</a>",Encuesta Suplementaria de Ingresos (ESI),PT,0
CL01:DF_BGYMEDIOOCU_CIUO(1.0),A,BGYMEDIOOCU,12,CIUO_SC,2023,,X,,1,"<a href="" https://www.ine.gob.cl/docs/default-source/institucionalidad/buenas-pr%C3%A1cticas/clasificaciones-y-estandares/est%C3%A1ndar-evaluaci%C3%B3n-de-calidad-de-estimaciones-publicaci%C3%B3n-27022020.pdf/"" target=""_blank"" rel=""noopener noreferrer"">La clasificación en estimaciones Fiables, Poco fiables y No fiables provienen del Estándar para la evaluación de la calidad de las estimaciones en encuestas de hogares del INE.</a>",Encuesta Suplementaria de Ingresos (ESI),PT,0
CL01:DF_BGYMEDIOOCU_CIUO(1.0),A,BGYMEDIOOCU,12,CIUO_SC,2024,,X,,1,"<a href="" https://www.ine.gob.cl/docs/default-source/institucionalidad/buenas-pr%C3%A1cticas/clasificaciones-y-estandares/est%C3%A1ndar-evaluaci%C3%B3n-de-calidad-de-estimaciones-publicaci%C3%B3n-27022020.pdf/"" target=""_blank"" rel=""noopener noreferrer"">La clasificación en estimaciones Fiables, Poco fiables y No fiables provienen del Estándar para la evaluación de la calidad de las estimaciones en encuestas de hogares del INE.</a>",Encuesta Suplementaria de Ingresos (ESI),PT,0
CL01:DF_BGYMEDIOOCU_CIUO(1.0),A,BGYMEDIOOCU,01,CIUO_4,2017,17.2848029117082,Y,,1,"<a href="" https://www.ine.gob.cl/docs/default-source/institucionalidad/buenas-pr%C3%A1cticas/clasificaciones-y-estandares/est%C3%A1ndar-evaluaci%C3%B3n-de-calidad-de-estimaciones-publicaci%C3%B3n-27022020.pdf/"" target=""_blank"" rel=""noopener noreferrer"">La clasificación en estimaciones Fiables, Poco fiables y No fiables provienen del Estándar para la evaluación de la calidad de las estimaciones en encuestas de hogares del INE.</a>",Encuesta Suplementaria de Ingresos (ESI),PT,0
CL01:DF_BGYMEDIOOCU_CIUO(1.0),A,BGYMEDIOOCU,01,CIUO_4,2018,1.18405452564562,,,1,"<a href="" https://www.ine.gob.cl/docs/default-source/institucionalidad/buenas-pr%C3%A1cticas/clasificaciones-y-estandares/est%C3%A1ndar-evaluaci%C3%B3n-de-calidad-de-estimaciones-publicaci%C3%B3n-27022020.pdf/"" target=""_blank"" rel=""noopener noreferrer"">La clasificación en estimaciones Fiables, Poco fiables y No fiables provienen del Estándar para la evaluación de la calidad de las estimaciones en encuestas de hogares del INE.</a>",Encuesta Suplementaria de Ingresos (ESI),PT,0
CL01:DF_BGYMEDIOOCU_CIUO(1.0),A,BGYMEDIOOCU,01,CIUO_4,2019,-11.7704473605967,,,1,"<a href="" https://www.ine.gob.cl/docs/default-source/institucionalidad/buenas-pr%C3%A1cticas/clasificaciones-y-estandares/est%C3%A1ndar-evaluaci%C3%B3n-de-calidad-de-estimaciones-publicaci%C3%B3n-27022020.pdf/"" target=""_blank"" rel=""noopener noreferrer"">La clasificación en estimaciones Fiables, Poco fiables y No fiables provienen del Estándar para la evaluación de la calidad de las estimaciones en encuestas de hogares del INE.</a>",Encuesta Suplementaria de Ingresos (ESI),PT,0
CL01:DF_BGYMEDIOOCU_CIUO(1.0),A,BGYMEDIOOCU,01,CIUO_4,2020,17.8791548303648,Y,,1,"<a href="" https://www.ine.gob.cl/docs/default-source/institucionalidad/buenas-pr%C3%A1cticas/clasificaciones-y-estandares/est%C3%A1ndar-evaluaci%C3%B3n-de-calidad-de-estimaciones-publicaci%C3%B3n-27022020.pdf/"" target=""_blank"" rel=""noopener noreferrer"">La clasificación en estimaciones Fiables, Poco fiables y No fiables provienen del Estándar para la evaluación de la calidad de las estimaciones en encuestas de hogares del INE.</a>",Encuesta Suplementaria de Ingresos (ESI),PT,0
CL01:DF_BGYMEDIOOCU_CIUO(1.0),A,BGYMEDIOOCU,01,CIUO_4,2021,1.3813734035037,X,,1,"<a href="" https://www.ine.gob.cl/docs/default-source/institucionalidad/buenas-pr%C3%A1cticas/clasificaciones-y-estandares/est%C3%A1ndar-evaluaci%C3%B3n-de-calidad-de-estimaciones-publicaci%C3%B3n-27022020.pdf/"" target=""_blank"" rel=""noopener noreferrer"">La clasificación en estimaciones Fiables, Poco fiables y No fiables provienen del Estándar para la evaluación de la calidad de las estimaciones en encuestas de hogares del INE.</a>",Encuesta Suplementaria de Ingresos (ESI),PT,0
CL01:DF_BGYMEDIOOCU_CIUO(1.0),A,BGYMEDIOOCU,01,CIUO_4,2022,113.036163363251,X,,1,"<a href="" https://www.ine.gob.cl/docs/default-source/institucionalidad/buenas-pr%C3%A1cticas/clasificaciones-y-estandares/est%C3%A1ndar-evaluaci%C3%B3n-de-calidad-de-estimaciones-publicaci%C3%B3n-27022020.pdf/"" target=""_blank"" rel=""noopener noreferrer"">La clasificación en estimaciones Fiables, Poco fiables y No fiables provienen del Estándar para la evaluación de la calidad de las estimaciones en encuestas de hogares del INE.</a>",Encuesta Suplementaria de Ingresos (ESI),PT,0
CL01:DF_BGYMEDIOOCU_CIUO(1.0),A,BGYMEDIOOCU,01,CIUO_4,2023,8.35416994979651,X,,1,"<a href="" https://www.ine.gob.cl/docs/default-source/institucionalidad/buenas-pr%C3%A1cticas/clasificaciones-y-estandares/est%C3%A1ndar-evaluaci%C3%B3n-de-calidad-de-estimaciones-publicaci%C3%B3n-27022020.pdf/"" target=""_blank"" rel=""noopener noreferrer"">La clasificación en estimaciones Fiables, Poco fiables y No fiables provienen del Estándar para la evaluación de la calidad de las estimaciones en encuestas de hogares del INE.</a>",Encuesta Suplementaria de Ingresos (ESI),PT,0
CL01:DF_BGYMEDIOOCU_CIUO(1.0),A,BGYMEDIOOCU,01,CIUO_4,2024,22.4935866056553,X,,1,"<a href="" https://www.ine.gob.cl/docs/default-source/institucionalidad/buenas-pr%C3%A1cticas/clasificaciones-y-estandares/est%C3%A1ndar-evaluaci%C3%B3n-de-calidad-de-estimaciones-publicaci%C3%B3n-27022020.pdf/"" target=""_blank"" rel=""noopener noreferrer"">La clasificación en estimaciones Fiables, Poco fiables y No fiables provienen del Estándar para la evaluación de la calidad de las estimaciones en encuestas de hogares del INE.</a>",Encuesta Suplementaria de Ingresos (ESI),PT,0
CL01:DF_BGYMEDIOOCU_CIUO(1.0),A,BGYMEDIOOCU,02,CIUO_9,2017,-26.1800481896458,,,1,"<a href="" https://www.ine.gob.cl/docs/default-source/institucionalidad/buenas-pr%C3%A1cticas/clasificaciones-y-estandares/est%C3%A1ndar-evaluaci%C3%B3n-de-calidad-de-estimaciones-publicaci%C3%B3n-27022020.pdf/"" target=""_blank"" rel=""noopener noreferrer"">La clasificación en estimaciones Fiables, Poco fiables y No fiables provienen del Estándar para la evaluación de la calidad de las estimaciones en encuestas de hogares del INE.</a>",Encuesta Suplementaria de Ingresos (ESI),PT,0
CL01:DF_BGYMEDIOOCU_CIUO(1.0),A,BGYMEDIOOCU,02,CIUO_9,2018,-19.5760979622049,Y,,1,"<a href="" https://www.ine.gob.cl/docs/default-source/institucionalidad/buenas-pr%C3%A1cticas/clasificaciones-y-estandares/est%C3%A1ndar-evaluaci%C3%B3n-de-calidad-de-estimaciones-publicaci%C3%B3n-27022020.pdf/"" target=""_blank"" rel=""noopener noreferrer"">La clasificación en estimaciones Fiables, Poco fiables y No fiables provienen del Estándar para la evaluación de la calidad de las estimaciones en encuestas de hogares del INE.</a>",Encuesta Suplementaria de Ingresos (ESI),PT,0
CL01:DF_BGYMEDIOOCU_CIUO(1.0),A,BGYMEDIOOCU,02,CIUO_9,2019,-36.20018052243,,,1,"<a href="" https://www.ine.gob.cl/docs/default-source/institucionalidad/buenas-pr%C3%A1cticas/clasificaciones-y-estandares/est%C3%A1ndar-evaluaci%C3%B3n-de-calidad-de-estimaciones-publicaci%C3%B3n-27022020.pdf/"" target=""_blank"" rel=""noopener noreferrer"">La clasificación en estimaciones Fiables, Poco fiables y No fiables provienen del Estándar para la evaluación de la calidad de las estimaciones en encuestas de hogares del INE.</a>",Encuesta Suplementaria de Ingresos (ESI),PT,0
CL01:DF_BGYMEDIOOCU_CIUO(1.0),A,BGYMEDIOOCU,02,CIUO_9,2020,-27.6419350253043,,,1,"<a href="" https://www.ine.gob.cl/docs/default-source/institucionalidad/buenas-pr%C3%A1cticas/clasificaciones-y-estandares/est%C3%A1ndar-evaluaci%C3%B3n-de-calidad-de-estimaciones-publicaci%C3%B3n-27022020.pdf/"" target=""_blank"" rel=""noopener noreferrer"">La clasificación en estimaciones Fiables, Poco fiables y No fiables provienen del Estándar para la evaluación de la calidad de las estimaciones en encuestas de hogares del INE.</a>",Encuesta Suplementaria de Ingresos (ESI),PT,0
CL01:DF_BGYMEDIOOCU_CIUO(1.0),A,BGYMEDIOOCU,02,CIUO_9,2021,-22.4311369362026,,,1,"<a href="" https://www.ine.gob.cl/docs/default-source/institucionalidad/buenas-pr%C3%A1cticas/clasificaciones-y-estandares/est%C3%A1ndar-evaluaci%C3%B3n-de-calidad-de-estimaciones-publicaci%C3%B3n-27022020.pdf/"" target=""_blank"" rel=""noopener noreferrer"">La clasificación en estimaciones Fiables, Poco fiables y No fiables provienen del Estándar para la evaluación de la calidad de las estimaciones en encuestas de hogares del INE.</a>",Encuesta Suplementaria de Ingresos (ESI),PT,0
CL01:DF_BGYMEDIOOCU_CIUO(1.0),A,BGYMEDIOOCU,02,CIUO_9,2022,-27.3685226218706,,,1,"<a href="" https://www.ine.gob.cl/docs/default-source/institucionalidad/buenas-pr%C3%A1cticas/clasificaciones-y-estandares/est%C3%A1ndar-evaluaci%C3%B3n-de-calidad-de-estimaciones-publicaci%C3%B3n-27022020.pdf/"" target=""_blank"" rel=""noopener noreferrer"">La clasificación en estimaciones Fiables, Poco fiables y No fiables provienen del Estándar para la evaluación de la calidad de las estimaciones en encuestas de hogares del INE.</a>",Encuesta Suplementaria de Ingresos (ESI),PT,0
CL01:DF_BGYMEDIOOCU_CIUO(1.0),A,BGYMEDIOOCU,02,CIUO_9,2023,-17.0089791230319,,,1,"<a href="" https://www.ine.gob.cl/docs/default-source/institucionalidad/buenas-pr%C3%A1cticas/clasificaciones-y-estandares/est%C3%A1ndar-evaluaci%C3%B3n-de-calidad-de-estimaciones-publicaci%C3%B3n-27022020.pdf/"" target=""_blank"" rel=""noopener noreferrer"">La clasificación en estimaciones Fiables, Poco fiables y No fiables provienen del Estándar para la evaluación de la calidad de las estimaciones en encuestas de hogares del INE.</a>",Encuesta Suplementaria de Ingresos (ESI),PT,0
CL01:DF_BGYMEDIOOCU_CIUO(1.0),A,BGYMEDIOOCU,02,CIUO_9,2024,-26.7392848892322,,,1,"<a href="" https://www.ine.gob.cl/docs/default-source/institucionalidad/buenas-pr%C3%A1cticas/clasificaciones-y-estandares/est%C3%A1ndar-evaluaci%C3%B3n-de-calidad-de-estimaciones-publicaci%C3%B3n-27022020.pdf/"" target=""_blank"" rel=""noopener noreferrer"">La clasificación en estimaciones Fiables, Poco fiables y No fiables provienen del Estándar para la evaluación de la calidad de las estimaciones en encuestas de hogares del INE.</a>",Encuesta Suplementaria de Ingresos (ESI),PT,0
CL01:DF_BGYMEDIOOCU_CIUO(1.0),A,BGYMEDIOOCU,04,CIUO_3,2017,-40.2821844268489,,,1,"<a href="" https://www.ine.gob.cl/docs/default-source/institucionalidad/buenas-pr%C3%A1cticas/clasificaciones-y-estandares/est%C3%A1ndar-evaluaci%C3%B3n-de-calidad-de-estimaciones-publicaci%C3%B3n-27022020.pdf/"" target=""_blank"" rel=""noopener noreferrer"">La clasificación en estimaciones Fiables, Poco fiables y No fiables provienen del Estándar para la evaluación de la calidad de las estimaciones en encuestas de hogares del INE.</a>",Encuesta Suplementaria de Ingresos (ESI),PT,0
CL01:DF_BGYMEDIOOCU_CIUO(1.0),A,BGYMEDIOOCU,04,CIUO_3,2018,-46.8449833420931,,,1,"<a href="" https://www.ine.gob.cl/docs/default-source/institucionalidad/buenas-pr%C3%A1cticas/clasificaciones-y-estandares/est%C3%A1ndar-evaluaci%C3%B3n-de-calidad-de-estimaciones-publicaci%C3%B3n-27022020.pdf/"" target=""_blank"" rel=""noopener noreferrer"">La clasificación en estimaciones Fiables, Poco fiables y No fiables provienen del Estándar para la evaluación de la calidad de las estimaciones en encuestas de hogares del INE.</a>",Encuesta Suplementaria de Ingresos (ESI),PT,0
CL01:DF_BGYMEDIOOCU_CIUO(1.0),A,BGYMEDIOOCU,04,CIUO_3,2019,-44.2101572276843,,,1,"<a href="" https://www.ine.gob.cl/docs/default-source/institucionalidad/buenas-pr%C3%A1cticas/clasificaciones-y-estandares/est%C3%A1ndar-evaluaci%C3%B3n-de-calidad-de-estimaciones-publicaci%C3%B3n-27022020.pdf/"" target=""_blank"" rel=""noopener noreferrer"">La clasificación en estimaciones Fiables, Poco fiables y No fiables provienen del Estándar para la evaluación de la calidad de las estimaciones en encuestas de hogares del INE.</a>",Encuesta Suplementaria de Ingresos (ESI),PT,0
CL01:DF_BGYMEDIOOCU_CIUO(1.0),A,BGYMEDIOOCU,04,CIUO_3,2020,-24.4711923825216,,,1,"<a href="" https://www.ine.gob.cl/docs/default-source/institucionalidad/buenas-pr%C3%A1cticas/clasificaciones-y-estandares/est%C3%A1ndar-evaluaci%C3%B3n-de-calidad-de-estimaciones-publicaci%C3%B3n-27022020.pdf/"" target=""_blank"" rel=""noopener noreferrer"">La clasificación en estimaciones Fiables, Poco fiables y No fiables provienen del Estándar para la evaluación de la calidad de las estimaciones en encuestas de hogares del INE.</a>",Encuesta Suplementaria de Ingresos (ESI),PT,0
CL01:DF_BGYMEDIOOCU_CIUO(1.0),A,BGYMEDIOOCU,04,CIUO_3,2021,-40.9017700152973,,,1,"<a href="" https://www.ine.gob.cl/docs/default-source/institucionalidad/buenas-pr%C3%A1cticas/clasificaciones-y-estandares/est%C3%A1ndar-evaluaci%C3%B3n-de-calidad-de-estimaciones-publicaci%C3%B3n-27022020.pdf/"" target=""_blank"" rel=""noopener noreferrer"">La clasificación en estimaciones Fiables, Poco fiables y No fiables provienen del Estándar para la evaluación de la calidad de las estimaciones en encuestas de hogares del INE.</a>",Encuesta Suplementaria de Ingresos (ESI),PT,0
CL01:DF_BGYMEDIOOCU_CIUO(1.0),A,BGYMEDIOOCU,04,CIUO_3,2022,-42.9332835912974,,,1,"<a href="" https://www.ine.gob.cl/docs/default-source/institucionalidad/buenas-pr%C3%A1cticas/clasificaciones-y-estandares/est%C3%A1ndar-evaluaci%C3%B3n-de-calidad-de-estimaciones-publicaci%C3%B3n-27022020.pdf/"" target=""_blank"" rel=""noopener noreferrer"">La clasificación en estimaciones Fiables, Poco fiables y No fiables provienen del Estándar para la evaluación de la calidad de las estimaciones en encuestas de hogares del INE.</a>",Encuesta Suplementaria de Ingresos (ESI),PT,0
CL01:DF_BGYMEDIOOCU_CIUO(1.0),A,BGYMEDIOOCU,04,CIUO_3,2023,-34.6353646938644,,,1,"<a href="" https://www.ine.gob.cl/docs/default-source/institucionalidad/buenas-pr%C3%A1cticas/clasificaciones-y-estandares/est%C3%A1ndar-evaluaci%C3%B3n-de-calidad-de-estimaciones-publicaci%C3%B3n-27022020.pdf/"" target=""_blank"" rel=""noopener noreferrer"">La clasificación en estimaciones Fiables, Poco fiables y No fiables provienen del Estándar para la evaluación de la calidad de las estimaciones en encuestas de hogares del INE.</a>",Encuesta Suplementaria de Ingresos (ESI),PT,0
CL01:DF_BGYMEDIOOCU_CIUO(1.0),A,BGYMEDIOOCU,04,CIUO_3,2024,-42.1086872096841,,,1,"<a href="" https://www.ine.gob.cl/docs/default-source/institucionalidad/buenas-pr%C3%A1cticas/clasificaciones-y-estandares/est%C3%A1ndar-evaluaci%C3%B3n-de-calidad-de-estimaciones-publicaci%C3%B3n-27022020.pdf/"" target=""_blank"" rel=""noopener noreferrer"">La clasificación en estimaciones Fiables, Poco fiables y No fiables provienen del Estándar para la evaluación de la calidad de las estimaciones en encuestas de hogares del INE.</a>",Encuesta Suplementaria de Ingresos (ESI),PT,0
CL01:DF_BGYMEDIOOCU_CIUO(1.0),A,BGYMEDIOOCU,05,CIUO_4,2017,-21.9236850908121,,,1,"<a href="" https://www.ine.gob.cl/docs/default-source/institucionalidad/buenas-pr%C3%A1cticas/clasificaciones-y-estandares/est%C3%A1ndar-evaluaci%C3%B3n-de-calidad-de-estimaciones-publicaci%C3%B3n-27022020.pdf/"" target=""_blank"" rel=""noopener noreferrer"">La clasificación en estimaciones Fiables, Poco fiables y No fiables provienen del Estándar para la evaluación de la calidad de las estimaciones en encuestas de hogares del INE.</a>",Encuesta Suplementaria de Ingresos (ESI),PT,0
CL01:DF_BGYMEDIOOCU_CIUO(1.0),A,BGYMEDIOOCU,05,CIUO_4,2018,-20.2362222304177,,,1,"<a href="" https://www.ine.gob.cl/docs/default-source/institucionalidad/buenas-pr%C3%A1cticas/clasificaciones-y-estandares/est%C3%A1ndar-evaluaci%C3%B3n-de-calidad-de-estimaciones-publicaci%C3%B3n-27022020.pdf/"" target=""_blank"" rel=""noopener noreferrer"">La clasificación en estimaciones Fiables, Poco fiables y No fiables provienen del Estándar para la evaluación de la calidad de las estimaciones en encuestas de hogares del INE.</a>",Encuesta Suplementaria de Ingresos (ESI),PT,0
CL01:DF_BGYMEDIOOCU_CIUO(1.0),A,BGYMEDIOOCU,05,CIUO_4,2019,-10.7896064933797,,,1,"<a href="" https://www.ine.gob.cl/docs/default-source/institucionalidad/buenas-pr%C3%A1cticas/clasificaciones-y-estandares/est%C3%A1ndar-evaluaci%C3%B3n-de-calidad-de-estimaciones-publicaci%C3%B3n-27022020.pdf/"" target=""_blank"" rel=""noopener noreferrer"">La clasificación en estimaciones Fiables, Poco fiables y No fiables provienen del Estándar para la evaluación de la calidad de las estimaciones en encuestas de hogares del INE.</a>",Encuesta Suplementaria de Ingresos (ESI),PT,0
CL01:DF_BGYMEDIOOCU_CIUO(1.0),A,BGYMEDIOOCU,05,CIUO_4,2020,-9.75045427246054,,,1,"<a href="" https://www.ine.gob.cl/docs/default-source/institucionalidad/buenas-pr%C3%A1cticas/clasificaciones-y-estandares/est%C3%A1ndar-evaluaci%C3%B3n-de-calidad-de-estimaciones-publicaci%C3%B3n-27022020.pdf/"" target=""_blank"" rel=""noopener noreferrer"">La clasificación en estimaciones Fiables, Poco fiables y No fiables provienen del Estándar para la evaluación de la calidad de las estimaciones en encuestas de hogares del INE.</a>",Encuesta Suplementaria de Ingresos (ESI),PT,0
CL01:DF_BGYMEDIOOCU_CIUO(1.0),A,BGYMEDIOOCU,05,CIUO_4,2021,-5.83680602585681,,,1,"<a href="" https://www.ine.gob.cl/docs/default-source/institucionalidad/buenas-pr%C3%A1cticas/clasificaciones-y-estandares/est%C3%A1ndar-evaluaci%C3%B3n-de-calidad-de-estimaciones-publicaci%C3%B3n-27022020.pdf/"" target=""_blank"" rel=""noopener noreferrer"">La clasificación en estimaciones Fiables, Poco fiables y No fiables provienen del Estándar para la evaluación de la calidad de las estimaciones en encuestas de hogares del INE.</a>",Encuesta Suplementaria de Ingresos (ESI),PT,0
CL01:DF_BGYMEDIOOCU_CIUO(1.0),A,BGYMEDIOOCU,05,CIUO_4,2022,-5.29044101484883,,,1,"<a href="" https://www.ine.gob.cl/docs/default-source/institucionalidad/buenas-pr%C3%A1cticas/clasificaciones-y-estandares/est%C3%A1ndar-evaluaci%C3%B3n-de-calidad-de-estimaciones-publicaci%C3%B3n-27022020.pdf/"" target=""_blank"" rel=""noopener noreferrer"">La clasificación en estimaciones Fiables, Poco fiables y No fiables provienen del Estándar para la evaluación de la calidad de las estimaciones en encuestas de hogares del INE.</a>",Encuesta Suplementaria de Ingresos (ESI),PT,0
CL01:DF_BGYMEDIOOCU_CIUO(1.0),A,BGYMEDIOOCU,05,CIUO_4,2023,-16.1320732133113,,,1,"<a href="" https://www.ine.gob.cl/docs/default-source/institucionalidad/buenas-pr%C3%A1cticas/clasificaciones-y-estandares/est%C3%A1ndar-evaluaci%C3%B3n-de-calidad-de-estimaciones-publicaci%C3%B3n-27022020.pdf/"" target=""_blank"" rel=""noopener noreferrer"">La clasificación en estimaciones Fiables, Poco fiables y No fiables provienen del Estándar para la evaluación de la calidad de las estimaciones en encuestas de hogares del INE.</a>",Encuesta Suplementaria de Ingresos (ESI),PT,0
CL01:DF_BGYMEDIOOCU_CIUO(1.0),A,BGYMEDIOOCU,05,CIUO_4,2024,-18.7962390427811,,,1,"<a href="" https://www.ine.gob.cl/docs/default-source/institucionalidad/buenas-pr%C3%A1cticas/clasificaciones-y-estandares/est%C3%A1ndar-evaluaci%C3%B3n-de-calidad-de-estimaciones-publicaci%C3%B3n-27022020.pdf/"" target=""_blank"" rel=""noopener noreferrer"">La clasificación en estimaciones Fiables, Poco fiables y No fiables provienen del Estándar para la evaluación de la calidad de las estimaciones en encuestas de hogares del INE.</a>",Encuesta Suplementaria de Ingresos (ESI),PT,0
CL01:DF_BGYMEDIOOCU_CIUO(1.0),A,BGYMEDIOOCU,07,CIUO_7,2017,-65.5779059770377,Y,,1,"<a href="" https://www.ine.gob.cl/docs/default-source/institucionalidad/buenas-pr%C3%A1cticas/clasificaciones-y-estandares/est%C3%A1ndar-evaluaci%C3%B3n-de-calidad-de-estimaciones-publicaci%C3%B3n-27022020.pdf/"" target=""_blank"" rel=""noopener noreferrer"">La clasificación en estimaciones Fiables, Poco fiables y No fiables provienen del Estándar para la evaluación de la calidad de las estimaciones en encuestas de hogares del INE.</a>",Encuesta Suplementaria de Ingresos (ESI),PT,0
CL01:DF_BGYMEDIOOCU_CIUO(1.0),A,BGYMEDIOOCU,07,CIUO_7,2018,-65.5239009480738,Y,,1,"<a href="" https://www.ine.gob.cl/docs/default-source/institucionalidad/buenas-pr%C3%A1cticas/clasificaciones-y-estandares/est%C3%A1ndar-evaluaci%C3%B3n-de-calidad-de-estimaciones-publicaci%C3%B3n-27022020.pdf/"" target=""_blank"" rel=""noopener noreferrer"">La clasificación en estimaciones Fiables, Poco fiables y No fiables provienen del Estándar para la evaluación de la calidad de las estimaciones en encuestas de hogares del INE.</a>",Encuesta Suplementaria de Ingresos (ESI),PT,0
CL01:DF_BGYMEDIOOCU_CIUO(1.0),A,BGYMEDIOOCU,07,CIUO_7,2019,-64.0872103762056,Y,,1,"<a href="" https://www.ine.gob.cl/docs/default-source/institucionalidad/buenas-pr%C3%A1cticas/clasificaciones-y-estandares/est%C3%A1ndar-evaluaci%C3%B3n-de-calidad-de-estimaciones-publicaci%C3%B3n-27022020.pdf/"" target=""_blank"" rel=""noopener noreferrer"">La clasificación en estimaciones Fiables, Poco fiables y No fiables provienen del Estándar para la evaluación de la calidad de las estimaciones en encuestas de hogares del INE.</a>",Encuesta Suplementaria de Ingresos (ESI),PT,0
CL01:DF_BGYMEDIOOCU_CIUO(1.0),A,BGYMEDIOOCU,07,CIUO_7,2020,-54.312744176787,,,1,"<a href="" https://www.ine.gob.cl/docs/default-source/institucionalidad/buenas-pr%C3%A1cticas/clasificaciones-y-estandares/est%C3%A1ndar-evaluaci%C3%B3n-de-calidad-de-estimaciones-publicaci%C3%B3n-27022020.pdf/"" target=""_blank"" rel=""noopener noreferrer"">La clasificación en estimaciones Fiables, Poco fiables y No fiables provienen del Estándar para la evaluación de la calidad de las estimaciones en encuestas de hogares del INE.</a>",Encuesta Suplementaria de Ingresos (ESI),PT,0
CL01:DF_BGYMEDIOOCU_CIUO(1.0),A,BGYMEDIOOCU,07,CIUO_7,2021,-48.4453320348967,,,1,"<a href="" https://www.ine.gob.cl/docs/default-source/institucionalidad/buenas-pr%C3%A1cticas/clasificaciones-y-estandares/est%C3%A1ndar-evaluaci%C3%B3n-de-calidad-de-estimaciones-publicaci%C3%B3n-27022020.pdf/"" target=""_blank"" rel=""noopener noreferrer"">La clasificación en estimaciones Fiables, Poco fiables y No fiables provienen del Estándar para la evaluación de la calidad de las estimaciones en encuestas de hogares del INE.</a>",Encuesta Suplementaria de Ingresos (ESI),PT,0
CL01:DF_BGYMEDIOOCU_CIUO(1.0),A,BGYMEDIOOCU,07,CIUO_7,2022,-48.0955977063087,Y,,1,"<a href="" https://www.ine.gob.cl/docs/default-source/institucionalidad/buenas-pr%C3%A1cticas/clasificaciones-y-estandares/est%C3%A1ndar-evaluaci%C3%B3n-de-calidad-de-estimaciones-publicaci%C3%B3n-27022020.pdf/"" target=""_blank"" rel=""noopener noreferrer"">La clasificación en estimaciones Fiables, Poco fiables y No fiables provienen del Estándar para la evaluación de la calidad de las estimaciones en encuestas de hogares del INE.</a>",Encuesta Suplementaria de Ingresos (ESI),PT,0
CL01:DF_BGYMEDIOOCU_CIUO(1.0),A,BGYMEDIOOCU,07,CIUO_7,2023,-38.4429946189799,Y,,1,"<a href="" https://www.ine.gob.cl/docs/default-source/institucionalidad/buenas-pr%C3%A1cticas/clasificaciones-y-estandares/est%C3%A1ndar-evaluaci%C3%B3n-de-calidad-de-estimaciones-publicaci%C3%B3n-27022020.pdf/"" target=""_blank"" rel=""noopener noreferrer"">La clasificación en estimaciones Fiables, Poco fiables y No fiables provienen del Estándar para la evaluación de la calidad de las estimaciones en encuestas de hogares del INE.</a>",Encuesta Suplementaria de Ingresos (ESI),PT,0
CL01:DF_BGYMEDIOOCU_CIUO(1.0),A,BGYMEDIOOCU,07,CIUO_7,2024,-62.7218679388608,,,1,"<a href="" https://www.ine.gob.cl/docs/default-source/institucionalidad/buenas-pr%C3%A1cticas/clasificaciones-y-estandares/est%C3%A1ndar-evaluaci%C3%B3n-de-calidad-de-estimaciones-publicaci%C3%B3n-27022020.pdf/"" target=""_blank"" rel=""noopener noreferrer"">La clasificación en estimaciones Fiables, Poco fiables y No fiables provienen del Estándar para la evaluación de la calidad de las estimaciones en encuestas de hogares del INE.</a>",Encuesta Suplementaria de Ingresos (ESI),PT,0
CL01:DF_BGYMEDIOOCU_CIUO(1.0),A,BGYMEDIOOCU,10,CIUO_4,2017,-24.4934546670768,,,1,"<a href="" https://www.ine.gob.cl/docs/default-source/institucionalidad/buenas-pr%C3%A1cticas/clasificaciones-y-estandares/est%C3%A1ndar-evaluaci%C3%B3n-de-calidad-de-estimaciones-publicaci%C3%B3n-27022020.pdf/"" target=""_blank"" rel=""noopener noreferrer"">La clasificación en estimaciones Fiables, Poco fiables y No fiables provienen del Estándar para la evaluación de la calidad de las estimaciones en encuestas de hogares del INE.</a>",Encuesta Suplementaria de Ingresos (ESI),PT,0
CL01:DF_BGYMEDIOOCU_CIUO(1.0),A,BGYMEDIOOCU,10,CIUO_4,2018,-17.2527477485889,Y,,1,"<a href="" https://www.ine.gob.cl/docs/default-source/institucionalidad/buenas-pr%C3%A1cticas/clasificaciones-y-estandares/est%C3%A1ndar-evaluaci%C3%B3n-de-calidad-de-estimaciones-publicaci%C3%B3n-27022020.pdf/"" target=""_blank"" rel=""noopener noreferrer"">La clasificación en estimaciones Fiables, Poco fiables y No fiables provienen del Estándar para la evaluación de la calidad de las estimaciones en encuestas de hogares del INE.</a>",Encuesta Suplementaria de Ingresos (ESI),PT,0
CL01:DF_BGYMEDIOOCU_CIUO(1.0),A,BGYMEDIOOCU,10,CIUO_4,2019,-15.3479604640715,,,1,"<a href="" https://www.ine.gob.cl/docs/default-source/institucionalidad/buenas-pr%C3%A1cticas/clasificaciones-y-estandares/est%C3%A1ndar-evaluaci%C3%B3n-de-calidad-de-estimaciones-publicaci%C3%B3n-27022020.pdf/"" target=""_blank"" rel=""noopener noreferrer"">La clasificación en estimaciones Fiables, Poco fiables y No fiables provienen del Estándar para la evaluación de la calidad de las estimaciones en encuestas de hogares del INE.</a>",Encuesta Suplementaria de Ingresos (ESI),PT,0
CL01:DF_BGYMEDIOOCU_CIUO(1.0),A,BGYMEDIOOCU,10,CIUO_4,2020,1.84811581612421,,,1,"<a href="" https://www.ine.gob.cl/docs/default-source/institucionalidad/buenas-pr%C3%A1cticas/clasificaciones-y-estandares/est%C3%A1ndar-evaluaci%C3%B3n-de-calidad-de-estimaciones-publicaci%C3%B3n-27022020.pdf/"" target=""_blank"" rel=""noopener noreferrer"">La clasificación en estimaciones Fiables, Poco fiables y No fiables provienen del Estándar para la evaluación de la calidad de las estimaciones en encuestas de hogares del INE.</a>",Encuesta Suplementaria de Ingresos (ESI),PT,0
CL01:DF_BGYMEDIOOCU_CIUO(1.0),A,BGYMEDIOOCU,10,CIUO_4,2021,3.30476672556928,,,1,"<a href="" https://www.ine.gob.cl/docs/default-source/institucionalidad/buenas-pr%C3%A1cticas/clasificaciones-y-estandares/est%C3%A1ndar-evaluaci%C3%B3n-de-calidad-de-estimaciones-publicaci%C3%B3n-27022020.pdf/"" target=""_blank"" rel=""noopener noreferrer"">La clasificación en estimaciones Fiables, Poco fiables y No fiables provienen del Estándar para la evaluación de la calidad de las estimaciones en encuestas de hogares del INE.</a>",Encuesta Suplementaria de Ingresos (ESI),PT,0
CL01:DF_BGYMEDIOOCU_CIUO(1.0),A,BGYMEDIOOCU,10,CIUO_4,2022,-4.87421420450742,,,1,"<a href="" https://www.ine.gob.cl/docs/default-source/institucionalidad/buenas-pr%C3%A1cticas/clasificaciones-y-estandares/est%C3%A1ndar-evaluaci%C3%B3n-de-calidad-de-estimaciones-publicaci%C3%B3n-27022020.pdf/"" target=""_blank"" rel=""noopener noreferrer"">La clasificación en estimaciones Fiables, Poco fiables y No fiables provienen del Estándar para la evaluación de la calidad de las estimaciones en encuestas de hogares del INE.</a>",Encuesta Suplementaria de Ingresos (ESI),PT,0
CL01:DF_BGYMEDIOOCU_CIUO(1.0),A,BGYMEDIOOCU,10,CIUO_4,2023,17.2663124122577,,,1,"<a href="" https://www.ine.gob.cl/docs/default-source/institucionalidad/buenas-pr%C3%A1cticas/clasificaciones-y-estandares/est%C3%A1ndar-evaluaci%C3%B3n-de-calidad-de-estimaciones-publicaci%C3%B3n-27022020.pdf/"" target=""_blank"" rel=""noopener noreferrer"">La clasificación en estimaciones Fiables, Poco fiables y No fiables provienen del Estándar para la evaluación de la calidad de las estimaciones en encuestas de hogares del INE.</a>",Encuesta Suplementaria de Ingresos (ESI),PT,0
CL01:DF_BGYMEDIOOCU_CIUO(1.0),A,BGYMEDIOOCU,10,CIUO_4,2024,-18.8051119423849,,,1,"<a href="" https://www.ine.gob.cl/docs/default-source/institucionalidad/buenas-pr%C3%A1cticas/clasificaciones-y-estandares/est%C3%A1ndar-evaluaci%C3%B3n-de-calidad-de-estimaciones-publicaci%C3%B3n-27022020.pdf/"" target=""_blank"" rel=""noopener noreferrer"">La clasificación en estimaciones Fiables, Poco fiables y No fiables provienen del Estándar para la evaluación de la calidad de las estimaciones en encuestas de hogares del INE.</a>",Encuesta Suplementaria de Ingresos (ESI),PT,0
CL01:DF_BGYMEDIOOCU_CIUO(1.0),A,BGYMEDIOOCU,12,CIUO_0,2017,47.0085129747516,X,,1,"<a href="" https://www.ine.gob.cl/docs/default-source/institucionalidad/buenas-pr%C3%A1cticas/clasificaciones-y-estandares/est%C3%A1ndar-evaluaci%C3%B3n-de-calidad-de-estimaciones-publicaci%C3%B3n-27022020.pdf/"" target=""_blank"" rel=""noopener noreferrer"">La clasificación en estimaciones Fiables, Poco fiables y No fiables provienen del Estándar para la evaluación de la calidad de las estimaciones en encuestas de hogares del INE.</a>",Encuesta Suplementaria de Ingresos (ESI),PT,0
CL01:DF_BGYMEDIOOCU_CIUO(1.0),A,BGYMEDIOOCU,12,CIUO_0,2018,,X,,1,"<a href="" https://www.ine.gob.cl/docs/default-source/institucionalidad/buenas-pr%C3%A1cticas/clasificaciones-y-estandares/est%C3%A1ndar-evaluaci%C3%B3n-de-calidad-de-estimaciones-publicaci%C3%B3n-27022020.pdf/"" target=""_blank"" rel=""noopener noreferrer"">La clasificación en estimaciones Fiables, Poco fiables y No fiables provienen del Estándar para la evaluación de la calidad de las estimaciones en encuestas de hogares del INE.</a>",Encuesta Suplementaria de Ingresos (ESI),PT,0
CL01:DF_BGYMEDIOOCU_CIUO(1.0),A,BGYMEDIOOCU,12,CIUO_0,2019,14.7456448145884,X,,1,"<a href="" https://www.ine.gob.cl/docs/default-source/institucionalidad/buenas-pr%C3%A1cticas/clasificaciones-y-estandares/est%C3%A1ndar-evaluaci%C3%B3n-de-calidad-de-estimaciones-publicaci%C3%B3n-27022020.pdf/"" target=""_blank"" rel=""noopener noreferrer"">La clasificación en estimaciones Fiables, Poco fiables y No fiables provienen del Estándar para la evaluación de la calidad de las estimaciones en encuestas de hogares del INE.</a>",Encuesta Suplementaria de Ingresos (ESI),PT,0
CL01:DF_BGYMEDIOOCU_CIUO(1.0),A,BGYMEDIOOCU,12,CIUO_0,2020,-30.9557232585564,X,,1,"<a href="" https://www.ine.gob.cl/docs/default-source/institucionalidad/buenas-pr%C3%A1cticas/clasificaciones-y-estandares/est%C3%A1ndar-evaluaci%C3%B3n-de-calidad-de-estimaciones-publicaci%C3%B3n-27022020.pdf/"" target=""_blank"" rel=""noopener noreferrer"">La clasificación en estimaciones Fiables, Poco fiables y No fiables provienen del Estándar para la evaluación de la calidad de las estimaciones en encuestas de hogares del INE.</a>",Encuesta Suplementaria de Ingresos (ESI),PT,0
CL01:DF_BGYMEDIOOCU_CIUO(1.0),A,BGYMEDIOOCU,12,CIUO_0,2021,-14.8543527615456,X,,1,"<a href="" https://www.ine.gob.cl/docs/default-source/institucionalidad/buenas-pr%C3%A1cticas/clasificaciones-y-estandares/est%C3%A1ndar-evaluaci%C3%B3n-de-calidad-de-estimaciones-publicaci%C3%B3n-27022020.pdf/"" target=""_blank"" rel=""noopener noreferrer"">La clasificación en estimaciones Fiables, Poco fiables y No fiables provienen del Estándar para la evaluación de la calidad de las estimaciones en encuestas de hogares del INE.</a>",Encuesta Suplementaria de Ingresos (ESI),PT,0
CL01:DF_BGYMEDIOOCU_CIUO(1.0),A,BGYMEDIOOCU,12,CIUO_0,2022,-38.4439098567173,X,,1,"<a href="" https://www.ine.gob.cl/docs/default-source/institucionalidad/buenas-pr%C3%A1cticas/clasificaciones-y-estandares/est%C3%A1ndar-evaluaci%C3%B3n-de-calidad-de-estimaciones-publicaci%C3%B3n-27022020.pdf/"" target=""_blank"" rel=""noopener noreferrer"">La clasificación en estimaciones Fiables, Poco fiables y No fiables provienen del Estándar para la evaluación de la calidad de las estimaciones en encuestas de hogares del INE.</a>",Encuesta Suplementaria de Ingresos (ESI),PT,0
CL01:DF_BGYMEDIOOCU_CIUO(1.0),A,BGYMEDIOOCU,12,CIUO_0,2023,-38.0844339118381,X,,1,"<a href="" https://www.ine.gob.cl/docs/default-source/institucionalidad/buenas-pr%C3%A1cticas/clasificaciones-y-estandares/est%C3%A1ndar-evaluaci%C3%B3n-de-calidad-de-estimaciones-publicaci%C3%B3n-27022020.pdf/"" target=""_blank"" rel=""noopener noreferrer"">La clasificación en estimaciones Fiables, Poco fiables y No fiables provienen del Estándar para la evaluación de la calidad de las estimaciones en encuestas de hogares del INE.</a>",Encuesta Suplementaria de Ingresos (ESI),PT,0
CL01:DF_BGYMEDIOOCU_CIUO(1.0),A,BGYMEDIOOCU,12,CIUO_0,2024,-0.477686694794412,X,,1,"<a href="" https://www.ine.gob.cl/docs/default-source/institucionalidad/buenas-pr%C3%A1cticas/clasificaciones-y-estandares/est%C3%A1ndar-evaluaci%C3%B3n-de-calidad-de-estimaciones-publicaci%C3%B3n-27022020.pdf/"" target=""_blank"" rel=""noopener noreferrer"">La clasificación en estimaciones Fiables, Poco fiables y No fiables provienen del Estándar para la evaluación de la calidad de las estimaciones en encuestas de hogares del INE.</a>",Encuesta Suplementaria de Ingresos (ESI),PT,0
CL01:DF_BGYMEDIOOCU_CIUO(1.0),A,BGYMEDIOOCU,12,CIUO_5,2017,-41.6406444626654,Y,,1,"<a href="" https://www.ine.gob.cl/docs/default-source/institucionalidad/buenas-pr%C3%A1cticas/clasificaciones-y-estandares/est%C3%A1ndar-evaluaci%C3%B3n-de-calidad-de-estimaciones-publicaci%C3%B3n-27022020.pdf/"" target=""_blank"" rel=""noopener noreferrer"">La clasificación en estimaciones Fiables, Poco fiables y No fiables provienen del Estándar para la evaluación de la calidad de las estimaciones en encuestas de hogares del INE.</a>",Encuesta Suplementaria de Ingresos (ESI),PT,0
CL01:DF_BGYMEDIOOCU_CIUO(1.0),A,BGYMEDIOOCU,12,CIUO_5,2018,-33.5189860046371,,,1,"<a href="" https://www.ine.gob.cl/docs/default-source/institucionalidad/buenas-pr%C3%A1cticas/clasificaciones-y-estandares/est%C3%A1ndar-evaluaci%C3%B3n-de-calidad-de-estimaciones-publicaci%C3%B3n-27022020.pdf/"" target=""_blank"" rel=""noopener noreferrer"">La clasificación en estimaciones Fiables, Poco fiables y No fiables provienen del Estándar para la evaluación de la calidad de las estimaciones en encuestas de hogares del INE.</a>",Encuesta Suplementaria de Ingresos (ESI),PT,0
CL01:DF_BGYMEDIOOCU_CIUO(1.0),A,BGYMEDIOOCU,12,CIUO_5,2019,-34.1538798548307,Y,,1,"<a href="" https://www.ine.gob.cl/docs/default-source/institucionalidad/buenas-pr%C3%A1cticas/clasificaciones-y-estandares/est%C3%A1ndar-evaluaci%C3%B3n-de-calidad-de-estimaciones-publicaci%C3%B3n-27022020.pdf/"" target=""_blank"" rel=""noopener noreferrer"">La clasificación en estimaciones Fiables, Poco fiables y No fiables provienen del Estándar para la evaluación de la calidad de las estimaciones en encuestas de hogares del INE.</a>",Encuesta Suplementaria de Ingresos (ESI),PT,0
CL01:DF_BGYMEDIOOCU_CIUO(1.0),A,BGYMEDIOOCU,12,CIUO_5,2020,-46.4335873614472,,,1,"<a href="" https://www.ine.gob.cl/docs/default-source/institucionalidad/buenas-pr%C3%A1cticas/clasificaciones-y-estandares/est%C3%A1ndar-evaluaci%C3%B3n-de-calidad-de-estimaciones-publicaci%C3%B3n-27022020.pdf/"" target=""_blank"" rel=""noopener noreferrer"">La clasificación en estimaciones Fiables, Poco fiables y No fiables provienen del Estándar para la evaluación de la calidad de las estimaciones en encuestas de hogares del INE.</a>",Encuesta Suplementaria de Ingresos (ESI),PT,0
CL01:DF_BGYMEDIOOCU_CIUO(1.0),A,BGYMEDIOOCU,12,CIUO_5,2021,-36.760475479448,,,1,"<a href="" https://www.ine.gob.cl/docs/default-source/institucionalidad/buenas-pr%C3%A1cticas/clasificaciones-y-estandares/est%C3%A1ndar-evaluaci%C3%B3n-de-calidad-de-estimaciones-publicaci%C3%B3n-27022020.pdf/"" target=""_blank"" rel=""noopener noreferrer"">La clasificación en estimaciones Fiables, Poco fiables y No fiables provienen del Estándar para la evaluación de la calidad de las estimaciones en encuestas de hogares del INE.</a>",Encuesta Suplementaria de Ingresos (ESI),PT,0
CL01:DF_BGYMEDIOOCU_CIUO(1.0),A,BGYMEDIOOCU,12,CIUO_5,2022,-31.6671135009163,,,1,"<a href="" https://www.ine.gob.cl/docs/default-source/institucionalidad/buenas-pr%C3%A1cticas/clasificaciones-y-estandares/est%C3%A1ndar-evaluaci%C3%B3n-de-calidad-de-estimaciones-publicaci%C3%B3n-27022020.pdf/"" target=""_blank"" rel=""noopener noreferrer"">La clasificación en estimaciones Fiables, Poco fiables y No fiables provienen del Estándar para la evaluación de la calidad de las estimaciones en encuestas de hogares del INE.</a>",Encuesta Suplementaria de Ingresos (ESI),PT,0
CL01:DF_BGYMEDIOOCU_CIUO(1.0),A,BGYMEDIOOCU,12,CIUO_5,2023,-19.510463961371,,,1,"<a href="" https://www.ine.gob.cl/docs/default-source/institucionalidad/buenas-pr%C3%A1cticas/clasificaciones-y-estandares/est%C3%A1ndar-evaluaci%C3%B3n-de-calidad-de-estimaciones-publicaci%C3%B3n-27022020.pdf/"" target=""_blank"" rel=""noopener noreferrer"">La clasificación en estimaciones Fiables, Poco fiables y No fiables provienen del Estándar para la evaluación de la calidad de las estimaciones en encuestas de hogares del INE.</a>",Encuesta Suplementaria de Ingresos (ESI),PT,0
CL01:DF_BGYMEDIOOCU_CIUO(1.0),A,BGYMEDIOOCU,12,CIUO_5,2024,-50.0691475069844,Y,,1,"<a href="" https://www.ine.gob.cl/docs/default-source/institucionalidad/buenas-pr%C3%A1cticas/clasificaciones-y-estandares/est%C3%A1ndar-evaluaci%C3%B3n-de-calidad-de-estimaciones-publicaci%C3%B3n-27022020.pdf/"" target=""_blank"" rel=""noopener noreferrer"">La clasificación en estimaciones Fiables, Poco fiables y No fiables provienen del Estándar para la evaluación de la calidad de las estimaciones en encuestas de hogares del INE.</a>",Encuesta Suplementaria de Ingresos (ESI),PT,0
CL01:DF_BGYMEDIOOCU_CIUO(1.0),A,BGYMEDIOOCU,13,CIUO_9,2017,-21.2232480768203,,,1,"<a href="" https://www.ine.gob.cl/docs/default-source/institucionalidad/buenas-pr%C3%A1cticas/clasificaciones-y-estandares/est%C3%A1ndar-evaluaci%C3%B3n-de-calidad-de-estimaciones-publicaci%C3%B3n-27022020.pdf/"" target=""_blank"" rel=""noopener noreferrer"">La clasificación en estimaciones Fiables, Poco fiables y No fiables provienen del Estándar para la evaluación de la calidad de las estimaciones en encuestas de hogares del INE.</a>",Encuesta Suplementaria de Ingresos (ESI),PT,0
CL01:DF_BGYMEDIOOCU_CIUO(1.0),A,BGYMEDIOOCU,13,CIUO_9,2018,-17.1637080547849,,,1,"<a href="" https://www.ine.gob.cl/docs/default-source/institucionalidad/buenas-pr%C3%A1cticas/clasificaciones-y-estandares/est%C3%A1ndar-evaluaci%C3%B3n-de-calidad-de-estimaciones-publicaci%C3%B3n-27022020.pdf/"" target=""_blank"" rel=""noopener noreferrer"">La clasificación en estimaciones Fiables, Poco fiables y No fiables provienen del Estándar para la evaluación de la calidad de las estimaciones en encuestas de hogares del INE.</a>",Encuesta Suplementaria de Ingresos (ESI),PT,0
CL01:DF_BGYMEDIOOCU_CIUO(1.0),A,BGYMEDIOOCU,13,CIUO_9,2019,-9.66310323614463,,,1,"<a href="" https://www.ine.gob.cl/docs/default-source/institucionalidad/buenas-pr%C3%A1cticas/clasificaciones-y-estandares/est%C3%A1ndar-evaluaci%C3%B3n-de-calidad-de-estimaciones-publicaci%C3%B3n-27022020.pdf/"" target=""_blank"" rel=""noopener noreferrer"">La clasificación en estimaciones Fiables, Poco fiables y No fiables provienen del Estándar para la evaluación de la calidad de las estimaciones en encuestas de hogares del INE.</a>",Encuesta Suplementaria de Ingresos (ESI),PT,0
CL01:DF_BGYMEDIOOCU_CIUO(1.0),A,BGYMEDIOOCU,13,CIUO_9,2020,-16.9455234603763,,,1,"<a href="" https://www.ine.gob.cl/docs/default-source/institucionalidad/buenas-pr%C3%A1cticas/clasificaciones-y-estandares/est%C3%A1ndar-evaluaci%C3%B3n-de-calidad-de-estimaciones-publicaci%C3%B3n-27022020.pdf/"" target=""_blank"" rel=""noopener noreferrer"">La clasificación en estimaciones Fiables, Poco fiables y No fiables provienen del Estándar para la evaluación de la calidad de las estimaciones en encuestas de hogares del INE.</a>",Encuesta Suplementaria de Ingresos (ESI),PT,0
CL01:DF_BGYMEDIOOCU_CIUO(1.0),A,BGYMEDIOOCU,13,CIUO_9,2021,-14.6302919323062,,,1,"<a href="" https://www.ine.gob.cl/docs/default-source/institucionalidad/buenas-pr%C3%A1cticas/clasificaciones-y-estandares/est%C3%A1ndar-evaluaci%C3%B3n-de-calidad-de-estimaciones-publicaci%C3%B3n-27022020.pdf/"" target=""_blank"" rel=""noopener noreferrer"">La clasificación en estimaciones Fiables, Poco fiables y No fiables provienen del Estándar para la evaluación de la calidad de las estimaciones en encuestas de hogares del INE.</a>",Encuesta Suplementaria de Ingresos (ESI),PT,0
CL01:DF_BGYMEDIOOCU_CIUO(1.0),A,BGYMEDIOOCU,13,CIUO_9,2022,-20.9800455190639,,,1,"<a href="" https://www.ine.gob.cl/docs/default-source/institucionalidad/buenas-pr%C3%A1cticas/clasificaciones-y-estandares/est%C3%A1ndar-evaluaci%C3%B3n-de-calidad-de-estimaciones-publicaci%C3%B3n-27022020.pdf/"" target=""_blank"" rel=""noopener noreferrer"">La clasificación en estimaciones Fiables, Poco fiables y No fiables provienen del Estándar para la evaluación de la calidad de las estimaciones en encuestas de hogares del INE.</a>",Encuesta Suplementaria de Ingresos (ESI),PT,0
CL01:DF_BGYMEDIOOCU_CIUO(1.0),A,BGYMEDIOOCU,13,CIUO_9,2023,-15.9786653790532,,,1,"<a href="" https://www.ine.gob.cl/docs/default-source/institucionalidad/buenas-pr%C3%A1cticas/clasificaciones-y-estandares/est%C3%A1ndar-evaluaci%C3%B3n-de-calidad-de-estimaciones-publicaci%C3%B3n-27022020.pdf/"" target=""_blank"" rel=""noopener noreferrer"">La clasificación en estimaciones Fiables, Poco fiables y No fiables provienen del Estándar para la evaluación de la calidad de las estimaciones en encuestas de hogares del INE.</a>",Encuesta Suplementaria de Ingresos (ESI),PT,0
CL01:DF_BGYMEDIOOCU_CIUO(1.0),A,BGYMEDIOOCU,13,CIUO_9,2024,-24.1371597132026,,,1,"<a href="" https://www.ine.gob.cl/docs/default-source/institucionalidad/buenas-pr%C3%A1cticas/clasificaciones-y-estandares/est%C3%A1ndar-evaluaci%C3%B3n-de-calidad-de-estimaciones-publicaci%C3%B3n-27022020.pdf/"" target=""_blank"" rel=""noopener noreferrer"">La clasificación en estimaciones Fiables, Poco fiables y No fiables provienen del Estándar para la evaluación de la calidad de las estimaciones en encuestas de hogares del INE.</a>",Encuesta Suplementaria de Ingresos (ESI),PT,0
CL01:DF_BGYMEDIOOCU_CIUO(1.0),A,BGYMEDIOOCU,14,CIUO_2,2017,-3.91645923706285,Y,,1,"<a href="" https://www.ine.gob.cl/docs/default-source/institucionalidad/buenas-pr%C3%A1cticas/clasificaciones-y-estandares/est%C3%A1ndar-evaluaci%C3%B3n-de-calidad-de-estimaciones-publicaci%C3%B3n-27022020.pdf/"" target=""_blank"" rel=""noopener noreferrer"">La clasificación en estimaciones Fiables, Poco fiables y No fiables provienen del Estándar para la evaluación de la calidad de las estimaciones en encuestas de hogares del INE.</a>",Encuesta Suplementaria de Ingresos (ESI),PT,0
CL01:DF_BGYMEDIOOCU_CIUO(1.0),A,BGYMEDIOOCU,14,CIUO_2,2018,-27.5176696981337,,,1,"<a href="" https://www.ine.gob.cl/docs/default-source/institucionalidad/buenas-pr%C3%A1cticas/clasificaciones-y-estandares/est%C3%A1ndar-evaluaci%C3%B3n-de-calidad-de-estimaciones-publicaci%C3%B3n-27022020.pdf/"" target=""_blank"" rel=""noopener noreferrer"">La clasificación en estimaciones Fiables, Poco fiables y No fiables provienen del Estándar para la evaluación de la calidad de las estimaciones en encuestas de hogares del INE.</a>",Encuesta Suplementaria de Ingresos (ESI),PT,0
CL01:DF_BGYMEDIOOCU_CIUO(1.0),A,BGYMEDIOOCU,14,CIUO_2,2019,-36.7777510134041,,,1,"<a href="" https://www.ine.gob.cl/docs/default-source/institucionalidad/buenas-pr%C3%A1cticas/clasificaciones-y-estandares/est%C3%A1ndar-evaluaci%C3%B3n-de-calidad-de-estimaciones-publicaci%C3%B3n-27022020.pdf/"" target=""_blank"" rel=""noopener noreferrer"">La clasificación en estimaciones Fiables, Poco fiables y No fiables provienen del Estándar para la evaluación de la calidad de las estimaciones en encuestas de hogares del INE.</a>",Encuesta Suplementaria de Ingresos (ESI),PT,0
CL01:DF_BGYMEDIOOCU_CIUO(1.0),A,BGYMEDIOOCU,14,CIUO_2,2020,-21.6424127852656,,,1,"<a href="" https://www.ine.gob.cl/docs/default-source/institucionalidad/buenas-pr%C3%A1cticas/clasificaciones-y-estandares/est%C3%A1ndar-evaluaci%C3%B3n-de-calidad-de-estimaciones-publicaci%C3%B3n-27022020.pdf/"" target=""_blank"" rel=""noopener noreferrer"">La clasificación en estimaciones Fiables, Poco fiables y No fiables provienen del Estándar para la evaluación de la calidad de las estimaciones en encuestas de hogares del INE.</a>",Encuesta Suplementaria de Ingresos (ESI),PT,0
CL01:DF_BGYMEDIOOCU_CIUO(1.0),A,BGYMEDIOOCU,14,CIUO_2,2021,-20.344436772288,,,1,"<a href="" https://www.ine.gob.cl/docs/default-source/institucionalidad/buenas-pr%C3%A1cticas/clasificaciones-y-estandares/est%C3%A1ndar-evaluaci%C3%B3n-de-calidad-de-estimaciones-publicaci%C3%B3n-27022020.pdf/"" target=""_blank"" rel=""noopener noreferrer"">La clasificación en estimaciones Fiables, Poco fiables y No fiables provienen del Estándar para la evaluación de la calidad de las estimaciones en encuestas de hogares del INE.</a>",Encuesta Suplementaria de Ingresos (ESI),PT,0
CL01:DF_BGYMEDIOOCU_CIUO(1.0),A,BGYMEDIOOCU,14,CIUO_2,2022,-27.8164726025705,,,1,"<a href="" https://www.ine.gob.cl/docs/default-source/institucionalidad/buenas-pr%C3%A1cticas/clasificaciones-y-estandares/est%C3%A1ndar-evaluaci%C3%B3n-de-calidad-de-estimaciones-publicaci%C3%B3n-27022020.pdf/"" target=""_blank"" rel=""noopener noreferrer"">La clasificación en estimaciones Fiables, Poco fiables y No fiables provienen del Estándar para la evaluación de la calidad de las estimaciones en encuestas de hogares del INE.</a>",Encuesta Suplementaria de Ingresos (ESI),PT,0
CL01:DF_BGYMEDIOOCU_CIUO(1.0),A,BGYMEDIOOCU,14,CIUO_2,2023,-17.6978138298222,,,1,"<a href="" https://www.ine.gob.cl/docs/default-source/institucionalidad/buenas-pr%C3%A1cticas/clasificaciones-y-estandares/est%C3%A1ndar-evaluaci%C3%B3n-de-calidad-de-estimaciones-publicaci%C3%B3n-27022020.pdf/"" target=""_blank"" rel=""noopener noreferrer"">La clasificación en estimaciones Fiables, Poco fiables y No fiables provienen del Estándar para la evaluación de la calidad de las estimaciones en encuestas de hogares del INE.</a>",Encuesta Suplementaria de Ingresos (ESI),PT,0
CL01:DF_BGYMEDIOOCU_CIUO(1.0),A,BGYMEDIOOCU,14,CIUO_2,2024,-21.2982802476015,,,1,"<a href="" https://www.ine.gob.cl/docs/default-source/institucionalidad/buenas-pr%C3%A1cticas/clasificaciones-y-estandares/est%C3%A1ndar-evaluaci%C3%B3n-de-calidad-de-estimaciones-publicaci%C3%B3n-27022020.pdf/"" target=""_blank"" rel=""noopener noreferrer"">La clasificación en estimaciones Fiables, Poco fiables y No fiables provienen del Estándar para la evaluación de la calidad de las estimaciones en encuestas de hogares del INE.</a>",Encuesta Suplementaria de Ingresos (ESI),PT,0
CL01:DF_BGYMEDIOOCU_CIUO(1.0),A,BGYMEDIOOCU,02,_T,2017,-45.5613327697338,,,1,"<a href="" https://www.ine.gob.cl/docs/default-source/institucionalidad/buenas-pr%C3%A1cticas/clasificaciones-y-estandares/est%C3%A1ndar-evaluaci%C3%B3n-de-calidad-de-estimaciones-publicaci%C3%B3n-27022020.pdf/"" target=""_blank"" rel=""noopener noreferrer"">La clasificación en estimaciones Fiables, Poco fiables y No fiables provienen del Estándar para la evaluación de la calidad de las estimaciones en encuestas de hogares del INE.</a>",Encuesta Suplementaria de Ingresos (ESI),PT,0
CL01:DF_BGYMEDIOOCU_CIUO(1.0),A,BGYMEDIOOCU,02,_T,2018,-39.9804696666657,,,1,"<a href="" https://www.ine.gob.cl/docs/default-source/institucionalidad/buenas-pr%C3%A1cticas/clasificaciones-y-estandares/est%C3%A1ndar-evaluaci%C3%B3n-de-calidad-de-estimaciones-publicaci%C3%B3n-27022020.pdf/"" target=""_blank"" rel=""noopener noreferrer"">La clasificación en estimaciones Fiables, Poco fiables y No fiables provienen del Estándar para la evaluación de la calidad de las estimaciones en encuestas de hogares del INE.</a>",Encuesta Suplementaria de Ingresos (ESI),PT,0
CL01:DF_BGYMEDIOOCU_CIUO(1.0),A,BGYMEDIOOCU,02,_T,2019,-42.4351449884262,,,1,"<a href="" https://www.ine.gob.cl/docs/default-source/institucionalidad/buenas-pr%C3%A1cticas/clasificaciones-y-estandares/est%C3%A1ndar-evaluaci%C3%B3n-de-calidad-de-estimaciones-publicaci%C3%B3n-27022020.pdf/"" target=""_blank"" rel=""noopener noreferrer"">La clasificación en estimaciones Fiables, Poco fiables y No fiables provienen del Estándar para la evaluación de la calidad de las estimaciones en encuestas de hogares del INE.</a>",Encuesta Suplementaria de Ingresos (ESI),PT,0
CL01:DF_BGYMEDIOOCU_CIUO(1.0),A,BGYMEDIOOCU,02,_T,2020,-40.6829154850577,,,1,"<a href="" https://www.ine.gob.cl/docs/default-source/institucionalidad/buenas-pr%C3%A1cticas/clasificaciones-y-estandares/est%C3%A1ndar-evaluaci%C3%B3n-de-calidad-de-estimaciones-publicaci%C3%B3n-27022020.pdf/"" target=""_blank"" rel=""noopener noreferrer"">La clasificación en estimaciones Fiables, Poco fiables y No fiables provienen del Estándar para la evaluación de la calidad de las estimaciones en encuestas de hogares del INE.</a>",Encuesta Suplementaria de Ingresos (ESI),PT,0
CL01:DF_BGYMEDIOOCU_CIUO(1.0),A,BGYMEDIOOCU,02,_T,2021,-31.2484052197292,,,1,"<a href="" https://www.ine.gob.cl/docs/default-source/institucionalidad/buenas-pr%C3%A1cticas/clasificaciones-y-estandares/est%C3%A1ndar-evaluaci%C3%B3n-de-calidad-de-estimaciones-publicaci%C3%B3n-27022020.pdf/"" target=""_blank"" rel=""noopener noreferrer"">La clasificación en estimaciones Fiables, Poco fiables y No fiables provienen del Estándar para la evaluación de la calidad de las estimaciones en encuestas de hogares del INE.</a>",Encuesta Suplementaria de Ingresos (ESI),PT,0
CL01:DF_BGYMEDIOOCU_CIUO(1.0),A,BGYMEDIOOCU,02,_T,2022,-40.4064378025573,,,1,"<a href="" https://www.ine.gob.cl/docs/default-source/institucionalidad/buenas-pr%C3%A1cticas/clasificaciones-y-estandares/est%C3%A1ndar-evaluaci%C3%B3n-de-calidad-de-estimaciones-publicaci%C3%B3n-27022020.pdf/"" target=""_blank"" rel=""noopener noreferrer"">La clasificación en estimaciones Fiables, Poco fiables y No fiables provienen del Estándar para la evaluación de la calidad de las estimaciones en encuestas de hogares del INE.</a>",Encuesta Suplementaria de Ingresos (ESI),PT,0
CL01:DF_BGYMEDIOOCU_CIUO(1.0),A,BGYMEDIOOCU,02,_T,2023,-37.4412946572321,,,1,"<a href="" https://www.ine.gob.cl/docs/default-source/institucionalidad/buenas-pr%C3%A1cticas/clasificaciones-y-estandares/est%C3%A1ndar-evaluaci%C3%B3n-de-calidad-de-estimaciones-publicaci%C3%B3n-27022020.pdf/"" target=""_blank"" rel=""noopener noreferrer"">La clasificación en estimaciones Fiables, Poco fiables y No fiables provienen del Estándar para la evaluación de la calidad de las estimaciones en encuestas de hogares del INE.</a>",Encuesta Suplementaria de Ingresos (ESI),PT,0
CL01:DF_BGYMEDIOOCU_CIUO(1.0),A,BGYMEDIOOCU,02,_T,2024,-34.3095356238384,,,1,"<a href="" https://www.ine.gob.cl/docs/default-source/institucionalidad/buenas-pr%C3%A1cticas/clasificaciones-y-estandares/est%C3%A1ndar-evaluaci%C3%B3n-de-calidad-de-estimaciones-publicaci%C3%B3n-27022020.pdf/"" target=""_blank"" rel=""noopener noreferrer"">La clasificación en estimaciones Fiables, Poco fiables y No fiables provienen del Estándar para la evaluación de la calidad de las estimaciones en encuestas de hogares del INE.</a>",Encuesta Suplementaria de Ingresos (ESI),PT,0
CL01:DF_BGYMEDIOOCU_CIUO(1.0),A,BGYMEDIOOCU,16,CIUO_0,2017,,X,,1,"<a href="" https://www.ine.gob.cl/docs/default-source/institucionalidad/buenas-pr%C3%A1cticas/clasificaciones-y-estandares/est%C3%A1ndar-evaluaci%C3%B3n-de-calidad-de-estimaciones-publicaci%C3%B3n-27022020.pdf/"" target=""_blank"" rel=""noopener noreferrer"">La clasificación en estimaciones Fiables, Poco fiables y No fiables provienen del Estándar para la evaluación de la calidad de las estimaciones en encuestas de hogares del INE.</a>",Encuesta Suplementaria de Ingresos (ESI),PT,0
CL01:DF_BGYMEDIOOCU_CIUO(1.0),A,BGYMEDIOOCU,16,CIUO_0,2018,,X,,1,"<a href="" https://www.ine.gob.cl/docs/default-source/institucionalidad/buenas-pr%C3%A1cticas/clasificaciones-y-estandares/est%C3%A1ndar-evaluaci%C3%B3n-de-calidad-de-estimaciones-publicaci%C3%B3n-27022020.pdf/"" target=""_blank"" rel=""noopener noreferrer"">La clasificación en estimaciones Fiables, Poco fiables y No fiables provienen del Estándar para la evaluación de la calidad de las estimaciones en encuestas de hogares del INE.</a>",Encuesta Suplementaria de Ingresos (ESI),PT,0
CL01:DF_BGYMEDIOOCU_CIUO(1.0),A,BGYMEDIOOCU,16,CIUO_0,2019,,X,,1,"<a href="" https://www.ine.gob.cl/docs/default-source/institucionalidad/buenas-pr%C3%A1cticas/clasificaciones-y-estandares/est%C3%A1ndar-evaluaci%C3%B3n-de-calidad-de-estimaciones-publicaci%C3%B3n-27022020.pdf/"" target=""_blank"" rel=""noopener noreferrer"">La clasificación en estimaciones Fiables, Poco fiables y No fiables provienen del Estándar para la evaluación de la calidad de las estimaciones en encuestas de hogares del INE.</a>",Encuesta Suplementaria de Ingresos (ESI),PT,0
CL01:DF_BGYMEDIOOCU_CIUO(1.0),A,BGYMEDIOOCU,16,CIUO_0,2020,,X,,1,"<a href="" https://www.ine.gob.cl/docs/default-source/institucionalidad/buenas-pr%C3%A1cticas/clasificaciones-y-estandares/est%C3%A1ndar-evaluaci%C3%B3n-de-calidad-de-estimaciones-publicaci%C3%B3n-27022020.pdf/"" target=""_blank"" rel=""noopener noreferrer"">La clasificación en estimaciones Fiables, Poco fiables y No fiables provienen del Estándar para la evaluación de la calidad de las estimaciones en encuestas de hogares del INE.</a>",Encuesta Suplementaria de Ingresos (ESI),PT,0
CL01:DF_BGYMEDIOOCU_CIUO(1.0),A,BGYMEDIOOCU,16,CIUO_0,2021,,X,,1,"<a href="" https://www.ine.gob.cl/docs/default-source/institucionalidad/buenas-pr%C3%A1cticas/clasificaciones-y-estandares/est%C3%A1ndar-evaluaci%C3%B3n-de-calidad-de-estimaciones-publicaci%C3%B3n-27022020.pdf/"" target=""_blank"" rel=""noopener noreferrer"">La clasificación en estimaciones Fiables, Poco fiables y No fiables provienen del Estándar para la evaluación de la calidad de las estimaciones en encuestas de hogares del INE.</a>",Encuesta Suplementaria de Ingresos (ESI),PT,0
CL01:DF_BGYMEDIOOCU_CIUO(1.0),A,BGYMEDIOOCU,16,CIUO_0,2022,,X,,1,"<a href="" https://www.ine.gob.cl/docs/default-source/institucionalidad/buenas-pr%C3%A1cticas/clasificaciones-y-estandares/est%C3%A1ndar-evaluaci%C3%B3n-de-calidad-de-estimaciones-publicaci%C3%B3n-27022020.pdf/"" target=""_blank"" rel=""noopener noreferrer"">La clasificación en estimaciones Fiables, Poco fiables y No fiables provienen del Estándar para la evaluación de la calidad de las estimaciones en encuestas de hogares del INE.</a>",Encuesta Suplementaria de Ingresos (ESI),PT,0
CL01:DF_BGYMEDIOOCU_CIUO(1.0),A,BGYMEDIOOCU,16,CIUO_0,2023,,X,,1,"<a href="" https://www.ine.gob.cl/docs/default-source/institucionalidad/buenas-pr%C3%A1cticas/clasificaciones-y-estandares/est%C3%A1ndar-evaluaci%C3%B3n-de-calidad-de-estimaciones-publicaci%C3%B3n-27022020.pdf/"" target=""_blank"" rel=""noopener noreferrer"">La clasificación en estimaciones Fiables, Poco fiables y No fiables provienen del Estándar para la evaluación de la calidad de las estimaciones en encuestas de hogares del INE.</a>",Encuesta Suplementaria de Ingresos (ESI),PT,0
CL01:DF_BGYMEDIOOCU_CIUO(1.0),A,BGYMEDIOOCU,16,CIUO_0,2024,,X,,1,"<a href="" https://www.ine.gob.cl/docs/default-source/institucionalidad/buenas-pr%C3%A1cticas/clasificaciones-y-estandares/est%C3%A1ndar-evaluaci%C3%B3n-de-calidad-de-estimaciones-publicaci%C3%B3n-27022020.pdf/"" target=""_blank"" rel=""noopener noreferrer"">La clasificación en estimaciones Fiables, Poco fiables y No fiables provienen del Estándar para la evaluación de la calidad de las estimaciones en encuestas de hogares del INE.</a>",Encuesta Suplementaria de Ingresos (ESI),PT,0
CL01:DF_BGYMEDIOOCU_CIUO(1.0),A,BGYMEDIOOCU,01,CIUO_5,2017,-47.5060988932154,,,1,"<a href="" https://www.ine.gob.cl/docs/default-source/institucionalidad/buenas-pr%C3%A1cticas/clasificaciones-y-estandares/est%C3%A1ndar-evaluaci%C3%B3n-de-calidad-de-estimaciones-publicaci%C3%B3n-27022020.pdf/"" target=""_blank"" rel=""noopener noreferrer"">La clasificación en estimaciones Fiables, Poco fiables y No fiables provienen del Estándar para la evaluación de la calidad de las estimaciones en encuestas de hogares del INE.</a>",Encuesta Suplementaria de Ingresos (ESI),PT,0
CL01:DF_BGYMEDIOOCU_CIUO(1.0),A,BGYMEDIOOCU,01,CIUO_5,2018,-38.036942130711,,,1,"<a href="" https://www.ine.gob.cl/docs/default-source/institucionalidad/buenas-pr%C3%A1cticas/clasificaciones-y-estandares/est%C3%A1ndar-evaluaci%C3%B3n-de-calidad-de-estimaciones-publicaci%C3%B3n-27022020.pdf/"" target=""_blank"" rel=""noopener noreferrer"">La clasificación en estimaciones Fiables, Poco fiables y No fiables provienen del Estándar para la evaluación de la calidad de las estimaciones en encuestas de hogares del INE.</a>",Encuesta Suplementaria de Ingresos (ESI),PT,0
CL01:DF_BGYMEDIOOCU_CIUO(1.0),A,BGYMEDIOOCU,01,CIUO_5,2019,-33.7605161656765,,,1,"<a href="" https://www.ine.gob.cl/docs/default-source/institucionalidad/buenas-pr%C3%A1cticas/clasificaciones-y-estandares/est%C3%A1ndar-evaluaci%C3%B3n-de-calidad-de-estimaciones-publicaci%C3%B3n-27022020.pdf/"" target=""_blank"" rel=""noopener noreferrer"">La clasificación en estimaciones Fiables, Poco fiables y No fiables provienen del Estándar para la evaluación de la calidad de las estimaciones en encuestas de hogares del INE.</a>",Encuesta Suplementaria de Ingresos (ESI),PT,0
CL01:DF_BGYMEDIOOCU_CIUO(1.0),A,BGYMEDIOOCU,01,CIUO_5,2020,-41.2568682613025,,,1,"<a href="" https://www.ine.gob.cl/docs/default-source/institucionalidad/buenas-pr%C3%A1cticas/clasificaciones-y-estandares/est%C3%A1ndar-evaluaci%C3%B3n-de-calidad-de-estimaciones-publicaci%C3%B3n-27022020.pdf/"" target=""_blank"" rel=""noopener noreferrer"">La clasificación en estimaciones Fiables, Poco fiables y No fiables provienen del Estándar para la evaluación de la calidad de las estimaciones en encuestas de hogares del INE.</a>",Encuesta Suplementaria de Ingresos (ESI),PT,0
CL01:DF_BGYMEDIOOCU_CIUO(1.0),A,BGYMEDIOOCU,01,CIUO_5,2021,-43.9793982007029,,,1,"<a href="" https://www.ine.gob.cl/docs/default-source/institucionalidad/buenas-pr%C3%A1cticas/clasificaciones-y-estandares/est%C3%A1ndar-evaluaci%C3%B3n-de-calidad-de-estimaciones-publicaci%C3%B3n-27022020.pdf/"" target=""_blank"" rel=""noopener noreferrer"">La clasificación en estimaciones Fiables, Poco fiables y No fiables provienen del Estándar para la evaluación de la calidad de las estimaciones en encuestas de hogares del INE.</a>",Encuesta Suplementaria de Ingresos (ESI),PT,0
CL01:DF_BGYMEDIOOCU_CIUO(1.0),A,BGYMEDIOOCU,01,CIUO_5,2022,-41.9116918057208,,,1,"<a href="" https://www.ine.gob.cl/docs/default-source/institucionalidad/buenas-pr%C3%A1cticas/clasificaciones-y-estandares/est%C3%A1ndar-evaluaci%C3%B3n-de-calidad-de-estimaciones-publicaci%C3%B3n-27022020.pdf/"" target=""_blank"" rel=""noopener noreferrer"">La clasificación en estimaciones Fiables, Poco fiables y No fiables provienen del Estándar para la evaluación de la calidad de las estimaciones en encuestas de hogares del INE.</a>",Encuesta Suplementaria de Ingresos (ESI),PT,0
CL01:DF_BGYMEDIOOCU_CIUO(1.0),A,BGYMEDIOOCU,01,CIUO_5,2023,-26.5860717590272,,,1,"<a href="" https://www.ine.gob.cl/docs/default-source/institucionalidad/buenas-pr%C3%A1cticas/clasificaciones-y-estandares/est%C3%A1ndar-evaluaci%C3%B3n-de-calidad-de-estimaciones-publicaci%C3%B3n-27022020.pdf/"" target=""_blank"" rel=""noopener noreferrer"">La clasificación en estimaciones Fiables, Poco fiables y No fiables provienen del Estándar para la evaluación de la calidad de las estimaciones en encuestas de hogares del INE.</a>",Encuesta Suplementaria de Ingresos (ESI),PT,0
CL01:DF_BGYMEDIOOCU_CIUO(1.0),A,BGYMEDIOOCU,01,CIUO_5,2024,-46.0016909423178,,,1,"<a href="" https://www.ine.gob.cl/docs/default-source/institucionalidad/buenas-pr%C3%A1cticas/clasificaciones-y-estandares/est%C3%A1ndar-evaluaci%C3%B3n-de-calidad-de-estimaciones-publicaci%C3%B3n-27022020.pdf/"" target=""_blank"" rel=""noopener noreferrer"">La clasificación en estimaciones Fiables, Poco fiables y No fiables provienen del Estándar para la evaluación de la calidad de las estimaciones en encuestas de hogares del INE.</a>",Encuesta Suplementaria de Ingresos (ESI),PT,0
CL01:DF_BGYMEDIOOCU_CIUO(1.0),A,BGYMEDIOOCU,01,CIUO_6,2017,-93.3083719453811,X,,1,"<a href="" https://www.ine.gob.cl/docs/default-source/institucionalidad/buenas-pr%C3%A1cticas/clasificaciones-y-estandares/est%C3%A1ndar-evaluaci%C3%B3n-de-calidad-de-estimaciones-publicaci%C3%B3n-27022020.pdf/"" target=""_blank"" rel=""noopener noreferrer"">La clasificación en estimaciones Fiables, Poco fiables y No fiables provienen del Estándar para la evaluación de la calidad de las estimaciones en encuestas de hogares del INE.</a>",Encuesta Suplementaria de Ingresos (ESI),PT,0
CL01:DF_BGYMEDIOOCU_CIUO(1.0),A,BGYMEDIOOCU,01,CIUO_6,2018,-61.6256752536788,X,,1,"<a href="" https://www.ine.gob.cl/docs/default-source/institucionalidad/buenas-pr%C3%A1cticas/clasificaciones-y-estandares/est%C3%A1ndar-evaluaci%C3%B3n-de-calidad-de-estimaciones-publicaci%C3%B3n-27022020.pdf/"" target=""_blank"" rel=""noopener noreferrer"">La clasificación en estimaciones Fiables, Poco fiables y No fiables provienen del Estándar para la evaluación de la calidad de las estimaciones en encuestas de hogares del INE.</a>",Encuesta Suplementaria de Ingresos (ESI),PT,0
CL01:DF_BGYMEDIOOCU_CIUO(1.0),A,BGYMEDIOOCU,01,CIUO_6,2019,-49.3259014154992,X,,1,"<a href="" https://www.ine.gob.cl/docs/default-source/institucionalidad/buenas-pr%C3%A1cticas/clasificaciones-y-estandares/est%C3%A1ndar-evaluaci%C3%B3n-de-calidad-de-estimaciones-publicaci%C3%B3n-27022020.pdf/"" target=""_blank"" rel=""noopener noreferrer"">La clasificación en estimaciones Fiables, Poco fiables y No fiables provienen del Estándar para la evaluación de la calidad de las estimaciones en encuestas de hogares del INE.</a>",Encuesta Suplementaria de Ingresos (ESI),PT,0
CL01:DF_BGYMEDIOOCU_CIUO(1.0),A,BGYMEDIOOCU,01,CIUO_6,2020,-52.2314405961912,X,,1,"<a href="" https://www.ine.gob.cl/docs/default-source/institucionalidad/buenas-pr%C3%A1cticas/clasificaciones-y-estandares/est%C3%A1ndar-evaluaci%C3%B3n-de-calidad-de-estimaciones-publicaci%C3%B3n-27022020.pdf/"" target=""_blank"" rel=""noopener noreferrer"">La clasificación en estimaciones Fiables, Poco fiables y No fiables provienen del Estándar para la evaluación de la calidad de las estimaciones en encuestas de hogares del INE.</a>",Encuesta Suplementaria de Ingresos (ESI),PT,0
CL01:DF_BGYMEDIOOCU_CIUO(1.0),A,BGYMEDIOOCU,01,CIUO_6,2021,-64.397815632492,X,,1,"<a href="" https://www.ine.gob.cl/docs/default-source/institucionalidad/buenas-pr%C3%A1cticas/clasificaciones-y-estandares/est%C3%A1ndar-evaluaci%C3%B3n-de-calidad-de-estimaciones-publicaci%C3%B3n-27022020.pdf/"" target=""_blank"" rel=""noopener noreferrer"">La clasificación en estimaciones Fiables, Poco fiables y No fiables provienen del Estándar para la evaluación de la calidad de las estimaciones en encuestas de hogares del INE.</a>",Encuesta Suplementaria de Ingresos (ESI),PT,0
CL01:DF_BGYMEDIOOCU_CIUO(1.0),A,BGYMEDIOOCU,01,CIUO_6,2022,-28.4205397769181,X,,1,"<a href="" https://www.ine.gob.cl/docs/default-source/institucionalidad/buenas-pr%C3%A1cticas/clasificaciones-y-estandares/est%C3%A1ndar-evaluaci%C3%B3n-de-calidad-de-estimaciones-publicaci%C3%B3n-27022020.pdf/"" target=""_blank"" rel=""noopener noreferrer"">La clasificación en estimaciones Fiables, Poco fiables y No fiables provienen del Estándar para la evaluación de la calidad de las estimaciones en encuestas de hogares del INE.</a>",Encuesta Suplementaria de Ingresos (ESI),PT,0
CL01:DF_BGYMEDIOOCU_CIUO(1.0),A,BGYMEDIOOCU,01,CIUO_6,2023,-47.2747680428046,X,,1,"<a href="" https://www.ine.gob.cl/docs/default-source/institucionalidad/buenas-pr%C3%A1cticas/clasificaciones-y-estandares/est%C3%A1ndar-evaluaci%C3%B3n-de-calidad-de-estimaciones-publicaci%C3%B3n-27022020.pdf/"" target=""_blank"" rel=""noopener noreferrer"">La clasificación en estimaciones Fiables, Poco fiables y No fiables provienen del Estándar para la evaluación de la calidad de las estimaciones en encuestas de hogares del INE.</a>",Encuesta Suplementaria de Ingresos (ESI),PT,0
CL01:DF_BGYMEDIOOCU_CIUO(1.0),A,BGYMEDIOOCU,01,CIUO_6,2024,-67.9852759249207,X,,1,"<a href="" https://www.ine.gob.cl/docs/default-source/institucionalidad/buenas-pr%C3%A1cticas/clasificaciones-y-estandares/est%C3%A1ndar-evaluaci%C3%B3n-de-calidad-de-estimaciones-publicaci%C3%B3n-27022020.pdf/"" target=""_blank"" rel=""noopener noreferrer"">La clasificación en estimaciones Fiables, Poco fiables y No fiables provienen del Estándar para la evaluación de la calidad de las estimaciones en encuestas de hogares del INE.</a>",Encuesta Suplementaria de Ingresos (ESI),PT,0
CL01:DF_BGYMEDIOOCU_CIUO(1.0),A,BGYMEDIOOCU,02,CIUO_2,2017,-46.6359584242083,,,1,"<a href="" https://www.ine.gob.cl/docs/default-source/institucionalidad/buenas-pr%C3%A1cticas/clasificaciones-y-estandares/est%C3%A1ndar-evaluaci%C3%B3n-de-calidad-de-estimaciones-publicaci%C3%B3n-27022020.pdf/"" target=""_blank"" rel=""noopener noreferrer"">La clasificación en estimaciones Fiables, Poco fiables y No fiables provienen del Estándar para la evaluación de la calidad de las estimaciones en encuestas de hogares del INE.</a>",Encuesta Suplementaria de Ingresos (ESI),PT,0
CL01:DF_BGYMEDIOOCU_CIUO(1.0),A,BGYMEDIOOCU,02,CIUO_2,2018,-28.4166575845399,,,1,"<a href="" https://www.ine.gob.cl/docs/default-source/institucionalidad/buenas-pr%C3%A1cticas/clasificaciones-y-estandares/est%C3%A1ndar-evaluaci%C3%B3n-de-calidad-de-estimaciones-publicaci%C3%B3n-27022020.pdf/"" target=""_blank"" rel=""noopener noreferrer"">La clasificación en estimaciones Fiables, Poco fiables y No fiables provienen del Estándar para la evaluación de la calidad de las estimaciones en encuestas de hogares del INE.</a>",Encuesta Suplementaria de Ingresos (ESI),PT,0
CL01:DF_BGYMEDIOOCU_CIUO(1.0),A,BGYMEDIOOCU,02,CIUO_2,2019,-32.300168231999,,,1,"<a href="" https://www.ine.gob.cl/docs/default-source/institucionalidad/buenas-pr%C3%A1cticas/clasificaciones-y-estandares/est%C3%A1ndar-evaluaci%C3%B3n-de-calidad-de-estimaciones-publicaci%C3%B3n-27022020.pdf/"" target=""_blank"" rel=""noopener noreferrer"">La clasificación en estimaciones Fiables, Poco fiables y No fiables provienen del Estándar para la evaluación de la calidad de las estimaciones en encuestas de hogares del INE.</a>",Encuesta Suplementaria de Ingresos (ESI),PT,0
CL01:DF_BGYMEDIOOCU_CIUO(1.0),A,BGYMEDIOOCU,02,CIUO_2,2020,-26.7449290845985,,,1,"<a href="" https://www.ine.gob.cl/docs/default-source/institucionalidad/buenas-pr%C3%A1cticas/clasificaciones-y-estandares/est%C3%A1ndar-evaluaci%C3%B3n-de-calidad-de-estimaciones-publicaci%C3%B3n-27022020.pdf/"" target=""_blank"" rel=""noopener noreferrer"">La clasificación en estimaciones Fiables, Poco fiables y No fiables provienen del Estándar para la evaluación de la calidad de las estimaciones en encuestas de hogares del INE.</a>",Encuesta Suplementaria de Ingresos (ESI),PT,0
CL01:DF_BGYMEDIOOCU_CIUO(1.0),A,BGYMEDIOOCU,02,CIUO_2,2021,-34.1719820505263,,,1,"<a href="" https://www.ine.gob.cl/docs/default-source/institucionalidad/buenas-pr%C3%A1cticas/clasificaciones-y-estandares/est%C3%A1ndar-evaluaci%C3%B3n-de-calidad-de-estimaciones-publicaci%C3%B3n-27022020.pdf/"" target=""_blank"" rel=""noopener noreferrer"">La clasificación en estimaciones Fiables, Poco fiables y No fiables provienen del Estándar para la evaluación de la calidad de las estimaciones en encuestas de hogares del INE.</a>",Encuesta Suplementaria de Ingresos (ESI),PT,0
CL01:DF_BGYMEDIOOCU_CIUO(1.0),A,BGYMEDIOOCU,02,CIUO_2,2022,-40.7822799047429,,,1,"<a href="" https://www.ine.gob.cl/docs/default-source/institucionalidad/buenas-pr%C3%A1cticas/clasificaciones-y-estandares/est%C3%A1ndar-evaluaci%C3%B3n-de-calidad-de-estimaciones-publicaci%C3%B3n-27022020.pdf/"" target=""_blank"" rel=""noopener noreferrer"">La clasificación en estimaciones Fiables, Poco fiables y No fiables provienen del Estándar para la evaluación de la calidad de las estimaciones en encuestas de hogares del INE.</a>",Encuesta Suplementaria de Ingresos (ESI),PT,0
CL01:DF_BGYMEDIOOCU_CIUO(1.0),A,BGYMEDIOOCU,02,CIUO_2,2023,-40.7307902018374,,,1,"<a href="" https://www.ine.gob.cl/docs/default-source/institucionalidad/buenas-pr%C3%A1cticas/clasificaciones-y-estandares/est%C3%A1ndar-evaluaci%C3%B3n-de-calidad-de-estimaciones-publicaci%C3%B3n-27022020.pdf/"" target=""_blank"" rel=""noopener noreferrer"">La clasificación en estimaciones Fiables, Poco fiables y No fiables provienen del Estándar para la evaluación de la calidad de las estimaciones en encuestas de hogares del INE.</a>",Encuesta Suplementaria de Ingresos (ESI),PT,0
CL01:DF_BGYMEDIOOCU_CIUO(1.0),A,BGYMEDIOOCU,02,CIUO_2,2024,-34.2489281966664,,,1,"<a href="" https://www.ine.gob.cl/docs/default-source/institucionalidad/buenas-pr%C3%A1cticas/clasificaciones-y-estandares/est%C3%A1ndar-evaluaci%C3%B3n-de-calidad-de-estimaciones-publicaci%C3%B3n-27022020.pdf/"" target=""_blank"" rel=""noopener noreferrer"">La clasificación en estimaciones Fiables, Poco fiables y No fiables provienen del Estándar para la evaluación de la calidad de las estimaciones en encuestas de hogares del INE.</a>",Encuesta Suplementaria de Ingresos (ESI),PT,0
CL01:DF_BGYMEDIOOCU_CIUO(1.0),A,BGYMEDIOOCU,05,CIUO_5,2017,-37.6836872486024,,,1,"<a href="" https://www.ine.gob.cl/docs/default-source/institucionalidad/buenas-pr%C3%A1cticas/clasificaciones-y-estandares/est%C3%A1ndar-evaluaci%C3%B3n-de-calidad-de-estimaciones-publicaci%C3%B3n-27022020.pdf/"" target=""_blank"" rel=""noopener noreferrer"">La clasificación en estimaciones Fiables, Poco fiables y No fiables provienen del Estándar para la evaluación de la calidad de las estimaciones en encuestas de hogares del INE.</a>",Encuesta Suplementaria de Ingresos (ESI),PT,0
CL01:DF_BGYMEDIOOCU_CIUO(1.0),A,BGYMEDIOOCU,05,CIUO_5,2018,-44.789597897764,,,1,"<a href="" https://www.ine.gob.cl/docs/default-source/institucionalidad/buenas-pr%C3%A1cticas/clasificaciones-y-estandares/est%C3%A1ndar-evaluaci%C3%B3n-de-calidad-de-estimaciones-publicaci%C3%B3n-27022020.pdf/"" target=""_blank"" rel=""noopener noreferrer"">La clasificación en estimaciones Fiables, Poco fiables y No fiables provienen del Estándar para la evaluación de la calidad de las estimaciones en encuestas de hogares del INE.</a>",Encuesta Suplementaria de Ingresos (ESI),PT,0
CL01:DF_BGYMEDIOOCU_CIUO(1.0),A,BGYMEDIOOCU,05,CIUO_5,2019,-46.5853631985472,Y,,1,"<a href="" https://www.ine.gob.cl/docs/default-source/institucionalidad/buenas-pr%C3%A1cticas/clasificaciones-y-estandares/est%C3%A1ndar-evaluaci%C3%B3n-de-calidad-de-estimaciones-publicaci%C3%B3n-27022020.pdf/"" target=""_blank"" rel=""noopener noreferrer"">La clasificación en estimaciones Fiables, Poco fiables y No fiables provienen del Estándar para la evaluación de la calidad de las estimaciones en encuestas de hogares del INE.</a>",Encuesta Suplementaria de Ingresos (ESI),PT,0
CL01:DF_BGYMEDIOOCU_CIUO(1.0),A,BGYMEDIOOCU,05,CIUO_5,2020,-26.5423482428387,,,1,"<a href="" https://www.ine.gob.cl/docs/default-source/institucionalidad/buenas-pr%C3%A1cticas/clasificaciones-y-estandares/est%C3%A1ndar-evaluaci%C3%B3n-de-calidad-de-estimaciones-publicaci%C3%B3n-27022020.pdf/"" target=""_blank"" rel=""noopener noreferrer"">La clasificación en estimaciones Fiables, Poco fiables y No fiables provienen del Estándar para la evaluación de la calidad de las estimaciones en encuestas de hogares del INE.</a>",Encuesta Suplementaria de Ingresos (ESI),PT,0
CL01:DF_BGYMEDIOOCU_CIUO(1.0),A,BGYMEDIOOCU,05,CIUO_5,2021,-37.1607763214781,,,1,"<a href="" https://www.ine.gob.cl/docs/default-source/institucionalidad/buenas-pr%C3%A1cticas/clasificaciones-y-estandares/est%C3%A1ndar-evaluaci%C3%B3n-de-calidad-de-estimaciones-publicaci%C3%B3n-27022020.pdf/"" target=""_blank"" rel=""noopener noreferrer"">La clasificación en estimaciones Fiables, Poco fiables y No fiables provienen del Estándar para la evaluación de la calidad de las estimaciones en encuestas de hogares del INE.</a>",Encuesta Suplementaria de Ingresos (ESI),PT,0
CL01:DF_BGYMEDIOOCU_CIUO(1.0),A,BGYMEDIOOCU,05,CIUO_5,2022,-32.5858465071207,,,1,"<a href="" https://www.ine.gob.cl/docs/default-source/institucionalidad/buenas-pr%C3%A1cticas/clasificaciones-y-estandares/est%C3%A1ndar-evaluaci%C3%B3n-de-calidad-de-estimaciones-publicaci%C3%B3n-27022020.pdf/"" target=""_blank"" rel=""noopener noreferrer"">La clasificación en estimaciones Fiables, Poco fiables y No fiables provienen del Estándar para la evaluación de la calidad de las estimaciones en encuestas de hogares del INE.</a>",Encuesta Suplementaria de Ingresos (ESI),PT,0
CL01:DF_BGYMEDIOOCU_CIUO(1.0),A,BGYMEDIOOCU,05,CIUO_5,2023,-28.0656992517306,,,1,"<a href="" https://www.ine.gob.cl/docs/default-source/institucionalidad/buenas-pr%C3%A1cticas/clasificaciones-y-estandares/est%C3%A1ndar-evaluaci%C3%B3n-de-calidad-de-estimaciones-publicaci%C3%B3n-27022020.pdf/"" target=""_blank"" rel=""noopener noreferrer"">La clasificación en estimaciones Fiables, Poco fiables y No fiables provienen del Estándar para la evaluación de la calidad de las estimaciones en encuestas de hogares del INE.</a>",Encuesta Suplementaria de Ingresos (ESI),PT,0
CL01:DF_BGYMEDIOOCU_CIUO(1.0),A,BGYMEDIOOCU,05,CIUO_5,2024,-30.3037298410136,,,1,"<a href="" https://www.ine.gob.cl/docs/default-source/institucionalidad/buenas-pr%C3%A1cticas/clasificaciones-y-estandares/est%C3%A1ndar-evaluaci%C3%B3n-de-calidad-de-estimaciones-publicaci%C3%B3n-27022020.pdf/"" target=""_blank"" rel=""noopener noreferrer"">La clasificación en estimaciones Fiables, Poco fiables y No fiables provienen del Estándar para la evaluación de la calidad de las estimaciones en encuestas de hogares del INE.</a>",Encuesta Suplementaria de Ingresos (ESI),PT,0
CL01:DF_BGYMEDIOOCU_CIUO(1.0),A,BGYMEDIOOCU,05,CIUO_6,2017,-16.2105497298306,Y,,1,"<a href="" https://www.ine.gob.cl/docs/default-source/institucionalidad/buenas-pr%C3%A1cticas/clasificaciones-y-estandares/est%C3%A1ndar-evaluaci%C3%B3n-de-calidad-de-estimaciones-publicaci%C3%B3n-27022020.pdf/"" target=""_blank"" rel=""noopener noreferrer"">La clasificación en estimaciones Fiables, Poco fiables y No fiables provienen del Estándar para la evaluación de la calidad de las estimaciones en encuestas de hogares del INE.</a>",Encuesta Suplementaria de Ingresos (ESI),PT,0
CL01:DF_BGYMEDIOOCU_CIUO(1.0),A,BGYMEDIOOCU,05,CIUO_6,2018,0.788099170294745,Y,,1,"<a href="" https://www.ine.gob.cl/docs/default-source/institucionalidad/buenas-pr%C3%A1cticas/clasificaciones-y-estandares/est%C3%A1ndar-evaluaci%C3%B3n-de-calidad-de-estimaciones-publicaci%C3%B3n-27022020.pdf/"" target=""_blank"" rel=""noopener noreferrer"">La clasificación en estimaciones Fiables, Poco fiables y No fiables provienen del Estándar para la evaluación de la calidad de las estimaciones en encuestas de hogares del INE.</a>",Encuesta Suplementaria de Ingresos (ESI),PT,0
CL01:DF_BGYMEDIOOCU_CIUO(1.0),A,BGYMEDIOOCU,05,CIUO_6,2019,-16.0817468545394,,,1,"<a href="" https://www.ine.gob.cl/docs/default-source/institucionalidad/buenas-pr%C3%A1cticas/clasificaciones-y-estandares/est%C3%A1ndar-evaluaci%C3%B3n-de-calidad-de-estimaciones-publicaci%C3%B3n-27022020.pdf/"" target=""_blank"" rel=""noopener noreferrer"">La clasificación en estimaciones Fiables, Poco fiables y No fiables provienen del Estándar para la evaluación de la calidad de las estimaciones en encuestas de hogares del INE.</a>",Encuesta Suplementaria de Ingresos (ESI),PT,0
CL01:DF_BGYMEDIOOCU_CIUO(1.0),A,BGYMEDIOOCU,05,CIUO_6,2020,-13.7127168114853,Y,,1,"<a href="" https://www.ine.gob.cl/docs/default-source/institucionalidad/buenas-pr%C3%A1cticas/clasificaciones-y-estandares/est%C3%A1ndar-evaluaci%C3%B3n-de-calidad-de-estimaciones-publicaci%C3%B3n-27022020.pdf/"" target=""_blank"" rel=""noopener noreferrer"">La clasificación en estimaciones Fiables, Poco fiables y No fiables provienen del Estándar para la evaluación de la calidad de las estimaciones en encuestas de hogares del INE.</a>",Encuesta Suplementaria de Ingresos (ESI),PT,0
CL01:DF_BGYMEDIOOCU_CIUO(1.0),A,BGYMEDIOOCU,05,CIUO_6,2021,-23.8073584092984,,,1,"<a href="" https://www.ine.gob.cl/docs/default-source/institucionalidad/buenas-pr%C3%A1cticas/clasificaciones-y-estandares/est%C3%A1ndar-evaluaci%C3%B3n-de-calidad-de-estimaciones-publicaci%C3%B3n-27022020.pdf/"" target=""_blank"" rel=""noopener noreferrer"">La clasificación en estimaciones Fiables, Poco fiables y No fiables provienen del Estándar para la evaluación de la calidad de las estimaciones en encuestas de hogares del INE.</a>",Encuesta Suplementaria de Ingresos (ESI),PT,0
CL01:DF_BGYMEDIOOCU_CIUO(1.0),A,BGYMEDIOOCU,05,CIUO_6,2022,-47.2698823004418,Y,,1,"<a href="" https://www.ine.gob.cl/docs/default-source/institucionalidad/buenas-pr%C3%A1cticas/clasificaciones-y-estandares/est%C3%A1ndar-evaluaci%C3%B3n-de-calidad-de-estimaciones-publicaci%C3%B3n-27022020.pdf/"" target=""_blank"" rel=""noopener noreferrer"">La clasificación en estimaciones Fiables, Poco fiables y No fiables provienen del Estándar para la evaluación de la calidad de las estimaciones en encuestas de hogares del INE.</a>",Encuesta Suplementaria de Ingresos (ESI),PT,0
CL01:DF_BGYMEDIOOCU_CIUO(1.0),A,BGYMEDIOOCU,05,CIUO_6,2023,-39.9797618309821,Y,,1,"<a href="" https://www.ine.gob.cl/docs/default-source/institucionalidad/buenas-pr%C3%A1cticas/clasificaciones-y-estandares/est%C3%A1ndar-evaluaci%C3%B3n-de-calidad-de-estimaciones-publicaci%C3%B3n-27022020.pdf/"" target=""_blank"" rel=""noopener noreferrer"">La clasificación en estimaciones Fiables, Poco fiables y No fiables provienen del Estándar para la evaluación de la calidad de las estimaciones en encuestas de hogares del INE.</a>",Encuesta Suplementaria de Ingresos (ESI),PT,0
CL01:DF_BGYMEDIOOCU_CIUO(1.0),A,BGYMEDIOOCU,05,CIUO_6,2024,20.9799422710165,,,1,"<a href="" https://www.ine.gob.cl/docs/default-source/institucionalidad/buenas-pr%C3%A1cticas/clasificaciones-y-estandares/est%C3%A1ndar-evaluaci%C3%B3n-de-calidad-de-estimaciones-publicaci%C3%B3n-27022020.pdf/"" target=""_blank"" rel=""noopener noreferrer"">La clasificación en estimaciones Fiables, Poco fiables y No fiables provienen del Estándar para la evaluación de la calidad de las estimaciones en encuestas de hogares del INE.</a>",Encuesta Suplementaria de Ingresos (ESI),PT,0
CL01:DF_BGYMEDIOOCU_CIUO(1.0),A,BGYMEDIOOCU,06,CIUO_8,2017,-49.4638688702695,Y,,1,"<a href="" https://www.ine.gob.cl/docs/default-source/institucionalidad/buenas-pr%C3%A1cticas/clasificaciones-y-estandares/est%C3%A1ndar-evaluaci%C3%B3n-de-calidad-de-estimaciones-publicaci%C3%B3n-27022020.pdf/"" target=""_blank"" rel=""noopener noreferrer"">La clasificación en estimaciones Fiables, Poco fiables y No fiables provienen del Estándar para la evaluación de la calidad de las estimaciones en encuestas de hogares del INE.</a>",Encuesta Suplementaria de Ingresos (ESI),PT,0
CL01:DF_BGYMEDIOOCU_CIUO(1.0),A,BGYMEDIOOCU,06,CIUO_8,2018,-12.3775282024089,Y,,1,"<a href="" https://www.ine.gob.cl/docs/default-source/institucionalidad/buenas-pr%C3%A1cticas/clasificaciones-y-estandares/est%C3%A1ndar-evaluaci%C3%B3n-de-calidad-de-estimaciones-publicaci%C3%B3n-27022020.pdf/"" target=""_blank"" rel=""noopener noreferrer"">La clasificación en estimaciones Fiables, Poco fiables y No fiables provienen del Estándar para la evaluación de la calidad de las estimaciones en encuestas de hogares del INE.</a>",Encuesta Suplementaria de Ingresos (ESI),PT,0
CL01:DF_BGYMEDIOOCU_CIUO(1.0),A,BGYMEDIOOCU,06,CIUO_8,2019,10.396509547995,Y,,1,"<a href="" https://www.ine.gob.cl/docs/default-source/institucionalidad/buenas-pr%C3%A1cticas/clasificaciones-y-estandares/est%C3%A1ndar-evaluaci%C3%B3n-de-calidad-de-estimaciones-publicaci%C3%B3n-27022020.pdf/"" target=""_blank"" rel=""noopener noreferrer"">La clasificación en estimaciones Fiables, Poco fiables y No fiables provienen del Estándar para la evaluación de la calidad de las estimaciones en encuestas de hogares del INE.</a>",Encuesta Suplementaria de Ingresos (ESI),PT,0
CL01:DF_BGYMEDIOOCU_CIUO(1.0),A,BGYMEDIOOCU,06,CIUO_8,2020,-25.3915106904663,,,1,"<a href="" https://www.ine.gob.cl/docs/default-source/institucionalidad/buenas-pr%C3%A1cticas/clasificaciones-y-estandares/est%C3%A1ndar-evaluaci%C3%B3n-de-calidad-de-estimaciones-publicaci%C3%B3n-27022020.pdf/"" target=""_blank"" rel=""noopener noreferrer"">La clasificación en estimaciones Fiables, Poco fiables y No fiables provienen del Estándar para la evaluación de la calidad de las estimaciones en encuestas de hogares del INE.</a>",Encuesta Suplementaria de Ingresos (ESI),PT,0
CL01:DF_BGYMEDIOOCU_CIUO(1.0),A,BGYMEDIOOCU,06,CIUO_8,2021,-33.4887774967893,,,1,"<a href="" https://www.ine.gob.cl/docs/default-source/institucionalidad/buenas-pr%C3%A1cticas/clasificaciones-y-estandares/est%C3%A1ndar-evaluaci%C3%B3n-de-calidad-de-estimaciones-publicaci%C3%B3n-27022020.pdf/"" target=""_blank"" rel=""noopener noreferrer"">La clasificación en estimaciones Fiables, Poco fiables y No fiables provienen del Estándar para la evaluación de la calidad de las estimaciones en encuestas de hogares del INE.</a>",Encuesta Suplementaria de Ingresos (ESI),PT,0
CL01:DF_BGYMEDIOOCU_CIUO(1.0),A,BGYMEDIOOCU,06,CIUO_8,2022,-0.403985900480258,X,,1,"<a href="" https://www.ine.gob.cl/docs/default-source/institucionalidad/buenas-pr%C3%A1cticas/clasificaciones-y-estandares/est%C3%A1ndar-evaluaci%C3%B3n-de-calidad-de-estimaciones-publicaci%C3%B3n-27022020.pdf/"" target=""_blank"" rel=""noopener noreferrer"">La clasificación en estimaciones Fiables, Poco fiables y No fiables provienen del Estándar para la evaluación de la calidad de las estimaciones en encuestas de hogares del INE.</a>",Encuesta Suplementaria de Ingresos (ESI),PT,0
CL01:DF_BGYMEDIOOCU_CIUO(1.0),A,BGYMEDIOOCU,06,CIUO_8,2023,-17.6353960734353,Y,,1,"<a href="" https://www.ine.gob.cl/docs/default-source/institucionalidad/buenas-pr%C3%A1cticas/clasificaciones-y-estandares/est%C3%A1ndar-evaluaci%C3%B3n-de-calidad-de-estimaciones-publicaci%C3%B3n-27022020.pdf/"" target=""_blank"" rel=""noopener noreferrer"">La clasificación en estimaciones Fiables, Poco fiables y No fiables provienen del Estándar para la evaluación de la calidad de las estimaciones en encuestas de hogares del INE.</a>",Encuesta Suplementaria de Ingresos (ESI),PT,0
CL01:DF_BGYMEDIOOCU_CIUO(1.0),A,BGYMEDIOOCU,06,CIUO_8,2024,-24.8486732603631,Y,,1,"<a href="" https://www.ine.gob.cl/docs/default-source/institucionalidad/buenas-pr%C3%A1cticas/clasificaciones-y-estandares/est%C3%A1ndar-evaluaci%C3%B3n-de-calidad-de-estimaciones-publicaci%C3%B3n-27022020.pdf/"" target=""_blank"" rel=""noopener noreferrer"">La clasificación en estimaciones Fiables, Poco fiables y No fiables provienen del Estándar para la evaluación de la calidad de las estimaciones en encuestas de hogares del INE.</a>",Encuesta Suplementaria de Ingresos (ESI),PT,0
CL01:DF_BGYMEDIOOCU_CIUO(1.0),A,BGYMEDIOOCU,07,CIUO_5,2017,-33.9346425482251,,,1,"<a href="" https://www.ine.gob.cl/docs/default-source/institucionalidad/buenas-pr%C3%A1cticas/clasificaciones-y-estandares/est%C3%A1ndar-evaluaci%C3%B3n-de-calidad-de-estimaciones-publicaci%C3%B3n-27022020.pdf/"" target=""_blank"" rel=""noopener noreferrer"">La clasificación en estimaciones Fiables, Poco fiables y No fiables provienen del Estándar para la evaluación de la calidad de las estimaciones en encuestas de hogares del INE.</a>",Encuesta Suplementaria de Ingresos (ESI),PT,0
CL01:DF_BGYMEDIOOCU_CIUO(1.0),A,BGYMEDIOOCU,07,CIUO_5,2018,-43.4372636745611,,,1,"<a href="" https://www.ine.gob.cl/docs/default-source/institucionalidad/buenas-pr%C3%A1cticas/clasificaciones-y-estandares/est%C3%A1ndar-evaluaci%C3%B3n-de-calidad-de-estimaciones-publicaci%C3%B3n-27022020.pdf/"" target=""_blank"" rel=""noopener noreferrer"">La clasificación en estimaciones Fiables, Poco fiables y No fiables provienen del Estándar para la evaluación de la calidad de las estimaciones en encuestas de hogares del INE.</a>",Encuesta Suplementaria de Ingresos (ESI),PT,0
CL01:DF_BGYMEDIOOCU_CIUO(1.0),A,BGYMEDIOOCU,07,CIUO_5,2019,-37.8565332116284,,,1,"<a href="" https://www.ine.gob.cl/docs/default-source/institucionalidad/buenas-pr%C3%A1cticas/clasificaciones-y-estandares/est%C3%A1ndar-evaluaci%C3%B3n-de-calidad-de-estimaciones-publicaci%C3%B3n-27022020.pdf/"" target=""_blank"" rel=""noopener noreferrer"">La clasificación en estimaciones Fiables, Poco fiables y No fiables provienen del Estándar para la evaluación de la calidad de las estimaciones en encuestas de hogares del INE.</a>",Encuesta Suplementaria de Ingresos (ESI),PT,0
CL01:DF_BGYMEDIOOCU_CIUO(1.0),A,BGYMEDIOOCU,07,CIUO_5,2020,-49.1505143809281,,,1,"<a href="" https://www.ine.gob.cl/docs/default-source/institucionalidad/buenas-pr%C3%A1cticas/clasificaciones-y-estandares/est%C3%A1ndar-evaluaci%C3%B3n-de-calidad-de-estimaciones-publicaci%C3%B3n-27022020.pdf/"" target=""_blank"" rel=""noopener noreferrer"">La clasificación en estimaciones Fiables, Poco fiables y No fiables provienen del Estándar para la evaluación de la calidad de las estimaciones en encuestas de hogares del INE.</a>",Encuesta Suplementaria de Ingresos (ESI),PT,0
CL01:DF_BGYMEDIOOCU_CIUO(1.0),A,BGYMEDIOOCU,07,CIUO_5,2021,-25.2828318038925,,,1,"<a href="" https://www.ine.gob.cl/docs/default-source/institucionalidad/buenas-pr%C3%A1cticas/clasificaciones-y-estandares/est%C3%A1ndar-evaluaci%C3%B3n-de-calidad-de-estimaciones-publicaci%C3%B3n-27022020.pdf/"" target=""_blank"" rel=""noopener noreferrer"">La clasificación en estimaciones Fiables, Poco fiables y No fiables provienen del Estándar para la evaluación de la calidad de las estimaciones en encuestas de hogares del INE.</a>",Encuesta Suplementaria de Ingresos (ESI),PT,0
CL01:DF_BGYMEDIOOCU_CIUO(1.0),A,BGYMEDIOOCU,07,CIUO_5,2022,-30.1720525413983,,,1,"<a href="" https://www.ine.gob.cl/docs/default-source/institucionalidad/buenas-pr%C3%A1cticas/clasificaciones-y-estandares/est%C3%A1ndar-evaluaci%C3%B3n-de-calidad-de-estimaciones-publicaci%C3%B3n-27022020.pdf/"" target=""_blank"" rel=""noopener noreferrer"">La clasificación en estimaciones Fiables, Poco fiables y No fiables provienen del Estándar para la evaluación de la calidad de las estimaciones en encuestas de hogares del INE.</a>",Encuesta Suplementaria de Ingresos (ESI),PT,0
CL01:DF_BGYMEDIOOCU_CIUO(1.0),A,BGYMEDIOOCU,07,CIUO_5,2023,-31.1053092154032,,,1,"<a href="" https://www.ine.gob.cl/docs/default-source/institucionalidad/buenas-pr%C3%A1cticas/clasificaciones-y-estandares/est%C3%A1ndar-evaluaci%C3%B3n-de-calidad-de-estimaciones-publicaci%C3%B3n-27022020.pdf/"" target=""_blank"" rel=""noopener noreferrer"">La clasificación en estimaciones Fiables, Poco fiables y No fiables provienen del Estándar para la evaluación de la calidad de las estimaciones en encuestas de hogares del INE.</a>",Encuesta Suplementaria de Ingresos (ESI),PT,0
CL01:DF_BGYMEDIOOCU_CIUO(1.0),A,BGYMEDIOOCU,07,CIUO_5,2024,-24.8135094500195,,,1,"<a href="" https://www.ine.gob.cl/docs/default-source/institucionalidad/buenas-pr%C3%A1cticas/clasificaciones-y-estandares/est%C3%A1ndar-evaluaci%C3%B3n-de-calidad-de-estimaciones-publicaci%C3%B3n-27022020.pdf/"" target=""_blank"" rel=""noopener noreferrer"">La clasificación en estimaciones Fiables, Poco fiables y No fiables provienen del Estándar para la evaluación de la calidad de las estimaciones en encuestas de hogares del INE.</a>",Encuesta Suplementaria de Ingresos (ESI),PT,0
CL01:DF_BGYMEDIOOCU_CIUO(1.0),A,BGYMEDIOOCU,12,CIUO_7,2017,-16.844589697351,X,,1,"<a href="" https://www.ine.gob.cl/docs/default-source/institucionalidad/buenas-pr%C3%A1cticas/clasificaciones-y-estandares/est%C3%A1ndar-evaluaci%C3%B3n-de-calidad-de-estimaciones-publicaci%C3%B3n-27022020.pdf/"" target=""_blank"" rel=""noopener noreferrer"">La clasificación en estimaciones Fiables, Poco fiables y No fiables provienen del Estándar para la evaluación de la calidad de las estimaciones en encuestas de hogares del INE.</a>",Encuesta Suplementaria de Ingresos (ESI),PT,0
CL01:DF_BGYMEDIOOCU_CIUO(1.0),A,BGYMEDIOOCU,12,CIUO_7,2018,-58.3555368768227,X,,1,"<a href="" https://www.ine.gob.cl/docs/default-source/institucionalidad/buenas-pr%C3%A1cticas/clasificaciones-y-estandares/est%C3%A1ndar-evaluaci%C3%B3n-de-calidad-de-estimaciones-publicaci%C3%B3n-27022020.pdf/"" target=""_blank"" rel=""noopener noreferrer"">La clasificación en estimaciones Fiables, Poco fiables y No fiables provienen del Estándar para la evaluación de la calidad de las estimaciones en encuestas de hogares del INE.</a>",Encuesta Suplementaria de Ingresos (ESI),PT,0
CL01:DF_BGYMEDIOOCU_CIUO(1.0),A,BGYMEDIOOCU,12,CIUO_7,2019,-40.9864619249074,Y,,1,"<a href="" https://www.ine.gob.cl/docs/default-source/institucionalidad/buenas-pr%C3%A1cticas/clasificaciones-y-estandares/est%C3%A1ndar-evaluaci%C3%B3n-de-calidad-de-estimaciones-publicaci%C3%B3n-27022020.pdf/"" target=""_blank"" rel=""noopener noreferrer"">La clasificación en estimaciones Fiables, Poco fiables y No fiables provienen del Estándar para la evaluación de la calidad de las estimaciones en encuestas de hogares del INE.</a>",Encuesta Suplementaria de Ingresos (ESI),PT,0
CL01:DF_BGYMEDIOOCU_CIUO(1.0),A,BGYMEDIOOCU,12,CIUO_7,2020,-51.4070650892963,X,,1,"<a href="" https://www.ine.gob.cl/docs/default-source/institucionalidad/buenas-pr%C3%A1cticas/clasificaciones-y-estandares/est%C3%A1ndar-evaluaci%C3%B3n-de-calidad-de-estimaciones-publicaci%C3%B3n-27022020.pdf/"" target=""_blank"" rel=""noopener noreferrer"">La clasificación en estimaciones Fiables, Poco fiables y No fiables provienen del Estándar para la evaluación de la calidad de las estimaciones en encuestas de hogares del INE.</a>",Encuesta Suplementaria de Ingresos (ESI),PT,0
CL01:DF_BGYMEDIOOCU_CIUO(1.0),A,BGYMEDIOOCU,12,CIUO_7,2021,-50.5298468163004,Y,,1,"<a href="" https://www.ine.gob.cl/docs/default-source/institucionalidad/buenas-pr%C3%A1cticas/clasificaciones-y-estandares/est%C3%A1ndar-evaluaci%C3%B3n-de-calidad-de-estimaciones-publicaci%C3%B3n-27022020.pdf/"" target=""_blank"" rel=""noopener noreferrer"">La clasificación en estimaciones Fiables, Poco fiables y No fiables provienen del Estándar para la evaluación de la calidad de las estimaciones en encuestas de hogares del INE.</a>",Encuesta Suplementaria de Ingresos (ESI),PT,0
CL01:DF_BGYMEDIOOCU_CIUO(1.0),A,BGYMEDIOOCU,12,CIUO_7,2022,-26.3893146842776,Y,,1,"<a href="" https://www.ine.gob.cl/docs/default-source/institucionalidad/buenas-pr%C3%A1cticas/clasificaciones-y-estandares/est%C3%A1ndar-evaluaci%C3%B3n-de-calidad-de-estimaciones-publicaci%C3%B3n-27022020.pdf/"" target=""_blank"" rel=""noopener noreferrer"">La clasificación en estimaciones Fiables, Poco fiables y No fiables provienen del Estándar para la evaluación de la calidad de las estimaciones en encuestas de hogares del INE.</a>",Encuesta Suplementaria de Ingresos (ESI),PT,0
CL01:DF_BGYMEDIOOCU_CIUO(1.0),A,BGYMEDIOOCU,12,CIUO_7,2023,-57.0137747500806,Y,,1,"<a href="" https://www.ine.gob.cl/docs/default-source/institucionalidad/buenas-pr%C3%A1cticas/clasificaciones-y-estandares/est%C3%A1ndar-evaluaci%C3%B3n-de-calidad-de-estimaciones-publicaci%C3%B3n-27022020.pdf/"" target=""_blank"" rel=""noopener noreferrer"">La clasificación en estimaciones Fiables, Poco fiables y No fiables provienen del Estándar para la evaluación de la calidad de las estimaciones en encuestas de hogares del INE.</a>",Encuesta Suplementaria de Ingresos (ESI),PT,0
CL01:DF_BGYMEDIOOCU_CIUO(1.0),A,BGYMEDIOOCU,12,CIUO_7,2024,-47.593425140441,Y,,1,"<a href="" https://www.ine.gob.cl/docs/default-source/institucionalidad/buenas-pr%C3%A1cticas/clasificaciones-y-estandares/est%C3%A1ndar-evaluaci%C3%B3n-de-calidad-de-estimaciones-publicaci%C3%B3n-27022020.pdf/"" target=""_blank"" rel=""noopener noreferrer"">La clasificación en estimaciones Fiables, Poco fiables y No fiables provienen del Estándar para la evaluación de la calidad de las estimaciones en encuestas de hogares del INE.</a>",Encuesta Suplementaria de Ingresos (ESI),PT,0
CL01:DF_BGYMEDIOOCU_CIUO(1.0),A,BGYMEDIOOCU,13,CIUO_7,2017,-50.8543953816539,,,1,"<a href="" https://www.ine.gob.cl/docs/default-source/institucionalidad/buenas-pr%C3%A1cticas/clasificaciones-y-estandares/est%C3%A1ndar-evaluaci%C3%B3n-de-calidad-de-estimaciones-publicaci%C3%B3n-27022020.pdf/"" target=""_blank"" rel=""noopener noreferrer"">La clasificación en estimaciones Fiables, Poco fiables y No fiables provienen del Estándar para la evaluación de la calidad de las estimaciones en encuestas de hogares del INE.</a>",Encuesta Suplementaria de Ingresos (ESI),PT,0
CL01:DF_BGYMEDIOOCU_CIUO(1.0),A,BGYMEDIOOCU,13,CIUO_7,2018,-24.8132635224909,Y,,1,"<a href="" https://www.ine.gob.cl/docs/default-source/institucionalidad/buenas-pr%C3%A1cticas/clasificaciones-y-estandares/est%C3%A1ndar-evaluaci%C3%B3n-de-calidad-de-estimaciones-publicaci%C3%B3n-27022020.pdf/"" target=""_blank"" rel=""noopener noreferrer"">La clasificación en estimaciones Fiables, Poco fiables y No fiables provienen del Estándar para la evaluación de la calidad de las estimaciones en encuestas de hogares del INE.</a>",Encuesta Suplementaria de Ingresos (ESI),PT,0
CL01:DF_BGYMEDIOOCU_CIUO(1.0),A,BGYMEDIOOCU,13,CIUO_7,2019,-53.1038177011867,,,1,"<a href="" https://www.ine.gob.cl/docs/default-source/institucionalidad/buenas-pr%C3%A1cticas/clasificaciones-y-estandares/est%C3%A1ndar-evaluaci%C3%B3n-de-calidad-de-estimaciones-publicaci%C3%B3n-27022020.pdf/"" target=""_blank"" rel=""noopener noreferrer"">La clasificación en estimaciones Fiables, Poco fiables y No fiables provienen del Estándar para la evaluación de la calidad de las estimaciones en encuestas de hogares del INE.</a>",Encuesta Suplementaria de Ingresos (ESI),PT,0
CL01:DF_BGYMEDIOOCU_CIUO(1.0),A,BGYMEDIOOCU,13,CIUO_7,2020,-56.7552307536718,,,1,"<a href="" https://www.ine.gob.cl/docs/default-source/institucionalidad/buenas-pr%C3%A1cticas/clasificaciones-y-estandares/est%C3%A1ndar-evaluaci%C3%B3n-de-calidad-de-estimaciones-publicaci%C3%B3n-27022020.pdf/"" target=""_blank"" rel=""noopener noreferrer"">La clasificación en estimaciones Fiables, Poco fiables y No fiables provienen del Estándar para la evaluación de la calidad de las estimaciones en encuestas de hogares del INE.</a>",Encuesta Suplementaria de Ingresos (ESI),PT,0
CL01:DF_BGYMEDIOOCU_CIUO(1.0),A,BGYMEDIOOCU,13,CIUO_7,2021,-43.7931824768856,,,1,"<a href="" https://www.ine.gob.cl/docs/default-source/institucionalidad/buenas-pr%C3%A1cticas/clasificaciones-y-estandares/est%C3%A1ndar-evaluaci%C3%B3n-de-calidad-de-estimaciones-publicaci%C3%B3n-27022020.pdf/"" target=""_blank"" rel=""noopener noreferrer"">La clasificación en estimaciones Fiables, Poco fiables y No fiables provienen del Estándar para la evaluación de la calidad de las estimaciones en encuestas de hogares del INE.</a>",Encuesta Suplementaria de Ingresos (ESI),PT,0
CL01:DF_BGYMEDIOOCU_CIUO(1.0),A,BGYMEDIOOCU,13,CIUO_7,2022,-50.8732378800079,,,1,"<a href="" https://www.ine.gob.cl/docs/default-source/institucionalidad/buenas-pr%C3%A1cticas/clasificaciones-y-estandares/est%C3%A1ndar-evaluaci%C3%B3n-de-calidad-de-estimaciones-publicaci%C3%B3n-27022020.pdf/"" target=""_blank"" rel=""noopener noreferrer"">La clasificación en estimaciones Fiables, Poco fiables y No fiables provienen del Estándar para la evaluación de la calidad de las estimaciones en encuestas de hogares del INE.</a>",Encuesta Suplementaria de Ingresos (ESI),PT,0
CL01:DF_BGYMEDIOOCU_CIUO(1.0),A,BGYMEDIOOCU,13,CIUO_7,2023,-37.3028049610207,,,1,"<a href="" https://www.ine.gob.cl/docs/default-source/institucionalidad/buenas-pr%C3%A1cticas/clasificaciones-y-estandares/est%C3%A1ndar-evaluaci%C3%B3n-de-calidad-de-estimaciones-publicaci%C3%B3n-27022020.pdf/"" target=""_blank"" rel=""noopener noreferrer"">La clasificación en estimaciones Fiables, Poco fiables y No fiables provienen del Estándar para la evaluación de la calidad de las estimaciones en encuestas de hogares del INE.</a>",Encuesta Suplementaria de Ingresos (ESI),PT,0
CL01:DF_BGYMEDIOOCU_CIUO(1.0),A,BGYMEDIOOCU,13,CIUO_7,2024,-35.3602600526184,,,1,"<a href="" https://www.ine.gob.cl/docs/default-source/institucionalidad/buenas-pr%C3%A1cticas/clasificaciones-y-estandares/est%C3%A1ndar-evaluaci%C3%B3n-de-calidad-de-estimaciones-publicaci%C3%B3n-27022020.pdf/"" target=""_blank"" rel=""noopener noreferrer"">La clasificación en estimaciones Fiables, Poco fiables y No fiables provienen del Estándar para la evaluación de la calidad de las estimaciones en encuestas de hogares del INE.</a>",Encuesta Suplementaria de Ingresos (ESI),PT,0
CL01:DF_BGYMEDIOOCU_CIUO(1.0),A,BGYMEDIOOCU,15,CIUO_8,2017,20.3424689072139,X,,1,"<a href="" https://www.ine.gob.cl/docs/default-source/institucionalidad/buenas-pr%C3%A1cticas/clasificaciones-y-estandares/est%C3%A1ndar-evaluaci%C3%B3n-de-calidad-de-estimaciones-publicaci%C3%B3n-27022020.pdf/"" target=""_blank"" rel=""noopener noreferrer"">La clasificación en estimaciones Fiables, Poco fiables y No fiables provienen del Estándar para la evaluación de la calidad de las estimaciones en encuestas de hogares del INE.</a>",Encuesta Suplementaria de Ingresos (ESI),PT,0
CL01:DF_BGYMEDIOOCU_CIUO(1.0),A,BGYMEDIOOCU,15,CIUO_8,2018,-36.9380767983005,X,,1,"<a href="" https://www.ine.gob.cl/docs/default-source/institucionalidad/buenas-pr%C3%A1cticas/clasificaciones-y-estandares/est%C3%A1ndar-evaluaci%C3%B3n-de-calidad-de-estimaciones-publicaci%C3%B3n-27022020.pdf/"" target=""_blank"" rel=""noopener noreferrer"">La clasificación en estimaciones Fiables, Poco fiables y No fiables provienen del Estándar para la evaluación de la calidad de las estimaciones en encuestas de hogares del INE.</a>",Encuesta Suplementaria de Ingresos (ESI),PT,0
CL01:DF_BGYMEDIOOCU_CIUO(1.0),A,BGYMEDIOOCU,15,CIUO_8,2019,-28.2402484478472,Y,,1,"<a href="" https://www.ine.gob.cl/docs/default-source/institucionalidad/buenas-pr%C3%A1cticas/clasificaciones-y-estandares/est%C3%A1ndar-evaluaci%C3%B3n-de-calidad-de-estimaciones-publicaci%C3%B3n-27022020.pdf/"" target=""_blank"" rel=""noopener noreferrer"">La clasificación en estimaciones Fiables, Poco fiables y No fiables provienen del Estándar para la evaluación de la calidad de las estimaciones en encuestas de hogares del INE.</a>",Encuesta Suplementaria de Ingresos (ESI),PT,0
CL01:DF_BGYMEDIOOCU_CIUO(1.0),A,BGYMEDIOOCU,15,CIUO_8,2020,-93.3891774880046,X,,1,"<a href="" https://www.ine.gob.cl/docs/default-source/institucionalidad/buenas-pr%C3%A1cticas/clasificaciones-y-estandares/est%C3%A1ndar-evaluaci%C3%B3n-de-calidad-de-estimaciones-publicaci%C3%B3n-27022020.pdf/"" target=""_blank"" rel=""noopener noreferrer"">La clasificación en estimaciones Fiables, Poco fiables y No fiables provienen del Estándar para la evaluación de la calidad de las estimaciones en encuestas de hogares del INE.</a>",Encuesta Suplementaria de Ingresos (ESI),PT,0
CL01:DF_BGYMEDIOOCU_CIUO(1.0),A,BGYMEDIOOCU,15,CIUO_8,2021,-31.3691692378572,,,1,"<a href="" https://www.ine.gob.cl/docs/default-source/institucionalidad/buenas-pr%C3%A1cticas/clasificaciones-y-estandares/est%C3%A1ndar-evaluaci%C3%B3n-de-calidad-de-estimaciones-publicaci%C3%B3n-27022020.pdf/"" target=""_blank"" rel=""noopener noreferrer"">La clasificación en estimaciones Fiables, Poco fiables y No fiables provienen del Estándar para la evaluación de la calidad de las estimaciones en encuestas de hogares del INE.</a>",Encuesta Suplementaria de Ingresos (ESI),PT,0
CL01:DF_BGYMEDIOOCU_CIUO(1.0),A,BGYMEDIOOCU,15,CIUO_8,2022,-48.049206834106,Y,,1,"<a href="" https://www.ine.gob.cl/docs/default-source/institucionalidad/buenas-pr%C3%A1cticas/clasificaciones-y-estandares/est%C3%A1ndar-evaluaci%C3%B3n-de-calidad-de-estimaciones-publicaci%C3%B3n-27022020.pdf/"" target=""_blank"" rel=""noopener noreferrer"">La clasificación en estimaciones Fiables, Poco fiables y No fiables provienen del Estándar para la evaluación de la calidad de las estimaciones en encuestas de hogares del INE.</a>",Encuesta Suplementaria de Ingresos (ESI),PT,0
CL01:DF_BGYMEDIOOCU_CIUO(1.0),A,BGYMEDIOOCU,15,CIUO_8,2023,-38.2595739448355,Y,,1,"<a href="" https://www.ine.gob.cl/docs/default-source/institucionalidad/buenas-pr%C3%A1cticas/clasificaciones-y-estandares/est%C3%A1ndar-evaluaci%C3%B3n-de-calidad-de-estimaciones-publicaci%C3%B3n-27022020.pdf/"" target=""_blank"" rel=""noopener noreferrer"">La clasificación en estimaciones Fiables, Poco fiables y No fiables provienen del Estándar para la evaluación de la calidad de las estimaciones en encuestas de hogares del INE.</a>",Encuesta Suplementaria de Ingresos (ESI),PT,0
CL01:DF_BGYMEDIOOCU_CIUO(1.0),A,BGYMEDIOOCU,15,CIUO_8,2024,-46.8057854727921,Y,,1,"<a href="" https://www.ine.gob.cl/docs/default-source/institucionalidad/buenas-pr%C3%A1cticas/clasificaciones-y-estandares/est%C3%A1ndar-evaluaci%C3%B3n-de-calidad-de-estimaciones-publicaci%C3%B3n-27022020.pdf/"" target=""_blank"" rel=""noopener noreferrer"">La clasificación en estimaciones Fiables, Poco fiables y No fiables provienen del Estándar para la evaluación de la calidad de las estimaciones en encuestas de hogares del INE.</a>",Encuesta Suplementaria de Ingresos (ESI),PT,0
CL01:DF_BGYMEDIOOCU_CIUO(1.0),A,BGYMEDIOOCU,11,_T,2017,-24.4711447891218,,,1,"<a href="" https://www.ine.gob.cl/docs/default-source/institucionalidad/buenas-pr%C3%A1cticas/clasificaciones-y-estandares/est%C3%A1ndar-evaluaci%C3%B3n-de-calidad-de-estimaciones-publicaci%C3%B3n-27022020.pdf/"" target=""_blank"" rel=""noopener noreferrer"">La clasificación en estimaciones Fiables, Poco fiables y No fiables provienen del Estándar para la evaluación de la calidad de las estimaciones en encuestas de hogares del INE.</a>",Encuesta Suplementaria de Ingresos (ESI),PT,0
CL01:DF_BGYMEDIOOCU_CIUO(1.0),A,BGYMEDIOOCU,11,_T,2018,-20.5890014236664,,,1,"<a href="" https://www.ine.gob.cl/docs/default-source/institucionalidad/buenas-pr%C3%A1cticas/clasificaciones-y-estandares/est%C3%A1ndar-evaluaci%C3%B3n-de-calidad-de-estimaciones-publicaci%C3%B3n-27022020.pdf/"" target=""_blank"" rel=""noopener noreferrer"">La clasificación en estimaciones Fiables, Poco fiables y No fiables provienen del Estándar para la evaluación de la calidad de las estimaciones en encuestas de hogares del INE.</a>",Encuesta Suplementaria de Ingresos (ESI),PT,0
CL01:DF_BGYMEDIOOCU_CIUO(1.0),A,BGYMEDIOOCU,11,_T,2019,-7.755533229582,,,1,"<a href="" https://www.ine.gob.cl/docs/default-source/institucionalidad/buenas-pr%C3%A1cticas/clasificaciones-y-estandares/est%C3%A1ndar-evaluaci%C3%B3n-de-calidad-de-estimaciones-publicaci%C3%B3n-27022020.pdf/"" target=""_blank"" rel=""noopener noreferrer"">La clasificación en estimaciones Fiables, Poco fiables y No fiables provienen del Estándar para la evaluación de la calidad de las estimaciones en encuestas de hogares del INE.</a>",Encuesta Suplementaria de Ingresos (ESI),PT,0
CL01:DF_BGYMEDIOOCU_CIUO(1.0),A,BGYMEDIOOCU,11,_T,2020,-9.54033547360006,,,1,"<a href="" https://www.ine.gob.cl/docs/default-source/institucionalidad/buenas-pr%C3%A1cticas/clasificaciones-y-estandares/est%C3%A1ndar-evaluaci%C3%B3n-de-calidad-de-estimaciones-publicaci%C3%B3n-27022020.pdf/"" target=""_blank"" rel=""noopener noreferrer"">La clasificación en estimaciones Fiables, Poco fiables y No fiables provienen del Estándar para la evaluación de la calidad de las estimaciones en encuestas de hogares del INE.</a>",Encuesta Suplementaria de Ingresos (ESI),PT,0
CL01:DF_BGYMEDIOOCU_CIUO(1.0),A,BGYMEDIOOCU,11,_T,2021,-21.4146700924198,,,1,"<a href="" https://www.ine.gob.cl/docs/default-source/institucionalidad/buenas-pr%C3%A1cticas/clasificaciones-y-estandares/est%C3%A1ndar-evaluaci%C3%B3n-de-calidad-de-estimaciones-publicaci%C3%B3n-27022020.pdf/"" target=""_blank"" rel=""noopener noreferrer"">La clasificación en estimaciones Fiables, Poco fiables y No fiables provienen del Estándar para la evaluación de la calidad de las estimaciones en encuestas de hogares del INE.</a>",Encuesta Suplementaria de Ingresos (ESI),PT,0
CL01:DF_BGYMEDIOOCU_CIUO(1.0),A,BGYMEDIOOCU,11,_T,2022,-29.081720450284,,,1,"<a href="" https://www.ine.gob.cl/docs/default-source/institucionalidad/buenas-pr%C3%A1cticas/clasificaciones-y-estandares/est%C3%A1ndar-evaluaci%C3%B3n-de-calidad-de-estimaciones-publicaci%C3%B3n-27022020.pdf/"" target=""_blank"" rel=""noopener noreferrer"">La clasificación en estimaciones Fiables, Poco fiables y No fiables provienen del Estándar para la evaluación de la calidad de las estimaciones en encuestas de hogares del INE.</a>",Encuesta Suplementaria de Ingresos (ESI),PT,0
CL01:DF_BGYMEDIOOCU_CIUO(1.0),A,BGYMEDIOOCU,11,_T,2023,-22.7835188259978,,,1,"<a href="" https://www.ine.gob.cl/docs/default-source/institucionalidad/buenas-pr%C3%A1cticas/clasificaciones-y-estandares/est%C3%A1ndar-evaluaci%C3%B3n-de-calidad-de-estimaciones-publicaci%C3%B3n-27022020.pdf/"" target=""_blank"" rel=""noopener noreferrer"">La clasificación en estimaciones Fiables, Poco fiables y No fiables provienen del Estándar para la evaluación de la calidad de las estimaciones en encuestas de hogares del INE.</a>",Encuesta Suplementaria de Ingresos (ESI),PT,0
CL01:DF_BGYMEDIOOCU_CIUO(1.0),A,BGYMEDIOOCU,11,_T,2024,-16.0712866231168,,,1,"<a href="" https://www.ine.gob.cl/docs/default-source/institucionalidad/buenas-pr%C3%A1cticas/clasificaciones-y-estandares/est%C3%A1ndar-evaluaci%C3%B3n-de-calidad-de-estimaciones-publicaci%C3%B3n-27022020.pdf/"" target=""_blank"" rel=""noopener noreferrer"">La clasificación en estimaciones Fiables, Poco fiables y No fiables provienen del Estándar para la evaluación de la calidad de las estimaciones en encuestas de hogares del INE.</a>",Encuesta Suplementaria de Ingresos (ESI),PT,0
CL01:DF_BGYMEDIOOCU_CIUO(1.0),A,BGYMEDIOOCU,14,_T,2017,-18.1601791070376,,,1,"<a href="" https://www.ine.gob.cl/docs/default-source/institucionalidad/buenas-pr%C3%A1cticas/clasificaciones-y-estandares/est%C3%A1ndar-evaluaci%C3%B3n-de-calidad-de-estimaciones-publicaci%C3%B3n-27022020.pdf/"" target=""_blank"" rel=""noopener noreferrer"">La clasificación en estimaciones Fiables, Poco fiables y No fiables provienen del Estándar para la evaluación de la calidad de las estimaciones en encuestas de hogares del INE.</a>",Encuesta Suplementaria de Ingresos (ESI),PT,0
CL01:DF_BGYMEDIOOCU_CIUO(1.0),A,BGYMEDIOOCU,14,_T,2018,-14.31255896937,,,1,"<a href="" https://www.ine.gob.cl/docs/default-source/institucionalidad/buenas-pr%C3%A1cticas/clasificaciones-y-estandares/est%C3%A1ndar-evaluaci%C3%B3n-de-calidad-de-estimaciones-publicaci%C3%B3n-27022020.pdf/"" target=""_blank"" rel=""noopener noreferrer"">La clasificación en estimaciones Fiables, Poco fiables y No fiables provienen del Estándar para la evaluación de la calidad de las estimaciones en encuestas de hogares del INE.</a>",Encuesta Suplementaria de Ingresos (ESI),PT,0
CL01:DF_BGYMEDIOOCU_CIUO(1.0),A,BGYMEDIOOCU,14,_T,2019,-26.4240081527023,,,1,"<a href="" https://www.ine.gob.cl/docs/default-source/institucionalidad/buenas-pr%C3%A1cticas/clasificaciones-y-estandares/est%C3%A1ndar-evaluaci%C3%B3n-de-calidad-de-estimaciones-publicaci%C3%B3n-27022020.pdf/"" target=""_blank"" rel=""noopener noreferrer"">La clasificación en estimaciones Fiables, Poco fiables y No fiables provienen del Estándar para la evaluación de la calidad de las estimaciones en encuestas de hogares del INE.</a>",Encuesta Suplementaria de Ingresos (ESI),PT,0
CL01:DF_BGYMEDIOOCU_CIUO(1.0),A,BGYMEDIOOCU,14,_T,2020,-12.8477228806163,,,1,"<a href="" https://www.ine.gob.cl/docs/default-source/institucionalidad/buenas-pr%C3%A1cticas/clasificaciones-y-estandares/est%C3%A1ndar-evaluaci%C3%B3n-de-calidad-de-estimaciones-publicaci%C3%B3n-27022020.pdf/"" target=""_blank"" rel=""noopener noreferrer"">La clasificación en estimaciones Fiables, Poco fiables y No fiables provienen del Estándar para la evaluación de la calidad de las estimaciones en encuestas de hogares del INE.</a>",Encuesta Suplementaria de Ingresos (ESI),PT,0
CL01:DF_BGYMEDIOOCU_CIUO(1.0),A,BGYMEDIOOCU,14,_T,2021,-19.9789757945423,,,1,"<a href="" https://www.ine.gob.cl/docs/default-source/institucionalidad/buenas-pr%C3%A1cticas/clasificaciones-y-estandares/est%C3%A1ndar-evaluaci%C3%B3n-de-calidad-de-estimaciones-publicaci%C3%B3n-27022020.pdf/"" target=""_blank"" rel=""noopener noreferrer"">La clasificación en estimaciones Fiables, Poco fiables y No fiables provienen del Estándar para la evaluación de la calidad de las estimaciones en encuestas de hogares del INE.</a>",Encuesta Suplementaria de Ingresos (ESI),PT,0
CL01:DF_BGYMEDIOOCU_CIUO(1.0),A,BGYMEDIOOCU,14,_T,2022,-26.2372438911344,,,1,"<a href="" https://www.ine.gob.cl/docs/default-source/institucionalidad/buenas-pr%C3%A1cticas/clasificaciones-y-estandares/est%C3%A1ndar-evaluaci%C3%B3n-de-calidad-de-estimaciones-publicaci%C3%B3n-27022020.pdf/"" target=""_blank"" rel=""noopener noreferrer"">La clasificación en estimaciones Fiables, Poco fiables y No fiables provienen del Estándar para la evaluación de la calidad de las estimaciones en encuestas de hogares del INE.</a>",Encuesta Suplementaria de Ingresos (ESI),PT,0
CL01:DF_BGYMEDIOOCU_CIUO(1.0),A,BGYMEDIOOCU,14,_T,2023,-27.2212989947189,,,1,"<a href="" https://www.ine.gob.cl/docs/default-source/institucionalidad/buenas-pr%C3%A1cticas/clasificaciones-y-estandares/est%C3%A1ndar-evaluaci%C3%B3n-de-calidad-de-estimaciones-publicaci%C3%B3n-27022020.pdf/"" target=""_blank"" rel=""noopener noreferrer"">La clasificación en estimaciones Fiables, Poco fiables y No fiables provienen del Estándar para la evaluación de la calidad de las estimaciones en encuestas de hogares del INE.</a>",Encuesta Suplementaria de Ingresos (ESI),PT,0
CL01:DF_BGYMEDIOOCU_CIUO(1.0),A,BGYMEDIOOCU,14,_T,2024,-23.0117760401731,,,1,"<a href="" https://www.ine.gob.cl/docs/default-source/institucionalidad/buenas-pr%C3%A1cticas/clasificaciones-y-estandares/est%C3%A1ndar-evaluaci%C3%B3n-de-calidad-de-estimaciones-publicaci%C3%B3n-27022020.pdf/"" target=""_blank"" rel=""noopener noreferrer"">La clasificación en estimaciones Fiables, Poco fiables y No fiables provienen del Estándar para la evaluación de la calidad de las estimaciones en encuestas de hogares del INE.</a>",Encuesta Suplementaria de Ingresos (ESI),PT,0
CL01:DF_BGYMEDIOOCU_CIUO(1.0),A,BGYMEDIOOCU,_T,CIUO_7,2017,-57.4225939612194,,,1,"<a href="" https://www.ine.gob.cl/docs/default-source/institucionalidad/buenas-pr%C3%A1cticas/clasificaciones-y-estandares/est%C3%A1ndar-evaluaci%C3%B3n-de-calidad-de-estimaciones-publicaci%C3%B3n-27022020.pdf/"" target=""_blank"" rel=""noopener noreferrer"">La clasificación en estimaciones Fiables, Poco fiables y No fiables provienen del Estándar para la evaluación de la calidad de las estimaciones en encuestas de hogares del INE.</a>",Encuesta Suplementaria de Ingresos (ESI),PT,0
CL01:DF_BGYMEDIOOCU_CIUO(1.0),A,BGYMEDIOOCU,_T,CIUO_7,2018,-46.581253560884,Y,,1,"<a href="" https://www.ine.gob.cl/docs/default-source/institucionalidad/buenas-pr%C3%A1cticas/clasificaciones-y-estandares/est%C3%A1ndar-evaluaci%C3%B3n-de-calidad-de-estimaciones-publicaci%C3%B3n-27022020.pdf/"" target=""_blank"" rel=""noopener noreferrer"">La clasificación en estimaciones Fiables, Poco fiables y No fiables provienen del Estándar para la evaluación de la calidad de las estimaciones en encuestas de hogares del INE.</a>",Encuesta Suplementaria de Ingresos (ESI),PT,0
CL01:DF_BGYMEDIOOCU_CIUO(1.0),A,BGYMEDIOOCU,_T,CIUO_7,2019,-58.6403858219316,,,1,"<a href="" https://www.ine.gob.cl/docs/default-source/institucionalidad/buenas-pr%C3%A1cticas/clasificaciones-y-estandares/est%C3%A1ndar-evaluaci%C3%B3n-de-calidad-de-estimaciones-publicaci%C3%B3n-27022020.pdf/"" target=""_blank"" rel=""noopener noreferrer"">La clasificación en estimaciones Fiables, Poco fiables y No fiables provienen del Estándar para la evaluación de la calidad de las estimaciones en encuestas de hogares del INE.</a>",Encuesta Suplementaria de Ingresos (ESI),PT,0
CL01:DF_BGYMEDIOOCU_CIUO(1.0),A,BGYMEDIOOCU,_T,CIUO_7,2020,-60.0950689064492,,,1,"<a href="" https://www.ine.gob.cl/docs/default-source/institucionalidad/buenas-pr%C3%A1cticas/clasificaciones-y-estandares/est%C3%A1ndar-evaluaci%C3%B3n-de-calidad-de-estimaciones-publicaci%C3%B3n-27022020.pdf/"" target=""_blank"" rel=""noopener noreferrer"">La clasificación en estimaciones Fiables, Poco fiables y No fiables provienen del Estándar para la evaluación de la calidad de las estimaciones en encuestas de hogares del INE.</a>",Encuesta Suplementaria de Ingresos (ESI),PT,0
CL01:DF_BGYMEDIOOCU_CIUO(1.0),A,BGYMEDIOOCU,_T,CIUO_7,2021,-50.8107855097422,,,1,"<a href="" https://www.ine.gob.cl/docs/default-source/institucionalidad/buenas-pr%C3%A1cticas/clasificaciones-y-estandares/est%C3%A1ndar-evaluaci%C3%B3n-de-calidad-de-estimaciones-publicaci%C3%B3n-27022020.pdf/"" target=""_blank"" rel=""noopener noreferrer"">La clasificación en estimaciones Fiables, Poco fiables y No fiables provienen del Estándar para la evaluación de la calidad de las estimaciones en encuestas de hogares del INE.</a>",Encuesta Suplementaria de Ingresos (ESI),PT,0
CL01:DF_BGYMEDIOOCU_CIUO(1.0),A,BGYMEDIOOCU,_T,CIUO_7,2022,-55.4698650471517,,,1,"<a href="" https://www.ine.gob.cl/docs/default-source/institucionalidad/buenas-pr%C3%A1cticas/clasificaciones-y-estandares/est%C3%A1ndar-evaluaci%C3%B3n-de-calidad-de-estimaciones-publicaci%C3%B3n-27022020.pdf/"" target=""_blank"" rel=""noopener noreferrer"">La clasificación en estimaciones Fiables, Poco fiables y No fiables provienen del Estándar para la evaluación de la calidad de las estimaciones en encuestas de hogares del INE.</a>",Encuesta Suplementaria de Ingresos (ESI),PT,0
CL01:DF_BGYMEDIOOCU_CIUO(1.0),A,BGYMEDIOOCU,_T,CIUO_7,2023,-50.435807328603,,,1,"<a href="" https://www.ine.gob.cl/docs/default-source/institucionalidad/buenas-pr%C3%A1cticas/clasificaciones-y-estandares/est%C3%A1ndar-evaluaci%C3%B3n-de-calidad-de-estimaciones-publicaci%C3%B3n-27022020.pdf/"" target=""_blank"" rel=""noopener noreferrer"">La clasificación en estimaciones Fiables, Poco fiables y No fiables provienen del Estándar para la evaluación de la calidad de las estimaciones en encuestas de hogares del INE.</a>",Encuesta Suplementaria de Ingresos (ESI),PT,0
CL01:DF_BGYMEDIOOCU_CIUO(1.0),A,BGYMEDIOOCU,_T,CIUO_7,2024,-47.4910829078718,,,1,"<a href="" https://www.ine.gob.cl/docs/default-source/institucionalidad/buenas-pr%C3%A1cticas/clasificaciones-y-estandares/est%C3%A1ndar-evaluaci%C3%B3n-de-calidad-de-estimaciones-publicaci%C3%B3n-27022020.pdf/"" target=""_blank"" rel=""noopener noreferrer"">La clasificación en estimaciones Fiables, Poco fiables y No fiables provienen del Estándar para la evaluación de la calidad de las estimaciones en encuestas de hogares del INE.</a>",Encuesta Suplementaria de Ingresos (ESI),PT,0
CL01:DF_BGYMEDIOOCU_CIUO(1.0),A,BGYMEDIOOCU,16,CIUO_SC,2017,,X,,1,"<a href="" https://www.ine.gob.cl/docs/default-source/institucionalidad/buenas-pr%C3%A1cticas/clasificaciones-y-estandares/est%C3%A1ndar-evaluaci%C3%B3n-de-calidad-de-estimaciones-publicaci%C3%B3n-27022020.pdf/"" target=""_blank"" rel=""noopener noreferrer"">La clasificación en estimaciones Fiables, Poco fiables y No fiables provienen del Estándar para la evaluación de la calidad de las estimaciones en encuestas de hogares del INE.</a>",Encuesta Suplementaria de Ingresos (ESI),PT,0
CL01:DF_BGYMEDIOOCU_CIUO(1.0),A,BGYMEDIOOCU,16,CIUO_SC,2018,,X,,1,"<a href="" https://www.ine.gob.cl/docs/default-source/institucionalidad/buenas-pr%C3%A1cticas/clasificaciones-y-estandares/est%C3%A1ndar-evaluaci%C3%B3n-de-calidad-de-estimaciones-publicaci%C3%B3n-27022020.pdf/"" target=""_blank"" rel=""noopener noreferrer"">La clasificación en estimaciones Fiables, Poco fiables y No fiables provienen del Estándar para la evaluación de la calidad de las estimaciones en encuestas de hogares del INE.</a>",Encuesta Suplementaria de Ingresos (ESI),PT,0
CL01:DF_BGYMEDIOOCU_CIUO(1.0),A,BGYMEDIOOCU,16,CIUO_SC,2019,,X,,1,"<a href="" https://www.ine.gob.cl/docs/default-source/institucionalidad/buenas-pr%C3%A1cticas/clasificaciones-y-estandares/est%C3%A1ndar-evaluaci%C3%B3n-de-calidad-de-estimaciones-publicaci%C3%B3n-27022020.pdf/"" target=""_blank"" rel=""noopener noreferrer"">La clasificación en estimaciones Fiables, Poco fiables y No fiables provienen del Estándar para la evaluación de la calidad de las estimaciones en encuestas de hogares del INE.</a>",Encuesta Suplementaria de Ingresos (ESI),PT,0
CL01:DF_BGYMEDIOOCU_CIUO(1.0),A,BGYMEDIOOCU,16,CIUO_SC,2020,,X,,1,"<a href="" https://www.ine.gob.cl/docs/default-source/institucionalidad/buenas-pr%C3%A1cticas/clasificaciones-y-estandares/est%C3%A1ndar-evaluaci%C3%B3n-de-calidad-de-estimaciones-publicaci%C3%B3n-27022020.pdf/"" target=""_blank"" rel=""noopener noreferrer"">La clasificación en estimaciones Fiables, Poco fiables y No fiables provienen del Estándar para la evaluación de la calidad de las estimaciones en encuestas de hogares del INE.</a>",Encuesta Suplementaria de Ingresos (ESI),PT,0
CL01:DF_BGYMEDIOOCU_CIUO(1.0),A,BGYMEDIOOCU,16,CIUO_SC,2021,,X,,1,"<a href="" https://www.ine.gob.cl/docs/default-source/institucionalidad/buenas-pr%C3%A1cticas/clasificaciones-y-estandares/est%C3%A1ndar-evaluaci%C3%B3n-de-calidad-de-estimaciones-publicaci%C3%B3n-27022020.pdf/"" target=""_blank"" rel=""noopener noreferrer"">La clasificación en estimaciones Fiables, Poco fiables y No fiables provienen del Estándar para la evaluación de la calidad de las estimaciones en encuestas de hogares del INE.</a>",Encuesta Suplementaria de Ingresos (ESI),PT,0
CL01:DF_BGYMEDIOOCU_CIUO(1.0),A,BGYMEDIOOCU,16,CIUO_SC,2022,,X,,1,"<a href="" https://www.ine.gob.cl/docs/default-source/institucionalidad/buenas-pr%C3%A1cticas/clasificaciones-y-estandares/est%C3%A1ndar-evaluaci%C3%B3n-de-calidad-de-estimaciones-publicaci%C3%B3n-27022020.pdf/"" target=""_blank"" rel=""noopener noreferrer"">La clasificación en estimaciones Fiables, Poco fiables y No fiables provienen del Estándar para la evaluación de la calidad de las estimaciones en encuestas de hogares del INE.</a>",Encuesta Suplementaria de Ingresos (ESI),PT,0
CL01:DF_BGYMEDIOOCU_CIUO(1.0),A,BGYMEDIOOCU,16,CIUO_SC,2023,-3.98619224641529,X,,1,"<a href="" https://www.ine.gob.cl/docs/default-source/institucionalidad/buenas-pr%C3%A1cticas/clasificaciones-y-estandares/est%C3%A1ndar-evaluaci%C3%B3n-de-calidad-de-estimaciones-publicaci%C3%B3n-27022020.pdf/"" target=""_blank"" rel=""noopener noreferrer"">La clasificación en estimaciones Fiables, Poco fiables y No fiables provienen del Estándar para la evaluación de la calidad de las estimaciones en encuestas de hogares del INE.</a>",Encuesta Suplementaria de Ingresos (ESI),PT,0
CL01:DF_BGYMEDIOOCU_CIUO(1.0),A,BGYMEDIOOCU,16,CIUO_SC,2024,,X,,1,"<a href="" https://www.ine.gob.cl/docs/default-source/institucionalidad/buenas-pr%C3%A1cticas/clasificaciones-y-estandares/est%C3%A1ndar-evaluaci%C3%B3n-de-calidad-de-estimaciones-publicaci%C3%B3n-27022020.pdf/"" target=""_blank"" rel=""noopener noreferrer"">La clasificación en estimaciones Fiables, Poco fiables y No fiables provienen del Estándar para la evaluación de la calidad de las estimaciones en encuestas de hogares del INE.</a>",Encuesta Suplementaria de Ingresos (ESI),PT,0
CL01:DF_BGYMEDIOOCU_CIUO(1.0),A,BGYMEDIOOCU,02,CIUO_8,2017,-28.489985183778,Y,,1,"<a href="" https://www.ine.gob.cl/docs/default-source/institucionalidad/buenas-pr%C3%A1cticas/clasificaciones-y-estandares/est%C3%A1ndar-evaluaci%C3%B3n-de-calidad-de-estimaciones-publicaci%C3%B3n-27022020.pdf/"" target=""_blank"" rel=""noopener noreferrer"">La clasificación en estimaciones Fiables, Poco fiables y No fiables provienen del Estándar para la evaluación de la calidad de las estimaciones en encuestas de hogares del INE.</a>",Encuesta Suplementaria de Ingresos (ESI),PT,0
CL01:DF_BGYMEDIOOCU_CIUO(1.0),A,BGYMEDIOOCU,02,CIUO_8,2018,-24.5626063777673,X,,1,"<a href="" https://www.ine.gob.cl/docs/default-source/institucionalidad/buenas-pr%C3%A1cticas/clasificaciones-y-estandares/est%C3%A1ndar-evaluaci%C3%B3n-de-calidad-de-estimaciones-publicaci%C3%B3n-27022020.pdf/"" target=""_blank"" rel=""noopener noreferrer"">La clasificación en estimaciones Fiables, Poco fiables y No fiables provienen del Estándar para la evaluación de la calidad de las estimaciones en encuestas de hogares del INE.</a>",Encuesta Suplementaria de Ingresos (ESI),PT,0
CL01:DF_BGYMEDIOOCU_CIUO(1.0),A,BGYMEDIOOCU,02,CIUO_8,2019,-27.7276153084696,Y,,1,"<a href="" https://www.ine.gob.cl/docs/default-source/institucionalidad/buenas-pr%C3%A1cticas/clasificaciones-y-estandares/est%C3%A1ndar-evaluaci%C3%B3n-de-calidad-de-estimaciones-publicaci%C3%B3n-27022020.pdf/"" target=""_blank"" rel=""noopener noreferrer"">La clasificación en estimaciones Fiables, Poco fiables y No fiables provienen del Estándar para la evaluación de la calidad de las estimaciones en encuestas de hogares del INE.</a>",Encuesta Suplementaria de Ingresos (ESI),PT,0
CL01:DF_BGYMEDIOOCU_CIUO(1.0),A,BGYMEDIOOCU,02,CIUO_8,2020,-15.4212928900611,Y,,1,"<a href="" https://www.ine.gob.cl/docs/default-source/institucionalidad/buenas-pr%C3%A1cticas/clasificaciones-y-estandares/est%C3%A1ndar-evaluaci%C3%B3n-de-calidad-de-estimaciones-publicaci%C3%B3n-27022020.pdf/"" target=""_blank"" rel=""noopener noreferrer"">La clasificación en estimaciones Fiables, Poco fiables y No fiables provienen del Estándar para la evaluación de la calidad de las estimaciones en encuestas de hogares del INE.</a>",Encuesta Suplementaria de Ingresos (ESI),PT,0
CL01:DF_BGYMEDIOOCU_CIUO(1.0),A,BGYMEDIOOCU,02,CIUO_8,2021,0.805132503579538,Y,,1,"<a href="" https://www.ine.gob.cl/docs/default-source/institucionalidad/buenas-pr%C3%A1cticas/clasificaciones-y-estandares/est%C3%A1ndar-evaluaci%C3%B3n-de-calidad-de-estimaciones-publicaci%C3%B3n-27022020.pdf/"" target=""_blank"" rel=""noopener noreferrer"">La clasificación en estimaciones Fiables, Poco fiables y No fiables provienen del Estándar para la evaluación de la calidad de las estimaciones en encuestas de hogares del INE.</a>",Encuesta Suplementaria de Ingresos (ESI),PT,0
CL01:DF_BGYMEDIOOCU_CIUO(1.0),A,BGYMEDIOOCU,02,CIUO_8,2022,6.00906498924632,Y,,1,"<a href="" https://www.ine.gob.cl/docs/default-source/institucionalidad/buenas-pr%C3%A1cticas/clasificaciones-y-estandares/est%C3%A1ndar-evaluaci%C3%B3n-de-calidad-de-estimaciones-publicaci%C3%B3n-27022020.pdf/"" target=""_blank"" rel=""noopener noreferrer"">La clasificación en estimaciones Fiables, Poco fiables y No fiables provienen del Estándar para la evaluación de la calidad de las estimaciones en encuestas de hogares del INE.</a>",Encuesta Suplementaria de Ingresos (ESI),PT,0
CL01:DF_BGYMEDIOOCU_CIUO(1.0),A,BGYMEDIOOCU,02,CIUO_8,2023,-7.68783760824612,Y,,1,"<a href="" https://www.ine.gob.cl/docs/default-source/institucionalidad/buenas-pr%C3%A1cticas/clasificaciones-y-estandares/est%C3%A1ndar-evaluaci%C3%B3n-de-calidad-de-estimaciones-publicaci%C3%B3n-27022020.pdf/"" target=""_blank"" rel=""noopener noreferrer"">La clasificación en estimaciones Fiables, Poco fiables y No fiables provienen del Estándar para la evaluación de la calidad de las estimaciones en encuestas de hogares del INE.</a>",Encuesta Suplementaria de Ingresos (ESI),PT,0
CL01:DF_BGYMEDIOOCU_CIUO(1.0),A,BGYMEDIOOCU,02,CIUO_8,2024,-0.135296190358977,,,1,"<a href="" https://www.ine.gob.cl/docs/default-source/institucionalidad/buenas-pr%C3%A1cticas/clasificaciones-y-estandares/est%C3%A1ndar-evaluaci%C3%B3n-de-calidad-de-estimaciones-publicaci%C3%B3n-27022020.pdf/"" target=""_blank"" rel=""noopener noreferrer"">La clasificación en estimaciones Fiables, Poco fiables y No fiables provienen del Estándar para la evaluación de la calidad de las estimaciones en encuestas de hogares del INE.</a>",Encuesta Suplementaria de Ingresos (ESI),PT,0
CL01:DF_BGYMEDIOOCU_CIUO(1.0),A,BGYMEDIOOCU,03,CIUO_2,2017,-22.0708063313202,,,1,"<a href="" https://www.ine.gob.cl/docs/default-source/institucionalidad/buenas-pr%C3%A1cticas/clasificaciones-y-estandares/est%C3%A1ndar-evaluaci%C3%B3n-de-calidad-de-estimaciones-publicaci%C3%B3n-27022020.pdf/"" target=""_blank"" rel=""noopener noreferrer"">La clasificación en estimaciones Fiables, Poco fiables y No fiables provienen del Estándar para la evaluación de la calidad de las estimaciones en encuestas de hogares del INE.</a>",Encuesta Suplementaria de Ingresos (ESI),PT,0
CL01:DF_BGYMEDIOOCU_CIUO(1.0),A,BGYMEDIOOCU,03,CIUO_2,2018,-40.9332837266388,Y,,1,"<a href="" https://www.ine.gob.cl/docs/default-source/institucionalidad/buenas-pr%C3%A1cticas/clasificaciones-y-estandares/est%C3%A1ndar-evaluaci%C3%B3n-de-calidad-de-estimaciones-publicaci%C3%B3n-27022020.pdf/"" target=""_blank"" rel=""noopener noreferrer"">La clasificación en estimaciones Fiables, Poco fiables y No fiables provienen del Estándar para la evaluación de la calidad de las estimaciones en encuestas de hogares del INE.</a>",Encuesta Suplementaria de Ingresos (ESI),PT,0
CL01:DF_BGYMEDIOOCU_CIUO(1.0),A,BGYMEDIOOCU,03,CIUO_2,2019,-32.0600897052504,,,1,"<a href="" https://www.ine.gob.cl/docs/default-source/institucionalidad/buenas-pr%C3%A1cticas/clasificaciones-y-estandares/est%C3%A1ndar-evaluaci%C3%B3n-de-calidad-de-estimaciones-publicaci%C3%B3n-27022020.pdf/"" target=""_blank"" rel=""noopener noreferrer"">La clasificación en estimaciones Fiables, Poco fiables y No fiables provienen del Estándar para la evaluación de la calidad de las estimaciones en encuestas de hogares del INE.</a>",Encuesta Suplementaria de Ingresos (ESI),PT,0
CL01:DF_BGYMEDIOOCU_CIUO(1.0),A,BGYMEDIOOCU,03,CIUO_2,2020,-27.5013948671957,,,1,"<a href="" https://www.ine.gob.cl/docs/default-source/institucionalidad/buenas-pr%C3%A1cticas/clasificaciones-y-estandares/est%C3%A1ndar-evaluaci%C3%B3n-de-calidad-de-estimaciones-publicaci%C3%B3n-27022020.pdf/"" target=""_blank"" rel=""noopener noreferrer"">La clasificación en estimaciones Fiables, Poco fiables y No fiables provienen del Estándar para la evaluación de la calidad de las estimaciones en encuestas de hogares del INE.</a>",Encuesta Suplementaria de Ingresos (ESI),PT,0
CL01:DF_BGYMEDIOOCU_CIUO(1.0),A,BGYMEDIOOCU,03,CIUO_2,2021,-16.2036990677017,,,1,"<a href="" https://www.ine.gob.cl/docs/default-source/institucionalidad/buenas-pr%C3%A1cticas/clasificaciones-y-estandares/est%C3%A1ndar-evaluaci%C3%B3n-de-calidad-de-estimaciones-publicaci%C3%B3n-27022020.pdf/"" target=""_blank"" rel=""noopener noreferrer"">La clasificación en estimaciones Fiables, Poco fiables y No fiables provienen del Estándar para la evaluación de la calidad de las estimaciones en encuestas de hogares del INE.</a>",Encuesta Suplementaria de Ingresos (ESI),PT,0
CL01:DF_BGYMEDIOOCU_CIUO(1.0),A,BGYMEDIOOCU,03,CIUO_2,2022,-32.2130522990046,,,1,"<a href="" https://www.ine.gob.cl/docs/default-source/institucionalidad/buenas-pr%C3%A1cticas/clasificaciones-y-estandares/est%C3%A1ndar-evaluaci%C3%B3n-de-calidad-de-estimaciones-publicaci%C3%B3n-27022020.pdf/"" target=""_blank"" rel=""noopener noreferrer"">La clasificación en estimaciones Fiables, Poco fiables y No fiables provienen del Estándar para la evaluación de la calidad de las estimaciones en encuestas de hogares del INE.</a>",Encuesta Suplementaria de Ingresos (ESI),PT,0
CL01:DF_BGYMEDIOOCU_CIUO(1.0),A,BGYMEDIOOCU,03,CIUO_2,2023,-25.5457122768626,,,1,"<a href="" https://www.ine.gob.cl/docs/default-source/institucionalidad/buenas-pr%C3%A1cticas/clasificaciones-y-estandares/est%C3%A1ndar-evaluaci%C3%B3n-de-calidad-de-estimaciones-publicaci%C3%B3n-27022020.pdf/"" target=""_blank"" rel=""noopener noreferrer"">La clasificación en estimaciones Fiables, Poco fiables y No fiables provienen del Estándar para la evaluación de la calidad de las estimaciones en encuestas de hogares del INE.</a>",Encuesta Suplementaria de Ingresos (ESI),PT,0
CL01:DF_BGYMEDIOOCU_CIUO(1.0),A,BGYMEDIOOCU,03,CIUO_2,2024,-43.3227043783215,,,1,"<a href="" https://www.ine.gob.cl/docs/default-source/institucionalidad/buenas-pr%C3%A1cticas/clasificaciones-y-estandares/est%C3%A1ndar-evaluaci%C3%B3n-de-calidad-de-estimaciones-publicaci%C3%B3n-27022020.pdf/"" target=""_blank"" rel=""noopener noreferrer"">La clasificación en estimaciones Fiables, Poco fiables y No fiables provienen del Estándar para la evaluación de la calidad de las estimaciones en encuestas de hogares del INE.</a>",Encuesta Suplementaria de Ingresos (ESI),PT,0
CL01:DF_BGYMEDIOOCU_CIUO(1.0),A,BGYMEDIOOCU,06,CIUO_4,2017,-2.70096533906819,,,1,"<a href="" https://www.ine.gob.cl/docs/default-source/institucionalidad/buenas-pr%C3%A1cticas/clasificaciones-y-estandares/est%C3%A1ndar-evaluaci%C3%B3n-de-calidad-de-estimaciones-publicaci%C3%B3n-27022020.pdf/"" target=""_blank"" rel=""noopener noreferrer"">La clasificación en estimaciones Fiables, Poco fiables y No fiables provienen del Estándar para la evaluación de la calidad de las estimaciones en encuestas de hogares del INE.</a>",Encuesta Suplementaria de Ingresos (ESI),PT,0
CL01:DF_BGYMEDIOOCU_CIUO(1.0),A,BGYMEDIOOCU,06,CIUO_4,2018,-16.2374184090984,,,1,"<a href="" https://www.ine.gob.cl/docs/default-source/institucionalidad/buenas-pr%C3%A1cticas/clasificaciones-y-estandares/est%C3%A1ndar-evaluaci%C3%B3n-de-calidad-de-estimaciones-publicaci%C3%B3n-27022020.pdf/"" target=""_blank"" rel=""noopener noreferrer"">La clasificación en estimaciones Fiables, Poco fiables y No fiables provienen del Estándar para la evaluación de la calidad de las estimaciones en encuestas de hogares del INE.</a>",Encuesta Suplementaria de Ingresos (ESI),PT,0
CL01:DF_BGYMEDIOOCU_CIUO(1.0),A,BGYMEDIOOCU,06,CIUO_4,2019,-22.7801301079441,,,1,"<a href="" https://www.ine.gob.cl/docs/default-source/institucionalidad/buenas-pr%C3%A1cticas/clasificaciones-y-estandares/est%C3%A1ndar-evaluaci%C3%B3n-de-calidad-de-estimaciones-publicaci%C3%B3n-27022020.pdf/"" target=""_blank"" rel=""noopener noreferrer"">La clasificación en estimaciones Fiables, Poco fiables y No fiables provienen del Estándar para la evaluación de la calidad de las estimaciones en encuestas de hogares del INE.</a>",Encuesta Suplementaria de Ingresos (ESI),PT,0
CL01:DF_BGYMEDIOOCU_CIUO(1.0),A,BGYMEDIOOCU,06,CIUO_4,2020,4.60915348574452,,,1,"<a href="" https://www.ine.gob.cl/docs/default-source/institucionalidad/buenas-pr%C3%A1cticas/clasificaciones-y-estandares/est%C3%A1ndar-evaluaci%C3%B3n-de-calidad-de-estimaciones-publicaci%C3%B3n-27022020.pdf/"" target=""_blank"" rel=""noopener noreferrer"">La clasificación en estimaciones Fiables, Poco fiables y No fiables provienen del Estándar para la evaluación de la calidad de las estimaciones en encuestas de hogares del INE.</a>",Encuesta Suplementaria de Ingresos (ESI),PT,0
CL01:DF_BGYMEDIOOCU_CIUO(1.0),A,BGYMEDIOOCU,06,CIUO_4,2021,-13.5733201808882,,,1,"<a href="" https://www.ine.gob.cl/docs/default-source/institucionalidad/buenas-pr%C3%A1cticas/clasificaciones-y-estandares/est%C3%A1ndar-evaluaci%C3%B3n-de-calidad-de-estimaciones-publicaci%C3%B3n-27022020.pdf/"" target=""_blank"" rel=""noopener noreferrer"">La clasificación en estimaciones Fiables, Poco fiables y No fiables provienen del Estándar para la evaluación de la calidad de las estimaciones en encuestas de hogares del INE.</a>",Encuesta Suplementaria de Ingresos (ESI),PT,0
CL01:DF_BGYMEDIOOCU_CIUO(1.0),A,BGYMEDIOOCU,06,CIUO_4,2022,-5.91802567991919,,,1,"<a href="" https://www.ine.gob.cl/docs/default-source/institucionalidad/buenas-pr%C3%A1cticas/clasificaciones-y-estandares/est%C3%A1ndar-evaluaci%C3%B3n-de-calidad-de-estimaciones-publicaci%C3%B3n-27022020.pdf/"" target=""_blank"" rel=""noopener noreferrer"">La clasificación en estimaciones Fiables, Poco fiables y No fiables provienen del Estándar para la evaluación de la calidad de las estimaciones en encuestas de hogares del INE.</a>",Encuesta Suplementaria de Ingresos (ESI),PT,0
CL01:DF_BGYMEDIOOCU_CIUO(1.0),A,BGYMEDIOOCU,06,CIUO_4,2023,-29.4573353138757,,,1,"<a href="" https://www.ine.gob.cl/docs/default-source/institucionalidad/buenas-pr%C3%A1cticas/clasificaciones-y-estandares/est%C3%A1ndar-evaluaci%C3%B3n-de-calidad-de-estimaciones-publicaci%C3%B3n-27022020.pdf/"" target=""_blank"" rel=""noopener noreferrer"">La clasificación en estimaciones Fiables, Poco fiables y No fiables provienen del Estándar para la evaluación de la calidad de las estimaciones en encuestas de hogares del INE.</a>",Encuesta Suplementaria de Ingresos (ESI),PT,0
CL01:DF_BGYMEDIOOCU_CIUO(1.0),A,BGYMEDIOOCU,06,CIUO_4,2024,-17.51957142304,,,1,"<a href="" https://www.ine.gob.cl/docs/default-source/institucionalidad/buenas-pr%C3%A1cticas/clasificaciones-y-estandares/est%C3%A1ndar-evaluaci%C3%B3n-de-calidad-de-estimaciones-publicaci%C3%B3n-27022020.pdf/"" target=""_blank"" rel=""noopener noreferrer"">La clasificación en estimaciones Fiables, Poco fiables y No fiables provienen del Estándar para la evaluación de la calidad de las estimaciones en encuestas de hogares del INE.</a>",Encuesta Suplementaria de Ingresos (ESI),PT,0
CL01:DF_BGYMEDIOOCU_CIUO(1.0),A,BGYMEDIOOCU,07,CIUO_3,2017,-43.7902410585023,,,1,"<a href="" https://www.ine.gob.cl/docs/default-source/institucionalidad/buenas-pr%C3%A1cticas/clasificaciones-y-estandares/est%C3%A1ndar-evaluaci%C3%B3n-de-calidad-de-estimaciones-publicaci%C3%B3n-27022020.pdf/"" target=""_blank"" rel=""noopener noreferrer"">La clasificación en estimaciones Fiables, Poco fiables y No fiables provienen del Estándar para la evaluación de la calidad de las estimaciones en encuestas de hogares del INE.</a>",Encuesta Suplementaria de Ingresos (ESI),PT,0
CL01:DF_BGYMEDIOOCU_CIUO(1.0),A,BGYMEDIOOCU,07,CIUO_3,2018,-43.3901097710412,Y,,1,"<a href="" https://www.ine.gob.cl/docs/default-source/institucionalidad/buenas-pr%C3%A1cticas/clasificaciones-y-estandares/est%C3%A1ndar-evaluaci%C3%B3n-de-calidad-de-estimaciones-publicaci%C3%B3n-27022020.pdf/"" target=""_blank"" rel=""noopener noreferrer"">La clasificación en estimaciones Fiables, Poco fiables y No fiables provienen del Estándar para la evaluación de la calidad de las estimaciones en encuestas de hogares del INE.</a>",Encuesta Suplementaria de Ingresos (ESI),PT,0
CL01:DF_BGYMEDIOOCU_CIUO(1.0),A,BGYMEDIOOCU,07,CIUO_3,2019,-21.5665829281181,,,1,"<a href="" https://www.ine.gob.cl/docs/default-source/institucionalidad/buenas-pr%C3%A1cticas/clasificaciones-y-estandares/est%C3%A1ndar-evaluaci%C3%B3n-de-calidad-de-estimaciones-publicaci%C3%B3n-27022020.pdf/"" target=""_blank"" rel=""noopener noreferrer"">La clasificación en estimaciones Fiables, Poco fiables y No fiables provienen del Estándar para la evaluación de la calidad de las estimaciones en encuestas de hogares del INE.</a>",Encuesta Suplementaria de Ingresos (ESI),PT,0
CL01:DF_BGYMEDIOOCU_CIUO(1.0),A,BGYMEDIOOCU,07,CIUO_3,2020,-37.8126477822558,,,1,"<a href="" https://www.ine.gob.cl/docs/default-source/institucionalidad/buenas-pr%C3%A1cticas/clasificaciones-y-estandares/est%C3%A1ndar-evaluaci%C3%B3n-de-calidad-de-estimaciones-publicaci%C3%B3n-27022020.pdf/"" target=""_blank"" rel=""noopener noreferrer"">La clasificación en estimaciones Fiables, Poco fiables y No fiables provienen del Estándar para la evaluación de la calidad de las estimaciones en encuestas de hogares del INE.</a>",Encuesta Suplementaria de Ingresos (ESI),PT,0
CL01:DF_BGYMEDIOOCU_CIUO(1.0),A,BGYMEDIOOCU,07,CIUO_3,2021,-33.9529896349919,,,1,"<a href="" https://www.ine.gob.cl/docs/default-source/institucionalidad/buenas-pr%C3%A1cticas/clasificaciones-y-estandares/est%C3%A1ndar-evaluaci%C3%B3n-de-calidad-de-estimaciones-publicaci%C3%B3n-27022020.pdf/"" target=""_blank"" rel=""noopener noreferrer"">La clasificación en estimaciones Fiables, Poco fiables y No fiables provienen del Estándar para la evaluación de la calidad de las estimaciones en encuestas de hogares del INE.</a>",Encuesta Suplementaria de Ingresos (ESI),PT,0
CL01:DF_BGYMEDIOOCU_CIUO(1.0),A,BGYMEDIOOCU,07,CIUO_3,2022,-12.9861496301125,,,1,"<a href="" https://www.ine.gob.cl/docs/default-source/institucionalidad/buenas-pr%C3%A1cticas/clasificaciones-y-estandares/est%C3%A1ndar-evaluaci%C3%B3n-de-calidad-de-estimaciones-publicaci%C3%B3n-27022020.pdf/"" target=""_blank"" rel=""noopener noreferrer"">La clasificación en estimaciones Fiables, Poco fiables y No fiables provienen del Estándar para la evaluación de la calidad de las estimaciones en encuestas de hogares del INE.</a>",Encuesta Suplementaria de Ingresos (ESI),PT,0
CL01:DF_BGYMEDIOOCU_CIUO(1.0),A,BGYMEDIOOCU,07,CIUO_3,2023,-24.0533645477914,,,1,"<a href="" https://www.ine.gob.cl/docs/default-source/institucionalidad/buenas-pr%C3%A1cticas/clasificaciones-y-estandares/est%C3%A1ndar-evaluaci%C3%B3n-de-calidad-de-estimaciones-publicaci%C3%B3n-27022020.pdf/"" target=""_blank"" rel=""noopener noreferrer"">La clasificación en estimaciones Fiables, Poco fiables y No fiables provienen del Estándar para la evaluación de la calidad de las estimaciones en encuestas de hogares del INE.</a>",Encuesta Suplementaria de Ingresos (ESI),PT,0
CL01:DF_BGYMEDIOOCU_CIUO(1.0),A,BGYMEDIOOCU,07,CIUO_3,2024,-33.7260461977961,,,1,"<a href="" https://www.ine.gob.cl/docs/default-source/institucionalidad/buenas-pr%C3%A1cticas/clasificaciones-y-estandares/est%C3%A1ndar-evaluaci%C3%B3n-de-calidad-de-estimaciones-publicaci%C3%B3n-27022020.pdf/"" target=""_blank"" rel=""noopener noreferrer"">La clasificación en estimaciones Fiables, Poco fiables y No fiables provienen del Estándar para la evaluación de la calidad de las estimaciones en encuestas de hogares del INE.</a>",Encuesta Suplementaria de Ingresos (ESI),PT,0
CL01:DF_BGYMEDIOOCU_CIUO(1.0),A,BGYMEDIOOCU,08,CIUO_1,2017,-36.2202967998563,Y,,1,"<a href="" https://www.ine.gob.cl/docs/default-source/institucionalidad/buenas-pr%C3%A1cticas/clasificaciones-y-estandares/est%C3%A1ndar-evaluaci%C3%B3n-de-calidad-de-estimaciones-publicaci%C3%B3n-27022020.pdf/"" target=""_blank"" rel=""noopener noreferrer"">La clasificación en estimaciones Fiables, Poco fiables y No fiables provienen del Estándar para la evaluación de la calidad de las estimaciones en encuestas de hogares del INE.</a>",Encuesta Suplementaria de Ingresos (ESI),PT,0
CL01:DF_BGYMEDIOOCU_CIUO(1.0),A,BGYMEDIOOCU,08,CIUO_1,2018,-39.9177544410905,Y,,1,"<a href="" https://www.ine.gob.cl/docs/default-source/institucionalidad/buenas-pr%C3%A1cticas/clasificaciones-y-estandares/est%C3%A1ndar-evaluaci%C3%B3n-de-calidad-de-estimaciones-publicaci%C3%B3n-27022020.pdf/"" target=""_blank"" rel=""noopener noreferrer"">La clasificación en estimaciones Fiables, Poco fiables y No fiables provienen del Estándar para la evaluación de la calidad de las estimaciones en encuestas de hogares del INE.</a>",Encuesta Suplementaria de Ingresos (ESI),PT,0
CL01:DF_BGYMEDIOOCU_CIUO(1.0),A,BGYMEDIOOCU,08,CIUO_1,2019,-19.7446258424529,Y,,1,"<a href="" https://www.ine.gob.cl/docs/default-source/institucionalidad/buenas-pr%C3%A1cticas/clasificaciones-y-estandares/est%C3%A1ndar-evaluaci%C3%B3n-de-calidad-de-estimaciones-publicaci%C3%B3n-27022020.pdf/"" target=""_blank"" rel=""noopener noreferrer"">La clasificación en estimaciones Fiables, Poco fiables y No fiables provienen del Estándar para la evaluación de la calidad de las estimaciones en encuestas de hogares del INE.</a>",Encuesta Suplementaria de Ingresos (ESI),PT,0
CL01:DF_BGYMEDIOOCU_CIUO(1.0),A,BGYMEDIOOCU,08,CIUO_1,2020,-10.401424387294,X,,1,"<a href="" https://www.ine.gob.cl/docs/default-source/institucionalidad/buenas-pr%C3%A1cticas/clasificaciones-y-estandares/est%C3%A1ndar-evaluaci%C3%B3n-de-calidad-de-estimaciones-publicaci%C3%B3n-27022020.pdf/"" target=""_blank"" rel=""noopener noreferrer"">La clasificación en estimaciones Fiables, Poco fiables y No fiables provienen del Estándar para la evaluación de la calidad de las estimaciones en encuestas de hogares del INE.</a>",Encuesta Suplementaria de Ingresos (ESI),PT,0
CL01:DF_BGYMEDIOOCU_CIUO(1.0),A,BGYMEDIOOCU,08,CIUO_1,2021,-31.6640943438638,,,1,"<a href="" https://www.ine.gob.cl/docs/default-source/institucionalidad/buenas-pr%C3%A1cticas/clasificaciones-y-estandares/est%C3%A1ndar-evaluaci%C3%B3n-de-calidad-de-estimaciones-publicaci%C3%B3n-27022020.pdf/"" target=""_blank"" rel=""noopener noreferrer"">La clasificación en estimaciones Fiables, Poco fiables y No fiables provienen del Estándar para la evaluación de la calidad de las estimaciones en encuestas de hogares del INE.</a>",Encuesta Suplementaria de Ingresos (ESI),PT,0
CL01:DF_BGYMEDIOOCU_CIUO(1.0),A,BGYMEDIOOCU,08,CIUO_1,2022,-44.1330623187296,,,1,"<a href="" https://www.ine.gob.cl/docs/default-source/institucionalidad/buenas-pr%C3%A1cticas/clasificaciones-y-estandares/est%C3%A1ndar-evaluaci%C3%B3n-de-calidad-de-estimaciones-publicaci%C3%B3n-27022020.pdf/"" target=""_blank"" rel=""noopener noreferrer"">La clasificación en estimaciones Fiables, Poco fiables y No fiables provienen del Estándar para la evaluación de la calidad de las estimaciones en encuestas de hogares del INE.</a>",Encuesta Suplementaria de Ingresos (ESI),PT,0
CL01:DF_BGYMEDIOOCU_CIUO(1.0),A,BGYMEDIOOCU,08,CIUO_1,2023,7.82916847925139,Y,,1,"<a href="" https://www.ine.gob.cl/docs/default-source/institucionalidad/buenas-pr%C3%A1cticas/clasificaciones-y-estandares/est%C3%A1ndar-evaluaci%C3%B3n-de-calidad-de-estimaciones-publicaci%C3%B3n-27022020.pdf/"" target=""_blank"" rel=""noopener noreferrer"">La clasificación en estimaciones Fiables, Poco fiables y No fiables provienen del Estándar para la evaluación de la calidad de las estimaciones en encuestas de hogares del INE.</a>",Encuesta Suplementaria de Ingresos (ESI),PT,0
CL01:DF_BGYMEDIOOCU_CIUO(1.0),A,BGYMEDIOOCU,08,CIUO_1,2024,-29.040747014015,,,1,"<a href="" https://www.ine.gob.cl/docs/default-source/institucionalidad/buenas-pr%C3%A1cticas/clasificaciones-y-estandares/est%C3%A1ndar-evaluaci%C3%B3n-de-calidad-de-estimaciones-publicaci%C3%B3n-27022020.pdf/"" target=""_blank"" rel=""noopener noreferrer"">La clasificación en estimaciones Fiables, Poco fiables y No fiables provienen del Estándar para la evaluación de la calidad de las estimaciones en encuestas de hogares del INE.</a>",Encuesta Suplementaria de Ingresos (ESI),PT,0
CL01:DF_BGYMEDIOOCU_CIUO(1.0),A,BGYMEDIOOCU,08,CIUO_6,2017,-65.8731018850632,X,,1,"<a href="" https://www.ine.gob.cl/docs/default-source/institucionalidad/buenas-pr%C3%A1cticas/clasificaciones-y-estandares/est%C3%A1ndar-evaluaci%C3%B3n-de-calidad-de-estimaciones-publicaci%C3%B3n-27022020.pdf/"" target=""_blank"" rel=""noopener noreferrer"">La clasificación en estimaciones Fiables, Poco fiables y No fiables provienen del Estándar para la evaluación de la calidad de las estimaciones en encuestas de hogares del INE.</a>",Encuesta Suplementaria de Ingresos (ESI),PT,0
CL01:DF_BGYMEDIOOCU_CIUO(1.0),A,BGYMEDIOOCU,08,CIUO_6,2018,-40.5171669340976,Y,,1,"<a href="" https://www.ine.gob.cl/docs/default-source/institucionalidad/buenas-pr%C3%A1cticas/clasificaciones-y-estandares/est%C3%A1ndar-evaluaci%C3%B3n-de-calidad-de-estimaciones-publicaci%C3%B3n-27022020.pdf/"" target=""_blank"" rel=""noopener noreferrer"">La clasificación en estimaciones Fiables, Poco fiables y No fiables provienen del Estándar para la evaluación de la calidad de las estimaciones en encuestas de hogares del INE.</a>",Encuesta Suplementaria de Ingresos (ESI),PT,0
CL01:DF_BGYMEDIOOCU_CIUO(1.0),A,BGYMEDIOOCU,08,CIUO_6,2019,-30.2298445244053,Y,,1,"<a href="" https://www.ine.gob.cl/docs/default-source/institucionalidad/buenas-pr%C3%A1cticas/clasificaciones-y-estandares/est%C3%A1ndar-evaluaci%C3%B3n-de-calidad-de-estimaciones-publicaci%C3%B3n-27022020.pdf/"" target=""_blank"" rel=""noopener noreferrer"">La clasificación en estimaciones Fiables, Poco fiables y No fiables provienen del Estándar para la evaluación de la calidad de las estimaciones en encuestas de hogares del INE.</a>",Encuesta Suplementaria de Ingresos (ESI),PT,0
CL01:DF_BGYMEDIOOCU_CIUO(1.0),A,BGYMEDIOOCU,08,CIUO_6,2020,-7.67141050795594,X,,1,"<a href="" https://www.ine.gob.cl/docs/default-source/institucionalidad/buenas-pr%C3%A1cticas/clasificaciones-y-estandares/est%C3%A1ndar-evaluaci%C3%B3n-de-calidad-de-estimaciones-publicaci%C3%B3n-27022020.pdf/"" target=""_blank"" rel=""noopener noreferrer"">La clasificación en estimaciones Fiables, Poco fiables y No fiables provienen del Estándar para la evaluación de la calidad de las estimaciones en encuestas de hogares del INE.</a>",Encuesta Suplementaria de Ingresos (ESI),PT,0
CL01:DF_BGYMEDIOOCU_CIUO(1.0),A,BGYMEDIOOCU,08,CIUO_6,2021,-15.7928384642759,Y,,1,"<a href="" https://www.ine.gob.cl/docs/default-source/institucionalidad/buenas-pr%C3%A1cticas/clasificaciones-y-estandares/est%C3%A1ndar-evaluaci%C3%B3n-de-calidad-de-estimaciones-publicaci%C3%B3n-27022020.pdf/"" target=""_blank"" rel=""noopener noreferrer"">La clasificación en estimaciones Fiables, Poco fiables y No fiables provienen del Estándar para la evaluación de la calidad de las estimaciones en encuestas de hogares del INE.</a>",Encuesta Suplementaria de Ingresos (ESI),PT,0
CL01:DF_BGYMEDIOOCU_CIUO(1.0),A,BGYMEDIOOCU,08,CIUO_6,2022,-47.8861981481556,X,,1,"<a href="" https://www.ine.gob.cl/docs/default-source/institucionalidad/buenas-pr%C3%A1cticas/clasificaciones-y-estandares/est%C3%A1ndar-evaluaci%C3%B3n-de-calidad-de-estimaciones-publicaci%C3%B3n-27022020.pdf/"" target=""_blank"" rel=""noopener noreferrer"">La clasificación en estimaciones Fiables, Poco fiables y No fiables provienen del Estándar para la evaluación de la calidad de las estimaciones en encuestas de hogares del INE.</a>",Encuesta Suplementaria de Ingresos (ESI),PT,0
CL01:DF_BGYMEDIOOCU_CIUO(1.0),A,BGYMEDIOOCU,08,CIUO_6,2023,-46.4592131510343,Y,,1,"<a href="" https://www.ine.gob.cl/docs/default-source/institucionalidad/buenas-pr%C3%A1cticas/clasificaciones-y-estandares/est%C3%A1ndar-evaluaci%C3%B3n-de-calidad-de-estimaciones-publicaci%C3%B3n-27022020.pdf/"" target=""_blank"" rel=""noopener noreferrer"">La clasificación en estimaciones Fiables, Poco fiables y No fiables provienen del Estándar para la evaluación de la calidad de las estimaciones en encuestas de hogares del INE.</a>",Encuesta Suplementaria de Ingresos (ESI),PT,0
CL01:DF_BGYMEDIOOCU_CIUO(1.0),A,BGYMEDIOOCU,08,CIUO_6,2024,12.5704710480278,X,,1,"<a href="" https://www.ine.gob.cl/docs/default-source/institucionalidad/buenas-pr%C3%A1cticas/clasificaciones-y-estandares/est%C3%A1ndar-evaluaci%C3%B3n-de-calidad-de-estimaciones-publicaci%C3%B3n-27022020.pdf/"" target=""_blank"" rel=""noopener noreferrer"">La clasificación en estimaciones Fiables, Poco fiables y No fiables provienen del Estándar para la evaluación de la calidad de las estimaciones en encuestas de hogares del INE.</a>",Encuesta Suplementaria de Ingresos (ESI),PT,0
CL01:DF_BGYMEDIOOCU_CIUO(1.0),A,BGYMEDIOOCU,10,CIUO_8,2017,-35.3968435124745,Y,,1,"<a href="" https://www.ine.gob.cl/docs/default-source/institucionalidad/buenas-pr%C3%A1cticas/clasificaciones-y-estandares/est%C3%A1ndar-evaluaci%C3%B3n-de-calidad-de-estimaciones-publicaci%C3%B3n-27022020.pdf/"" target=""_blank"" rel=""noopener noreferrer"">La clasificación en estimaciones Fiables, Poco fiables y No fiables provienen del Estándar para la evaluación de la calidad de las estimaciones en encuestas de hogares del INE.</a>",Encuesta Suplementaria de Ingresos (ESI),PT,0
CL01:DF_BGYMEDIOOCU_CIUO(1.0),A,BGYMEDIOOCU,10,CIUO_8,2018,-27.7100777215112,,,1,"<a href="" https://www.ine.gob.cl/docs/default-source/institucionalidad/buenas-pr%C3%A1cticas/clasificaciones-y-estandares/est%C3%A1ndar-evaluaci%C3%B3n-de-calidad-de-estimaciones-publicaci%C3%B3n-27022020.pdf/"" target=""_blank"" rel=""noopener noreferrer"">La clasificación en estimaciones Fiables, Poco fiables y No fiables provienen del Estándar para la evaluación de la calidad de las estimaciones en encuestas de hogares del INE.</a>",Encuesta Suplementaria de Ingresos (ESI),PT,0
CL01:DF_BGYMEDIOOCU_CIUO(1.0),A,BGYMEDIOOCU,10,CIUO_8,2019,57.4971871005225,Y,,1,"<a href="" https://www.ine.gob.cl/docs/default-source/institucionalidad/buenas-pr%C3%A1cticas/clasificaciones-y-estandares/est%C3%A1ndar-evaluaci%C3%B3n-de-calidad-de-estimaciones-publicaci%C3%B3n-27022020.pdf/"" target=""_blank"" rel=""noopener noreferrer"">La clasificación en estimaciones Fiables, Poco fiables y No fiables provienen del Estándar para la evaluación de la calidad de las estimaciones en encuestas de hogares del INE.</a>",Encuesta Suplementaria de Ingresos (ESI),PT,0
CL01:DF_BGYMEDIOOCU_CIUO(1.0),A,BGYMEDIOOCU,10,CIUO_8,2020,-0.647717482496328,X,,1,"<a href="" https://www.ine.gob.cl/docs/default-source/institucionalidad/buenas-pr%C3%A1cticas/clasificaciones-y-estandares/est%C3%A1ndar-evaluaci%C3%B3n-de-calidad-de-estimaciones-publicaci%C3%B3n-27022020.pdf/"" target=""_blank"" rel=""noopener noreferrer"">La clasificación en estimaciones Fiables, Poco fiables y No fiables provienen del Estándar para la evaluación de la calidad de las estimaciones en encuestas de hogares del INE.</a>",Encuesta Suplementaria de Ingresos (ESI),PT,0
CL01:DF_BGYMEDIOOCU_CIUO(1.0),A,BGYMEDIOOCU,10,CIUO_8,2021,-38.3561497950114,Y,,1,"<a href="" https://www.ine.gob.cl/docs/default-source/institucionalidad/buenas-pr%C3%A1cticas/clasificaciones-y-estandares/est%C3%A1ndar-evaluaci%C3%B3n-de-calidad-de-estimaciones-publicaci%C3%B3n-27022020.pdf/"" target=""_blank"" rel=""noopener noreferrer"">La clasificación en estimaciones Fiables, Poco fiables y No fiables provienen del Estándar para la evaluación de la calidad de las estimaciones en encuestas de hogares del INE.</a>",Encuesta Suplementaria de Ingresos (ESI),PT,0
CL01:DF_BGYMEDIOOCU_CIUO(1.0),A,BGYMEDIOOCU,10,CIUO_8,2022,13.3884787082642,,,1,"<a href="" https://www.ine.gob.cl/docs/default-source/institucionalidad/buenas-pr%C3%A1cticas/clasificaciones-y-estandares/est%C3%A1ndar-evaluaci%C3%B3n-de-calidad-de-estimaciones-publicaci%C3%B3n-27022020.pdf/"" target=""_blank"" rel=""noopener noreferrer"">La clasificación en estimaciones Fiables, Poco fiables y No fiables provienen del Estándar para la evaluación de la calidad de las estimaciones en encuestas de hogares del INE.</a>",Encuesta Suplementaria de Ingresos (ESI),PT,0
CL01:DF_BGYMEDIOOCU_CIUO(1.0),A,BGYMEDIOOCU,10,CIUO_8,2023,-9.30127461588297,Y,,1,"<a href="" https://www.ine.gob.cl/docs/default-source/institucionalidad/buenas-pr%C3%A1cticas/clasificaciones-y-estandares/est%C3%A1ndar-evaluaci%C3%B3n-de-calidad-de-estimaciones-publicaci%C3%B3n-27022020.pdf/"" target=""_blank"" rel=""noopener noreferrer"">La clasificación en estimaciones Fiables, Poco fiables y No fiables provienen del Estándar para la evaluación de la calidad de las estimaciones en encuestas de hogares del INE.</a>",Encuesta Suplementaria de Ingresos (ESI),PT,0
CL01:DF_BGYMEDIOOCU_CIUO(1.0),A,BGYMEDIOOCU,10,CIUO_8,2024,-21.6148789079766,,,1,"<a href="" https://www.ine.gob.cl/docs/default-source/institucionalidad/buenas-pr%C3%A1cticas/clasificaciones-y-estandares/est%C3%A1ndar-evaluaci%C3%B3n-de-calidad-de-estimaciones-publicaci%C3%B3n-27022020.pdf/"" target=""_blank"" rel=""noopener noreferrer"">La clasificación en estimaciones Fiables, Poco fiables y No fiables provienen del Estándar para la evaluación de la calidad de las estimaciones en encuestas de hogares del INE.</a>",Encuesta Suplementaria de Ingresos (ESI),PT,0
CL01:DF_BGYMEDIOOCU_CIUO(1.0),A,BGYMEDIOOCU,11,CIUO_8,2017,-24.1201810199599,,,1,"<a href="" https://www.ine.gob.cl/docs/default-source/institucionalidad/buenas-pr%C3%A1cticas/clasificaciones-y-estandares/est%C3%A1ndar-evaluaci%C3%B3n-de-calidad-de-estimaciones-publicaci%C3%B3n-27022020.pdf/"" target=""_blank"" rel=""noopener noreferrer"">La clasificación en estimaciones Fiables, Poco fiables y No fiables provienen del Estándar para la evaluación de la calidad de las estimaciones en encuestas de hogares del INE.</a>",Encuesta Suplementaria de Ingresos (ESI),PT,0
CL01:DF_BGYMEDIOOCU_CIUO(1.0),A,BGYMEDIOOCU,11,CIUO_8,2018,5.18469157312284,X,,1,"<a href="" https://www.ine.gob.cl/docs/default-source/institucionalidad/buenas-pr%C3%A1cticas/clasificaciones-y-estandares/est%C3%A1ndar-evaluaci%C3%B3n-de-calidad-de-estimaciones-publicaci%C3%B3n-27022020.pdf/"" target=""_blank"" rel=""noopener noreferrer"">La clasificación en estimaciones Fiables, Poco fiables y No fiables provienen del Estándar para la evaluación de la calidad de las estimaciones en encuestas de hogares del INE.</a>",Encuesta Suplementaria de Ingresos (ESI),PT,0
CL01:DF_BGYMEDIOOCU_CIUO(1.0),A,BGYMEDIOOCU,11,CIUO_8,2019,-17.4284269370403,Y,,1,"<a href="" https://www.ine.gob.cl/docs/default-source/institucionalidad/buenas-pr%C3%A1cticas/clasificaciones-y-estandares/est%C3%A1ndar-evaluaci%C3%B3n-de-calidad-de-estimaciones-publicaci%C3%B3n-27022020.pdf/"" target=""_blank"" rel=""noopener noreferrer"">La clasificación en estimaciones Fiables, Poco fiables y No fiables provienen del Estándar para la evaluación de la calidad de las estimaciones en encuestas de hogares del INE.</a>",Encuesta Suplementaria de Ingresos (ESI),PT,0
CL01:DF_BGYMEDIOOCU_CIUO(1.0),A,BGYMEDIOOCU,11,CIUO_8,2020,-54.4755421965885,X,,1,"<a href="" https://www.ine.gob.cl/docs/default-source/institucionalidad/buenas-pr%C3%A1cticas/clasificaciones-y-estandares/est%C3%A1ndar-evaluaci%C3%B3n-de-calidad-de-estimaciones-publicaci%C3%B3n-27022020.pdf/"" target=""_blank"" rel=""noopener noreferrer"">La clasificación en estimaciones Fiables, Poco fiables y No fiables provienen del Estándar para la evaluación de la calidad de las estimaciones en encuestas de hogares del INE.</a>",Encuesta Suplementaria de Ingresos (ESI),PT,0
CL01:DF_BGYMEDIOOCU_CIUO(1.0),A,BGYMEDIOOCU,11,CIUO_8,2021,65.4374113673467,X,,1,"<a href="" https://www.ine.gob.cl/docs/default-source/institucionalidad/buenas-pr%C3%A1cticas/clasificaciones-y-estandares/est%C3%A1ndar-evaluaci%C3%B3n-de-calidad-de-estimaciones-publicaci%C3%B3n-27022020.pdf/"" target=""_blank"" rel=""noopener noreferrer"">La clasificación en estimaciones Fiables, Poco fiables y No fiables provienen del Estándar para la evaluación de la calidad de las estimaciones en encuestas de hogares del INE.</a>",Encuesta Suplementaria de Ingresos (ESI),PT,0
CL01:DF_BGYMEDIOOCU_CIUO(1.0),A,BGYMEDIOOCU,11,CIUO_8,2022,23.4472843333665,X,,1,"<a href="" https://www.ine.gob.cl/docs/default-source/institucionalidad/buenas-pr%C3%A1cticas/clasificaciones-y-estandares/est%C3%A1ndar-evaluaci%C3%B3n-de-calidad-de-estimaciones-publicaci%C3%B3n-27022020.pdf/"" target=""_blank"" rel=""noopener noreferrer"">La clasificación en estimaciones Fiables, Poco fiables y No fiables provienen del Estándar para la evaluación de la calidad de las estimaciones en encuestas de hogares del INE.</a>",Encuesta Suplementaria de Ingresos (ESI),PT,0
CL01:DF_BGYMEDIOOCU_CIUO(1.0),A,BGYMEDIOOCU,11,CIUO_8,2023,-26.5712222054738,Y,,1,"<a href="" https://www.ine.gob.cl/docs/default-source/institucionalidad/buenas-pr%C3%A1cticas/clasificaciones-y-estandares/est%C3%A1ndar-evaluaci%C3%B3n-de-calidad-de-estimaciones-publicaci%C3%B3n-27022020.pdf/"" target=""_blank"" rel=""noopener noreferrer"">La clasificación en estimaciones Fiables, Poco fiables y No fiables provienen del Estándar para la evaluación de la calidad de las estimaciones en encuestas de hogares del INE.</a>",Encuesta Suplementaria de Ingresos (ESI),PT,0
CL01:DF_BGYMEDIOOCU_CIUO(1.0),A,BGYMEDIOOCU,11,CIUO_8,2024,-68.388228470718,,,1,"<a href="" https://www.ine.gob.cl/docs/default-source/institucionalidad/buenas-pr%C3%A1cticas/clasificaciones-y-estandares/est%C3%A1ndar-evaluaci%C3%B3n-de-calidad-de-estimaciones-publicaci%C3%B3n-27022020.pdf/"" target=""_blank"" rel=""noopener noreferrer"">La clasificación en estimaciones Fiables, Poco fiables y No fiables provienen del Estándar para la evaluación de la calidad de las estimaciones en encuestas de hogares del INE.</a>",Encuesta Suplementaria de Ingresos (ESI),PT,0
CL01:DF_BGYMEDIOOCU_CIUO(1.0),A,BGYMEDIOOCU,13,CIUO_0,2017,-40.2080224404272,X,,1,"<a href="" https://www.ine.gob.cl/docs/default-source/institucionalidad/buenas-pr%C3%A1cticas/clasificaciones-y-estandares/est%C3%A1ndar-evaluaci%C3%B3n-de-calidad-de-estimaciones-publicaci%C3%B3n-27022020.pdf/"" target=""_blank"" rel=""noopener noreferrer"">La clasificación en estimaciones Fiables, Poco fiables y No fiables provienen del Estándar para la evaluación de la calidad de las estimaciones en encuestas de hogares del INE.</a>",Encuesta Suplementaria de Ingresos (ESI),PT,0
CL01:DF_BGYMEDIOOCU_CIUO(1.0),A,BGYMEDIOOCU,13,CIUO_0,2018,-44.1106283345224,X,,1,"<a href="" https://www.ine.gob.cl/docs/default-source/institucionalidad/buenas-pr%C3%A1cticas/clasificaciones-y-estandares/est%C3%A1ndar-evaluaci%C3%B3n-de-calidad-de-estimaciones-publicaci%C3%B3n-27022020.pdf/"" target=""_blank"" rel=""noopener noreferrer"">La clasificación en estimaciones Fiables, Poco fiables y No fiables provienen del Estándar para la evaluación de la calidad de las estimaciones en encuestas de hogares del INE.</a>",Encuesta Suplementaria de Ingresos (ESI),PT,0
CL01:DF_BGYMEDIOOCU_CIUO(1.0),A,BGYMEDIOOCU,13,CIUO_0,2019,-69.2598560756506,X,,1,"<a href="" https://www.ine.gob.cl/docs/default-source/institucionalidad/buenas-pr%C3%A1cticas/clasificaciones-y-estandares/est%C3%A1ndar-evaluaci%C3%B3n-de-calidad-de-estimaciones-publicaci%C3%B3n-27022020.pdf/"" target=""_blank"" rel=""noopener noreferrer"">La clasificación en estimaciones Fiables, Poco fiables y No fiables provienen del Estándar para la evaluación de la calidad de las estimaciones en encuestas de hogares del INE.</a>",Encuesta Suplementaria de Ingresos (ESI),PT,0
CL01:DF_BGYMEDIOOCU_CIUO(1.0),A,BGYMEDIOOCU,13,CIUO_0,2020,-15.4805785630721,X,,1,"<a href="" https://www.ine.gob.cl/docs/default-source/institucionalidad/buenas-pr%C3%A1cticas/clasificaciones-y-estandares/est%C3%A1ndar-evaluaci%C3%B3n-de-calidad-de-estimaciones-publicaci%C3%B3n-27022020.pdf/"" target=""_blank"" rel=""noopener noreferrer"">La clasificación en estimaciones Fiables, Poco fiables y No fiables provienen del Estándar para la evaluación de la calidad de las estimaciones en encuestas de hogares del INE.</a>",Encuesta Suplementaria de Ingresos (ESI),PT,0
CL01:DF_BGYMEDIOOCU_CIUO(1.0),A,BGYMEDIOOCU,13,CIUO_0,2021,-53.5779601985495,X,,1,"<a href="" https://www.ine.gob.cl/docs/default-source/institucionalidad/buenas-pr%C3%A1cticas/clasificaciones-y-estandares/est%C3%A1ndar-evaluaci%C3%B3n-de-calidad-de-estimaciones-publicaci%C3%B3n-27022020.pdf/"" target=""_blank"" rel=""noopener noreferrer"">La clasificación en estimaciones Fiables, Poco fiables y No fiables provienen del Estándar para la evaluación de la calidad de las estimaciones en encuestas de hogares del INE.</a>",Encuesta Suplementaria de Ingresos (ESI),PT,0
CL01:DF_BGYMEDIOOCU_CIUO(1.0),A,BGYMEDIOOCU,13,CIUO_0,2022,,X,,1,"<a href="" https://www.ine.gob.cl/docs/default-source/institucionalidad/buenas-pr%C3%A1cticas/clasificaciones-y-estandares/est%C3%A1ndar-evaluaci%C3%B3n-de-calidad-de-estimaciones-publicaci%C3%B3n-27022020.pdf/"" target=""_blank"" rel=""noopener noreferrer"">La clasificación en estimaciones Fiables, Poco fiables y No fiables provienen del Estándar para la evaluación de la calidad de las estimaciones en encuestas de hogares del INE.</a>",Encuesta Suplementaria de Ingresos (ESI),PT,0
CL01:DF_BGYMEDIOOCU_CIUO(1.0),A,BGYMEDIOOCU,13,CIUO_0,2023,-22.2285482707225,X,,1,"<a href="" https://www.ine.gob.cl/docs/default-source/institucionalidad/buenas-pr%C3%A1cticas/clasificaciones-y-estandares/est%C3%A1ndar-evaluaci%C3%B3n-de-calidad-de-estimaciones-publicaci%C3%B3n-27022020.pdf/"" target=""_blank"" rel=""noopener noreferrer"">La clasificación en estimaciones Fiables, Poco fiables y No fiables provienen del Estándar para la evaluación de la calidad de las estimaciones en encuestas de hogares del INE.</a>",Encuesta Suplementaria de Ingresos (ESI),PT,0
CL01:DF_BGYMEDIOOCU_CIUO(1.0),A,BGYMEDIOOCU,13,CIUO_0,2024,-12.141738754001,X,,1,"<a href="" https://www.ine.gob.cl/docs/default-source/institucionalidad/buenas-pr%C3%A1cticas/clasificaciones-y-estandares/est%C3%A1ndar-evaluaci%C3%B3n-de-calidad-de-estimaciones-publicaci%C3%B3n-27022020.pdf/"" target=""_blank"" rel=""noopener noreferrer"">La clasificación en estimaciones Fiables, Poco fiables y No fiables provienen del Estándar para la evaluación de la calidad de las estimaciones en encuestas de hogares del INE.</a>",Encuesta Suplementaria de Ingresos (ESI),PT,0
CL01:DF_BGYMEDIOOCU_CIUO(1.0),A,BGYMEDIOOCU,15,CIUO_4,2017,-12.6349956514687,,,1,"<a href="" https://www.ine.gob.cl/docs/default-source/institucionalidad/buenas-pr%C3%A1cticas/clasificaciones-y-estandares/est%C3%A1ndar-evaluaci%C3%B3n-de-calidad-de-estimaciones-publicaci%C3%B3n-27022020.pdf/"" target=""_blank"" rel=""noopener noreferrer"">La clasificación en estimaciones Fiables, Poco fiables y No fiables provienen del Estándar para la evaluación de la calidad de las estimaciones en encuestas de hogares del INE.</a>",Encuesta Suplementaria de Ingresos (ESI),PT,0
CL01:DF_BGYMEDIOOCU_CIUO(1.0),A,BGYMEDIOOCU,15,CIUO_4,2018,1.82803036573099,,,1,"<a href="" https://www.ine.gob.cl/docs/default-source/institucionalidad/buenas-pr%C3%A1cticas/clasificaciones-y-estandares/est%C3%A1ndar-evaluaci%C3%B3n-de-calidad-de-estimaciones-publicaci%C3%B3n-27022020.pdf/"" target=""_blank"" rel=""noopener noreferrer"">La clasificación en estimaciones Fiables, Poco fiables y No fiables provienen del Estándar para la evaluación de la calidad de las estimaciones en encuestas de hogares del INE.</a>",Encuesta Suplementaria de Ingresos (ESI),PT,0
CL01:DF_BGYMEDIOOCU_CIUO(1.0),A,BGYMEDIOOCU,15,CIUO_4,2019,0.51075896584105,Y,,1,"<a href="" https://www.ine.gob.cl/docs/default-source/institucionalidad/buenas-pr%C3%A1cticas/clasificaciones-y-estandares/est%C3%A1ndar-evaluaci%C3%B3n-de-calidad-de-estimaciones-publicaci%C3%B3n-27022020.pdf/"" target=""_blank"" rel=""noopener noreferrer"">La clasificación en estimaciones Fiables, Poco fiables y No fiables provienen del Estándar para la evaluación de la calidad de las estimaciones en encuestas de hogares del INE.</a>",Encuesta Suplementaria de Ingresos (ESI),PT,0
CL01:DF_BGYMEDIOOCU_CIUO(1.0),A,BGYMEDIOOCU,15,CIUO_4,2020,6.69570492344249,X,,1,"<a href="" https://www.ine.gob.cl/docs/default-source/institucionalidad/buenas-pr%C3%A1cticas/clasificaciones-y-estandares/est%C3%A1ndar-evaluaci%C3%B3n-de-calidad-de-estimaciones-publicaci%C3%B3n-27022020.pdf/"" target=""_blank"" rel=""noopener noreferrer"">La clasificación en estimaciones Fiables, Poco fiables y No fiables provienen del Estándar para la evaluación de la calidad de las estimaciones en encuestas de hogares del INE.</a>",Encuesta Suplementaria de Ingresos (ESI),PT,0
CL01:DF_BGYMEDIOOCU_CIUO(1.0),A,BGYMEDIOOCU,15,CIUO_4,2021,-3.86158609891956,Y,,1,"<a href="" https://www.ine.gob.cl/docs/default-source/institucionalidad/buenas-pr%C3%A1cticas/clasificaciones-y-estandares/est%C3%A1ndar-evaluaci%C3%B3n-de-calidad-de-estimaciones-publicaci%C3%B3n-27022020.pdf/"" target=""_blank"" rel=""noopener noreferrer"">La clasificación en estimaciones Fiables, Poco fiables y No fiables provienen del Estándar para la evaluación de la calidad de las estimaciones en encuestas de hogares del INE.</a>",Encuesta Suplementaria de Ingresos (ESI),PT,0
CL01:DF_BGYMEDIOOCU_CIUO(1.0),A,BGYMEDIOOCU,15,CIUO_4,2022,-30.4927031263938,,,1,"<a href="" https://www.ine.gob.cl/docs/default-source/institucionalidad/buenas-pr%C3%A1cticas/clasificaciones-y-estandares/est%C3%A1ndar-evaluaci%C3%B3n-de-calidad-de-estimaciones-publicaci%C3%B3n-27022020.pdf/"" target=""_blank"" rel=""noopener noreferrer"">La clasificación en estimaciones Fiables, Poco fiables y No fiables provienen del Estándar para la evaluación de la calidad de las estimaciones en encuestas de hogares del INE.</a>",Encuesta Suplementaria de Ingresos (ESI),PT,0
CL01:DF_BGYMEDIOOCU_CIUO(1.0),A,BGYMEDIOOCU,15,CIUO_4,2023,-31.4496611579105,,,1,"<a href="" https://www.ine.gob.cl/docs/default-source/institucionalidad/buenas-pr%C3%A1cticas/clasificaciones-y-estandares/est%C3%A1ndar-evaluaci%C3%B3n-de-calidad-de-estimaciones-publicaci%C3%B3n-27022020.pdf/"" target=""_blank"" rel=""noopener noreferrer"">La clasificación en estimaciones Fiables, Poco fiables y No fiables provienen del Estándar para la evaluación de la calidad de las estimaciones en encuestas de hogares del INE.</a>",Encuesta Suplementaria de Ingresos (ESI),PT,0
CL01:DF_BGYMEDIOOCU_CIUO(1.0),A,BGYMEDIOOCU,15,CIUO_4,2024,-19.6139823989519,,,1,"<a href="" https://www.ine.gob.cl/docs/default-source/institucionalidad/buenas-pr%C3%A1cticas/clasificaciones-y-estandares/est%C3%A1ndar-evaluaci%C3%B3n-de-calidad-de-estimaciones-publicaci%C3%B3n-27022020.pdf/"" target=""_blank"" rel=""noopener noreferrer"">La clasificación en estimaciones Fiables, Poco fiables y No fiables provienen del Estándar para la evaluación de la calidad de las estimaciones en encuestas de hogares del INE.</a>",Encuesta Suplementaria de Ingresos (ESI),PT,0
CL01:DF_BGYMEDIOOCU_CIUO(1.0),A,BGYMEDIOOCU,16,CIUO_9,2017,-19.6412151246964,,,1,"<a href="" https://www.ine.gob.cl/docs/default-source/institucionalidad/buenas-pr%C3%A1cticas/clasificaciones-y-estandares/est%C3%A1ndar-evaluaci%C3%B3n-de-calidad-de-estimaciones-publicaci%C3%B3n-27022020.pdf/"" target=""_blank"" rel=""noopener noreferrer"">La clasificación en estimaciones Fiables, Poco fiables y No fiables provienen del Estándar para la evaluación de la calidad de las estimaciones en encuestas de hogares del INE.</a>",Encuesta Suplementaria de Ingresos (ESI),PT,0
CL01:DF_BGYMEDIOOCU_CIUO(1.0),A,BGYMEDIOOCU,16,CIUO_9,2018,-34.2562494969104,,,1,"<a href="" https://www.ine.gob.cl/docs/default-source/institucionalidad/buenas-pr%C3%A1cticas/clasificaciones-y-estandares/est%C3%A1ndar-evaluaci%C3%B3n-de-calidad-de-estimaciones-publicaci%C3%B3n-27022020.pdf/"" target=""_blank"" rel=""noopener noreferrer"">La clasificación en estimaciones Fiables, Poco fiables y No fiables provienen del Estándar para la evaluación de la calidad de las estimaciones en encuestas de hogares del INE.</a>",Encuesta Suplementaria de Ingresos (ESI),PT,0
CL01:DF_BGYMEDIOOCU_CIUO(1.0),A,BGYMEDIOOCU,16,CIUO_9,2019,-26.1754480434397,,,1,"<a href="" https://www.ine.gob.cl/docs/default-source/institucionalidad/buenas-pr%C3%A1cticas/clasificaciones-y-estandares/est%C3%A1ndar-evaluaci%C3%B3n-de-calidad-de-estimaciones-publicaci%C3%B3n-27022020.pdf/"" target=""_blank"" rel=""noopener noreferrer"">La clasificación en estimaciones Fiables, Poco fiables y No fiables provienen del Estándar para la evaluación de la calidad de las estimaciones en encuestas de hogares del INE.</a>",Encuesta Suplementaria de Ingresos (ESI),PT,0
CL01:DF_BGYMEDIOOCU_CIUO(1.0),A,BGYMEDIOOCU,16,CIUO_9,2020,-20.6607060368031,,,1,"<a href="" https://www.ine.gob.cl/docs/default-source/institucionalidad/buenas-pr%C3%A1cticas/clasificaciones-y-estandares/est%C3%A1ndar-evaluaci%C3%B3n-de-calidad-de-estimaciones-publicaci%C3%B3n-27022020.pdf/"" target=""_blank"" rel=""noopener noreferrer"">La clasificación en estimaciones Fiables, Poco fiables y No fiables provienen del Estándar para la evaluación de la calidad de las estimaciones en encuestas de hogares del INE.</a>",Encuesta Suplementaria de Ingresos (ESI),PT,0
CL01:DF_BGYMEDIOOCU_CIUO(1.0),A,BGYMEDIOOCU,16,CIUO_9,2021,-28.3576554818158,,,1,"<a href="" https://www.ine.gob.cl/docs/default-source/institucionalidad/buenas-pr%C3%A1cticas/clasificaciones-y-estandares/est%C3%A1ndar-evaluaci%C3%B3n-de-calidad-de-estimaciones-publicaci%C3%B3n-27022020.pdf/"" target=""_blank"" rel=""noopener noreferrer"">La clasificación en estimaciones Fiables, Poco fiables y No fiables provienen del Estándar para la evaluación de la calidad de las estimaciones en encuestas de hogares del INE.</a>",Encuesta Suplementaria de Ingresos (ESI),PT,0
CL01:DF_BGYMEDIOOCU_CIUO(1.0),A,BGYMEDIOOCU,16,CIUO_9,2022,-27.1192568671697,,,1,"<a href="" https://www.ine.gob.cl/docs/default-source/institucionalidad/buenas-pr%C3%A1cticas/clasificaciones-y-estandares/est%C3%A1ndar-evaluaci%C3%B3n-de-calidad-de-estimaciones-publicaci%C3%B3n-27022020.pdf/"" target=""_blank"" rel=""noopener noreferrer"">La clasificación en estimaciones Fiables, Poco fiables y No fiables provienen del Estándar para la evaluación de la calidad de las estimaciones en encuestas de hogares del INE.</a>",Encuesta Suplementaria de Ingresos (ESI),PT,0
CL01:DF_BGYMEDIOOCU_CIUO(1.0),A,BGYMEDIOOCU,16,CIUO_9,2023,-22.7689523204462,,,1,"<a href="" https://www.ine.gob.cl/docs/default-source/institucionalidad/buenas-pr%C3%A1cticas/clasificaciones-y-estandares/est%C3%A1ndar-evaluaci%C3%B3n-de-calidad-de-estimaciones-publicaci%C3%B3n-27022020.pdf/"" target=""_blank"" rel=""noopener noreferrer"">La clasificación en estimaciones Fiables, Poco fiables y No fiables provienen del Estándar para la evaluación de la calidad de las estimaciones en encuestas de hogares del INE.</a>",Encuesta Suplementaria de Ingresos (ESI),PT,0
CL01:DF_BGYMEDIOOCU_CIUO(1.0),A,BGYMEDIOOCU,16,CIUO_9,2024,-19.9744789878585,,,1,"<a href="" https://www.ine.gob.cl/docs/default-source/institucionalidad/buenas-pr%C3%A1cticas/clasificaciones-y-estandares/est%C3%A1ndar-evaluaci%C3%B3n-de-calidad-de-estimaciones-publicaci%C3%B3n-27022020.pdf/"" target=""_blank"" rel=""noopener noreferrer"">La clasificación en estimaciones Fiables, Poco fiables y No fiables provienen del Estándar para la evaluación de la calidad de las estimaciones en encuestas de hogares del INE.</a>",Encuesta Suplementaria de Ingresos (ESI),PT,0
CL01:DF_BGYMEDIOOCU_CIUO(1.0),A,BGYMEDIOOCU,_T,CIUO_0,2017,-21.8275756800874,Y,,1,"<a href="" https://www.ine.gob.cl/docs/default-source/institucionalidad/buenas-pr%C3%A1cticas/clasificaciones-y-estandares/est%C3%A1ndar-evaluaci%C3%B3n-de-calidad-de-estimaciones-publicaci%C3%B3n-27022020.pdf/"" target=""_blank"" rel=""noopener noreferrer"">La clasificación en estimaciones Fiables, Poco fiables y No fiables provienen del Estándar para la evaluación de la calidad de las estimaciones en encuestas de hogares del INE.</a>",Encuesta Suplementaria de Ingresos (ESI),PT,0
CL01:DF_BGYMEDIOOCU_CIUO(1.0),A,BGYMEDIOOCU,_T,CIUO_0,2018,-33.0040017348166,Y,,1,"<a href="" https://www.ine.gob.cl/docs/default-source/institucionalidad/buenas-pr%C3%A1cticas/clasificaciones-y-estandares/est%C3%A1ndar-evaluaci%C3%B3n-de-calidad-de-estimaciones-publicaci%C3%B3n-27022020.pdf/"" target=""_blank"" rel=""noopener noreferrer"">La clasificación en estimaciones Fiables, Poco fiables y No fiables provienen del Estándar para la evaluación de la calidad de las estimaciones en encuestas de hogares del INE.</a>",Encuesta Suplementaria de Ingresos (ESI),PT,0
CL01:DF_BGYMEDIOOCU_CIUO(1.0),A,BGYMEDIOOCU,_T,CIUO_0,2019,-37.2177383338505,,,1,"<a href="" https://www.ine.gob.cl/docs/default-source/institucionalidad/buenas-pr%C3%A1cticas/clasificaciones-y-estandares/est%C3%A1ndar-evaluaci%C3%B3n-de-calidad-de-estimaciones-publicaci%C3%B3n-27022020.pdf/"" target=""_blank"" rel=""noopener noreferrer"">La clasificación en estimaciones Fiables, Poco fiables y No fiables provienen del Estándar para la evaluación de la calidad de las estimaciones en encuestas de hogares del INE.</a>",Encuesta Suplementaria de Ingresos (ESI),PT,0
CL01:DF_BGYMEDIOOCU_CIUO(1.0),A,BGYMEDIOOCU,_T,CIUO_0,2020,-27.1163554064851,,,1,"<a href="" https://www.ine.gob.cl/docs/default-source/institucionalidad/buenas-pr%C3%A1cticas/clasificaciones-y-estandares/est%C3%A1ndar-evaluaci%C3%B3n-de-calidad-de-estimaciones-publicaci%C3%B3n-27022020.pdf/"" target=""_blank"" rel=""noopener noreferrer"">La clasificación en estimaciones Fiables, Poco fiables y No fiables provienen del Estándar para la evaluación de la calidad de las estimaciones en encuestas de hogares del INE.</a>",Encuesta Suplementaria de Ingresos (ESI),PT,0
CL01:DF_BGYMEDIOOCU_CIUO(1.0),A,BGYMEDIOOCU,_T,CIUO_0,2021,-29.8841405722499,,,1,"<a href="" https://www.ine.gob.cl/docs/default-source/institucionalidad/buenas-pr%C3%A1cticas/clasificaciones-y-estandares/est%C3%A1ndar-evaluaci%C3%B3n-de-calidad-de-estimaciones-publicaci%C3%B3n-27022020.pdf/"" target=""_blank"" rel=""noopener noreferrer"">La clasificación en estimaciones Fiables, Poco fiables y No fiables provienen del Estándar para la evaluación de la calidad de las estimaciones en encuestas de hogares del INE.</a>",Encuesta Suplementaria de Ingresos (ESI),PT,0
CL01:DF_BGYMEDIOOCU_CIUO(1.0),A,BGYMEDIOOCU,_T,CIUO_0,2022,-1.87102715220872,Y,,1,"<a href="" https://www.ine.gob.cl/docs/default-source/institucionalidad/buenas-pr%C3%A1cticas/clasificaciones-y-estandares/est%C3%A1ndar-evaluaci%C3%B3n-de-calidad-de-estimaciones-publicaci%C3%B3n-27022020.pdf/"" target=""_blank"" rel=""noopener noreferrer"">La clasificación en estimaciones Fiables, Poco fiables y No fiables provienen del Estándar para la evaluación de la calidad de las estimaciones en encuestas de hogares del INE.</a>",Encuesta Suplementaria de Ingresos (ESI),PT,0
CL01:DF_BGYMEDIOOCU_CIUO(1.0),A,BGYMEDIOOCU,_T,CIUO_0,2023,-33.2737566814097,,,1,"<a href="" https://www.ine.gob.cl/docs/default-source/institucionalidad/buenas-pr%C3%A1cticas/clasificaciones-y-estandares/est%C3%A1ndar-evaluaci%C3%B3n-de-calidad-de-estimaciones-publicaci%C3%B3n-27022020.pdf/"" target=""_blank"" rel=""noopener noreferrer"">La clasificación en estimaciones Fiables, Poco fiables y No fiables provienen del Estándar para la evaluación de la calidad de las estimaciones en encuestas de hogares del INE.</a>",Encuesta Suplementaria de Ingresos (ESI),PT,0
CL01:DF_BGYMEDIOOCU_CIUO(1.0),A,BGYMEDIOOCU,_T,CIUO_0,2024,-27.9665251442472,Y,,1,"<a href="" https://www.ine.gob.cl/docs/default-source/institucionalidad/buenas-pr%C3%A1cticas/clasificaciones-y-estandares/est%C3%A1ndar-evaluaci%C3%B3n-de-calidad-de-estimaciones-publicaci%C3%B3n-27022020.pdf/"" target=""_blank"" rel=""noopener noreferrer"">La clasificación en estimaciones Fiables, Poco fiables y No fiables provienen del Estándar para la evaluación de la calidad de las estimaciones en encuestas de hogares del INE.</a>",Encuesta Suplementaria de Ingresos (ESI),PT,0
CL01:DF_BGYMEDIOOCU_CIUO(1.0),A,BGYMEDIOOCU,_T,CIUO_5,2017,-33.1130923266676,,,1,"<a href="" https://www.ine.gob.cl/docs/default-source/institucionalidad/buenas-pr%C3%A1cticas/clasificaciones-y-estandares/est%C3%A1ndar-evaluaci%C3%B3n-de-calidad-de-estimaciones-publicaci%C3%B3n-27022020.pdf/"" target=""_blank"" rel=""noopener noreferrer"">La clasificación en estimaciones Fiables, Poco fiables y No fiables provienen del Estándar para la evaluación de la calidad de las estimaciones en encuestas de hogares del INE.</a>",Encuesta Suplementaria de Ingresos (ESI),PT,0
CL01:DF_BGYMEDIOOCU_CIUO(1.0),A,BGYMEDIOOCU,_T,CIUO_5,2018,-37.7212590792857,,,1,"<a href="" https://www.ine.gob.cl/docs/default-source/institucionalidad/buenas-pr%C3%A1cticas/clasificaciones-y-estandares/est%C3%A1ndar-evaluaci%C3%B3n-de-calidad-de-estimaciones-publicaci%C3%B3n-27022020.pdf/"" target=""_blank"" rel=""noopener noreferrer"">La clasificación en estimaciones Fiables, Poco fiables y No fiables provienen del Estándar para la evaluación de la calidad de las estimaciones en encuestas de hogares del INE.</a>",Encuesta Suplementaria de Ingresos (ESI),PT,0
CL01:DF_BGYMEDIOOCU_CIUO(1.0),A,BGYMEDIOOCU,_T,CIUO_5,2019,-36.6638681735805,,,1,"<a href="" https://www.ine.gob.cl/docs/default-source/institucionalidad/buenas-pr%C3%A1cticas/clasificaciones-y-estandares/est%C3%A1ndar-evaluaci%C3%B3n-de-calidad-de-estimaciones-publicaci%C3%B3n-27022020.pdf/"" target=""_blank"" rel=""noopener noreferrer"">La clasificación en estimaciones Fiables, Poco fiables y No fiables provienen del Estándar para la evaluación de la calidad de las estimaciones en encuestas de hogares del INE.</a>",Encuesta Suplementaria de Ingresos (ESI),PT,0
CL01:DF_BGYMEDIOOCU_CIUO(1.0),A,BGYMEDIOOCU,_T,CIUO_5,2020,-36.3374048081018,,,1,"<a href="" https://www.ine.gob.cl/docs/default-source/institucionalidad/buenas-pr%C3%A1cticas/clasificaciones-y-estandares/est%C3%A1ndar-evaluaci%C3%B3n-de-calidad-de-estimaciones-publicaci%C3%B3n-27022020.pdf/"" target=""_blank"" rel=""noopener noreferrer"">La clasificación en estimaciones Fiables, Poco fiables y No fiables provienen del Estándar para la evaluación de la calidad de las estimaciones en encuestas de hogares del INE.</a>",Encuesta Suplementaria de Ingresos (ESI),PT,0
CL01:DF_BGYMEDIOOCU_CIUO(1.0),A,BGYMEDIOOCU,_T,CIUO_5,2021,-30.8115364966449,,,1,"<a href="" https://www.ine.gob.cl/docs/default-source/institucionalidad/buenas-pr%C3%A1cticas/clasificaciones-y-estandares/est%C3%A1ndar-evaluaci%C3%B3n-de-calidad-de-estimaciones-publicaci%C3%B3n-27022020.pdf/"" target=""_blank"" rel=""noopener noreferrer"">La clasificación en estimaciones Fiables, Poco fiables y No fiables provienen del Estándar para la evaluación de la calidad de las estimaciones en encuestas de hogares del INE.</a>",Encuesta Suplementaria de Ingresos (ESI),PT,0
CL01:DF_BGYMEDIOOCU_CIUO(1.0),A,BGYMEDIOOCU,_T,CIUO_5,2022,-32.6515033289182,,,1,"<a href="" https://www.ine.gob.cl/docs/default-source/institucionalidad/buenas-pr%C3%A1cticas/clasificaciones-y-estandares/est%C3%A1ndar-evaluaci%C3%B3n-de-calidad-de-estimaciones-publicaci%C3%B3n-27022020.pdf/"" target=""_blank"" rel=""noopener noreferrer"">La clasificación en estimaciones Fiables, Poco fiables y No fiables provienen del Estándar para la evaluación de la calidad de las estimaciones en encuestas de hogares del INE.</a>",Encuesta Suplementaria de Ingresos (ESI),PT,0
CL01:DF_BGYMEDIOOCU_CIUO(1.0),A,BGYMEDIOOCU,_T,CIUO_5,2023,-32.7953708355862,,,1,"<a href="" https://www.ine.gob.cl/docs/default-source/institucionalidad/buenas-pr%C3%A1cticas/clasificaciones-y-estandares/est%C3%A1ndar-evaluaci%C3%B3n-de-calidad-de-estimaciones-publicaci%C3%B3n-27022020.pdf/"" target=""_blank"" rel=""noopener noreferrer"">La clasificación en estimaciones Fiables, Poco fiables y No fiables provienen del Estándar para la evaluación de la calidad de las estimaciones en encuestas de hogares del INE.</a>",Encuesta Suplementaria de Ingresos (ESI),PT,0
CL01:DF_BGYMEDIOOCU_CIUO(1.0),A,BGYMEDIOOCU,_T,CIUO_5,2024,-30.0446599544824,,,1,"<a href="" https://www.ine.gob.cl/docs/default-source/institucionalidad/buenas-pr%C3%A1cticas/clasificaciones-y-estandares/est%C3%A1ndar-evaluaci%C3%B3n-de-calidad-de-estimaciones-publicaci%C3%B3n-27022020.pdf/"" target=""_blank"" rel=""noopener noreferrer"">La clasificación en estimaciones Fiables, Poco fiables y No fiables provienen del Estándar para la evaluación de la calidad de las estimaciones en encuestas de hogares del INE.</a>",Encuesta Suplementaria de Ingresos (ESI),PT,0
CL01:DF_BGYMEDIOOCU_CIUO(1.0),A,BGYMEDIOOCU,01,CIUO_0,2017,,X,,1,"<a href="" https://www.ine.gob.cl/docs/default-source/institucionalidad/buenas-pr%C3%A1cticas/clasificaciones-y-estandares/est%C3%A1ndar-evaluaci%C3%B3n-de-calidad-de-estimaciones-publicaci%C3%B3n-27022020.pdf/"" target=""_blank"" rel=""noopener noreferrer"">La clasificación en estimaciones Fiables, Poco fiables y No fiables provienen del Estándar para la evaluación de la calidad de las estimaciones en encuestas de hogares del INE.</a>",Encuesta Suplementaria de Ingresos (ESI),PT,0
CL01:DF_BGYMEDIOOCU_CIUO(1.0),A,BGYMEDIOOCU,01,CIUO_0,2018,-44.7577772243694,X,,1,"<a href="" https://www.ine.gob.cl/docs/default-source/institucionalidad/buenas-pr%C3%A1cticas/clasificaciones-y-estandares/est%C3%A1ndar-evaluaci%C3%B3n-de-calidad-de-estimaciones-publicaci%C3%B3n-27022020.pdf/"" target=""_blank"" rel=""noopener noreferrer"">La clasificación en estimaciones Fiables, Poco fiables y No fiables provienen del Estándar para la evaluación de la calidad de las estimaciones en encuestas de hogares del INE.</a>",Encuesta Suplementaria de Ingresos (ESI),PT,0
CL01:DF_BGYMEDIOOCU_CIUO(1.0),A,BGYMEDIOOCU,01,CIUO_0,2019,28.252356782506,X,,1,"<a href="" https://www.ine.gob.cl/docs/default-source/institucionalidad/buenas-pr%C3%A1cticas/clasificaciones-y-estandares/est%C3%A1ndar-evaluaci%C3%B3n-de-calidad-de-estimaciones-publicaci%C3%B3n-27022020.pdf/"" target=""_blank"" rel=""noopener noreferrer"">La clasificación en estimaciones Fiables, Poco fiables y No fiables provienen del Estándar para la evaluación de la calidad de las estimaciones en encuestas de hogares del INE.</a>",Encuesta Suplementaria de Ingresos (ESI),PT,0
CL01:DF_BGYMEDIOOCU_CIUO(1.0),A,BGYMEDIOOCU,01,CIUO_0,2020,-43.3554883733142,X,,1,"<a href="" https://www.ine.gob.cl/docs/default-source/institucionalidad/buenas-pr%C3%A1cticas/clasificaciones-y-estandares/est%C3%A1ndar-evaluaci%C3%B3n-de-calidad-de-estimaciones-publicaci%C3%B3n-27022020.pdf/"" target=""_blank"" rel=""noopener noreferrer"">La clasificación en estimaciones Fiables, Poco fiables y No fiables provienen del Estándar para la evaluación de la calidad de las estimaciones en encuestas de hogares del INE.</a>",Encuesta Suplementaria de Ingresos (ESI),PT,0
CL01:DF_BGYMEDIOOCU_CIUO(1.0),A,BGYMEDIOOCU,01,CIUO_0,2021,-57.9623422275553,X,,1,"<a href="" https://www.ine.gob.cl/docs/default-source/institucionalidad/buenas-pr%C3%A1cticas/clasificaciones-y-estandares/est%C3%A1ndar-evaluaci%C3%B3n-de-calidad-de-estimaciones-publicaci%C3%B3n-27022020.pdf/"" target=""_blank"" rel=""noopener noreferrer"">La clasificación en estimaciones Fiables, Poco fiables y No fiables provienen del Estándar para la evaluación de la calidad de las estimaciones en encuestas de hogares del INE.</a>",Encuesta Suplementaria de Ingresos (ESI),PT,0
CL01:DF_BGYMEDIOOCU_CIUO(1.0),A,BGYMEDIOOCU,01,CIUO_0,2022,,X,,1,"<a href="" https://www.ine.gob.cl/docs/default-source/institucionalidad/buenas-pr%C3%A1cticas/clasificaciones-y-estandares/est%C3%A1ndar-evaluaci%C3%B3n-de-calidad-de-estimaciones-publicaci%C3%B3n-27022020.pdf/"" target=""_blank"" rel=""noopener noreferrer"">La clasificación en estimaciones Fiables, Poco fiables y No fiables provienen del Estándar para la evaluación de la calidad de las estimaciones en encuestas de hogares del INE.</a>",Encuesta Suplementaria de Ingresos (ESI),PT,0
CL01:DF_BGYMEDIOOCU_CIUO(1.0),A,BGYMEDIOOCU,01,CIUO_0,2023,-42.9646346370276,X,,1,"<a href="" https://www.ine.gob.cl/docs/default-source/institucionalidad/buenas-pr%C3%A1cticas/clasificaciones-y-estandares/est%C3%A1ndar-evaluaci%C3%B3n-de-calidad-de-estimaciones-publicaci%C3%B3n-27022020.pdf/"" target=""_blank"" rel=""noopener noreferrer"">La clasificación en estimaciones Fiables, Poco fiables y No fiables provienen del Estándar para la evaluación de la calidad de las estimaciones en encuestas de hogares del INE.</a>",Encuesta Suplementaria de Ingresos (ESI),PT,0
CL01:DF_BGYMEDIOOCU_CIUO(1.0),A,BGYMEDIOOCU,01,CIUO_0,2024,,X,,1,"<a href="" https://www.ine.gob.cl/docs/default-source/institucionalidad/buenas-pr%C3%A1cticas/clasificaciones-y-estandares/est%C3%A1ndar-evaluaci%C3%B3n-de-calidad-de-estimaciones-publicaci%C3%B3n-27022020.pdf/"" target=""_blank"" rel=""noopener noreferrer"">La clasificación en estimaciones Fiables, Poco fiables y No fiables provienen del Estándar para la evaluación de la calidad de las estimaciones en encuestas de hogares del INE.</a>",Encuesta Suplementaria de Ingresos (ESI),PT,0
CL01:DF_BGYMEDIOOCU_CIUO(1.0),A,BGYMEDIOOCU,01,CIUO_1,2017,-44.5447623747657,Y,,1,"<a href="" https://www.ine.gob.cl/docs/default-source/institucionalidad/buenas-pr%C3%A1cticas/clasificaciones-y-estandares/est%C3%A1ndar-evaluaci%C3%B3n-de-calidad-de-estimaciones-publicaci%C3%B3n-27022020.pdf/"" target=""_blank"" rel=""noopener noreferrer"">La clasificación en estimaciones Fiables, Poco fiables y No fiables provienen del Estándar para la evaluación de la calidad de las estimaciones en encuestas de hogares del INE.</a>",Encuesta Suplementaria de Ingresos (ESI),PT,0
CL01:DF_BGYMEDIOOCU_CIUO(1.0),A,BGYMEDIOOCU,01,CIUO_1,2018,-32.5452321814655,Y,,1,"<a href="" https://www.ine.gob.cl/docs/default-source/institucionalidad/buenas-pr%C3%A1cticas/clasificaciones-y-estandares/est%C3%A1ndar-evaluaci%C3%B3n-de-calidad-de-estimaciones-publicaci%C3%B3n-27022020.pdf/"" target=""_blank"" rel=""noopener noreferrer"">La clasificación en estimaciones Fiables, Poco fiables y No fiables provienen del Estándar para la evaluación de la calidad de las estimaciones en encuestas de hogares del INE.</a>",Encuesta Suplementaria de Ingresos (ESI),PT,0
CL01:DF_BGYMEDIOOCU_CIUO(1.0),A,BGYMEDIOOCU,01,CIUO_1,2019,36.4927692645861,X,,1,"<a href="" https://www.ine.gob.cl/docs/default-source/institucionalidad/buenas-pr%C3%A1cticas/clasificaciones-y-estandares/est%C3%A1ndar-evaluaci%C3%B3n-de-calidad-de-estimaciones-publicaci%C3%B3n-27022020.pdf/"" target=""_blank"" rel=""noopener noreferrer"">La clasificación en estimaciones Fiables, Poco fiables y No fiables provienen del Estándar para la evaluación de la calidad de las estimaciones en encuestas de hogares del INE.</a>",Encuesta Suplementaria de Ingresos (ESI),PT,0
CL01:DF_BGYMEDIOOCU_CIUO(1.0),A,BGYMEDIOOCU,01,CIUO_1,2020,-50.6933417236931,X,,1,"<a href="" https://www.ine.gob.cl/docs/default-source/institucionalidad/buenas-pr%C3%A1cticas/clasificaciones-y-estandares/est%C3%A1ndar-evaluaci%C3%B3n-de-calidad-de-estimaciones-publicaci%C3%B3n-27022020.pdf/"" target=""_blank"" rel=""noopener noreferrer"">La clasificación en estimaciones Fiables, Poco fiables y No fiables provienen del Estándar para la evaluación de la calidad de las estimaciones en encuestas de hogares del INE.</a>",Encuesta Suplementaria de Ingresos (ESI),PT,0
CL01:DF_BGYMEDIOOCU_CIUO(1.0),A,BGYMEDIOOCU,01,CIUO_1,2021,-27.3685561559532,X,,1,"<a href="" https://www.ine.gob.cl/docs/default-source/institucionalidad/buenas-pr%C3%A1cticas/clasificaciones-y-estandares/est%C3%A1ndar-evaluaci%C3%B3n-de-calidad-de-estimaciones-publicaci%C3%B3n-27022020.pdf/"" target=""_blank"" rel=""noopener noreferrer"">La clasificación en estimaciones Fiables, Poco fiables y No fiables provienen del Estándar para la evaluación de la calidad de las estimaciones en encuestas de hogares del INE.</a>",Encuesta Suplementaria de Ingresos (ESI),PT,0
CL01:DF_BGYMEDIOOCU_CIUO(1.0),A,BGYMEDIOOCU,01,CIUO_1,2022,-60.2938785109989,X,,1,"<a href="" https://www.ine.gob.cl/docs/default-source/institucionalidad/buenas-pr%C3%A1cticas/clasificaciones-y-estandares/est%C3%A1ndar-evaluaci%C3%B3n-de-calidad-de-estimaciones-publicaci%C3%B3n-27022020.pdf/"" target=""_blank"" rel=""noopener noreferrer"">La clasificación en estimaciones Fiables, Poco fiables y No fiables provienen del Estándar para la evaluación de la calidad de las estimaciones en encuestas de hogares del INE.</a>",Encuesta Suplementaria de Ingresos (ESI),PT,0
CL01:DF_BGYMEDIOOCU_CIUO(1.0),A,BGYMEDIOOCU,01,CIUO_1,2023,-27.5442260224704,X,,1,"<a href="" https://www.ine.gob.cl/docs/default-source/institucionalidad/buenas-pr%C3%A1cticas/clasificaciones-y-estandares/est%C3%A1ndar-evaluaci%C3%B3n-de-calidad-de-estimaciones-publicaci%C3%B3n-27022020.pdf/"" target=""_blank"" rel=""noopener noreferrer"">La clasificación en estimaciones Fiables, Poco fiables y No fiables provienen del Estándar para la evaluación de la calidad de las estimaciones en encuestas de hogares del INE.</a>",Encuesta Suplementaria de Ingresos (ESI),PT,0
CL01:DF_BGYMEDIOOCU_CIUO(1.0),A,BGYMEDIOOCU,01,CIUO_1,2024,-31.7415914648057,X,,1,"<a href="" https://www.ine.gob.cl/docs/default-source/institucionalidad/buenas-pr%C3%A1cticas/clasificaciones-y-estandares/est%C3%A1ndar-evaluaci%C3%B3n-de-calidad-de-estimaciones-publicaci%C3%B3n-27022020.pdf/"" target=""_blank"" rel=""noopener noreferrer"">La clasificación en estimaciones Fiables, Poco fiables y No fiables provienen del Estándar para la evaluación de la calidad de las estimaciones en encuestas de hogares del INE.</a>",Encuesta Suplementaria de Ingresos (ESI),PT,0
CL01:DF_BGYMEDIOOCU_CIUO(1.0),A,BGYMEDIOOCU,04,CIUO_1,2017,-49.1856944100965,X,,1,"<a href="" https://www.ine.gob.cl/docs/default-source/institucionalidad/buenas-pr%C3%A1cticas/clasificaciones-y-estandares/est%C3%A1ndar-evaluaci%C3%B3n-de-calidad-de-estimaciones-publicaci%C3%B3n-27022020.pdf/"" target=""_blank"" rel=""noopener noreferrer"">La clasificación en estimaciones Fiables, Poco fiables y No fiables provienen del Estándar para la evaluación de la calidad de las estimaciones en encuestas de hogares del INE.</a>",Encuesta Suplementaria de Ingresos (ESI),PT,0
CL01:DF_BGYMEDIOOCU_CIUO(1.0),A,BGYMEDIOOCU,04,CIUO_1,2018,-21.415834039584,Y,,1,"<a href="" https://www.ine.gob.cl/docs/default-source/institucionalidad/buenas-pr%C3%A1cticas/clasificaciones-y-estandares/est%C3%A1ndar-evaluaci%C3%B3n-de-calidad-de-estimaciones-publicaci%C3%B3n-27022020.pdf/"" target=""_blank"" rel=""noopener noreferrer"">La clasificación en estimaciones Fiables, Poco fiables y No fiables provienen del Estándar para la evaluación de la calidad de las estimaciones en encuestas de hogares del INE.</a>",Encuesta Suplementaria de Ingresos (ESI),PT,0
CL01:DF_BGYMEDIOOCU_CIUO(1.0),A,BGYMEDIOOCU,04,CIUO_1,2019,-39.4536457811844,X,,1,"<a href="" https://www.ine.gob.cl/docs/default-source/institucionalidad/buenas-pr%C3%A1cticas/clasificaciones-y-estandares/est%C3%A1ndar-evaluaci%C3%B3n-de-calidad-de-estimaciones-publicaci%C3%B3n-27022020.pdf/"" target=""_blank"" rel=""noopener noreferrer"">La clasificación en estimaciones Fiables, Poco fiables y No fiables provienen del Estándar para la evaluación de la calidad de las estimaciones en encuestas de hogares del INE.</a>",Encuesta Suplementaria de Ingresos (ESI),PT,0
CL01:DF_BGYMEDIOOCU_CIUO(1.0),A,BGYMEDIOOCU,04,CIUO_1,2020,-10.6553700247955,X,,1,"<a href="" https://www.ine.gob.cl/docs/default-source/institucionalidad/buenas-pr%C3%A1cticas/clasificaciones-y-estandares/est%C3%A1ndar-evaluaci%C3%B3n-de-calidad-de-estimaciones-publicaci%C3%B3n-27022020.pdf/"" target=""_blank"" rel=""noopener noreferrer"">La clasificación en estimaciones Fiables, Poco fiables y No fiables provienen del Estándar para la evaluación de la calidad de las estimaciones en encuestas de hogares del INE.</a>",Encuesta Suplementaria de Ingresos (ESI),PT,0
CL01:DF_BGYMEDIOOCU_CIUO(1.0),A,BGYMEDIOOCU,04,CIUO_1,2021,-48.4065358220756,X,,1,"<a href="" https://www.ine.gob.cl/docs/default-source/institucionalidad/buenas-pr%C3%A1cticas/clasificaciones-y-estandares/est%C3%A1ndar-evaluaci%C3%B3n-de-calidad-de-estimaciones-publicaci%C3%B3n-27022020.pdf/"" target=""_blank"" rel=""noopener noreferrer"">La clasificación en estimaciones Fiables, Poco fiables y No fiables provienen del Estándar para la evaluación de la calidad de las estimaciones en encuestas de hogares del INE.</a>",Encuesta Suplementaria de Ingresos (ESI),PT,0
CL01:DF_BGYMEDIOOCU_CIUO(1.0),A,BGYMEDIOOCU,04,CIUO_1,2022,-59.4513122855395,X,,1,"<a href="" https://www.ine.gob.cl/docs/default-source/institucionalidad/buenas-pr%C3%A1cticas/clasificaciones-y-estandares/est%C3%A1ndar-evaluaci%C3%B3n-de-calidad-de-estimaciones-publicaci%C3%B3n-27022020.pdf/"" target=""_blank"" rel=""noopener noreferrer"">La clasificación en estimaciones Fiables, Poco fiables y No fiables provienen del Estándar para la evaluación de la calidad de las estimaciones en encuestas de hogares del INE.</a>",Encuesta Suplementaria de Ingresos (ESI),PT,0
CL01:DF_BGYMEDIOOCU_CIUO(1.0),A,BGYMEDIOOCU,04,CIUO_1,2023,-12.5300854054874,X,,1,"<a href="" https://www.ine.gob.cl/docs/default-source/institucionalidad/buenas-pr%C3%A1cticas/clasificaciones-y-estandares/est%C3%A1ndar-evaluaci%C3%B3n-de-calidad-de-estimaciones-publicaci%C3%B3n-27022020.pdf/"" target=""_blank"" rel=""noopener noreferrer"">La clasificación en estimaciones Fiables, Poco fiables y No fiables provienen del Estándar para la evaluación de la calidad de las estimaciones en encuestas de hogares del INE.</a>",Encuesta Suplementaria de Ingresos (ESI),PT,0
CL01:DF_BGYMEDIOOCU_CIUO(1.0),A,BGYMEDIOOCU,04,CIUO_1,2024,-45.4316122435595,X,,1,"<a href="" https://www.ine.gob.cl/docs/default-source/institucionalidad/buenas-pr%C3%A1cticas/clasificaciones-y-estandares/est%C3%A1ndar-evaluaci%C3%B3n-de-calidad-de-estimaciones-publicaci%C3%B3n-27022020.pdf/"" target=""_blank"" rel=""noopener noreferrer"">La clasificación en estimaciones Fiables, Poco fiables y No fiables provienen del Estándar para la evaluación de la calidad de las estimaciones en encuestas de hogares del INE.</a>",Encuesta Suplementaria de Ingresos (ESI),PT,0
CL01:DF_BGYMEDIOOCU_CIUO(1.0),A,BGYMEDIOOCU,05,CIUO_0,2017,-15.9809431234777,X,,1,"<a href="" https://www.ine.gob.cl/docs/default-source/institucionalidad/buenas-pr%C3%A1cticas/clasificaciones-y-estandares/est%C3%A1ndar-evaluaci%C3%B3n-de-calidad-de-estimaciones-publicaci%C3%B3n-27022020.pdf/"" target=""_blank"" rel=""noopener noreferrer"">La clasificación en estimaciones Fiables, Poco fiables y No fiables provienen del Estándar para la evaluación de la calidad de las estimaciones en encuestas de hogares del INE.</a>",Encuesta Suplementaria de Ingresos (ESI),PT,0
CL01:DF_BGYMEDIOOCU_CIUO(1.0),A,BGYMEDIOOCU,05,CIUO_0,2018,-51.7518753120033,X,,1,"<a href="" https://www.ine.gob.cl/docs/default-source/institucionalidad/buenas-pr%C3%A1cticas/clasificaciones-y-estandares/est%C3%A1ndar-evaluaci%C3%B3n-de-calidad-de-estimaciones-publicaci%C3%B3n-27022020.pdf/"" target=""_blank"" rel=""noopener noreferrer"">La clasificación en estimaciones Fiables, Poco fiables y No fiables provienen del Estándar para la evaluación de la calidad de las estimaciones en encuestas de hogares del INE.</a>",Encuesta Suplementaria de Ingresos (ESI),PT,0
CL01:DF_BGYMEDIOOCU_CIUO(1.0),A,BGYMEDIOOCU,05,CIUO_0,2019,-36.9284718755664,X,,1,"<a href="" https://www.ine.gob.cl/docs/default-source/institucionalidad/buenas-pr%C3%A1cticas/clasificaciones-y-estandares/est%C3%A1ndar-evaluaci%C3%B3n-de-calidad-de-estimaciones-publicaci%C3%B3n-27022020.pdf/"" target=""_blank"" rel=""noopener noreferrer"">La clasificación en estimaciones Fiables, Poco fiables y No fiables provienen del Estándar para la evaluación de la calidad de las estimaciones en encuestas de hogares del INE.</a>",Encuesta Suplementaria de Ingresos (ESI),PT,0
CL01:DF_BGYMEDIOOCU_CIUO(1.0),A,BGYMEDIOOCU,05,CIUO_0,2020,-0.233049125458463,X,,1,"<a href="" https://www.ine.gob.cl/docs/default-source/institucionalidad/buenas-pr%C3%A1cticas/clasificaciones-y-estandares/est%C3%A1ndar-evaluaci%C3%B3n-de-calidad-de-estimaciones-publicaci%C3%B3n-27022020.pdf/"" target=""_blank"" rel=""noopener noreferrer"">La clasificación en estimaciones Fiables, Poco fiables y No fiables provienen del Estándar para la evaluación de la calidad de las estimaciones en encuestas de hogares del INE.</a>",Encuesta Suplementaria de Ingresos (ESI),PT,0
CL01:DF_BGYMEDIOOCU_CIUO(1.0),A,BGYMEDIOOCU,05,CIUO_0,2021,-26.2949696253646,X,,1,"<a href="" https://www.ine.gob.cl/docs/default-source/institucionalidad/buenas-pr%C3%A1cticas/clasificaciones-y-estandares/est%C3%A1ndar-evaluaci%C3%B3n-de-calidad-de-estimaciones-publicaci%C3%B3n-27022020.pdf/"" target=""_blank"" rel=""noopener noreferrer"">La clasificación en estimaciones Fiables, Poco fiables y No fiables provienen del Estándar para la evaluación de la calidad de las estimaciones en encuestas de hogares del INE.</a>",Encuesta Suplementaria de Ingresos (ESI),PT,0
CL01:DF_BGYMEDIOOCU_CIUO(1.0),A,BGYMEDIOOCU,05,CIUO_0,2022,23.5867557872493,X,,1,"<a href="" https://www.ine.gob.cl/docs/default-source/institucionalidad/buenas-pr%C3%A1cticas/clasificaciones-y-estandares/est%C3%A1ndar-evaluaci%C3%B3n-de-calidad-de-estimaciones-publicaci%C3%B3n-27022020.pdf/"" target=""_blank"" rel=""noopener noreferrer"">La clasificación en estimaciones Fiables, Poco fiables y No fiables provienen del Estándar para la evaluación de la calidad de las estimaciones en encuestas de hogares del INE.</a>",Encuesta Suplementaria de Ingresos (ESI),PT,0
CL01:DF_BGYMEDIOOCU_CIUO(1.0),A,BGYMEDIOOCU,05,CIUO_0,2023,,X,,1,"<a href="" https://www.ine.gob.cl/docs/default-source/institucionalidad/buenas-pr%C3%A1cticas/clasificaciones-y-estandares/est%C3%A1ndar-evaluaci%C3%B3n-de-calidad-de-estimaciones-publicaci%C3%B3n-27022020.pdf/"" target=""_blank"" rel=""noopener noreferrer"">La clasificación en estimaciones Fiables, Poco fiables y No fiables provienen del Estándar para la evaluación de la calidad de las estimaciones en encuestas de hogares del INE.</a>",Encuesta Suplementaria de Ingresos (ESI),PT,0
CL01:DF_BGYMEDIOOCU_CIUO(1.0),A,BGYMEDIOOCU,05,CIUO_0,2024,,X,,1,"<a href="" https://www.ine.gob.cl/docs/default-source/institucionalidad/buenas-pr%C3%A1cticas/clasificaciones-y-estandares/est%C3%A1ndar-evaluaci%C3%B3n-de-calidad-de-estimaciones-publicaci%C3%B3n-27022020.pdf/"" target=""_blank"" rel=""noopener noreferrer"">La clasificación en estimaciones Fiables, Poco fiables y No fiables provienen del Estándar para la evaluación de la calidad de las estimaciones en encuestas de hogares del INE.</a>",Encuesta Suplementaria de Ingresos (ESI),PT,0
CL01:DF_BGYMEDIOOCU_CIUO(1.0),A,BGYMEDIOOCU,05,CIUO_1,2017,-56.1118493344777,Y,,1,"<a href="" https://www.ine.gob.cl/docs/default-source/institucionalidad/buenas-pr%C3%A1cticas/clasificaciones-y-estandares/est%C3%A1ndar-evaluaci%C3%B3n-de-calidad-de-estimaciones-publicaci%C3%B3n-27022020.pdf/"" target=""_blank"" rel=""noopener noreferrer"">La clasificación en estimaciones Fiables, Poco fiables y No fiables provienen del Estándar para la evaluación de la calidad de las estimaciones en encuestas de hogares del INE.</a>",Encuesta Suplementaria de Ingresos (ESI),PT,0
CL01:DF_BGYMEDIOOCU_CIUO(1.0),A,BGYMEDIOOCU,05,CIUO_1,2018,-36.6189619009991,Y,,1,"<a href="" https://www.ine.gob.cl/docs/default-source/institucionalidad/buenas-pr%C3%A1cticas/clasificaciones-y-estandares/est%C3%A1ndar-evaluaci%C3%B3n-de-calidad-de-estimaciones-publicaci%C3%B3n-27022020.pdf/"" target=""_blank"" rel=""noopener noreferrer"">La clasificación en estimaciones Fiables, Poco fiables y No fiables provienen del Estándar para la evaluación de la calidad de las estimaciones en encuestas de hogares del INE.</a>",Encuesta Suplementaria de Ingresos (ESI),PT,0
CL01:DF_BGYMEDIOOCU_CIUO(1.0),A,BGYMEDIOOCU,05,CIUO_1,2019,-53.2343019169178,X,,1,"<a href="" https://www.ine.gob.cl/docs/default-source/institucionalidad/buenas-pr%C3%A1cticas/clasificaciones-y-estandares/est%C3%A1ndar-evaluaci%C3%B3n-de-calidad-de-estimaciones-publicaci%C3%B3n-27022020.pdf/"" target=""_blank"" rel=""noopener noreferrer"">La clasificación en estimaciones Fiables, Poco fiables y No fiables provienen del Estándar para la evaluación de la calidad de las estimaciones en encuestas de hogares del INE.</a>",Encuesta Suplementaria de Ingresos (ESI),PT,0
CL01:DF_BGYMEDIOOCU_CIUO(1.0),A,BGYMEDIOOCU,05,CIUO_1,2020,-5.76909570580478,Y,,1,"<a href="" https://www.ine.gob.cl/docs/default-source/institucionalidad/buenas-pr%C3%A1cticas/clasificaciones-y-estandares/est%C3%A1ndar-evaluaci%C3%B3n-de-calidad-de-estimaciones-publicaci%C3%B3n-27022020.pdf/"" target=""_blank"" rel=""noopener noreferrer"">La clasificación en estimaciones Fiables, Poco fiables y No fiables provienen del Estándar para la evaluación de la calidad de las estimaciones en encuestas de hogares del INE.</a>",Encuesta Suplementaria de Ingresos (ESI),PT,0
CL01:DF_BGYMEDIOOCU_CIUO(1.0),A,BGYMEDIOOCU,05,CIUO_1,2021,-21.163336930614,,,1,"<a href="" https://www.ine.gob.cl/docs/default-source/institucionalidad/buenas-pr%C3%A1cticas/clasificaciones-y-estandares/est%C3%A1ndar-evaluaci%C3%B3n-de-calidad-de-estimaciones-publicaci%C3%B3n-27022020.pdf/"" target=""_blank"" rel=""noopener noreferrer"">La clasificación en estimaciones Fiables, Poco fiables y No fiables provienen del Estándar para la evaluación de la calidad de las estimaciones en encuestas de hogares del INE.</a>",Encuesta Suplementaria de Ingresos (ESI),PT,0
CL01:DF_BGYMEDIOOCU_CIUO(1.0),A,BGYMEDIOOCU,05,CIUO_1,2022,-4.47138551656669,,,1,"<a href="" https://www.ine.gob.cl/docs/default-source/institucionalidad/buenas-pr%C3%A1cticas/clasificaciones-y-estandares/est%C3%A1ndar-evaluaci%C3%B3n-de-calidad-de-estimaciones-publicaci%C3%B3n-27022020.pdf/"" target=""_blank"" rel=""noopener noreferrer"">La clasificación en estimaciones Fiables, Poco fiables y No fiables provienen del Estándar para la evaluación de la calidad de las estimaciones en encuestas de hogares del INE.</a>",Encuesta Suplementaria de Ingresos (ESI),PT,0
CL01:DF_BGYMEDIOOCU_CIUO(1.0),A,BGYMEDIOOCU,05,CIUO_1,2023,-30.5235726104968,,,1,"<a href="" https://www.ine.gob.cl/docs/default-source/institucionalidad/buenas-pr%C3%A1cticas/clasificaciones-y-estandares/est%C3%A1ndar-evaluaci%C3%B3n-de-calidad-de-estimaciones-publicaci%C3%B3n-27022020.pdf/"" target=""_blank"" rel=""noopener noreferrer"">La clasificación en estimaciones Fiables, Poco fiables y No fiables provienen del Estándar para la evaluación de la calidad de las estimaciones en encuestas de hogares del INE.</a>",Encuesta Suplementaria de Ingresos (ESI),PT,0
CL01:DF_BGYMEDIOOCU_CIUO(1.0),A,BGYMEDIOOCU,05,CIUO_1,2024,-35.5793427988125,,,1,"<a href="" https://www.ine.gob.cl/docs/default-source/institucionalidad/buenas-pr%C3%A1cticas/clasificaciones-y-estandares/est%C3%A1ndar-evaluaci%C3%B3n-de-calidad-de-estimaciones-publicaci%C3%B3n-27022020.pdf/"" target=""_blank"" rel=""noopener noreferrer"">La clasificación en estimaciones Fiables, Poco fiables y No fiables provienen del Estándar para la evaluación de la calidad de las estimaciones en encuestas de hogares del INE.</a>",Encuesta Suplementaria de Ingresos (ESI),PT,0
CL01:DF_BGYMEDIOOCU_CIUO(1.0),A,BGYMEDIOOCU,09,CIUO_2,2017,-2.76469509865114,,,1,"<a href="" https://www.ine.gob.cl/docs/default-source/institucionalidad/buenas-pr%C3%A1cticas/clasificaciones-y-estandares/est%C3%A1ndar-evaluaci%C3%B3n-de-calidad-de-estimaciones-publicaci%C3%B3n-27022020.pdf/"" target=""_blank"" rel=""noopener noreferrer"">La clasificación en estimaciones Fiables, Poco fiables y No fiables provienen del Estándar para la evaluación de la calidad de las estimaciones en encuestas de hogares del INE.</a>",Encuesta Suplementaria de Ingresos (ESI),PT,0
CL01:DF_BGYMEDIOOCU_CIUO(1.0),A,BGYMEDIOOCU,09,CIUO_2,2018,-27.9896376352287,Y,,1,"<a href="" https://www.ine.gob.cl/docs/default-source/institucionalidad/buenas-pr%C3%A1cticas/clasificaciones-y-estandares/est%C3%A1ndar-evaluaci%C3%B3n-de-calidad-de-estimaciones-publicaci%C3%B3n-27022020.pdf/"" target=""_blank"" rel=""noopener noreferrer"">La clasificación en estimaciones Fiables, Poco fiables y No fiables provienen del Estándar para la evaluación de la calidad de las estimaciones en encuestas de hogares del INE.</a>",Encuesta Suplementaria de Ingresos (ESI),PT,0
CL01:DF_BGYMEDIOOCU_CIUO(1.0),A,BGYMEDIOOCU,09,CIUO_2,2019,10.6900180747931,,,1,"<a href="" https://www.ine.gob.cl/docs/default-source/institucionalidad/buenas-pr%C3%A1cticas/clasificaciones-y-estandares/est%C3%A1ndar-evaluaci%C3%B3n-de-calidad-de-estimaciones-publicaci%C3%B3n-27022020.pdf/"" target=""_blank"" rel=""noopener noreferrer"">La clasificación en estimaciones Fiables, Poco fiables y No fiables provienen del Estándar para la evaluación de la calidad de las estimaciones en encuestas de hogares del INE.</a>",Encuesta Suplementaria de Ingresos (ESI),PT,0
CL01:DF_BGYMEDIOOCU_CIUO(1.0),A,BGYMEDIOOCU,09,CIUO_2,2020,-20.2877464389938,,,1,"<a href="" https://www.ine.gob.cl/docs/default-source/institucionalidad/buenas-pr%C3%A1cticas/clasificaciones-y-estandares/est%C3%A1ndar-evaluaci%C3%B3n-de-calidad-de-estimaciones-publicaci%C3%B3n-27022020.pdf/"" target=""_blank"" rel=""noopener noreferrer"">La clasificación en estimaciones Fiables, Poco fiables y No fiables provienen del Estándar para la evaluación de la calidad de las estimaciones en encuestas de hogares del INE.</a>",Encuesta Suplementaria de Ingresos (ESI),PT,0
CL01:DF_BGYMEDIOOCU_CIUO(1.0),A,BGYMEDIOOCU,09,CIUO_2,2021,-31.4049427046227,Y,,1,"<a href="" https://www.ine.gob.cl/docs/default-source/institucionalidad/buenas-pr%C3%A1cticas/clasificaciones-y-estandares/est%C3%A1ndar-evaluaci%C3%B3n-de-calidad-de-estimaciones-publicaci%C3%B3n-27022020.pdf/"" target=""_blank"" rel=""noopener noreferrer"">La clasificación en estimaciones Fiables, Poco fiables y No fiables provienen del Estándar para la evaluación de la calidad de las estimaciones en encuestas de hogares del INE.</a>",Encuesta Suplementaria de Ingresos (ESI),PT,0
CL01:DF_BGYMEDIOOCU_CIUO(1.0),A,BGYMEDIOOCU,09,CIUO_2,2022,-20.7296614084999,,,1,"<a href="" https://www.ine.gob.cl/docs/default-source/institucionalidad/buenas-pr%C3%A1cticas/clasificaciones-y-estandares/est%C3%A1ndar-evaluaci%C3%B3n-de-calidad-de-estimaciones-publicaci%C3%B3n-27022020.pdf/"" target=""_blank"" rel=""noopener noreferrer"">La clasificación en estimaciones Fiables, Poco fiables y No fiables provienen del Estándar para la evaluación de la calidad de las estimaciones en encuestas de hogares del INE.</a>",Encuesta Suplementaria de Ingresos (ESI),PT,0
CL01:DF_BGYMEDIOOCU_CIUO(1.0),A,BGYMEDIOOCU,09,CIUO_2,2023,-22.1122800700408,,,1,"<a href="" https://www.ine.gob.cl/docs/default-source/institucionalidad/buenas-pr%C3%A1cticas/clasificaciones-y-estandares/est%C3%A1ndar-evaluaci%C3%B3n-de-calidad-de-estimaciones-publicaci%C3%B3n-27022020.pdf/"" target=""_blank"" rel=""noopener noreferrer"">La clasificación en estimaciones Fiables, Poco fiables y No fiables provienen del Estándar para la evaluación de la calidad de las estimaciones en encuestas de hogares del INE.</a>",Encuesta Suplementaria de Ingresos (ESI),PT,0
CL01:DF_BGYMEDIOOCU_CIUO(1.0),A,BGYMEDIOOCU,09,CIUO_2,2024,-12.4397209629754,,,1,"<a href="" https://www.ine.gob.cl/docs/default-source/institucionalidad/buenas-pr%C3%A1cticas/clasificaciones-y-estandares/est%C3%A1ndar-evaluaci%C3%B3n-de-calidad-de-estimaciones-publicaci%C3%B3n-27022020.pdf/"" target=""_blank"" rel=""noopener noreferrer"">La clasificación en estimaciones Fiables, Poco fiables y No fiables provienen del Estándar para la evaluación de la calidad de las estimaciones en encuestas de hogares del INE.</a>",Encuesta Suplementaria de Ingresos (ESI),PT,0
CL01:DF_BGYMEDIOOCU_CIUO(1.0),A,BGYMEDIOOCU,10,CIUO_1,2017,-48.5657701491842,Y,,1,"<a href="" https://www.ine.gob.cl/docs/default-source/institucionalidad/buenas-pr%C3%A1cticas/clasificaciones-y-estandares/est%C3%A1ndar-evaluaci%C3%B3n-de-calidad-de-estimaciones-publicaci%C3%B3n-27022020.pdf/"" target=""_blank"" rel=""noopener noreferrer"">La clasificación en estimaciones Fiables, Poco fiables y No fiables provienen del Estándar para la evaluación de la calidad de las estimaciones en encuestas de hogares del INE.</a>",Encuesta Suplementaria de Ingresos (ESI),PT,0
CL01:DF_BGYMEDIOOCU_CIUO(1.0),A,BGYMEDIOOCU,10,CIUO_1,2018,-10.5026020989211,Y,,1,"<a href="" https://www.ine.gob.cl/docs/default-source/institucionalidad/buenas-pr%C3%A1cticas/clasificaciones-y-estandares/est%C3%A1ndar-evaluaci%C3%B3n-de-calidad-de-estimaciones-publicaci%C3%B3n-27022020.pdf/"" target=""_blank"" rel=""noopener noreferrer"">La clasificación en estimaciones Fiables, Poco fiables y No fiables provienen del Estándar para la evaluación de la calidad de las estimaciones en encuestas de hogares del INE.</a>",Encuesta Suplementaria de Ingresos (ESI),PT,0
CL01:DF_BGYMEDIOOCU_CIUO(1.0),A,BGYMEDIOOCU,10,CIUO_1,2019,-13.9984954797736,Y,,1,"<a href="" https://www.ine.gob.cl/docs/default-source/institucionalidad/buenas-pr%C3%A1cticas/clasificaciones-y-estandares/est%C3%A1ndar-evaluaci%C3%B3n-de-calidad-de-estimaciones-publicaci%C3%B3n-27022020.pdf/"" target=""_blank"" rel=""noopener noreferrer"">La clasificación en estimaciones Fiables, Poco fiables y No fiables provienen del Estándar para la evaluación de la calidad de las estimaciones en encuestas de hogares del INE.</a>",Encuesta Suplementaria de Ingresos (ESI),PT,0
CL01:DF_BGYMEDIOOCU_CIUO(1.0),A,BGYMEDIOOCU,10,CIUO_1,2020,-36.5739294958788,X,,1,"<a href="" https://www.ine.gob.cl/docs/default-source/institucionalidad/buenas-pr%C3%A1cticas/clasificaciones-y-estandares/est%C3%A1ndar-evaluaci%C3%B3n-de-calidad-de-estimaciones-publicaci%C3%B3n-27022020.pdf/"" target=""_blank"" rel=""noopener noreferrer"">La clasificación en estimaciones Fiables, Poco fiables y No fiables provienen del Estándar para la evaluación de la calidad de las estimaciones en encuestas de hogares del INE.</a>",Encuesta Suplementaria de Ingresos (ESI),PT,0
CL01:DF_BGYMEDIOOCU_CIUO(1.0),A,BGYMEDIOOCU,10,CIUO_1,2021,-5.66090701112048,Y,,1,"<a href="" https://www.ine.gob.cl/docs/default-source/institucionalidad/buenas-pr%C3%A1cticas/clasificaciones-y-estandares/est%C3%A1ndar-evaluaci%C3%B3n-de-calidad-de-estimaciones-publicaci%C3%B3n-27022020.pdf/"" target=""_blank"" rel=""noopener noreferrer"">La clasificación en estimaciones Fiables, Poco fiables y No fiables provienen del Estándar para la evaluación de la calidad de las estimaciones en encuestas de hogares del INE.</a>",Encuesta Suplementaria de Ingresos (ESI),PT,0
CL01:DF_BGYMEDIOOCU_CIUO(1.0),A,BGYMEDIOOCU,10,CIUO_1,2022,-62.1930425004301,X,,1,"<a href="" https://www.ine.gob.cl/docs/default-source/institucionalidad/buenas-pr%C3%A1cticas/clasificaciones-y-estandares/est%C3%A1ndar-evaluaci%C3%B3n-de-calidad-de-estimaciones-publicaci%C3%B3n-27022020.pdf/"" target=""_blank"" rel=""noopener noreferrer"">La clasificación en estimaciones Fiables, Poco fiables y No fiables provienen del Estándar para la evaluación de la calidad de las estimaciones en encuestas de hogares del INE.</a>",Encuesta Suplementaria de Ingresos (ESI),PT,0
CL01:DF_BGYMEDIOOCU_CIUO(1.0),A,BGYMEDIOOCU,10,CIUO_1,2023,0.256117357831449,X,,1,"<a href="" https://www.ine.gob.cl/docs/default-source/institucionalidad/buenas-pr%C3%A1cticas/clasificaciones-y-estandares/est%C3%A1ndar-evaluaci%C3%B3n-de-calidad-de-estimaciones-publicaci%C3%B3n-27022020.pdf/"" target=""_blank"" rel=""noopener noreferrer"">La clasificación en estimaciones Fiables, Poco fiables y No fiables provienen del Estándar para la evaluación de la calidad de las estimaciones en encuestas de hogares del INE.</a>",Encuesta Suplementaria de Ingresos (ESI),PT,0
CL01:DF_BGYMEDIOOCU_CIUO(1.0),A,BGYMEDIOOCU,10,CIUO_1,2024,-21.0427086664119,X,,1,"<a href="" https://www.ine.gob.cl/docs/default-source/institucionalidad/buenas-pr%C3%A1cticas/clasificaciones-y-estandares/est%C3%A1ndar-evaluaci%C3%B3n-de-calidad-de-estimaciones-publicaci%C3%B3n-27022020.pdf/"" target=""_blank"" rel=""noopener noreferrer"">La clasificación en estimaciones Fiables, Poco fiables y No fiables provienen del Estándar para la evaluación de la calidad de las estimaciones en encuestas de hogares del INE.</a>",Encuesta Suplementaria de Ingresos (ESI),PT,0
CL01:DF_BGYMEDIOOCU_CIUO(1.0),A,BGYMEDIOOCU,11,CIUO_2,2017,-36.7970986688612,,,1,"<a href="" https://www.ine.gob.cl/docs/default-source/institucionalidad/buenas-pr%C3%A1cticas/clasificaciones-y-estandares/est%C3%A1ndar-evaluaci%C3%B3n-de-calidad-de-estimaciones-publicaci%C3%B3n-27022020.pdf/"" target=""_blank"" rel=""noopener noreferrer"">La clasificación en estimaciones Fiables, Poco fiables y No fiables provienen del Estándar para la evaluación de la calidad de las estimaciones en encuestas de hogares del INE.</a>",Encuesta Suplementaria de Ingresos (ESI),PT,0
CL01:DF_BGYMEDIOOCU_CIUO(1.0),A,BGYMEDIOOCU,11,CIUO_2,2018,-15.2705780233935,,,1,"<a href="" https://www.ine.gob.cl/docs/default-source/institucionalidad/buenas-pr%C3%A1cticas/clasificaciones-y-estandares/est%C3%A1ndar-evaluaci%C3%B3n-de-calidad-de-estimaciones-publicaci%C3%B3n-27022020.pdf/"" target=""_blank"" rel=""noopener noreferrer"">La clasificación en estimaciones Fiables, Poco fiables y No fiables provienen del Estándar para la evaluación de la calidad de las estimaciones en encuestas de hogares del INE.</a>",Encuesta Suplementaria de Ingresos (ESI),PT,0
CL01:DF_BGYMEDIOOCU_CIUO(1.0),A,BGYMEDIOOCU,11,CIUO_2,2019,-11.3333869249098,,,1,"<a href="" https://www.ine.gob.cl/docs/default-source/institucionalidad/buenas-pr%C3%A1cticas/clasificaciones-y-estandares/est%C3%A1ndar-evaluaci%C3%B3n-de-calidad-de-estimaciones-publicaci%C3%B3n-27022020.pdf/"" target=""_blank"" rel=""noopener noreferrer"">La clasificación en estimaciones Fiables, Poco fiables y No fiables provienen del Estándar para la evaluación de la calidad de las estimaciones en encuestas de hogares del INE.</a>",Encuesta Suplementaria de Ingresos (ESI),PT,0
CL01:DF_BGYMEDIOOCU_CIUO(1.0),A,BGYMEDIOOCU,11,CIUO_2,2020,-18.3710169421872,,,1,"<a href="" https://www.ine.gob.cl/docs/default-source/institucionalidad/buenas-pr%C3%A1cticas/clasificaciones-y-estandares/est%C3%A1ndar-evaluaci%C3%B3n-de-calidad-de-estimaciones-publicaci%C3%B3n-27022020.pdf/"" target=""_blank"" rel=""noopener noreferrer"">La clasificación en estimaciones Fiables, Poco fiables y No fiables provienen del Estándar para la evaluación de la calidad de las estimaciones en encuestas de hogares del INE.</a>",Encuesta Suplementaria de Ingresos (ESI),PT,0
CL01:DF_BGYMEDIOOCU_CIUO(1.0),A,BGYMEDIOOCU,11,CIUO_2,2021,-10.3158734218457,,,1,"<a href="" https://www.ine.gob.cl/docs/default-source/institucionalidad/buenas-pr%C3%A1cticas/clasificaciones-y-estandares/est%C3%A1ndar-evaluaci%C3%B3n-de-calidad-de-estimaciones-publicaci%C3%B3n-27022020.pdf/"" target=""_blank"" rel=""noopener noreferrer"">La clasificación en estimaciones Fiables, Poco fiables y No fiables provienen del Estándar para la evaluación de la calidad de las estimaciones en encuestas de hogares del INE.</a>",Encuesta Suplementaria de Ingresos (ESI),PT,0
CL01:DF_BGYMEDIOOCU_CIUO(1.0),A,BGYMEDIOOCU,11,CIUO_2,2022,-13.8554553255937,,,1,"<a href="" https://www.ine.gob.cl/docs/default-source/institucionalidad/buenas-pr%C3%A1cticas/clasificaciones-y-estandares/est%C3%A1ndar-evaluaci%C3%B3n-de-calidad-de-estimaciones-publicaci%C3%B3n-27022020.pdf/"" target=""_blank"" rel=""noopener noreferrer"">La clasificación en estimaciones Fiables, Poco fiables y No fiables provienen del Estándar para la evaluación de la calidad de las estimaciones en encuestas de hogares del INE.</a>",Encuesta Suplementaria de Ingresos (ESI),PT,0
CL01:DF_BGYMEDIOOCU_CIUO(1.0),A,BGYMEDIOOCU,11,CIUO_2,2023,-20.1191544724361,,,1,"<a href="" https://www.ine.gob.cl/docs/default-source/institucionalidad/buenas-pr%C3%A1cticas/clasificaciones-y-estandares/est%C3%A1ndar-evaluaci%C3%B3n-de-calidad-de-estimaciones-publicaci%C3%B3n-27022020.pdf/"" target=""_blank"" rel=""noopener noreferrer"">La clasificación en estimaciones Fiables, Poco fiables y No fiables provienen del Estándar para la evaluación de la calidad de las estimaciones en encuestas de hogares del INE.</a>",Encuesta Suplementaria de Ingresos (ESI),PT,0
CL01:DF_BGYMEDIOOCU_CIUO(1.0),A,BGYMEDIOOCU,11,CIUO_2,2024,-25.6944468993206,,,1,"<a href="" https://www.ine.gob.cl/docs/default-source/institucionalidad/buenas-pr%C3%A1cticas/clasificaciones-y-estandares/est%C3%A1ndar-evaluaci%C3%B3n-de-calidad-de-estimaciones-publicaci%C3%B3n-27022020.pdf/"" target=""_blank"" rel=""noopener noreferrer"">La clasificación en estimaciones Fiables, Poco fiables y No fiables provienen del Estándar para la evaluación de la calidad de las estimaciones en encuestas de hogares del INE.</a>",Encuesta Suplementaria de Ingresos (ESI),PT,0
CL01:DF_BGYMEDIOOCU_CIUO(1.0),A,BGYMEDIOOCU,12,CIUO_2,2017,-9.80172393885112,,,1,"<a href="" https://www.ine.gob.cl/docs/default-source/institucionalidad/buenas-pr%C3%A1cticas/clasificaciones-y-estandares/est%C3%A1ndar-evaluaci%C3%B3n-de-calidad-de-estimaciones-publicaci%C3%B3n-27022020.pdf/"" target=""_blank"" rel=""noopener noreferrer"">La clasificación en estimaciones Fiables, Poco fiables y No fiables provienen del Estándar para la evaluación de la calidad de las estimaciones en encuestas de hogares del INE.</a>",Encuesta Suplementaria de Ingresos (ESI),PT,0
CL01:DF_BGYMEDIOOCU_CIUO(1.0),A,BGYMEDIOOCU,12,CIUO_2,2018,-12.0393062026869,,,1,"<a href="" https://www.ine.gob.cl/docs/default-source/institucionalidad/buenas-pr%C3%A1cticas/clasificaciones-y-estandares/est%C3%A1ndar-evaluaci%C3%B3n-de-calidad-de-estimaciones-publicaci%C3%B3n-27022020.pdf/"" target=""_blank"" rel=""noopener noreferrer"">La clasificación en estimaciones Fiables, Poco fiables y No fiables provienen del Estándar para la evaluación de la calidad de las estimaciones en encuestas de hogares del INE.</a>",Encuesta Suplementaria de Ingresos (ESI),PT,0
CL01:DF_BGYMEDIOOCU_CIUO(1.0),A,BGYMEDIOOCU,12,CIUO_2,2019,-14.3269929710482,,,1,"<a href="" https://www.ine.gob.cl/docs/default-source/institucionalidad/buenas-pr%C3%A1cticas/clasificaciones-y-estandares/est%C3%A1ndar-evaluaci%C3%B3n-de-calidad-de-estimaciones-publicaci%C3%B3n-27022020.pdf/"" target=""_blank"" rel=""noopener noreferrer"">La clasificación en estimaciones Fiables, Poco fiables y No fiables provienen del Estándar para la evaluación de la calidad de las estimaciones en encuestas de hogares del INE.</a>",Encuesta Suplementaria de Ingresos (ESI),PT,0
CL01:DF_BGYMEDIOOCU_CIUO(1.0),A,BGYMEDIOOCU,12,CIUO_2,2020,-25.7922596724289,,,1,"<a href="" https://www.ine.gob.cl/docs/default-source/institucionalidad/buenas-pr%C3%A1cticas/clasificaciones-y-estandares/est%C3%A1ndar-evaluaci%C3%B3n-de-calidad-de-estimaciones-publicaci%C3%B3n-27022020.pdf/"" target=""_blank"" rel=""noopener noreferrer"">La clasificación en estimaciones Fiables, Poco fiables y No fiables provienen del Estándar para la evaluación de la calidad de las estimaciones en encuestas de hogares del INE.</a>",Encuesta Suplementaria de Ingresos (ESI),PT,0
CL01:DF_BGYMEDIOOCU_CIUO(1.0),A,BGYMEDIOOCU,12,CIUO_2,2021,-29.9060888032044,Y,,1,"<a href="" https://www.ine.gob.cl/docs/default-source/institucionalidad/buenas-pr%C3%A1cticas/clasificaciones-y-estandares/est%C3%A1ndar-evaluaci%C3%B3n-de-calidad-de-estimaciones-publicaci%C3%B3n-27022020.pdf/"" target=""_blank"" rel=""noopener noreferrer"">La clasificación en estimaciones Fiables, Poco fiables y No fiables provienen del Estándar para la evaluación de la calidad de las estimaciones en encuestas de hogares del INE.</a>",Encuesta Suplementaria de Ingresos (ESI),PT,0
CL01:DF_BGYMEDIOOCU_CIUO(1.0),A,BGYMEDIOOCU,12,CIUO_2,2022,-16.3434494907099,Y,,1,"<a href="" https://www.ine.gob.cl/docs/default-source/institucionalidad/buenas-pr%C3%A1cticas/clasificaciones-y-estandares/est%C3%A1ndar-evaluaci%C3%B3n-de-calidad-de-estimaciones-publicaci%C3%B3n-27022020.pdf/"" target=""_blank"" rel=""noopener noreferrer"">La clasificación en estimaciones Fiables, Poco fiables y No fiables provienen del Estándar para la evaluación de la calidad de las estimaciones en encuestas de hogares del INE.</a>",Encuesta Suplementaria de Ingresos (ESI),PT,0
CL01:DF_BGYMEDIOOCU_CIUO(1.0),A,BGYMEDIOOCU,12,CIUO_2,2023,-27.3875368526352,,,1,"<a href="" https://www.ine.gob.cl/docs/default-source/institucionalidad/buenas-pr%C3%A1cticas/clasificaciones-y-estandares/est%C3%A1ndar-evaluaci%C3%B3n-de-calidad-de-estimaciones-publicaci%C3%B3n-27022020.pdf/"" target=""_blank"" rel=""noopener noreferrer"">La clasificación en estimaciones Fiables, Poco fiables y No fiables provienen del Estándar para la evaluación de la calidad de las estimaciones en encuestas de hogares del INE.</a>",Encuesta Suplementaria de Ingresos (ESI),PT,0
CL01:DF_BGYMEDIOOCU_CIUO(1.0),A,BGYMEDIOOCU,12,CIUO_2,2024,-17.7346368330994,,,1,"<a href="" https://www.ine.gob.cl/docs/default-source/institucionalidad/buenas-pr%C3%A1cticas/clasificaciones-y-estandares/est%C3%A1ndar-evaluaci%C3%B3n-de-calidad-de-estimaciones-publicaci%C3%B3n-27022020.pdf/"" target=""_blank"" rel=""noopener noreferrer"">La clasificación en estimaciones Fiables, Poco fiables y No fiables provienen del Estándar para la evaluación de la calidad de las estimaciones en encuestas de hogares del INE.</a>",Encuesta Suplementaria de Ingresos (ESI),PT,0
CL01:DF_BGYMEDIOOCU_CIUO(1.0),A,BGYMEDIOOCU,14,CIUO_1,2017,-23.1234779206973,X,,1,"<a href="" https://www.ine.gob.cl/docs/default-source/institucionalidad/buenas-pr%C3%A1cticas/clasificaciones-y-estandares/est%C3%A1ndar-evaluaci%C3%B3n-de-calidad-de-estimaciones-publicaci%C3%B3n-27022020.pdf/"" target=""_blank"" rel=""noopener noreferrer"">La clasificación en estimaciones Fiables, Poco fiables y No fiables provienen del Estándar para la evaluación de la calidad de las estimaciones en encuestas de hogares del INE.</a>",Encuesta Suplementaria de Ingresos (ESI),PT,0
CL01:DF_BGYMEDIOOCU_CIUO(1.0),A,BGYMEDIOOCU,14,CIUO_1,2018,11.5982133923582,X,,1,"<a href="" https://www.ine.gob.cl/docs/default-source/institucionalidad/buenas-pr%C3%A1cticas/clasificaciones-y-estandares/est%C3%A1ndar-evaluaci%C3%B3n-de-calidad-de-estimaciones-publicaci%C3%B3n-27022020.pdf/"" target=""_blank"" rel=""noopener noreferrer"">La clasificación en estimaciones Fiables, Poco fiables y No fiables provienen del Estándar para la evaluación de la calidad de las estimaciones en encuestas de hogares del INE.</a>",Encuesta Suplementaria de Ingresos (ESI),PT,0
CL01:DF_BGYMEDIOOCU_CIUO(1.0),A,BGYMEDIOOCU,14,CIUO_1,2019,-60.8267208632541,X,,1,"<a href="" https://www.ine.gob.cl/docs/default-source/institucionalidad/buenas-pr%C3%A1cticas/clasificaciones-y-estandares/est%C3%A1ndar-evaluaci%C3%B3n-de-calidad-de-estimaciones-publicaci%C3%B3n-27022020.pdf/"" target=""_blank"" rel=""noopener noreferrer"">La clasificación en estimaciones Fiables, Poco fiables y No fiables provienen del Estándar para la evaluación de la calidad de las estimaciones en encuestas de hogares del INE.</a>",Encuesta Suplementaria de Ingresos (ESI),PT,0
CL01:DF_BGYMEDIOOCU_CIUO(1.0),A,BGYMEDIOOCU,14,CIUO_1,2020,-10.3722809161484,X,,1,"<a href="" https://www.ine.gob.cl/docs/default-source/institucionalidad/buenas-pr%C3%A1cticas/clasificaciones-y-estandares/est%C3%A1ndar-evaluaci%C3%B3n-de-calidad-de-estimaciones-publicaci%C3%B3n-27022020.pdf/"" target=""_blank"" rel=""noopener noreferrer"">La clasificación en estimaciones Fiables, Poco fiables y No fiables provienen del Estándar para la evaluación de la calidad de las estimaciones en encuestas de hogares del INE.</a>",Encuesta Suplementaria de Ingresos (ESI),PT,0
CL01:DF_BGYMEDIOOCU_CIUO(1.0),A,BGYMEDIOOCU,14,CIUO_1,2021,-16.0175388422679,X,,1,"<a href="" https://www.ine.gob.cl/docs/default-source/institucionalidad/buenas-pr%C3%A1cticas/clasificaciones-y-estandares/est%C3%A1ndar-evaluaci%C3%B3n-de-calidad-de-estimaciones-publicaci%C3%B3n-27022020.pdf/"" target=""_blank"" rel=""noopener noreferrer"">La clasificación en estimaciones Fiables, Poco fiables y No fiables provienen del Estándar para la evaluación de la calidad de las estimaciones en encuestas de hogares del INE.</a>",Encuesta Suplementaria de Ingresos (ESI),PT,0
CL01:DF_BGYMEDIOOCU_CIUO(1.0),A,BGYMEDIOOCU,14,CIUO_1,2022,-40.6646959609347,X,,1,"<a href="" https://www.ine.gob.cl/docs/default-source/institucionalidad/buenas-pr%C3%A1cticas/clasificaciones-y-estandares/est%C3%A1ndar-evaluaci%C3%B3n-de-calidad-de-estimaciones-publicaci%C3%B3n-27022020.pdf/"" target=""_blank"" rel=""noopener noreferrer"">La clasificación en estimaciones Fiables, Poco fiables y No fiables provienen del Estándar para la evaluación de la calidad de las estimaciones en encuestas de hogares del INE.</a>",Encuesta Suplementaria de Ingresos (ESI),PT,0
CL01:DF_BGYMEDIOOCU_CIUO(1.0),A,BGYMEDIOOCU,14,CIUO_1,2023,-48.8824858172986,X,,1,"<a href="" https://www.ine.gob.cl/docs/default-source/institucionalidad/buenas-pr%C3%A1cticas/clasificaciones-y-estandares/est%C3%A1ndar-evaluaci%C3%B3n-de-calidad-de-estimaciones-publicaci%C3%B3n-27022020.pdf/"" target=""_blank"" rel=""noopener noreferrer"">La clasificación en estimaciones Fiables, Poco fiables y No fiables provienen del Estándar para la evaluación de la calidad de las estimaciones en encuestas de hogares del INE.</a>",Encuesta Suplementaria de Ingresos (ESI),PT,0
CL01:DF_BGYMEDIOOCU_CIUO(1.0),A,BGYMEDIOOCU,14,CIUO_1,2024,-39.5780480169726,X,,1,"<a href="" https://www.ine.gob.cl/docs/default-source/institucionalidad/buenas-pr%C3%A1cticas/clasificaciones-y-estandares/est%C3%A1ndar-evaluaci%C3%B3n-de-calidad-de-estimaciones-publicaci%C3%B3n-27022020.pdf/"" target=""_blank"" rel=""noopener noreferrer"">La clasificación en estimaciones Fiables, Poco fiables y No fiables provienen del Estándar para la evaluación de la calidad de las estimaciones en encuestas de hogares del INE.</a>",Encuesta Suplementaria de Ingresos (ESI),PT,0
CL01:DF_BGYMEDIOOCU_CIUO(1.0),A,BGYMEDIOOCU,_T,CIUO_3,2017,-31.8971789655766,,,1,"<a href="" https://www.ine.gob.cl/docs/default-source/institucionalidad/buenas-pr%C3%A1cticas/clasificaciones-y-estandares/est%C3%A1ndar-evaluaci%C3%B3n-de-calidad-de-estimaciones-publicaci%C3%B3n-27022020.pdf/"" target=""_blank"" rel=""noopener noreferrer"">La clasificación en estimaciones Fiables, Poco fiables y No fiables provienen del Estándar para la evaluación de la calidad de las estimaciones en encuestas de hogares del INE.</a>",Encuesta Suplementaria de Ingresos (ESI),PT,0
CL01:DF_BGYMEDIOOCU_CIUO(1.0),A,BGYMEDIOOCU,_T,CIUO_3,2018,-30.0001331216579,,,1,"<a href="" https://www.ine.gob.cl/docs/default-source/institucionalidad/buenas-pr%C3%A1cticas/clasificaciones-y-estandares/est%C3%A1ndar-evaluaci%C3%B3n-de-calidad-de-estimaciones-publicaci%C3%B3n-27022020.pdf/"" target=""_blank"" rel=""noopener noreferrer"">La clasificación en estimaciones Fiables, Poco fiables y No fiables provienen del Estándar para la evaluación de la calidad de las estimaciones en encuestas de hogares del INE.</a>",Encuesta Suplementaria de Ingresos (ESI),PT,0
CL01:DF_BGYMEDIOOCU_CIUO(1.0),A,BGYMEDIOOCU,_T,CIUO_3,2019,-32.6165250835626,,,1,"<a href="" https://www.ine.gob.cl/docs/default-source/institucionalidad/buenas-pr%C3%A1cticas/clasificaciones-y-estandares/est%C3%A1ndar-evaluaci%C3%B3n-de-calidad-de-estimaciones-publicaci%C3%B3n-27022020.pdf/"" target=""_blank"" rel=""noopener noreferrer"">La clasificación en estimaciones Fiables, Poco fiables y No fiables provienen del Estándar para la evaluación de la calidad de las estimaciones en encuestas de hogares del INE.</a>",Encuesta Suplementaria de Ingresos (ESI),PT,0
CL01:DF_BGYMEDIOOCU_CIUO(1.0),A,BGYMEDIOOCU,_T,CIUO_3,2020,-34.0558392882959,,,1,"<a href="" https://www.ine.gob.cl/docs/default-source/institucionalidad/buenas-pr%C3%A1cticas/clasificaciones-y-estandares/est%C3%A1ndar-evaluaci%C3%B3n-de-calidad-de-estimaciones-publicaci%C3%B3n-27022020.pdf/"" target=""_blank"" rel=""noopener noreferrer"">La clasificación en estimaciones Fiables, Poco fiables y No fiables provienen del Estándar para la evaluación de la calidad de las estimaciones en encuestas de hogares del INE.</a>",Encuesta Suplementaria de Ingresos (ESI),PT,0
CL01:DF_BGYMEDIOOCU_CIUO(1.0),A,BGYMEDIOOCU,_T,CIUO_3,2021,-24.03865587097,,,1,"<a href="" https://www.ine.gob.cl/docs/default-source/institucionalidad/buenas-pr%C3%A1cticas/clasificaciones-y-estandares/est%C3%A1ndar-evaluaci%C3%B3n-de-calidad-de-estimaciones-publicaci%C3%B3n-27022020.pdf/"" target=""_blank"" rel=""noopener noreferrer"">La clasificación en estimaciones Fiables, Poco fiables y No fiables provienen del Estándar para la evaluación de la calidad de las estimaciones en encuestas de hogares del INE.</a>",Encuesta Suplementaria de Ingresos (ESI),PT,0
CL01:DF_BGYMEDIOOCU_CIUO(1.0),A,BGYMEDIOOCU,_T,CIUO_3,2022,-25.2999408956091,,,1,"<a href="" https://www.ine.gob.cl/docs/default-source/institucionalidad/buenas-pr%C3%A1cticas/clasificaciones-y-estandares/est%C3%A1ndar-evaluaci%C3%B3n-de-calidad-de-estimaciones-publicaci%C3%B3n-27022020.pdf/"" target=""_blank"" rel=""noopener noreferrer"">La clasificación en estimaciones Fiables, Poco fiables y No fiables provienen del Estándar para la evaluación de la calidad de las estimaciones en encuestas de hogares del INE.</a>",Encuesta Suplementaria de Ingresos (ESI),PT,0
CL01:DF_BGYMEDIOOCU_CIUO(1.0),A,BGYMEDIOOCU,_T,CIUO_3,2023,-31.9068261624118,,,1,"<a href="" https://www.ine.gob.cl/docs/default-source/institucionalidad/buenas-pr%C3%A1cticas/clasificaciones-y-estandares/est%C3%A1ndar-evaluaci%C3%B3n-de-calidad-de-estimaciones-publicaci%C3%B3n-27022020.pdf/"" target=""_blank"" rel=""noopener noreferrer"">La clasificación en estimaciones Fiables, Poco fiables y No fiables provienen del Estándar para la evaluación de la calidad de las estimaciones en encuestas de hogares del INE.</a>",Encuesta Suplementaria de Ingresos (ESI),PT,0
CL01:DF_BGYMEDIOOCU_CIUO(1.0),A,BGYMEDIOOCU,_T,CIUO_3,2024,-31.9440123853881,,,1,"<a href="" https://www.ine.gob.cl/docs/default-source/institucionalidad/buenas-pr%C3%A1cticas/clasificaciones-y-estandares/est%C3%A1ndar-evaluaci%C3%B3n-de-calidad-de-estimaciones-publicaci%C3%B3n-27022020.pdf/"" target=""_blank"" rel=""noopener noreferrer"">La clasificación en estimaciones Fiables, Poco fiables y No fiables provienen del Estándar para la evaluación de la calidad de las estimaciones en encuestas de hogares del INE.</a>",Encuesta Suplementaria de Ingresos (ESI),PT,0
CL01:DF_BGYMEDIOOCU_CIUO(1.0),A,BGYMEDIOOCU,06,CIUO_SC,2017,,X,,1,"<a href="" https://www.ine.gob.cl/docs/default-source/institucionalidad/buenas-pr%C3%A1cticas/clasificaciones-y-estandares/est%C3%A1ndar-evaluaci%C3%B3n-de-calidad-de-estimaciones-publicaci%C3%B3n-27022020.pdf/"" target=""_blank"" rel=""noopener noreferrer"">La clasificación en estimaciones Fiables, Poco fiables y No fiables provienen del Estándar para la evaluación de la calidad de las estimaciones en encuestas de hogares del INE.</a>",Encuesta Suplementaria de Ingresos (ESI),PT,0
CL01:DF_BGYMEDIOOCU_CIUO(1.0),A,BGYMEDIOOCU,06,CIUO_SC,2018,,X,,1,"<a href="" https://www.ine.gob.cl/docs/default-source/institucionalidad/buenas-pr%C3%A1cticas/clasificaciones-y-estandares/est%C3%A1ndar-evaluaci%C3%B3n-de-calidad-de-estimaciones-publicaci%C3%B3n-27022020.pdf/"" target=""_blank"" rel=""noopener noreferrer"">La clasificación en estimaciones Fiables, Poco fiables y No fiables provienen del Estándar para la evaluación de la calidad de las estimaciones en encuestas de hogares del INE.</a>",Encuesta Suplementaria de Ingresos (ESI),PT,0
CL01:DF_BGYMEDIOOCU_CIUO(1.0),A,BGYMEDIOOCU,06,CIUO_SC,2019,,X,,1,"<a href="" https://www.ine.gob.cl/docs/default-source/institucionalidad/buenas-pr%C3%A1cticas/clasificaciones-y-estandares/est%C3%A1ndar-evaluaci%C3%B3n-de-calidad-de-estimaciones-publicaci%C3%B3n-27022020.pdf/"" target=""_blank"" rel=""noopener noreferrer"">La clasificación en estimaciones Fiables, Poco fiables y No fiables provienen del Estándar para la evaluación de la calidad de las estimaciones en encuestas de hogares del INE.</a>",Encuesta Suplementaria de Ingresos (ESI),PT,0
CL01:DF_BGYMEDIOOCU_CIUO(1.0),A,BGYMEDIOOCU,06,CIUO_SC,2020,,X,,1,"<a href="" https://www.ine.gob.cl/docs/default-source/institucionalidad/buenas-pr%C3%A1cticas/clasificaciones-y-estandares/est%C3%A1ndar-evaluaci%C3%B3n-de-calidad-de-estimaciones-publicaci%C3%B3n-27022020.pdf/"" target=""_blank"" rel=""noopener noreferrer"">La clasificación en estimaciones Fiables, Poco fiables y No fiables provienen del Estándar para la evaluación de la calidad de las estimaciones en encuestas de hogares del INE.</a>",Encuesta Suplementaria de Ingresos (ESI),PT,0
CL01:DF_BGYMEDIOOCU_CIUO(1.0),A,BGYMEDIOOCU,06,CIUO_SC,2021,,X,,1,"<a href="" https://www.ine.gob.cl/docs/default-source/institucionalidad/buenas-pr%C3%A1cticas/clasificaciones-y-estandares/est%C3%A1ndar-evaluaci%C3%B3n-de-calidad-de-estimaciones-publicaci%C3%B3n-27022020.pdf/"" target=""_blank"" rel=""noopener noreferrer"">La clasificación en estimaciones Fiables, Poco fiables y No fiables provienen del Estándar para la evaluación de la calidad de las estimaciones en encuestas de hogares del INE.</a>",Encuesta Suplementaria de Ingresos (ESI),PT,0
CL01:DF_BGYMEDIOOCU_CIUO(1.0),A,BGYMEDIOOCU,06,CIUO_SC,2022,,X,,1,"<a href="" https://www.ine.gob.cl/docs/default-source/institucionalidad/buenas-pr%C3%A1cticas/clasificaciones-y-estandares/est%C3%A1ndar-evaluaci%C3%B3n-de-calidad-de-estimaciones-publicaci%C3%B3n-27022020.pdf/"" target=""_blank"" rel=""noopener noreferrer"">La clasificación en estimaciones Fiables, Poco fiables y No fiables provienen del Estándar para la evaluación de la calidad de las estimaciones en encuestas de hogares del INE.</a>",Encuesta Suplementaria de Ingresos (ESI),PT,0
CL01:DF_BGYMEDIOOCU_CIUO(1.0),A,BGYMEDIOOCU,06,CIUO_SC,2023,,X,,1,"<a href="" https://www.ine.gob.cl/docs/default-source/institucionalidad/buenas-pr%C3%A1cticas/clasificaciones-y-estandares/est%C3%A1ndar-evaluaci%C3%B3n-de-calidad-de-estimaciones-publicaci%C3%B3n-27022020.pdf/"" target=""_blank"" rel=""noopener noreferrer"">La clasificación en estimaciones Fiables, Poco fiables y No fiables provienen del Estándar para la evaluación de la calidad de las estimaciones en encuestas de hogares del INE.</a>",Encuesta Suplementaria de Ingresos (ESI),PT,0
CL01:DF_BGYMEDIOOCU_CIUO(1.0),A,BGYMEDIOOCU,06,CIUO_SC,2024,,X,,1,"<a href="" https://www.ine.gob.cl/docs/default-source/institucionalidad/buenas-pr%C3%A1cticas/clasificaciones-y-estandares/est%C3%A1ndar-evaluaci%C3%B3n-de-calidad-de-estimaciones-publicaci%C3%B3n-27022020.pdf/"" target=""_blank"" rel=""noopener noreferrer"">La clasificación en estimaciones Fiables, Poco fiables y No fiables provienen del Estándar para la evaluación de la calidad de las estimaciones en encuestas de hogares del INE.</a>",Encuesta Suplementaria de Ingresos (ESI),PT,0
CL01:DF_BGYMEDIOOCU_CIUO(1.0),A,BGYMEDIOOCU,13,CIUO_SC,2017,,X,,1,"<a href="" https://www.ine.gob.cl/docs/default-source/institucionalidad/buenas-pr%C3%A1cticas/clasificaciones-y-estandares/est%C3%A1ndar-evaluaci%C3%B3n-de-calidad-de-estimaciones-publicaci%C3%B3n-27022020.pdf/"" target=""_blank"" rel=""noopener noreferrer"">La clasificación en estimaciones Fiables, Poco fiables y No fiables provienen del Estándar para la evaluación de la calidad de las estimaciones en encuestas de hogares del INE.</a>",Encuesta Suplementaria de Ingresos (ESI),PT,0
CL01:DF_BGYMEDIOOCU_CIUO(1.0),A,BGYMEDIOOCU,13,CIUO_SC,2018,,X,,1,"<a href="" https://www.ine.gob.cl/docs/default-source/institucionalidad/buenas-pr%C3%A1cticas/clasificaciones-y-estandares/est%C3%A1ndar-evaluaci%C3%B3n-de-calidad-de-estimaciones-publicaci%C3%B3n-27022020.pdf/"" target=""_blank"" rel=""noopener noreferrer"">La clasificación en estimaciones Fiables, Poco fiables y No fiables provienen del Estándar para la evaluación de la calidad de las estimaciones en encuestas de hogares del INE.</a>",Encuesta Suplementaria de Ingresos (ESI),PT,0
CL01:DF_BGYMEDIOOCU_CIUO(1.0),A,BGYMEDIOOCU,13,CIUO_SC,2019,,X,,1,"<a href="" https://www.ine.gob.cl/docs/default-source/institucionalidad/buenas-pr%C3%A1cticas/clasificaciones-y-estandares/est%C3%A1ndar-evaluaci%C3%B3n-de-calidad-de-estimaciones-publicaci%C3%B3n-27022020.pdf/"" target=""_blank"" rel=""noopener noreferrer"">La clasificación en estimaciones Fiables, Poco fiables y No fiables provienen del Estándar para la evaluación de la calidad de las estimaciones en encuestas de hogares del INE.</a>",Encuesta Suplementaria de Ingresos (ESI),PT,0
CL01:DF_BGYMEDIOOCU_CIUO(1.0),A,BGYMEDIOOCU,13,CIUO_SC,2020,,X,,1,"<a href="" https://www.ine.gob.cl/docs/default-source/institucionalidad/buenas-pr%C3%A1cticas/clasificaciones-y-estandares/est%C3%A1ndar-evaluaci%C3%B3n-de-calidad-de-estimaciones-publicaci%C3%B3n-27022020.pdf/"" target=""_blank"" rel=""noopener noreferrer"">La clasificación en estimaciones Fiables, Poco fiables y No fiables provienen del Estándar para la evaluación de la calidad de las estimaciones en encuestas de hogares del INE.</a>",Encuesta Suplementaria de Ingresos (ESI),PT,0
CL01:DF_BGYMEDIOOCU_CIUO(1.0),A,BGYMEDIOOCU,13,CIUO_SC,2021,-27.5757466950402,X,,1,"<a href="" https://www.ine.gob.cl/docs/default-source/institucionalidad/buenas-pr%C3%A1cticas/clasificaciones-y-estandares/est%C3%A1ndar-evaluaci%C3%B3n-de-calidad-de-estimaciones-publicaci%C3%B3n-27022020.pdf/"" target=""_blank"" rel=""noopener noreferrer"">La clasificación en estimaciones Fiables, Poco fiables y No fiables provienen del Estándar para la evaluación de la calidad de las estimaciones en encuestas de hogares del INE.</a>",Encuesta Suplementaria de Ingresos (ESI),PT,0
CL01:DF_BGYMEDIOOCU_CIUO(1.0),A,BGYMEDIOOCU,13,CIUO_SC,2022,-79.2985946266782,X,,1,"<a href="" https://www.ine.gob.cl/docs/default-source/institucionalidad/buenas-pr%C3%A1cticas/clasificaciones-y-estandares/est%C3%A1ndar-evaluaci%C3%B3n-de-calidad-de-estimaciones-publicaci%C3%B3n-27022020.pdf/"" target=""_blank"" rel=""noopener noreferrer"">La clasificación en estimaciones Fiables, Poco fiables y No fiables provienen del Estándar para la evaluación de la calidad de las estimaciones en encuestas de hogares del INE.</a>",Encuesta Suplementaria de Ingresos (ESI),PT,0
CL01:DF_BGYMEDIOOCU_CIUO(1.0),A,BGYMEDIOOCU,13,CIUO_SC,2023,-0.227229563160466,X,,1,"<a href="" https://www.ine.gob.cl/docs/default-source/institucionalidad/buenas-pr%C3%A1cticas/clasificaciones-y-estandares/est%C3%A1ndar-evaluaci%C3%B3n-de-calidad-de-estimaciones-publicaci%C3%B3n-27022020.pdf/"" target=""_blank"" rel=""noopener noreferrer"">La clasificación en estimaciones Fiables, Poco fiables y No fiables provienen del Estándar para la evaluación de la calidad de las estimaciones en encuestas de hogares del INE.</a>",Encuesta Suplementaria de Ingresos (ESI),PT,0
CL01:DF_BGYMEDIOOCU_CIUO(1.0),A,BGYMEDIOOCU,13,CIUO_SC,2024,18.1711943988608,X,,1,"<a href="" https://www.ine.gob.cl/docs/default-source/institucionalidad/buenas-pr%C3%A1cticas/clasificaciones-y-estandares/est%C3%A1ndar-evaluaci%C3%B3n-de-calidad-de-estimaciones-publicaci%C3%B3n-27022020.pdf/"" target=""_blank"" rel=""noopener noreferrer"">La clasificación en estimaciones Fiables, Poco fiables y No fiables provienen del Estándar para la evaluación de la calidad de las estimaciones en encuestas de hogares del INE.</a>",Encuesta Suplementaria de Ingresos (ESI),PT,0
CL01:DF_BGYMEDIOOCU_CIUO(1.0),A,BGYMEDIOOCU,04,CIUO_SC,2017,,X,,1,"<a href="" https://www.ine.gob.cl/docs/default-source/institucionalidad/buenas-pr%C3%A1cticas/clasificaciones-y-estandares/est%C3%A1ndar-evaluaci%C3%B3n-de-calidad-de-estimaciones-publicaci%C3%B3n-27022020.pdf/"" target=""_blank"" rel=""noopener noreferrer"">La clasificación en estimaciones Fiables, Poco fiables y No fiables provienen del Estándar para la evaluación de la calidad de las estimaciones en encuestas de hogares del INE.</a>",Encuesta Suplementaria de Ingresos (ESI),PT,0
CL01:DF_BGYMEDIOOCU_CIUO(1.0),A,BGYMEDIOOCU,04,CIUO_SC,2018,,X,,1,"<a href="" https://www.ine.gob.cl/docs/default-source/institucionalidad/buenas-pr%C3%A1cticas/clasificaciones-y-estandares/est%C3%A1ndar-evaluaci%C3%B3n-de-calidad-de-estimaciones-publicaci%C3%B3n-27022020.pdf/"" target=""_blank"" rel=""noopener noreferrer"">La clasificación en estimaciones Fiables, Poco fiables y No fiables provienen del Estándar para la evaluación de la calidad de las estimaciones en encuestas de hogares del INE.</a>",Encuesta Suplementaria de Ingresos (ESI),PT,0
CL01:DF_BGYMEDIOOCU_CIUO(1.0),A,BGYMEDIOOCU,04,CIUO_SC,2019,,X,,1,"<a href="" https://www.ine.gob.cl/docs/default-source/institucionalidad/buenas-pr%C3%A1cticas/clasificaciones-y-estandares/est%C3%A1ndar-evaluaci%C3%B3n-de-calidad-de-estimaciones-publicaci%C3%B3n-27022020.pdf/"" target=""_blank"" rel=""noopener noreferrer"">La clasificación en estimaciones Fiables, Poco fiables y No fiables provienen del Estándar para la evaluación de la calidad de las estimaciones en encuestas de hogares del INE.</a>",Encuesta Suplementaria de Ingresos (ESI),PT,0
CL01:DF_BGYMEDIOOCU_CIUO(1.0),A,BGYMEDIOOCU,04,CIUO_SC,2020,,X,,1,"<a href="" https://www.ine.gob.cl/docs/default-source/institucionalidad/buenas-pr%C3%A1cticas/clasificaciones-y-estandares/est%C3%A1ndar-evaluaci%C3%B3n-de-calidad-de-estimaciones-publicaci%C3%B3n-27022020.pdf/"" target=""_blank"" rel=""noopener noreferrer"">La clasificación en estimaciones Fiables, Poco fiables y No fiables provienen del Estándar para la evaluación de la calidad de las estimaciones en encuestas de hogares del INE.</a>",Encuesta Suplementaria de Ingresos (ESI),PT,0
CL01:DF_BGYMEDIOOCU_CIUO(1.0),A,BGYMEDIOOCU,04,CIUO_SC,2021,,X,,1,"<a href="" https://www.ine.gob.cl/docs/default-source/institucionalidad/buenas-pr%C3%A1cticas/clasificaciones-y-estandares/est%C3%A1ndar-evaluaci%C3%B3n-de-calidad-de-estimaciones-publicaci%C3%B3n-27022020.pdf/"" target=""_blank"" rel=""noopener noreferrer"">La clasificación en estimaciones Fiables, Poco fiables y No fiables provienen del Estándar para la evaluación de la calidad de las estimaciones en encuestas de hogares del INE.</a>",Encuesta Suplementaria de Ingresos (ESI),PT,0
CL01:DF_BGYMEDIOOCU_CIUO(1.0),A,BGYMEDIOOCU,04,CIUO_SC,2022,,X,,1,"<a href="" https://www.ine.gob.cl/docs/default-source/institucionalidad/buenas-pr%C3%A1cticas/clasificaciones-y-estandares/est%C3%A1ndar-evaluaci%C3%B3n-de-calidad-de-estimaciones-publicaci%C3%B3n-27022020.pdf/"" target=""_blank"" rel=""noopener noreferrer"">La clasificación en estimaciones Fiables, Poco fiables y No fiables provienen del Estándar para la evaluación de la calidad de las estimaciones en encuestas de hogares del INE.</a>",Encuesta Suplementaria de Ingresos (ESI),PT,0
CL01:DF_BGYMEDIOOCU_CIUO(1.0),A,BGYMEDIOOCU,04,CIUO_SC,2023,,X,,1,"<a href="" https://www.ine.gob.cl/docs/default-source/institucionalidad/buenas-pr%C3%A1cticas/clasificaciones-y-estandares/est%C3%A1ndar-evaluaci%C3%B3n-de-calidad-de-estimaciones-publicaci%C3%B3n-27022020.pdf/"" target=""_blank"" rel=""noopener noreferrer"">La clasificación en estimaciones Fiables, Poco fiables y No fiables provienen del Estándar para la evaluación de la calidad de las estimaciones en encuestas de hogares del INE.</a>",Encuesta Suplementaria de Ingresos (ESI),PT,0
CL01:DF_BGYMEDIOOCU_CIUO(1.0),A,BGYMEDIOOCU,04,CIUO_SC,2024,-22.4484691159367,X,,1,"<a href="" https://www.ine.gob.cl/docs/default-source/institucionalidad/buenas-pr%C3%A1cticas/clasificaciones-y-estandares/est%C3%A1ndar-evaluaci%C3%B3n-de-calidad-de-estimaciones-publicaci%C3%B3n-27022020.pdf/"" target=""_blank"" rel=""noopener noreferrer"">La clasificación en estimaciones Fiables, Poco fiables y No fiables provienen del Estándar para la evaluación de la calidad de las estimaciones en encuestas de hogares del INE.</a>",Encuesta Suplementaria de Ingresos (ESI),PT,0
CL01:DF_BGYMEDIOOCU_CIUO(1.0),A,BGYMEDIOOCU,10,CIUO_SC,2017,,X,,1,"<a href="" https://www.ine.gob.cl/docs/default-source/institucionalidad/buenas-pr%C3%A1cticas/clasificaciones-y-estandares/est%C3%A1ndar-evaluaci%C3%B3n-de-calidad-de-estimaciones-publicaci%C3%B3n-27022020.pdf/"" target=""_blank"" rel=""noopener noreferrer"">La clasificación en estimaciones Fiables, Poco fiables y No fiables provienen del Estándar para la evaluación de la calidad de las estimaciones en encuestas de hogares del INE.</a>",Encuesta Suplementaria de Ingresos (ESI),PT,0
CL01:DF_BGYMEDIOOCU_CIUO(1.0),A,BGYMEDIOOCU,10,CIUO_SC,2018,,X,,1,"<a href="" https://www.ine.gob.cl/docs/default-source/institucionalidad/buenas-pr%C3%A1cticas/clasificaciones-y-estandares/est%C3%A1ndar-evaluaci%C3%B3n-de-calidad-de-estimaciones-publicaci%C3%B3n-27022020.pdf/"" target=""_blank"" rel=""noopener noreferrer"">La clasificación en estimaciones Fiables, Poco fiables y No fiables provienen del Estándar para la evaluación de la calidad de las estimaciones en encuestas de hogares del INE.</a>",Encuesta Suplementaria de Ingresos (ESI),PT,0
CL01:DF_BGYMEDIOOCU_CIUO(1.0),A,BGYMEDIOOCU,10,CIUO_SC,2019,,X,,1,"<a href="" https://www.ine.gob.cl/docs/default-source/institucionalidad/buenas-pr%C3%A1cticas/clasificaciones-y-estandares/est%C3%A1ndar-evaluaci%C3%B3n-de-calidad-de-estimaciones-publicaci%C3%B3n-27022020.pdf/"" target=""_blank"" rel=""noopener noreferrer"">La clasificación en estimaciones Fiables, Poco fiables y No fiables provienen del Estándar para la evaluación de la calidad de las estimaciones en encuestas de hogares del INE.</a>",Encuesta Suplementaria de Ingresos (ESI),PT,0
CL01:DF_BGYMEDIOOCU_CIUO(1.0),A,BGYMEDIOOCU,10,CIUO_SC,2020,,X,,1,"<a href="" https://www.ine.gob.cl/docs/default-source/institucionalidad/buenas-pr%C3%A1cticas/clasificaciones-y-estandares/est%C3%A1ndar-evaluaci%C3%B3n-de-calidad-de-estimaciones-publicaci%C3%B3n-27022020.pdf/"" target=""_blank"" rel=""noopener noreferrer"">La clasificación en estimaciones Fiables, Poco fiables y No fiables provienen del Estándar para la evaluación de la calidad de las estimaciones en encuestas de hogares del INE.</a>",Encuesta Suplementaria de Ingresos (ESI),PT,0
CL01:DF_BGYMEDIOOCU_CIUO(1.0),A,BGYMEDIOOCU,10,CIUO_SC,2021,,X,,1,"<a href="" https://www.ine.gob.cl/docs/default-source/institucionalidad/buenas-pr%C3%A1cticas/clasificaciones-y-estandares/est%C3%A1ndar-evaluaci%C3%B3n-de-calidad-de-estimaciones-publicaci%C3%B3n-27022020.pdf/"" target=""_blank"" rel=""noopener noreferrer"">La clasificación en estimaciones Fiables, Poco fiables y No fiables provienen del Estándar para la evaluación de la calidad de las estimaciones en encuestas de hogares del INE.</a>",Encuesta Suplementaria de Ingresos (ESI),PT,0
CL01:DF_BGYMEDIOOCU_CIUO(1.0),A,BGYMEDIOOCU,10,CIUO_SC,2022,,X,,1,"<a href="" https://www.ine.gob.cl/docs/default-source/institucionalidad/buenas-pr%C3%A1cticas/clasificaciones-y-estandares/est%C3%A1ndar-evaluaci%C3%B3n-de-calidad-de-estimaciones-publicaci%C3%B3n-27022020.pdf/"" target=""_blank"" rel=""noopener noreferrer"">La clasificación en estimaciones Fiables, Poco fiables y No fiables provienen del Estándar para la evaluación de la calidad de las estimaciones en encuestas de hogares del INE.</a>",Encuesta Suplementaria de Ingresos (ESI),PT,0
CL01:DF_BGYMEDIOOCU_CIUO(1.0),A,BGYMEDIOOCU,10,CIUO_SC,2023,,X,,1,"<a href="" https://www.ine.gob.cl/docs/default-source/institucionalidad/buenas-pr%C3%A1cticas/clasificaciones-y-estandares/est%C3%A1ndar-evaluaci%C3%B3n-de-calidad-de-estimaciones-publicaci%C3%B3n-27022020.pdf/"" target=""_blank"" rel=""noopener noreferrer"">La clasificación en estimaciones Fiables, Poco fiables y No fiables provienen del Estándar para la evaluación de la calidad de las estimaciones en encuestas de hogares del INE.</a>",Encuesta Suplementaria de Ingresos (ESI),PT,0
CL01:DF_BGYMEDIOOCU_CIUO(1.0),A,BGYMEDIOOCU,10,CIUO_SC,2024,,X,,1,"<a href="" https://www.ine.gob.cl/docs/default-source/institucionalidad/buenas-pr%C3%A1cticas/clasificaciones-y-estandares/est%C3%A1ndar-evaluaci%C3%B3n-de-calidad-de-estimaciones-publicaci%C3%B3n-27022020.pdf/"" target=""_blank"" rel=""noopener noreferrer"">La clasificación en estimaciones Fiables, Poco fiables y No fiables provienen del Estándar para la evaluación de la calidad de las estimaciones en encuestas de hogares del INE.</a>",Encuesta Suplementaria de Ingresos (ESI),PT,0
CL01:DF_BGYMEDIOOCU_CIUO(1.0),A,BGYMEDIOOCU,14,CIUO_SC,2017,,X,,1,"<a href="" https://www.ine.gob.cl/docs/default-source/institucionalidad/buenas-pr%C3%A1cticas/clasificaciones-y-estandares/est%C3%A1ndar-evaluaci%C3%B3n-de-calidad-de-estimaciones-publicaci%C3%B3n-27022020.pdf/"" target=""_blank"" rel=""noopener noreferrer"">La clasificación en estimaciones Fiables, Poco fiables y No fiables provienen del Estándar para la evaluación de la calidad de las estimaciones en encuestas de hogares del INE.</a>",Encuesta Suplementaria de Ingresos (ESI),PT,0
CL01:DF_BGYMEDIOOCU_CIUO(1.0),A,BGYMEDIOOCU,14,CIUO_SC,2018,,X,,1,"<a href="" https://www.ine.gob.cl/docs/default-source/institucionalidad/buenas-pr%C3%A1cticas/clasificaciones-y-estandares/est%C3%A1ndar-evaluaci%C3%B3n-de-calidad-de-estimaciones-publicaci%C3%B3n-27022020.pdf/"" target=""_blank"" rel=""noopener noreferrer"">La clasificación en estimaciones Fiables, Poco fiables y No fiables provienen del Estándar para la evaluación de la calidad de las estimaciones en encuestas de hogares del INE.</a>",Encuesta Suplementaria de Ingresos (ESI),PT,0
CL01:DF_BGYMEDIOOCU_CIUO(1.0),A,BGYMEDIOOCU,14,CIUO_SC,2019,,X,,1,"<a href="" https://www.ine.gob.cl/docs/default-source/institucionalidad/buenas-pr%C3%A1cticas/clasificaciones-y-estandares/est%C3%A1ndar-evaluaci%C3%B3n-de-calidad-de-estimaciones-publicaci%C3%B3n-27022020.pdf/"" target=""_blank"" rel=""noopener noreferrer"">La clasificación en estimaciones Fiables, Poco fiables y No fiables provienen del Estándar para la evaluación de la calidad de las estimaciones en encuestas de hogares del INE.</a>",Encuesta Suplementaria de Ingresos (ESI),PT,0
CL01:DF_BGYMEDIOOCU_CIUO(1.0),A,BGYMEDIOOCU,14,CIUO_SC,2020,,X,,1,"<a href="" https://www.ine.gob.cl/docs/default-source/institucionalidad/buenas-pr%C3%A1cticas/clasificaciones-y-estandares/est%C3%A1ndar-evaluaci%C3%B3n-de-calidad-de-estimaciones-publicaci%C3%B3n-27022020.pdf/"" target=""_blank"" rel=""noopener noreferrer"">La clasificación en estimaciones Fiables, Poco fiables y No fiables provienen del Estándar para la evaluación de la calidad de las estimaciones en encuestas de hogares del INE.</a>",Encuesta Suplementaria de Ingresos (ESI),PT,0
CL01:DF_BGYMEDIOOCU_CIUO(1.0),A,BGYMEDIOOCU,14,CIUO_SC,2021,,X,,1,"<a href="" https://www.ine.gob.cl/docs/default-source/institucionalidad/buenas-pr%C3%A1cticas/clasificaciones-y-estandares/est%C3%A1ndar-evaluaci%C3%B3n-de-calidad-de-estimaciones-publicaci%C3%B3n-27022020.pdf/"" target=""_blank"" rel=""noopener noreferrer"">La clasificación en estimaciones Fiables, Poco fiables y No fiables provienen del Estándar para la evaluación de la calidad de las estimaciones en encuestas de hogares del INE.</a>",Encuesta Suplementaria de Ingresos (ESI),PT,0
CL01:DF_BGYMEDIOOCU_CIUO(1.0),A,BGYMEDIOOCU,14,CIUO_SC,2022,,X,,1,"<a href="" https://www.ine.gob.cl/docs/default-source/institucionalidad/buenas-pr%C3%A1cticas/clasificaciones-y-estandares/est%C3%A1ndar-evaluaci%C3%B3n-de-calidad-de-estimaciones-publicaci%C3%B3n-27022020.pdf/"" target=""_blank"" rel=""noopener noreferrer"">La clasificación en estimaciones Fiables, Poco fiables y No fiables provienen del Estándar para la evaluación de la calidad de las estimaciones en encuestas de hogares del INE.</a>",Encuesta Suplementaria de Ingresos (ESI),PT,0
CL01:DF_BGYMEDIOOCU_CIUO(1.0),A,BGYMEDIOOCU,14,CIUO_SC,2023,,X,,1,"<a href="" https://www.ine.gob.cl/docs/default-source/institucionalidad/buenas-pr%C3%A1cticas/clasificaciones-y-estandares/est%C3%A1ndar-evaluaci%C3%B3n-de-calidad-de-estimaciones-publicaci%C3%B3n-27022020.pdf/"" target=""_blank"" rel=""noopener noreferrer"">La clasificación en estimaciones Fiables, Poco fiables y No fiables provienen del Estándar para la evaluación de la calidad de las estimaciones en encuestas de hogares del INE.</a>",Encuesta Suplementaria de Ingresos (ESI),PT,0
CL01:DF_BGYMEDIOOCU_CIUO(1.0),A,BGYMEDIOOCU,14,CIUO_SC,2024,,X,,1,"<a href="" https://www.ine.gob.cl/docs/default-source/institucionalidad/buenas-pr%C3%A1cticas/clasificaciones-y-estandares/est%C3%A1ndar-evaluaci%C3%B3n-de-calidad-de-estimaciones-publicaci%C3%B3n-27022020.pdf/"" target=""_blank"" rel=""noopener noreferrer"">La clasificación en estimaciones Fiables, Poco fiables y No fiables provienen del Estándar para la evaluación de la calidad de las estimaciones en encuestas de hogares del INE.</a>",Encuesta Suplementaria de Ingresos (ESI),PT,0
CL01:DF_BGYMEDIOOCU_CIUO(1.0),A,BGYMEDIOOCU,01,CIUO_7,2017,-58.9878978955978,Y,,1,"<a href="" https://www.ine.gob.cl/docs/default-source/institucionalidad/buenas-pr%C3%A1cticas/clasificaciones-y-estandares/est%C3%A1ndar-evaluaci%C3%B3n-de-calidad-de-estimaciones-publicaci%C3%B3n-27022020.pdf/"" target=""_blank"" rel=""noopener noreferrer"">La clasificación en estimaciones Fiables, Poco fiables y No fiables provienen del Estándar para la evaluación de la calidad de las estimaciones en encuestas de hogares del INE.</a>",Encuesta Suplementaria de Ingresos (ESI),PT,0
CL01:DF_BGYMEDIOOCU_CIUO(1.0),A,BGYMEDIOOCU,01,CIUO_7,2018,-64.3177221800641,Y,,1,"<a href="" https://www.ine.gob.cl/docs/default-source/institucionalidad/buenas-pr%C3%A1cticas/clasificaciones-y-estandares/est%C3%A1ndar-evaluaci%C3%B3n-de-calidad-de-estimaciones-publicaci%C3%B3n-27022020.pdf/"" target=""_blank"" rel=""noopener noreferrer"">La clasificación en estimaciones Fiables, Poco fiables y No fiables provienen del Estándar para la evaluación de la calidad de las estimaciones en encuestas de hogares del INE.</a>",Encuesta Suplementaria de Ingresos (ESI),PT,0
CL01:DF_BGYMEDIOOCU_CIUO(1.0),A,BGYMEDIOOCU,01,CIUO_7,2019,-55.0407916277771,Y,,1,"<a href="" https://www.ine.gob.cl/docs/default-source/institucionalidad/buenas-pr%C3%A1cticas/clasificaciones-y-estandares/est%C3%A1ndar-evaluaci%C3%B3n-de-calidad-de-estimaciones-publicaci%C3%B3n-27022020.pdf/"" target=""_blank"" rel=""noopener noreferrer"">La clasificación en estimaciones Fiables, Poco fiables y No fiables provienen del Estándar para la evaluación de la calidad de las estimaciones en encuestas de hogares del INE.</a>",Encuesta Suplementaria de Ingresos (ESI),PT,0
CL01:DF_BGYMEDIOOCU_CIUO(1.0),A,BGYMEDIOOCU,01,CIUO_7,2020,-71.6440126348256,Y,,1,"<a href="" https://www.ine.gob.cl/docs/default-source/institucionalidad/buenas-pr%C3%A1cticas/clasificaciones-y-estandares/est%C3%A1ndar-evaluaci%C3%B3n-de-calidad-de-estimaciones-publicaci%C3%B3n-27022020.pdf/"" target=""_blank"" rel=""noopener noreferrer"">La clasificación en estimaciones Fiables, Poco fiables y No fiables provienen del Estándar para la evaluación de la calidad de las estimaciones en encuestas de hogares del INE.</a>",Encuesta Suplementaria de Ingresos (ESI),PT,0
CL01:DF_BGYMEDIOOCU_CIUO(1.0),A,BGYMEDIOOCU,01,CIUO_7,2021,-52.9850291462156,Y,,1,"<a href="" https://www.ine.gob.cl/docs/default-source/institucionalidad/buenas-pr%C3%A1cticas/clasificaciones-y-estandares/est%C3%A1ndar-evaluaci%C3%B3n-de-calidad-de-estimaciones-publicaci%C3%B3n-27022020.pdf/"" target=""_blank"" rel=""noopener noreferrer"">La clasificación en estimaciones Fiables, Poco fiables y No fiables provienen del Estándar para la evaluación de la calidad de las estimaciones en encuestas de hogares del INE.</a>",Encuesta Suplementaria de Ingresos (ESI),PT,0
CL01:DF_BGYMEDIOOCU_CIUO(1.0),A,BGYMEDIOOCU,01,CIUO_7,2022,-66.9195638689276,Y,,1,"<a href="" https://www.ine.gob.cl/docs/default-source/institucionalidad/buenas-pr%C3%A1cticas/clasificaciones-y-estandares/est%C3%A1ndar-evaluaci%C3%B3n-de-calidad-de-estimaciones-publicaci%C3%B3n-27022020.pdf/"" target=""_blank"" rel=""noopener noreferrer"">La clasificación en estimaciones Fiables, Poco fiables y No fiables provienen del Estándar para la evaluación de la calidad de las estimaciones en encuestas de hogares del INE.</a>",Encuesta Suplementaria de Ingresos (ESI),PT,0
CL01:DF_BGYMEDIOOCU_CIUO(1.0),A,BGYMEDIOOCU,01,CIUO_7,2023,-66.4698700308866,Y,,1,"<a href="" https://www.ine.gob.cl/docs/default-source/institucionalidad/buenas-pr%C3%A1cticas/clasificaciones-y-estandares/est%C3%A1ndar-evaluaci%C3%B3n-de-calidad-de-estimaciones-publicaci%C3%B3n-27022020.pdf/"" target=""_blank"" rel=""noopener noreferrer"">La clasificación en estimaciones Fiables, Poco fiables y No fiables provienen del Estándar para la evaluación de la calidad de las estimaciones en encuestas de hogares del INE.</a>",Encuesta Suplementaria de Ingresos (ESI),PT,0
CL01:DF_BGYMEDIOOCU_CIUO(1.0),A,BGYMEDIOOCU,01,CIUO_7,2024,-52.2468786419054,X,,1,"<a href="" https://www.ine.gob.cl/docs/default-source/institucionalidad/buenas-pr%C3%A1cticas/clasificaciones-y-estandares/est%C3%A1ndar-evaluaci%C3%B3n-de-calidad-de-estimaciones-publicaci%C3%B3n-27022020.pdf/"" target=""_blank"" rel=""noopener noreferrer"">La clasificación en estimaciones Fiables, Poco fiables y No fiables provienen del Estándar para la evaluación de la calidad de las estimaciones en encuestas de hogares del INE.</a>",Encuesta Suplementaria de Ingresos (ESI),PT,0
CL01:DF_BGYMEDIOOCU_CIUO(1.0),A,BGYMEDIOOCU,02,CIUO_4,2017,-13.3021960010311,Y,,1,"<a href="" https://www.ine.gob.cl/docs/default-source/institucionalidad/buenas-pr%C3%A1cticas/clasificaciones-y-estandares/est%C3%A1ndar-evaluaci%C3%B3n-de-calidad-de-estimaciones-publicaci%C3%B3n-27022020.pdf/"" target=""_blank"" rel=""noopener noreferrer"">La clasificación en estimaciones Fiables, Poco fiables y No fiables provienen del Estándar para la evaluación de la calidad de las estimaciones en encuestas de hogares del INE.</a>",Encuesta Suplementaria de Ingresos (ESI),PT,0
CL01:DF_BGYMEDIOOCU_CIUO(1.0),A,BGYMEDIOOCU,02,CIUO_4,2018,-2.54390772482738,Y,,1,"<a href="" https://www.ine.gob.cl/docs/default-source/institucionalidad/buenas-pr%C3%A1cticas/clasificaciones-y-estandares/est%C3%A1ndar-evaluaci%C3%B3n-de-calidad-de-estimaciones-publicaci%C3%B3n-27022020.pdf/"" target=""_blank"" rel=""noopener noreferrer"">La clasificación en estimaciones Fiables, Poco fiables y No fiables provienen del Estándar para la evaluación de la calidad de las estimaciones en encuestas de hogares del INE.</a>",Encuesta Suplementaria de Ingresos (ESI),PT,0
CL01:DF_BGYMEDIOOCU_CIUO(1.0),A,BGYMEDIOOCU,02,CIUO_4,2019,-37.6430457047624,Y,,1,"<a href="" https://www.ine.gob.cl/docs/default-source/institucionalidad/buenas-pr%C3%A1cticas/clasificaciones-y-estandares/est%C3%A1ndar-evaluaci%C3%B3n-de-calidad-de-estimaciones-publicaci%C3%B3n-27022020.pdf/"" target=""_blank"" rel=""noopener noreferrer"">La clasificación en estimaciones Fiables, Poco fiables y No fiables provienen del Estándar para la evaluación de la calidad de las estimaciones en encuestas de hogares del INE.</a>",Encuesta Suplementaria de Ingresos (ESI),PT,0
CL01:DF_BGYMEDIOOCU_CIUO(1.0),A,BGYMEDIOOCU,02,CIUO_4,2020,3.25570008107237,Y,,1,"<a href="" https://www.ine.gob.cl/docs/default-source/institucionalidad/buenas-pr%C3%A1cticas/clasificaciones-y-estandares/est%C3%A1ndar-evaluaci%C3%B3n-de-calidad-de-estimaciones-publicaci%C3%B3n-27022020.pdf/"" target=""_blank"" rel=""noopener noreferrer"">La clasificación en estimaciones Fiables, Poco fiables y No fiables provienen del Estándar para la evaluación de la calidad de las estimaciones en encuestas de hogares del INE.</a>",Encuesta Suplementaria de Ingresos (ESI),PT,0
CL01:DF_BGYMEDIOOCU_CIUO(1.0),A,BGYMEDIOOCU,02,CIUO_4,2021,-22.2367623563848,,,1,"<a href="" https://www.ine.gob.cl/docs/default-source/institucionalidad/buenas-pr%C3%A1cticas/clasificaciones-y-estandares/est%C3%A1ndar-evaluaci%C3%B3n-de-calidad-de-estimaciones-publicaci%C3%B3n-27022020.pdf/"" target=""_blank"" rel=""noopener noreferrer"">La clasificación en estimaciones Fiables, Poco fiables y No fiables provienen del Estándar para la evaluación de la calidad de las estimaciones en encuestas de hogares del INE.</a>",Encuesta Suplementaria de Ingresos (ESI),PT,0
CL01:DF_BGYMEDIOOCU_CIUO(1.0),A,BGYMEDIOOCU,02,CIUO_4,2022,-24.8977359099647,,,1,"<a href="" https://www.ine.gob.cl/docs/default-source/institucionalidad/buenas-pr%C3%A1cticas/clasificaciones-y-estandares/est%C3%A1ndar-evaluaci%C3%B3n-de-calidad-de-estimaciones-publicaci%C3%B3n-27022020.pdf/"" target=""_blank"" rel=""noopener noreferrer"">La clasificación en estimaciones Fiables, Poco fiables y No fiables provienen del Estándar para la evaluación de la calidad de las estimaciones en encuestas de hogares del INE.</a>",Encuesta Suplementaria de Ingresos (ESI),PT,0
CL01:DF_BGYMEDIOOCU_CIUO(1.0),A,BGYMEDIOOCU,02,CIUO_4,2023,7.35986435735081,Y,,1,"<a href="" https://www.ine.gob.cl/docs/default-source/institucionalidad/buenas-pr%C3%A1cticas/clasificaciones-y-estandares/est%C3%A1ndar-evaluaci%C3%B3n-de-calidad-de-estimaciones-publicaci%C3%B3n-27022020.pdf/"" target=""_blank"" rel=""noopener noreferrer"">La clasificación en estimaciones Fiables, Poco fiables y No fiables provienen del Estándar para la evaluación de la calidad de las estimaciones en encuestas de hogares del INE.</a>",Encuesta Suplementaria de Ingresos (ESI),PT,0
CL01:DF_BGYMEDIOOCU_CIUO(1.0),A,BGYMEDIOOCU,02,CIUO_4,2024,-14.2197491984451,,,1,"<a href="" https://www.ine.gob.cl/docs/default-source/institucionalidad/buenas-pr%C3%A1cticas/clasificaciones-y-estandares/est%C3%A1ndar-evaluaci%C3%B3n-de-calidad-de-estimaciones-publicaci%C3%B3n-27022020.pdf/"" target=""_blank"" rel=""noopener noreferrer"">La clasificación en estimaciones Fiables, Poco fiables y No fiables provienen del Estándar para la evaluación de la calidad de las estimaciones en encuestas de hogares del INE.</a>",Encuesta Suplementaria de Ingresos (ESI),PT,0
CL01:DF_BGYMEDIOOCU_CIUO(1.0),A,BGYMEDIOOCU,03,CIUO_1,2017,-58.6825963430557,X,,1,"<a href="" https://www.ine.gob.cl/docs/default-source/institucionalidad/buenas-pr%C3%A1cticas/clasificaciones-y-estandares/est%C3%A1ndar-evaluaci%C3%B3n-de-calidad-de-estimaciones-publicaci%C3%B3n-27022020.pdf/"" target=""_blank"" rel=""noopener noreferrer"">La clasificación en estimaciones Fiables, Poco fiables y No fiables provienen del Estándar para la evaluación de la calidad de las estimaciones en encuestas de hogares del INE.</a>",Encuesta Suplementaria de Ingresos (ESI),PT,0
CL01:DF_BGYMEDIOOCU_CIUO(1.0),A,BGYMEDIOOCU,03,CIUO_1,2018,-57.7942486096327,X,,1,"<a href="" https://www.ine.gob.cl/docs/default-source/institucionalidad/buenas-pr%C3%A1cticas/clasificaciones-y-estandares/est%C3%A1ndar-evaluaci%C3%B3n-de-calidad-de-estimaciones-publicaci%C3%B3n-27022020.pdf/"" target=""_blank"" rel=""noopener noreferrer"">La clasificación en estimaciones Fiables, Poco fiables y No fiables provienen del Estándar para la evaluación de la calidad de las estimaciones en encuestas de hogares del INE.</a>",Encuesta Suplementaria de Ingresos (ESI),PT,0
CL01:DF_BGYMEDIOOCU_CIUO(1.0),A,BGYMEDIOOCU,03,CIUO_1,2019,-46.1417591281922,X,,1,"<a href="" https://www.ine.gob.cl/docs/default-source/institucionalidad/buenas-pr%C3%A1cticas/clasificaciones-y-estandares/est%C3%A1ndar-evaluaci%C3%B3n-de-calidad-de-estimaciones-publicaci%C3%B3n-27022020.pdf/"" target=""_blank"" rel=""noopener noreferrer"">La clasificación en estimaciones Fiables, Poco fiables y No fiables provienen del Estándar para la evaluación de la calidad de las estimaciones en encuestas de hogares del INE.</a>",Encuesta Suplementaria de Ingresos (ESI),PT,0
CL01:DF_BGYMEDIOOCU_CIUO(1.0),A,BGYMEDIOOCU,03,CIUO_1,2020,43.5983742935083,X,,1,"<a href="" https://www.ine.gob.cl/docs/default-source/institucionalidad/buenas-pr%C3%A1cticas/clasificaciones-y-estandares/est%C3%A1ndar-evaluaci%C3%B3n-de-calidad-de-estimaciones-publicaci%C3%B3n-27022020.pdf/"" target=""_blank"" rel=""noopener noreferrer"">La clasificación en estimaciones Fiables, Poco fiables y No fiables provienen del Estándar para la evaluación de la calidad de las estimaciones en encuestas de hogares del INE.</a>",Encuesta Suplementaria de Ingresos (ESI),PT,0
CL01:DF_BGYMEDIOOCU_CIUO(1.0),A,BGYMEDIOOCU,03,CIUO_1,2021,-15.0809861684576,X,,1,"<a href="" https://www.ine.gob.cl/docs/default-source/institucionalidad/buenas-pr%C3%A1cticas/clasificaciones-y-estandares/est%C3%A1ndar-evaluaci%C3%B3n-de-calidad-de-estimaciones-publicaci%C3%B3n-27022020.pdf/"" target=""_blank"" rel=""noopener noreferrer"">La clasificación en estimaciones Fiables, Poco fiables y No fiables provienen del Estándar para la evaluación de la calidad de las estimaciones en encuestas de hogares del INE.</a>",Encuesta Suplementaria de Ingresos (ESI),PT,0
CL01:DF_BGYMEDIOOCU_CIUO(1.0),A,BGYMEDIOOCU,03,CIUO_1,2022,-33.9295855663044,X,,1,"<a href="" https://www.ine.gob.cl/docs/default-source/institucionalidad/buenas-pr%C3%A1cticas/clasificaciones-y-estandares/est%C3%A1ndar-evaluaci%C3%B3n-de-calidad-de-estimaciones-publicaci%C3%B3n-27022020.pdf/"" target=""_blank"" rel=""noopener noreferrer"">La clasificación en estimaciones Fiables, Poco fiables y No fiables provienen del Estándar para la evaluación de la calidad de las estimaciones en encuestas de hogares del INE.</a>",Encuesta Suplementaria de Ingresos (ESI),PT,0
CL01:DF_BGYMEDIOOCU_CIUO(1.0),A,BGYMEDIOOCU,03,CIUO_1,2023,-5.3323310796395,X,,1,"<a href="" https://www.ine.gob.cl/docs/default-source/institucionalidad/buenas-pr%C3%A1cticas/clasificaciones-y-estandares/est%C3%A1ndar-evaluaci%C3%B3n-de-calidad-de-estimaciones-publicaci%C3%B3n-27022020.pdf/"" target=""_blank"" rel=""noopener noreferrer"">La clasificación en estimaciones Fiables, Poco fiables y No fiables provienen del Estándar para la evaluación de la calidad de las estimaciones en encuestas de hogares del INE.</a>",Encuesta Suplementaria de Ingresos (ESI),PT,0
CL01:DF_BGYMEDIOOCU_CIUO(1.0),A,BGYMEDIOOCU,03,CIUO_1,2024,0.450522492097376,X,,1,"<a href="" https://www.ine.gob.cl/docs/default-source/institucionalidad/buenas-pr%C3%A1cticas/clasificaciones-y-estandares/est%C3%A1ndar-evaluaci%C3%B3n-de-calidad-de-estimaciones-publicaci%C3%B3n-27022020.pdf/"" target=""_blank"" rel=""noopener noreferrer"">La clasificación en estimaciones Fiables, Poco fiables y No fiables provienen del Estándar para la evaluación de la calidad de las estimaciones en encuestas de hogares del INE.</a>",Encuesta Suplementaria de Ingresos (ESI),PT,0
CL01:DF_BGYMEDIOOCU_CIUO(1.0),A,BGYMEDIOOCU,05,CIUO_7,2017,-55.4036210297462,,,1,"<a href="" https://www.ine.gob.cl/docs/default-source/institucionalidad/buenas-pr%C3%A1cticas/clasificaciones-y-estandares/est%C3%A1ndar-evaluaci%C3%B3n-de-calidad-de-estimaciones-publicaci%C3%B3n-27022020.pdf/"" target=""_blank"" rel=""noopener noreferrer"">La clasificación en estimaciones Fiables, Poco fiables y No fiables provienen del Estándar para la evaluación de la calidad de las estimaciones en encuestas de hogares del INE.</a>",Encuesta Suplementaria de Ingresos (ESI),PT,0
CL01:DF_BGYMEDIOOCU_CIUO(1.0),A,BGYMEDIOOCU,05,CIUO_7,2018,-66.9942287262535,Y,,1,"<a href="" https://www.ine.gob.cl/docs/default-source/institucionalidad/buenas-pr%C3%A1cticas/clasificaciones-y-estandares/est%C3%A1ndar-evaluaci%C3%B3n-de-calidad-de-estimaciones-publicaci%C3%B3n-27022020.pdf/"" target=""_blank"" rel=""noopener noreferrer"">La clasificación en estimaciones Fiables, Poco fiables y No fiables provienen del Estándar para la evaluación de la calidad de las estimaciones en encuestas de hogares del INE.</a>",Encuesta Suplementaria de Ingresos (ESI),PT,0
CL01:DF_BGYMEDIOOCU_CIUO(1.0),A,BGYMEDIOOCU,05,CIUO_7,2019,-57.7712194188879,Y,,1,"<a href="" https://www.ine.gob.cl/docs/default-source/institucionalidad/buenas-pr%C3%A1cticas/clasificaciones-y-estandares/est%C3%A1ndar-evaluaci%C3%B3n-de-calidad-de-estimaciones-publicaci%C3%B3n-27022020.pdf/"" target=""_blank"" rel=""noopener noreferrer"">La clasificación en estimaciones Fiables, Poco fiables y No fiables provienen del Estándar para la evaluación de la calidad de las estimaciones en encuestas de hogares del INE.</a>",Encuesta Suplementaria de Ingresos (ESI),PT,0
CL01:DF_BGYMEDIOOCU_CIUO(1.0),A,BGYMEDIOOCU,05,CIUO_7,2020,-54.1950378342076,,,1,"<a href="" https://www.ine.gob.cl/docs/default-source/institucionalidad/buenas-pr%C3%A1cticas/clasificaciones-y-estandares/est%C3%A1ndar-evaluaci%C3%B3n-de-calidad-de-estimaciones-publicaci%C3%B3n-27022020.pdf/"" target=""_blank"" rel=""noopener noreferrer"">La clasificación en estimaciones Fiables, Poco fiables y No fiables provienen del Estándar para la evaluación de la calidad de las estimaciones en encuestas de hogares del INE.</a>",Encuesta Suplementaria de Ingresos (ESI),PT,0
CL01:DF_BGYMEDIOOCU_CIUO(1.0),A,BGYMEDIOOCU,05,CIUO_7,2021,-59.9798672964298,,,1,"<a href="" https://www.ine.gob.cl/docs/default-source/institucionalidad/buenas-pr%C3%A1cticas/clasificaciones-y-estandares/est%C3%A1ndar-evaluaci%C3%B3n-de-calidad-de-estimaciones-publicaci%C3%B3n-27022020.pdf/"" target=""_blank"" rel=""noopener noreferrer"">La clasificación en estimaciones Fiables, Poco fiables y No fiables provienen del Estándar para la evaluación de la calidad de las estimaciones en encuestas de hogares del INE.</a>",Encuesta Suplementaria de Ingresos (ESI),PT,0
CL01:DF_BGYMEDIOOCU_CIUO(1.0),A,BGYMEDIOOCU,05,CIUO_7,2022,-59.7119535051623,,,1,"<a href="" https://www.ine.gob.cl/docs/default-source/institucionalidad/buenas-pr%C3%A1cticas/clasificaciones-y-estandares/est%C3%A1ndar-evaluaci%C3%B3n-de-calidad-de-estimaciones-publicaci%C3%B3n-27022020.pdf/"" target=""_blank"" rel=""noopener noreferrer"">La clasificación en estimaciones Fiables, Poco fiables y No fiables provienen del Estándar para la evaluación de la calidad de las estimaciones en encuestas de hogares del INE.</a>",Encuesta Suplementaria de Ingresos (ESI),PT,0
CL01:DF_BGYMEDIOOCU_CIUO(1.0),A,BGYMEDIOOCU,05,CIUO_7,2023,-61.1393843766702,,,1,"<a href="" https://www.ine.gob.cl/docs/default-source/institucionalidad/buenas-pr%C3%A1cticas/clasificaciones-y-estandares/est%C3%A1ndar-evaluaci%C3%B3n-de-calidad-de-estimaciones-publicaci%C3%B3n-27022020.pdf/"" target=""_blank"" rel=""noopener noreferrer"">La clasificación en estimaciones Fiables, Poco fiables y No fiables provienen del Estándar para la evaluación de la calidad de las estimaciones en encuestas de hogares del INE.</a>",Encuesta Suplementaria de Ingresos (ESI),PT,0
CL01:DF_BGYMEDIOOCU_CIUO(1.0),A,BGYMEDIOOCU,05,CIUO_7,2024,-57.6237487669062,,,1,"<a href="" https://www.ine.gob.cl/docs/default-source/institucionalidad/buenas-pr%C3%A1cticas/clasificaciones-y-estandares/est%C3%A1ndar-evaluaci%C3%B3n-de-calidad-de-estimaciones-publicaci%C3%B3n-27022020.pdf/"" target=""_blank"" rel=""noopener noreferrer"">La clasificación en estimaciones Fiables, Poco fiables y No fiables provienen del Estándar para la evaluación de la calidad de las estimaciones en encuestas de hogares del INE.</a>",Encuesta Suplementaria de Ingresos (ESI),PT,0
CL01:DF_BGYMEDIOOCU_CIUO(1.0),A,BGYMEDIOOCU,06,CIUO_0,2017,,X,,1,"<a href="" https://www.ine.gob.cl/docs/default-source/institucionalidad/buenas-pr%C3%A1cticas/clasificaciones-y-estandares/est%C3%A1ndar-evaluaci%C3%B3n-de-calidad-de-estimaciones-publicaci%C3%B3n-27022020.pdf/"" target=""_blank"" rel=""noopener noreferrer"">La clasificación en estimaciones Fiables, Poco fiables y No fiables provienen del Estándar para la evaluación de la calidad de las estimaciones en encuestas de hogares del INE.</a>",Encuesta Suplementaria de Ingresos (ESI),PT,0
CL01:DF_BGYMEDIOOCU_CIUO(1.0),A,BGYMEDIOOCU,06,CIUO_0,2018,,X,,1,"<a href="" https://www.ine.gob.cl/docs/default-source/institucionalidad/buenas-pr%C3%A1cticas/clasificaciones-y-estandares/est%C3%A1ndar-evaluaci%C3%B3n-de-calidad-de-estimaciones-publicaci%C3%B3n-27022020.pdf/"" target=""_blank"" rel=""noopener noreferrer"">La clasificación en estimaciones Fiables, Poco fiables y No fiables provienen del Estándar para la evaluación de la calidad de las estimaciones en encuestas de hogares del INE.</a>",Encuesta Suplementaria de Ingresos (ESI),PT,0
CL01:DF_BGYMEDIOOCU_CIUO(1.0),A,BGYMEDIOOCU,06,CIUO_0,2019,-24.9999429785978,X,,1,"<a href="" https://www.ine.gob.cl/docs/default-source/institucionalidad/buenas-pr%C3%A1cticas/clasificaciones-y-estandares/est%C3%A1ndar-evaluaci%C3%B3n-de-calidad-de-estimaciones-publicaci%C3%B3n-27022020.pdf/"" target=""_blank"" rel=""noopener noreferrer"">La clasificación en estimaciones Fiables, Poco fiables y No fiables provienen del Estándar para la evaluación de la calidad de las estimaciones en encuestas de hogares del INE.</a>",Encuesta Suplementaria de Ingresos (ESI),PT,0
CL01:DF_BGYMEDIOOCU_CIUO(1.0),A,BGYMEDIOOCU,06,CIUO_0,2020,,X,,1,"<a href="" https://www.ine.gob.cl/docs/default-source/institucionalidad/buenas-pr%C3%A1cticas/clasificaciones-y-estandares/est%C3%A1ndar-evaluaci%C3%B3n-de-calidad-de-estimaciones-publicaci%C3%B3n-27022020.pdf/"" target=""_blank"" rel=""noopener noreferrer"">La clasificación en estimaciones Fiables, Poco fiables y No fiables provienen del Estándar para la evaluación de la calidad de las estimaciones en encuestas de hogares del INE.</a>",Encuesta Suplementaria de Ingresos (ESI),PT,0
CL01:DF_BGYMEDIOOCU_CIUO(1.0),A,BGYMEDIOOCU,06,CIUO_0,2021,,X,,1,"<a href="" https://www.ine.gob.cl/docs/default-source/institucionalidad/buenas-pr%C3%A1cticas/clasificaciones-y-estandares/est%C3%A1ndar-evaluaci%C3%B3n-de-calidad-de-estimaciones-publicaci%C3%B3n-27022020.pdf/"" target=""_blank"" rel=""noopener noreferrer"">La clasificación en estimaciones Fiables, Poco fiables y No fiables provienen del Estándar para la evaluación de la calidad de las estimaciones en encuestas de hogares del INE.</a>",Encuesta Suplementaria de Ingresos (ESI),PT,0
CL01:DF_BGYMEDIOOCU_CIUO(1.0),A,BGYMEDIOOCU,06,CIUO_0,2022,,X,,1,"<a href="" https://www.ine.gob.cl/docs/default-source/institucionalidad/buenas-pr%C3%A1cticas/clasificaciones-y-estandares/est%C3%A1ndar-evaluaci%C3%B3n-de-calidad-de-estimaciones-publicaci%C3%B3n-27022020.pdf/"" target=""_blank"" rel=""noopener noreferrer"">La clasificación en estimaciones Fiables, Poco fiables y No fiables provienen del Estándar para la evaluación de la calidad de las estimaciones en encuestas de hogares del INE.</a>",Encuesta Suplementaria de Ingresos (ESI),PT,0
CL01:DF_BGYMEDIOOCU_CIUO(1.0),A,BGYMEDIOOCU,06,CIUO_0,2023,,X,,1,"<a href="" https://www.ine.gob.cl/docs/default-source/institucionalidad/buenas-pr%C3%A1cticas/clasificaciones-y-estandares/est%C3%A1ndar-evaluaci%C3%B3n-de-calidad-de-estimaciones-publicaci%C3%B3n-27022020.pdf/"" target=""_blank"" rel=""noopener noreferrer"">La clasificación en estimaciones Fiables, Poco fiables y No fiables provienen del Estándar para la evaluación de la calidad de las estimaciones en encuestas de hogares del INE.</a>",Encuesta Suplementaria de Ingresos (ESI),PT,0
CL01:DF_BGYMEDIOOCU_CIUO(1.0),A,BGYMEDIOOCU,06,CIUO_0,2024,,X,,1,"<a href="" https://www.ine.gob.cl/docs/default-source/institucionalidad/buenas-pr%C3%A1cticas/clasificaciones-y-estandares/est%C3%A1ndar-evaluaci%C3%B3n-de-calidad-de-estimaciones-publicaci%C3%B3n-27022020.pdf/"" target=""_blank"" rel=""noopener noreferrer"">La clasificación en estimaciones Fiables, Poco fiables y No fiables provienen del Estándar para la evaluación de la calidad de las estimaciones en encuestas de hogares del INE.</a>",Encuesta Suplementaria de Ingresos (ESI),PT,0
CL01:DF_BGYMEDIOOCU_CIUO(1.0),A,BGYMEDIOOCU,08,CIUO_5,2017,-29.9961573036227,,,1,"<a href="" https://www.ine.gob.cl/docs/default-source/institucionalidad/buenas-pr%C3%A1cticas/clasificaciones-y-estandares/est%C3%A1ndar-evaluaci%C3%B3n-de-calidad-de-estimaciones-publicaci%C3%B3n-27022020.pdf/"" target=""_blank"" rel=""noopener noreferrer"">La clasificación en estimaciones Fiables, Poco fiables y No fiables provienen del Estándar para la evaluación de la calidad de las estimaciones en encuestas de hogares del INE.</a>",Encuesta Suplementaria de Ingresos (ESI),PT,0
CL01:DF_BGYMEDIOOCU_CIUO(1.0),A,BGYMEDIOOCU,08,CIUO_5,2018,-35.0110466571054,,,1,"<a href="" https://www.ine.gob.cl/docs/default-source/institucionalidad/buenas-pr%C3%A1cticas/clasificaciones-y-estandares/est%C3%A1ndar-evaluaci%C3%B3n-de-calidad-de-estimaciones-publicaci%C3%B3n-27022020.pdf/"" target=""_blank"" rel=""noopener noreferrer"">La clasificación en estimaciones Fiables, Poco fiables y No fiables provienen del Estándar para la evaluación de la calidad de las estimaciones en encuestas de hogares del INE.</a>",Encuesta Suplementaria de Ingresos (ESI),PT,0
CL01:DF_BGYMEDIOOCU_CIUO(1.0),A,BGYMEDIOOCU,08,CIUO_5,2019,-40.8792980889757,,,1,"<a href="" https://www.ine.gob.cl/docs/default-source/institucionalidad/buenas-pr%C3%A1cticas/clasificaciones-y-estandares/est%C3%A1ndar-evaluaci%C3%B3n-de-calidad-de-estimaciones-publicaci%C3%B3n-27022020.pdf/"" target=""_blank"" rel=""noopener noreferrer"">La clasificación en estimaciones Fiables, Poco fiables y No fiables provienen del Estándar para la evaluación de la calidad de las estimaciones en encuestas de hogares del INE.</a>",Encuesta Suplementaria de Ingresos (ESI),PT,0
CL01:DF_BGYMEDIOOCU_CIUO(1.0),A,BGYMEDIOOCU,08,CIUO_5,2020,-33.2355487514956,,,1,"<a href="" https://www.ine.gob.cl/docs/default-source/institucionalidad/buenas-pr%C3%A1cticas/clasificaciones-y-estandares/est%C3%A1ndar-evaluaci%C3%B3n-de-calidad-de-estimaciones-publicaci%C3%B3n-27022020.pdf/"" target=""_blank"" rel=""noopener noreferrer"">La clasificación en estimaciones Fiables, Poco fiables y No fiables provienen del Estándar para la evaluación de la calidad de las estimaciones en encuestas de hogares del INE.</a>",Encuesta Suplementaria de Ingresos (ESI),PT,0
CL01:DF_BGYMEDIOOCU_CIUO(1.0),A,BGYMEDIOOCU,08,CIUO_5,2021,-34.3301836519805,,,1,"<a href="" https://www.ine.gob.cl/docs/default-source/institucionalidad/buenas-pr%C3%A1cticas/clasificaciones-y-estandares/est%C3%A1ndar-evaluaci%C3%B3n-de-calidad-de-estimaciones-publicaci%C3%B3n-27022020.pdf/"" target=""_blank"" rel=""noopener noreferrer"">La clasificación en estimaciones Fiables, Poco fiables y No fiables provienen del Estándar para la evaluación de la calidad de las estimaciones en encuestas de hogares del INE.</a>",Encuesta Suplementaria de Ingresos (ESI),PT,0
CL01:DF_BGYMEDIOOCU_CIUO(1.0),A,BGYMEDIOOCU,08,CIUO_5,2022,-31.2557915692561,,,1,"<a href="" https://www.ine.gob.cl/docs/default-source/institucionalidad/buenas-pr%C3%A1cticas/clasificaciones-y-estandares/est%C3%A1ndar-evaluaci%C3%B3n-de-calidad-de-estimaciones-publicaci%C3%B3n-27022020.pdf/"" target=""_blank"" rel=""noopener noreferrer"">La clasificación en estimaciones Fiables, Poco fiables y No fiables provienen del Estándar para la evaluación de la calidad de las estimaciones en encuestas de hogares del INE.</a>",Encuesta Suplementaria de Ingresos (ESI),PT,0
CL01:DF_BGYMEDIOOCU_CIUO(1.0),A,BGYMEDIOOCU,08,CIUO_5,2023,-31.8939803841292,,,1,"<a href="" https://www.ine.gob.cl/docs/default-source/institucionalidad/buenas-pr%C3%A1cticas/clasificaciones-y-estandares/est%C3%A1ndar-evaluaci%C3%B3n-de-calidad-de-estimaciones-publicaci%C3%B3n-27022020.pdf/"" target=""_blank"" rel=""noopener noreferrer"">La clasificación en estimaciones Fiables, Poco fiables y No fiables provienen del Estándar para la evaluación de la calidad de las estimaciones en encuestas de hogares del INE.</a>",Encuesta Suplementaria de Ingresos (ESI),PT,0
CL01:DF_BGYMEDIOOCU_CIUO(1.0),A,BGYMEDIOOCU,08,CIUO_5,2024,-32.2031503097489,,,1,"<a href="" https://www.ine.gob.cl/docs/default-source/institucionalidad/buenas-pr%C3%A1cticas/clasificaciones-y-estandares/est%C3%A1ndar-evaluaci%C3%B3n-de-calidad-de-estimaciones-publicaci%C3%B3n-27022020.pdf/"" target=""_blank"" rel=""noopener noreferrer"">La clasificación en estimaciones Fiables, Poco fiables y No fiables provienen del Estándar para la evaluación de la calidad de las estimaciones en encuestas de hogares del INE.</a>",Encuesta Suplementaria de Ingresos (ESI),PT,0
CL01:DF_BGYMEDIOOCU_CIUO(1.0),A,BGYMEDIOOCU,15,CIUO_5,2017,-52.687276546757,,,1,"<a href="" https://www.ine.gob.cl/docs/default-source/institucionalidad/buenas-pr%C3%A1cticas/clasificaciones-y-estandares/est%C3%A1ndar-evaluaci%C3%B3n-de-calidad-de-estimaciones-publicaci%C3%B3n-27022020.pdf/"" target=""_blank"" rel=""noopener noreferrer"">La clasificación en estimaciones Fiables, Poco fiables y No fiables provienen del Estándar para la evaluación de la calidad de las estimaciones en encuestas de hogares del INE.</a>",Encuesta Suplementaria de Ingresos (ESI),PT,0
CL01:DF_BGYMEDIOOCU_CIUO(1.0),A,BGYMEDIOOCU,15,CIUO_5,2018,-32.7811783735689,,,1,"<a href="" https://www.ine.gob.cl/docs/default-source/institucionalidad/buenas-pr%C3%A1cticas/clasificaciones-y-estandares/est%C3%A1ndar-evaluaci%C3%B3n-de-calidad-de-estimaciones-publicaci%C3%B3n-27022020.pdf/"" target=""_blank"" rel=""noopener noreferrer"">La clasificación en estimaciones Fiables, Poco fiables y No fiables provienen del Estándar para la evaluación de la calidad de las estimaciones en encuestas de hogares del INE.</a>",Encuesta Suplementaria de Ingresos (ESI),PT,0
CL01:DF_BGYMEDIOOCU_CIUO(1.0),A,BGYMEDIOOCU,15,CIUO_5,2019,-45.0629007828702,,,1,"<a href="" https://www.ine.gob.cl/docs/default-source/institucionalidad/buenas-pr%C3%A1cticas/clasificaciones-y-estandares/est%C3%A1ndar-evaluaci%C3%B3n-de-calidad-de-estimaciones-publicaci%C3%B3n-27022020.pdf/"" target=""_blank"" rel=""noopener noreferrer"">La clasificación en estimaciones Fiables, Poco fiables y No fiables provienen del Estándar para la evaluación de la calidad de las estimaciones en encuestas de hogares del INE.</a>",Encuesta Suplementaria de Ingresos (ESI),PT,0
CL01:DF_BGYMEDIOOCU_CIUO(1.0),A,BGYMEDIOOCU,15,CIUO_5,2020,-18.006552152763,Y,,1,"<a href="" https://www.ine.gob.cl/docs/default-source/institucionalidad/buenas-pr%C3%A1cticas/clasificaciones-y-estandares/est%C3%A1ndar-evaluaci%C3%B3n-de-calidad-de-estimaciones-publicaci%C3%B3n-27022020.pdf/"" target=""_blank"" rel=""noopener noreferrer"">La clasificación en estimaciones Fiables, Poco fiables y No fiables provienen del Estándar para la evaluación de la calidad de las estimaciones en encuestas de hogares del INE.</a>",Encuesta Suplementaria de Ingresos (ESI),PT,0
CL01:DF_BGYMEDIOOCU_CIUO(1.0),A,BGYMEDIOOCU,15,CIUO_5,2021,-40.2370212237899,,,1,"<a href="" https://www.ine.gob.cl/docs/default-source/institucionalidad/buenas-pr%C3%A1cticas/clasificaciones-y-estandares/est%C3%A1ndar-evaluaci%C3%B3n-de-calidad-de-estimaciones-publicaci%C3%B3n-27022020.pdf/"" target=""_blank"" rel=""noopener noreferrer"">La clasificación en estimaciones Fiables, Poco fiables y No fiables provienen del Estándar para la evaluación de la calidad de las estimaciones en encuestas de hogares del INE.</a>",Encuesta Suplementaria de Ingresos (ESI),PT,0
CL01:DF_BGYMEDIOOCU_CIUO(1.0),A,BGYMEDIOOCU,15,CIUO_5,2022,-37.262553297379,,,1,"<a href="" https://www.ine.gob.cl/docs/default-source/institucionalidad/buenas-pr%C3%A1cticas/clasificaciones-y-estandares/est%C3%A1ndar-evaluaci%C3%B3n-de-calidad-de-estimaciones-publicaci%C3%B3n-27022020.pdf/"" target=""_blank"" rel=""noopener noreferrer"">La clasificación en estimaciones Fiables, Poco fiables y No fiables provienen del Estándar para la evaluación de la calidad de las estimaciones en encuestas de hogares del INE.</a>",Encuesta Suplementaria de Ingresos (ESI),PT,0
CL01:DF_BGYMEDIOOCU_CIUO(1.0),A,BGYMEDIOOCU,15,CIUO_5,2023,-35.4287891766344,,,1,"<a href="" https://www.ine.gob.cl/docs/default-source/institucionalidad/buenas-pr%C3%A1cticas/clasificaciones-y-estandares/est%C3%A1ndar-evaluaci%C3%B3n-de-calidad-de-estimaciones-publicaci%C3%B3n-27022020.pdf/"" target=""_blank"" rel=""noopener noreferrer"">La clasificación en estimaciones Fiables, Poco fiables y No fiables provienen del Estándar para la evaluación de la calidad de las estimaciones en encuestas de hogares del INE.</a>",Encuesta Suplementaria de Ingresos (ESI),PT,0
CL01:DF_BGYMEDIOOCU_CIUO(1.0),A,BGYMEDIOOCU,15,CIUO_5,2024,-36.7526860683191,,,1,"<a href="" https://www.ine.gob.cl/docs/default-source/institucionalidad/buenas-pr%C3%A1cticas/clasificaciones-y-estandares/est%C3%A1ndar-evaluaci%C3%B3n-de-calidad-de-estimaciones-publicaci%C3%B3n-27022020.pdf/"" target=""_blank"" rel=""noopener noreferrer"">La clasificación en estimaciones Fiables, Poco fiables y No fiables provienen del Estándar para la evaluación de la calidad de las estimaciones en encuestas de hogares del INE.</a>",Encuesta Suplementaria de Ingresos (ESI),PT,0
CL01:DF_BGYMEDIOOCU_CIUO(1.0),A,BGYMEDIOOCU,03,CIUO_SC,2017,,X,,1,"<a href="" https://www.ine.gob.cl/docs/default-source/institucionalidad/buenas-pr%C3%A1cticas/clasificaciones-y-estandares/est%C3%A1ndar-evaluaci%C3%B3n-de-calidad-de-estimaciones-publicaci%C3%B3n-27022020.pdf/"" target=""_blank"" rel=""noopener noreferrer"">La clasificación en estimaciones Fiables, Poco fiables y No fiables provienen del Estándar para la evaluación de la calidad de las estimaciones en encuestas de hogares del INE.</a>",Encuesta Suplementaria de Ingresos (ESI),PT,0
CL01:DF_BGYMEDIOOCU_CIUO(1.0),A,BGYMEDIOOCU,03,CIUO_SC,2018,,X,,1,"<a href="" https://www.ine.gob.cl/docs/default-source/institucionalidad/buenas-pr%C3%A1cticas/clasificaciones-y-estandares/est%C3%A1ndar-evaluaci%C3%B3n-de-calidad-de-estimaciones-publicaci%C3%B3n-27022020.pdf/"" target=""_blank"" rel=""noopener noreferrer"">La clasificación en estimaciones Fiables, Poco fiables y No fiables provienen del Estándar para la evaluación de la calidad de las estimaciones en encuestas de hogares del INE.</a>",Encuesta Suplementaria de Ingresos (ESI),PT,0
CL01:DF_BGYMEDIOOCU_CIUO(1.0),A,BGYMEDIOOCU,03,CIUO_SC,2019,,X,,1,"<a href="" https://www.ine.gob.cl/docs/default-source/institucionalidad/buenas-pr%C3%A1cticas/clasificaciones-y-estandares/est%C3%A1ndar-evaluaci%C3%B3n-de-calidad-de-estimaciones-publicaci%C3%B3n-27022020.pdf/"" target=""_blank"" rel=""noopener noreferrer"">La clasificación en estimaciones Fiables, Poco fiables y No fiables provienen del Estándar para la evaluación de la calidad de las estimaciones en encuestas de hogares del INE.</a>",Encuesta Suplementaria de Ingresos (ESI),PT,0
CL01:DF_BGYMEDIOOCU_CIUO(1.0),A,BGYMEDIOOCU,03,CIUO_SC,2020,,X,,1,"<a href="" https://www.ine.gob.cl/docs/default-source/institucionalidad/buenas-pr%C3%A1cticas/clasificaciones-y-estandares/est%C3%A1ndar-evaluaci%C3%B3n-de-calidad-de-estimaciones-publicaci%C3%B3n-27022020.pdf/"" target=""_blank"" rel=""noopener noreferrer"">La clasificación en estimaciones Fiables, Poco fiables y No fiables provienen del Estándar para la evaluación de la calidad de las estimaciones en encuestas de hogares del INE.</a>",Encuesta Suplementaria de Ingresos (ESI),PT,0
CL01:DF_BGYMEDIOOCU_CIUO(1.0),A,BGYMEDIOOCU,03,CIUO_SC,2021,-59.0595682474707,X,,1,"<a href="" https://www.ine.gob.cl/docs/default-source/institucionalidad/buenas-pr%C3%A1cticas/clasificaciones-y-estandares/est%C3%A1ndar-evaluaci%C3%B3n-de-calidad-de-estimaciones-publicaci%C3%B3n-27022020.pdf/"" target=""_blank"" rel=""noopener noreferrer"">La clasificación en estimaciones Fiables, Poco fiables y No fiables provienen del Estándar para la evaluación de la calidad de las estimaciones en encuestas de hogares del INE.</a>",Encuesta Suplementaria de Ingresos (ESI),PT,0
CL01:DF_BGYMEDIOOCU_CIUO(1.0),A,BGYMEDIOOCU,03,CIUO_SC,2022,,X,,1,"<a href="" https://www.ine.gob.cl/docs/default-source/institucionalidad/buenas-pr%C3%A1cticas/clasificaciones-y-estandares/est%C3%A1ndar-evaluaci%C3%B3n-de-calidad-de-estimaciones-publicaci%C3%B3n-27022020.pdf/"" target=""_blank"" rel=""noopener noreferrer"">La clasificación en estimaciones Fiables, Poco fiables y No fiables provienen del Estándar para la evaluación de la calidad de las estimaciones en encuestas de hogares del INE.</a>",Encuesta Suplementaria de Ingresos (ESI),PT,0
CL01:DF_BGYMEDIOOCU_CIUO(1.0),A,BGYMEDIOOCU,03,CIUO_SC,2023,,X,,1,"<a href="" https://www.ine.gob.cl/docs/default-source/institucionalidad/buenas-pr%C3%A1cticas/clasificaciones-y-estandares/est%C3%A1ndar-evaluaci%C3%B3n-de-calidad-de-estimaciones-publicaci%C3%B3n-27022020.pdf/"" target=""_blank"" rel=""noopener noreferrer"">La clasificación en estimaciones Fiables, Poco fiables y No fiables provienen del Estándar para la evaluación de la calidad de las estimaciones en encuestas de hogares del INE.</a>",Encuesta Suplementaria de Ingresos (ESI),PT,0
CL01:DF_BGYMEDIOOCU_CIUO(1.0),A,BGYMEDIOOCU,03,CIUO_SC,2024,,X,,1,"<a href="" https://www.ine.gob.cl/docs/default-source/institucionalidad/buenas-pr%C3%A1cticas/clasificaciones-y-estandares/est%C3%A1ndar-evaluaci%C3%B3n-de-calidad-de-estimaciones-publicaci%C3%B3n-27022020.pdf/"" target=""_blank"" rel=""noopener noreferrer"">La clasificación en estimaciones Fiables, Poco fiables y No fiables provienen del Estándar para la evaluación de la calidad de las estimaciones en encuestas de hogares del INE.</a>",Encuesta Suplementaria de Ingresos (ESI),PT,0
CL01:DF_BGYMEDIOOCU_CIUO(1.0),A,BGYMEDIOOCU,02,CIUO_1,2017,-33.0742195623624,Y,,1,"<a href="" https://www.ine.gob.cl/docs/default-source/institucionalidad/buenas-pr%C3%A1cticas/clasificaciones-y-estandares/est%C3%A1ndar-evaluaci%C3%B3n-de-calidad-de-estimaciones-publicaci%C3%B3n-27022020.pdf/"" target=""_blank"" rel=""noopener noreferrer"">La clasificación en estimaciones Fiables, Poco fiables y No fiables provienen del Estándar para la evaluación de la calidad de las estimaciones en encuestas de hogares del INE.</a>",Encuesta Suplementaria de Ingresos (ESI),PT,0
CL01:DF_BGYMEDIOOCU_CIUO(1.0),A,BGYMEDIOOCU,02,CIUO_1,2018,-36.0606189419839,X,,1,"<a href="" https://www.ine.gob.cl/docs/default-source/institucionalidad/buenas-pr%C3%A1cticas/clasificaciones-y-estandares/est%C3%A1ndar-evaluaci%C3%B3n-de-calidad-de-estimaciones-publicaci%C3%B3n-27022020.pdf/"" target=""_blank"" rel=""noopener noreferrer"">La clasificación en estimaciones Fiables, Poco fiables y No fiables provienen del Estándar para la evaluación de la calidad de las estimaciones en encuestas de hogares del INE.</a>",Encuesta Suplementaria de Ingresos (ESI),PT,0
CL01:DF_BGYMEDIOOCU_CIUO(1.0),A,BGYMEDIOOCU,02,CIUO_1,2019,-47.0634604027042,X,,1,"<a href="" https://www.ine.gob.cl/docs/default-source/institucionalidad/buenas-pr%C3%A1cticas/clasificaciones-y-estandares/est%C3%A1ndar-evaluaci%C3%B3n-de-calidad-de-estimaciones-publicaci%C3%B3n-27022020.pdf/"" target=""_blank"" rel=""noopener noreferrer"">La clasificación en estimaciones Fiables, Poco fiables y No fiables provienen del Estándar para la evaluación de la calidad de las estimaciones en encuestas de hogares del INE.</a>",Encuesta Suplementaria de Ingresos (ESI),PT,0
CL01:DF_BGYMEDIOOCU_CIUO(1.0),A,BGYMEDIOOCU,02,CIUO_1,2020,-63.4143220741123,X,,1,"<a href="" https://www.ine.gob.cl/docs/default-source/institucionalidad/buenas-pr%C3%A1cticas/clasificaciones-y-estandares/est%C3%A1ndar-evaluaci%C3%B3n-de-calidad-de-estimaciones-publicaci%C3%B3n-27022020.pdf/"" target=""_blank"" rel=""noopener noreferrer"">La clasificación en estimaciones Fiables, Poco fiables y No fiables provienen del Estándar para la evaluación de la calidad de las estimaciones en encuestas de hogares del INE.</a>",Encuesta Suplementaria de Ingresos (ESI),PT,0
CL01:DF_BGYMEDIOOCU_CIUO(1.0),A,BGYMEDIOOCU,02,CIUO_1,2021,16.5140494305025,X,,1,"<a href="" https://www.ine.gob.cl/docs/default-source/institucionalidad/buenas-pr%C3%A1cticas/clasificaciones-y-estandares/est%C3%A1ndar-evaluaci%C3%B3n-de-calidad-de-estimaciones-publicaci%C3%B3n-27022020.pdf/"" target=""_blank"" rel=""noopener noreferrer"">La clasificación en estimaciones Fiables, Poco fiables y No fiables provienen del Estándar para la evaluación de la calidad de las estimaciones en encuestas de hogares del INE.</a>",Encuesta Suplementaria de Ingresos (ESI),PT,0
CL01:DF_BGYMEDIOOCU_CIUO(1.0),A,BGYMEDIOOCU,02,CIUO_1,2022,-16.4118911302144,,,1,"<a href="" https://www.ine.gob.cl/docs/default-source/institucionalidad/buenas-pr%C3%A1cticas/clasificaciones-y-estandares/est%C3%A1ndar-evaluaci%C3%B3n-de-calidad-de-estimaciones-publicaci%C3%B3n-27022020.pdf/"" target=""_blank"" rel=""noopener noreferrer"">La clasificación en estimaciones Fiables, Poco fiables y No fiables provienen del Estándar para la evaluación de la calidad de las estimaciones en encuestas de hogares del INE.</a>",Encuesta Suplementaria de Ingresos (ESI),PT,0
CL01:DF_BGYMEDIOOCU_CIUO(1.0),A,BGYMEDIOOCU,02,CIUO_1,2023,-31.2361856779167,Y,,1,"<a href="" https://www.ine.gob.cl/docs/default-source/institucionalidad/buenas-pr%C3%A1cticas/clasificaciones-y-estandares/est%C3%A1ndar-evaluaci%C3%B3n-de-calidad-de-estimaciones-publicaci%C3%B3n-27022020.pdf/"" target=""_blank"" rel=""noopener noreferrer"">La clasificación en estimaciones Fiables, Poco fiables y No fiables provienen del Estándar para la evaluación de la calidad de las estimaciones en encuestas de hogares del INE.</a>",Encuesta Suplementaria de Ingresos (ESI),PT,0
CL01:DF_BGYMEDIOOCU_CIUO(1.0),A,BGYMEDIOOCU,02,CIUO_1,2024,-31.1244920185455,X,,1,"<a href="" https://www.ine.gob.cl/docs/default-source/institucionalidad/buenas-pr%C3%A1cticas/clasificaciones-y-estandares/est%C3%A1ndar-evaluaci%C3%B3n-de-calidad-de-estimaciones-publicaci%C3%B3n-27022020.pdf/"" target=""_blank"" rel=""noopener noreferrer"">La clasificación en estimaciones Fiables, Poco fiables y No fiables provienen del Estándar para la evaluación de la calidad de las estimaciones en encuestas de hogares del INE.</a>",Encuesta Suplementaria de Ingresos (ESI),PT,0
CL01:DF_BGYMEDIOOCU_CIUO(1.0),A,BGYMEDIOOCU,03,CIUO_3,2017,-51.0967446263548,,,1,"<a href="" https://www.ine.gob.cl/docs/default-source/institucionalidad/buenas-pr%C3%A1cticas/clasificaciones-y-estandares/est%C3%A1ndar-evaluaci%C3%B3n-de-calidad-de-estimaciones-publicaci%C3%B3n-27022020.pdf/"" target=""_blank"" rel=""noopener noreferrer"">La clasificación en estimaciones Fiables, Poco fiables y No fiables provienen del Estándar para la evaluación de la calidad de las estimaciones en encuestas de hogares del INE.</a>",Encuesta Suplementaria de Ingresos (ESI),PT,0
CL01:DF_BGYMEDIOOCU_CIUO(1.0),A,BGYMEDIOOCU,03,CIUO_3,2018,-39.3118661103151,,,1,"<a href="" https://www.ine.gob.cl/docs/default-source/institucionalidad/buenas-pr%C3%A1cticas/clasificaciones-y-estandares/est%C3%A1ndar-evaluaci%C3%B3n-de-calidad-de-estimaciones-publicaci%C3%B3n-27022020.pdf/"" target=""_blank"" rel=""noopener noreferrer"">La clasificación en estimaciones Fiables, Poco fiables y No fiables provienen del Estándar para la evaluación de la calidad de las estimaciones en encuestas de hogares del INE.</a>",Encuesta Suplementaria de Ingresos (ESI),PT,0
CL01:DF_BGYMEDIOOCU_CIUO(1.0),A,BGYMEDIOOCU,03,CIUO_3,2019,-43.8986649228779,,,1,"<a href="" https://www.ine.gob.cl/docs/default-source/institucionalidad/buenas-pr%C3%A1cticas/clasificaciones-y-estandares/est%C3%A1ndar-evaluaci%C3%B3n-de-calidad-de-estimaciones-publicaci%C3%B3n-27022020.pdf/"" target=""_blank"" rel=""noopener noreferrer"">La clasificación en estimaciones Fiables, Poco fiables y No fiables provienen del Estándar para la evaluación de la calidad de las estimaciones en encuestas de hogares del INE.</a>",Encuesta Suplementaria de Ingresos (ESI),PT,0
CL01:DF_BGYMEDIOOCU_CIUO(1.0),A,BGYMEDIOOCU,03,CIUO_3,2020,-39.2552294171375,,,1,"<a href="" https://www.ine.gob.cl/docs/default-source/institucionalidad/buenas-pr%C3%A1cticas/clasificaciones-y-estandares/est%C3%A1ndar-evaluaci%C3%B3n-de-calidad-de-estimaciones-publicaci%C3%B3n-27022020.pdf/"" target=""_blank"" rel=""noopener noreferrer"">La clasificación en estimaciones Fiables, Poco fiables y No fiables provienen del Estándar para la evaluación de la calidad de las estimaciones en encuestas de hogares del INE.</a>",Encuesta Suplementaria de Ingresos (ESI),PT,0
CL01:DF_BGYMEDIOOCU_CIUO(1.0),A,BGYMEDIOOCU,03,CIUO_3,2021,-35.3165038039327,,,1,"<a href="" https://www.ine.gob.cl/docs/default-source/institucionalidad/buenas-pr%C3%A1cticas/clasificaciones-y-estandares/est%C3%A1ndar-evaluaci%C3%B3n-de-calidad-de-estimaciones-publicaci%C3%B3n-27022020.pdf/"" target=""_blank"" rel=""noopener noreferrer"">La clasificación en estimaciones Fiables, Poco fiables y No fiables provienen del Estándar para la evaluación de la calidad de las estimaciones en encuestas de hogares del INE.</a>",Encuesta Suplementaria de Ingresos (ESI),PT,0
CL01:DF_BGYMEDIOOCU_CIUO(1.0),A,BGYMEDIOOCU,03,CIUO_3,2022,-36.591969809018,Y,,1,"<a href="" https://www.ine.gob.cl/docs/default-source/institucionalidad/buenas-pr%C3%A1cticas/clasificaciones-y-estandares/est%C3%A1ndar-evaluaci%C3%B3n-de-calidad-de-estimaciones-publicaci%C3%B3n-27022020.pdf/"" target=""_blank"" rel=""noopener noreferrer"">La clasificación en estimaciones Fiables, Poco fiables y No fiables provienen del Estándar para la evaluación de la calidad de las estimaciones en encuestas de hogares del INE.</a>",Encuesta Suplementaria de Ingresos (ESI),PT,0
CL01:DF_BGYMEDIOOCU_CIUO(1.0),A,BGYMEDIOOCU,03,CIUO_3,2023,-40.0471777398459,,,1,"<a href="" https://www.ine.gob.cl/docs/default-source/institucionalidad/buenas-pr%C3%A1cticas/clasificaciones-y-estandares/est%C3%A1ndar-evaluaci%C3%B3n-de-calidad-de-estimaciones-publicaci%C3%B3n-27022020.pdf/"" target=""_blank"" rel=""noopener noreferrer"">La clasificación en estimaciones Fiables, Poco fiables y No fiables provienen del Estándar para la evaluación de la calidad de las estimaciones en encuestas de hogares del INE.</a>",Encuesta Suplementaria de Ingresos (ESI),PT,0
CL01:DF_BGYMEDIOOCU_CIUO(1.0),A,BGYMEDIOOCU,03,CIUO_3,2024,-40.2956508957937,,,1,"<a href="" https://www.ine.gob.cl/docs/default-source/institucionalidad/buenas-pr%C3%A1cticas/clasificaciones-y-estandares/est%C3%A1ndar-evaluaci%C3%B3n-de-calidad-de-estimaciones-publicaci%C3%B3n-27022020.pdf/"" target=""_blank"" rel=""noopener noreferrer"">La clasificación en estimaciones Fiables, Poco fiables y No fiables provienen del Estándar para la evaluación de la calidad de las estimaciones en encuestas de hogares del INE.</a>",Encuesta Suplementaria de Ingresos (ESI),PT,0
CL01:DF_BGYMEDIOOCU_CIUO(1.0),A,BGYMEDIOOCU,03,CIUO_4,2017,15.9794681513607,Y,,1,"<a href="" https://www.ine.gob.cl/docs/default-source/institucionalidad/buenas-pr%C3%A1cticas/clasificaciones-y-estandares/est%C3%A1ndar-evaluaci%C3%B3n-de-calidad-de-estimaciones-publicaci%C3%B3n-27022020.pdf/"" target=""_blank"" rel=""noopener noreferrer"">La clasificación en estimaciones Fiables, Poco fiables y No fiables provienen del Estándar para la evaluación de la calidad de las estimaciones en encuestas de hogares del INE.</a>",Encuesta Suplementaria de Ingresos (ESI),PT,0
CL01:DF_BGYMEDIOOCU_CIUO(1.0),A,BGYMEDIOOCU,03,CIUO_4,2018,5.3177859642089,Y,,1,"<a href="" https://www.ine.gob.cl/docs/default-source/institucionalidad/buenas-pr%C3%A1cticas/clasificaciones-y-estandares/est%C3%A1ndar-evaluaci%C3%B3n-de-calidad-de-estimaciones-publicaci%C3%B3n-27022020.pdf/"" target=""_blank"" rel=""noopener noreferrer"">La clasificación en estimaciones Fiables, Poco fiables y No fiables provienen del Estándar para la evaluación de la calidad de las estimaciones en encuestas de hogares del INE.</a>",Encuesta Suplementaria de Ingresos (ESI),PT,0
CL01:DF_BGYMEDIOOCU_CIUO(1.0),A,BGYMEDIOOCU,03,CIUO_4,2019,-19.2047631672184,,,1,"<a href="" https://www.ine.gob.cl/docs/default-source/institucionalidad/buenas-pr%C3%A1cticas/clasificaciones-y-estandares/est%C3%A1ndar-evaluaci%C3%B3n-de-calidad-de-estimaciones-publicaci%C3%B3n-27022020.pdf/"" target=""_blank"" rel=""noopener noreferrer"">La clasificación en estimaciones Fiables, Poco fiables y No fiables provienen del Estándar para la evaluación de la calidad de las estimaciones en encuestas de hogares del INE.</a>",Encuesta Suplementaria de Ingresos (ESI),PT,0
CL01:DF_BGYMEDIOOCU_CIUO(1.0),A,BGYMEDIOOCU,03,CIUO_4,2020,-23.0682770634294,X,,1,"<a href="" https://www.ine.gob.cl/docs/default-source/institucionalidad/buenas-pr%C3%A1cticas/clasificaciones-y-estandares/est%C3%A1ndar-evaluaci%C3%B3n-de-calidad-de-estimaciones-publicaci%C3%B3n-27022020.pdf/"" target=""_blank"" rel=""noopener noreferrer"">La clasificación en estimaciones Fiables, Poco fiables y No fiables provienen del Estándar para la evaluación de la calidad de las estimaciones en encuestas de hogares del INE.</a>",Encuesta Suplementaria de Ingresos (ESI),PT,0
CL01:DF_BGYMEDIOOCU_CIUO(1.0),A,BGYMEDIOOCU,03,CIUO_4,2021,-25.4693708374604,X,,1,"<a href="" https://www.ine.gob.cl/docs/default-source/institucionalidad/buenas-pr%C3%A1cticas/clasificaciones-y-estandares/est%C3%A1ndar-evaluaci%C3%B3n-de-calidad-de-estimaciones-publicaci%C3%B3n-27022020.pdf/"" target=""_blank"" rel=""noopener noreferrer"">La clasificación en estimaciones Fiables, Poco fiables y No fiables provienen del Estándar para la evaluación de la calidad de las estimaciones en encuestas de hogares del INE.</a>",Encuesta Suplementaria de Ingresos (ESI),PT,0
CL01:DF_BGYMEDIOOCU_CIUO(1.0),A,BGYMEDIOOCU,03,CIUO_4,2022,-39.8525931233396,X,,1,"<a href="" https://www.ine.gob.cl/docs/default-source/institucionalidad/buenas-pr%C3%A1cticas/clasificaciones-y-estandares/est%C3%A1ndar-evaluaci%C3%B3n-de-calidad-de-estimaciones-publicaci%C3%B3n-27022020.pdf/"" target=""_blank"" rel=""noopener noreferrer"">La clasificación en estimaciones Fiables, Poco fiables y No fiables provienen del Estándar para la evaluación de la calidad de las estimaciones en encuestas de hogares del INE.</a>",Encuesta Suplementaria de Ingresos (ESI),PT,0
CL01:DF_BGYMEDIOOCU_CIUO(1.0),A,BGYMEDIOOCU,03,CIUO_4,2023,-21.2630538919347,X,,1,"<a href="" https://www.ine.gob.cl/docs/default-source/institucionalidad/buenas-pr%C3%A1cticas/clasificaciones-y-estandares/est%C3%A1ndar-evaluaci%C3%B3n-de-calidad-de-estimaciones-publicaci%C3%B3n-27022020.pdf/"" target=""_blank"" rel=""noopener noreferrer"">La clasificación en estimaciones Fiables, Poco fiables y No fiables provienen del Estándar para la evaluación de la calidad de las estimaciones en encuestas de hogares del INE.</a>",Encuesta Suplementaria de Ingresos (ESI),PT,0
CL01:DF_BGYMEDIOOCU_CIUO(1.0),A,BGYMEDIOOCU,03,CIUO_4,2024,-13.5636761084418,X,,1,"<a href="" https://www.ine.gob.cl/docs/default-source/institucionalidad/buenas-pr%C3%A1cticas/clasificaciones-y-estandares/est%C3%A1ndar-evaluaci%C3%B3n-de-calidad-de-estimaciones-publicaci%C3%B3n-27022020.pdf/"" target=""_blank"" rel=""noopener noreferrer"">La clasificación en estimaciones Fiables, Poco fiables y No fiables provienen del Estándar para la evaluación de la calidad de las estimaciones en encuestas de hogares del INE.</a>",Encuesta Suplementaria de Ingresos (ESI),PT,0
CL01:DF_BGYMEDIOOCU_CIUO(1.0),A,BGYMEDIOOCU,04,CIUO_5,2017,-30.0197463569642,Y,,1,"<a href="" https://www.ine.gob.cl/docs/default-source/institucionalidad/buenas-pr%C3%A1cticas/clasificaciones-y-estandares/est%C3%A1ndar-evaluaci%C3%B3n-de-calidad-de-estimaciones-publicaci%C3%B3n-27022020.pdf/"" target=""_blank"" rel=""noopener noreferrer"">La clasificación en estimaciones Fiables, Poco fiables y No fiables provienen del Estándar para la evaluación de la calidad de las estimaciones en encuestas de hogares del INE.</a>",Encuesta Suplementaria de Ingresos (ESI),PT,0
CL01:DF_BGYMEDIOOCU_CIUO(1.0),A,BGYMEDIOOCU,04,CIUO_5,2018,-33.7768567414541,,,1,"<a href="" https://www.ine.gob.cl/docs/default-source/institucionalidad/buenas-pr%C3%A1cticas/clasificaciones-y-estandares/est%C3%A1ndar-evaluaci%C3%B3n-de-calidad-de-estimaciones-publicaci%C3%B3n-27022020.pdf/"" target=""_blank"" rel=""noopener noreferrer"">La clasificación en estimaciones Fiables, Poco fiables y No fiables provienen del Estándar para la evaluación de la calidad de las estimaciones en encuestas de hogares del INE.</a>",Encuesta Suplementaria de Ingresos (ESI),PT,0
CL01:DF_BGYMEDIOOCU_CIUO(1.0),A,BGYMEDIOOCU,04,CIUO_5,2019,-37.5832259229239,,,1,"<a href="" https://www.ine.gob.cl/docs/default-source/institucionalidad/buenas-pr%C3%A1cticas/clasificaciones-y-estandares/est%C3%A1ndar-evaluaci%C3%B3n-de-calidad-de-estimaciones-publicaci%C3%B3n-27022020.pdf/"" target=""_blank"" rel=""noopener noreferrer"">La clasificación en estimaciones Fiables, Poco fiables y No fiables provienen del Estándar para la evaluación de la calidad de las estimaciones en encuestas de hogares del INE.</a>",Encuesta Suplementaria de Ingresos (ESI),PT,0
CL01:DF_BGYMEDIOOCU_CIUO(1.0),A,BGYMEDIOOCU,04,CIUO_5,2020,-9.25795395388859,Y,,1,"<a href="" https://www.ine.gob.cl/docs/default-source/institucionalidad/buenas-pr%C3%A1cticas/clasificaciones-y-estandares/est%C3%A1ndar-evaluaci%C3%B3n-de-calidad-de-estimaciones-publicaci%C3%B3n-27022020.pdf/"" target=""_blank"" rel=""noopener noreferrer"">La clasificación en estimaciones Fiables, Poco fiables y No fiables provienen del Estándar para la evaluación de la calidad de las estimaciones en encuestas de hogares del INE.</a>",Encuesta Suplementaria de Ingresos (ESI),PT,0
CL01:DF_BGYMEDIOOCU_CIUO(1.0),A,BGYMEDIOOCU,04,CIUO_5,2021,-19.6890321477473,,,1,"<a href="" https://www.ine.gob.cl/docs/default-source/institucionalidad/buenas-pr%C3%A1cticas/clasificaciones-y-estandares/est%C3%A1ndar-evaluaci%C3%B3n-de-calidad-de-estimaciones-publicaci%C3%B3n-27022020.pdf/"" target=""_blank"" rel=""noopener noreferrer"">La clasificación en estimaciones Fiables, Poco fiables y No fiables provienen del Estándar para la evaluación de la calidad de las estimaciones en encuestas de hogares del INE.</a>",Encuesta Suplementaria de Ingresos (ESI),PT,0
CL01:DF_BGYMEDIOOCU_CIUO(1.0),A,BGYMEDIOOCU,04,CIUO_5,2022,-20.9314164096791,,,1,"<a href="" https://www.ine.gob.cl/docs/default-source/institucionalidad/buenas-pr%C3%A1cticas/clasificaciones-y-estandares/est%C3%A1ndar-evaluaci%C3%B3n-de-calidad-de-estimaciones-publicaci%C3%B3n-27022020.pdf/"" target=""_blank"" rel=""noopener noreferrer"">La clasificación en estimaciones Fiables, Poco fiables y No fiables provienen del Estándar para la evaluación de la calidad de las estimaciones en encuestas de hogares del INE.</a>",Encuesta Suplementaria de Ingresos (ESI),PT,0
CL01:DF_BGYMEDIOOCU_CIUO(1.0),A,BGYMEDIOOCU,04,CIUO_5,2023,-33.3998919096253,,,1,"<a href="" https://www.ine.gob.cl/docs/default-source/institucionalidad/buenas-pr%C3%A1cticas/clasificaciones-y-estandares/est%C3%A1ndar-evaluaci%C3%B3n-de-calidad-de-estimaciones-publicaci%C3%B3n-27022020.pdf/"" target=""_blank"" rel=""noopener noreferrer"">La clasificación en estimaciones Fiables, Poco fiables y No fiables provienen del Estándar para la evaluación de la calidad de las estimaciones en encuestas de hogares del INE.</a>",Encuesta Suplementaria de Ingresos (ESI),PT,0
CL01:DF_BGYMEDIOOCU_CIUO(1.0),A,BGYMEDIOOCU,04,CIUO_5,2024,-31.4129192771732,,,1,"<a href="" https://www.ine.gob.cl/docs/default-source/institucionalidad/buenas-pr%C3%A1cticas/clasificaciones-y-estandares/est%C3%A1ndar-evaluaci%C3%B3n-de-calidad-de-estimaciones-publicaci%C3%B3n-27022020.pdf/"" target=""_blank"" rel=""noopener noreferrer"">La clasificación en estimaciones Fiables, Poco fiables y No fiables provienen del Estándar para la evaluación de la calidad de las estimaciones en encuestas de hogares del INE.</a>",Encuesta Suplementaria de Ingresos (ESI),PT,0
CL01:DF_BGYMEDIOOCU_CIUO(1.0),A,BGYMEDIOOCU,06,CIUO_6,2017,-26.497402345942,Y,,1,"<a href="" https://www.ine.gob.cl/docs/default-source/institucionalidad/buenas-pr%C3%A1cticas/clasificaciones-y-estandares/est%C3%A1ndar-evaluaci%C3%B3n-de-calidad-de-estimaciones-publicaci%C3%B3n-27022020.pdf/"" target=""_blank"" rel=""noopener noreferrer"">La clasificación en estimaciones Fiables, Poco fiables y No fiables provienen del Estándar para la evaluación de la calidad de las estimaciones en encuestas de hogares del INE.</a>",Encuesta Suplementaria de Ingresos (ESI),PT,0
CL01:DF_BGYMEDIOOCU_CIUO(1.0),A,BGYMEDIOOCU,06,CIUO_6,2018,-34.4188674304334,Y,,1,"<a href="" https://www.ine.gob.cl/docs/default-source/institucionalidad/buenas-pr%C3%A1cticas/clasificaciones-y-estandares/est%C3%A1ndar-evaluaci%C3%B3n-de-calidad-de-estimaciones-publicaci%C3%B3n-27022020.pdf/"" target=""_blank"" rel=""noopener noreferrer"">La clasificación en estimaciones Fiables, Poco fiables y No fiables provienen del Estándar para la evaluación de la calidad de las estimaciones en encuestas de hogares del INE.</a>",Encuesta Suplementaria de Ingresos (ESI),PT,0
CL01:DF_BGYMEDIOOCU_CIUO(1.0),A,BGYMEDIOOCU,06,CIUO_6,2019,-46.2938853086873,Y,,1,"<a href="" https://www.ine.gob.cl/docs/default-source/institucionalidad/buenas-pr%C3%A1cticas/clasificaciones-y-estandares/est%C3%A1ndar-evaluaci%C3%B3n-de-calidad-de-estimaciones-publicaci%C3%B3n-27022020.pdf/"" target=""_blank"" rel=""noopener noreferrer"">La clasificación en estimaciones Fiables, Poco fiables y No fiables provienen del Estándar para la evaluación de la calidad de las estimaciones en encuestas de hogares del INE.</a>",Encuesta Suplementaria de Ingresos (ESI),PT,0
CL01:DF_BGYMEDIOOCU_CIUO(1.0),A,BGYMEDIOOCU,06,CIUO_6,2020,-54.9668566356874,Y,,1,"<a href="" https://www.ine.gob.cl/docs/default-source/institucionalidad/buenas-pr%C3%A1cticas/clasificaciones-y-estandares/est%C3%A1ndar-evaluaci%C3%B3n-de-calidad-de-estimaciones-publicaci%C3%B3n-27022020.pdf/"" target=""_blank"" rel=""noopener noreferrer"">La clasificación en estimaciones Fiables, Poco fiables y No fiables provienen del Estándar para la evaluación de la calidad de las estimaciones en encuestas de hogares del INE.</a>",Encuesta Suplementaria de Ingresos (ESI),PT,0
CL01:DF_BGYMEDIOOCU_CIUO(1.0),A,BGYMEDIOOCU,06,CIUO_6,2021,21.9294375892009,X,,1,"<a href="" https://www.ine.gob.cl/docs/default-source/institucionalidad/buenas-pr%C3%A1cticas/clasificaciones-y-estandares/est%C3%A1ndar-evaluaci%C3%B3n-de-calidad-de-estimaciones-publicaci%C3%B3n-27022020.pdf/"" target=""_blank"" rel=""noopener noreferrer"">La clasificación en estimaciones Fiables, Poco fiables y No fiables provienen del Estándar para la evaluación de la calidad de las estimaciones en encuestas de hogares del INE.</a>",Encuesta Suplementaria de Ingresos (ESI),PT,0
CL01:DF_BGYMEDIOOCU_CIUO(1.0),A,BGYMEDIOOCU,06,CIUO_6,2022,-18.7996961042742,,,1,"<a href="" https://www.ine.gob.cl/docs/default-source/institucionalidad/buenas-pr%C3%A1cticas/clasificaciones-y-estandares/est%C3%A1ndar-evaluaci%C3%B3n-de-calidad-de-estimaciones-publicaci%C3%B3n-27022020.pdf/"" target=""_blank"" rel=""noopener noreferrer"">La clasificación en estimaciones Fiables, Poco fiables y No fiables provienen del Estándar para la evaluación de la calidad de las estimaciones en encuestas de hogares del INE.</a>",Encuesta Suplementaria de Ingresos (ESI),PT,0
CL01:DF_BGYMEDIOOCU_CIUO(1.0),A,BGYMEDIOOCU,06,CIUO_6,2023,-61.3140023261669,Y,,1,"<a href="" https://www.ine.gob.cl/docs/default-source/institucionalidad/buenas-pr%C3%A1cticas/clasificaciones-y-estandares/est%C3%A1ndar-evaluaci%C3%B3n-de-calidad-de-estimaciones-publicaci%C3%B3n-27022020.pdf/"" target=""_blank"" rel=""noopener noreferrer"">La clasificación en estimaciones Fiables, Poco fiables y No fiables provienen del Estándar para la evaluación de la calidad de las estimaciones en encuestas de hogares del INE.</a>",Encuesta Suplementaria de Ingresos (ESI),PT,0
CL01:DF_BGYMEDIOOCU_CIUO(1.0),A,BGYMEDIOOCU,06,CIUO_6,2024,-37.8729960856488,Y,,1,"<a href="" https://www.ine.gob.cl/docs/default-source/institucionalidad/buenas-pr%C3%A1cticas/clasificaciones-y-estandares/est%C3%A1ndar-evaluaci%C3%B3n-de-calidad-de-estimaciones-publicaci%C3%B3n-27022020.pdf/"" target=""_blank"" rel=""noopener noreferrer"">La clasificación en estimaciones Fiables, Poco fiables y No fiables provienen del Estándar para la evaluación de la calidad de las estimaciones en encuestas de hogares del INE.</a>",Encuesta Suplementaria de Ingresos (ESI),PT,0
CL01:DF_BGYMEDIOOCU_CIUO(1.0),A,BGYMEDIOOCU,09,CIUO_6,2017,-62.3492498917368,X,,1,"<a href="" https://www.ine.gob.cl/docs/default-source/institucionalidad/buenas-pr%C3%A1cticas/clasificaciones-y-estandares/est%C3%A1ndar-evaluaci%C3%B3n-de-calidad-de-estimaciones-publicaci%C3%B3n-27022020.pdf/"" target=""_blank"" rel=""noopener noreferrer"">La clasificación en estimaciones Fiables, Poco fiables y No fiables provienen del Estándar para la evaluación de la calidad de las estimaciones en encuestas de hogares del INE.</a>",Encuesta Suplementaria de Ingresos (ESI),PT,0
CL01:DF_BGYMEDIOOCU_CIUO(1.0),A,BGYMEDIOOCU,09,CIUO_6,2018,-46.3028827320779,Y,,1,"<a href="" https://www.ine.gob.cl/docs/default-source/institucionalidad/buenas-pr%C3%A1cticas/clasificaciones-y-estandares/est%C3%A1ndar-evaluaci%C3%B3n-de-calidad-de-estimaciones-publicaci%C3%B3n-27022020.pdf/"" target=""_blank"" rel=""noopener noreferrer"">La clasificación en estimaciones Fiables, Poco fiables y No fiables provienen del Estándar para la evaluación de la calidad de las estimaciones en encuestas de hogares del INE.</a>",Encuesta Suplementaria de Ingresos (ESI),PT,0
CL01:DF_BGYMEDIOOCU_CIUO(1.0),A,BGYMEDIOOCU,09,CIUO_6,2019,-74.3871001263772,Y,,1,"<a href="" https://www.ine.gob.cl/docs/default-source/institucionalidad/buenas-pr%C3%A1cticas/clasificaciones-y-estandares/est%C3%A1ndar-evaluaci%C3%B3n-de-calidad-de-estimaciones-publicaci%C3%B3n-27022020.pdf/"" target=""_blank"" rel=""noopener noreferrer"">La clasificación en estimaciones Fiables, Poco fiables y No fiables provienen del Estándar para la evaluación de la calidad de las estimaciones en encuestas de hogares del INE.</a>",Encuesta Suplementaria de Ingresos (ESI),PT,0
CL01:DF_BGYMEDIOOCU_CIUO(1.0),A,BGYMEDIOOCU,09,CIUO_6,2020,-48.6438910099175,X,,1,"<a href="" https://www.ine.gob.cl/docs/default-source/institucionalidad/buenas-pr%C3%A1cticas/clasificaciones-y-estandares/est%C3%A1ndar-evaluaci%C3%B3n-de-calidad-de-estimaciones-publicaci%C3%B3n-27022020.pdf/"" target=""_blank"" rel=""noopener noreferrer"">La clasificación en estimaciones Fiables, Poco fiables y No fiables provienen del Estándar para la evaluación de la calidad de las estimaciones en encuestas de hogares del INE.</a>",Encuesta Suplementaria de Ingresos (ESI),PT,0
CL01:DF_BGYMEDIOOCU_CIUO(1.0),A,BGYMEDIOOCU,09,CIUO_6,2021,-63.4502214595622,Y,,1,"<a href="" https://www.ine.gob.cl/docs/default-source/institucionalidad/buenas-pr%C3%A1cticas/clasificaciones-y-estandares/est%C3%A1ndar-evaluaci%C3%B3n-de-calidad-de-estimaciones-publicaci%C3%B3n-27022020.pdf/"" target=""_blank"" rel=""noopener noreferrer"">La clasificación en estimaciones Fiables, Poco fiables y No fiables provienen del Estándar para la evaluación de la calidad de las estimaciones en encuestas de hogares del INE.</a>",Encuesta Suplementaria de Ingresos (ESI),PT,0
CL01:DF_BGYMEDIOOCU_CIUO(1.0),A,BGYMEDIOOCU,09,CIUO_6,2022,-12.7251781614396,X,,1,"<a href="" https://www.ine.gob.cl/docs/default-source/institucionalidad/buenas-pr%C3%A1cticas/clasificaciones-y-estandares/est%C3%A1ndar-evaluaci%C3%B3n-de-calidad-de-estimaciones-publicaci%C3%B3n-27022020.pdf/"" target=""_blank"" rel=""noopener noreferrer"">La clasificación en estimaciones Fiables, Poco fiables y No fiables provienen del Estándar para la evaluación de la calidad de las estimaciones en encuestas de hogares del INE.</a>",Encuesta Suplementaria de Ingresos (ESI),PT,0
CL01:DF_BGYMEDIOOCU_CIUO(1.0),A,BGYMEDIOOCU,09,CIUO_6,2023,-65.5053614286255,Y,,1,"<a href="" https://www.ine.gob.cl/docs/default-source/institucionalidad/buenas-pr%C3%A1cticas/clasificaciones-y-estandares/est%C3%A1ndar-evaluaci%C3%B3n-de-calidad-de-estimaciones-publicaci%C3%B3n-27022020.pdf/"" target=""_blank"" rel=""noopener noreferrer"">La clasificación en estimaciones Fiables, Poco fiables y No fiables provienen del Estándar para la evaluación de la calidad de las estimaciones en encuestas de hogares del INE.</a>",Encuesta Suplementaria de Ingresos (ESI),PT,0
CL01:DF_BGYMEDIOOCU_CIUO(1.0),A,BGYMEDIOOCU,09,CIUO_6,2024,-40.7658902372969,Y,,1,"<a href="" https://www.ine.gob.cl/docs/default-source/institucionalidad/buenas-pr%C3%A1cticas/clasificaciones-y-estandares/est%C3%A1ndar-evaluaci%C3%B3n-de-calidad-de-estimaciones-publicaci%C3%B3n-27022020.pdf/"" target=""_blank"" rel=""noopener noreferrer"">La clasificación en estimaciones Fiables, Poco fiables y No fiables provienen del Estándar para la evaluación de la calidad de las estimaciones en encuestas de hogares del INE.</a>",Encuesta Suplementaria de Ingresos (ESI),PT,0
CL01:DF_BGYMEDIOOCU_CIUO(1.0),A,BGYMEDIOOCU,09,CIUO_7,2017,-64.2995746907618,X,,1,"<a href="" https://www.ine.gob.cl/docs/default-source/institucionalidad/buenas-pr%C3%A1cticas/clasificaciones-y-estandares/est%C3%A1ndar-evaluaci%C3%B3n-de-calidad-de-estimaciones-publicaci%C3%B3n-27022020.pdf/"" target=""_blank"" rel=""noopener noreferrer"">La clasificación en estimaciones Fiables, Poco fiables y No fiables provienen del Estándar para la evaluación de la calidad de las estimaciones en encuestas de hogares del INE.</a>",Encuesta Suplementaria de Ingresos (ESI),PT,0
CL01:DF_BGYMEDIOOCU_CIUO(1.0),A,BGYMEDIOOCU,09,CIUO_7,2018,-66.5273576956231,Y,,1,"<a href="" https://www.ine.gob.cl/docs/default-source/institucionalidad/buenas-pr%C3%A1cticas/clasificaciones-y-estandares/est%C3%A1ndar-evaluaci%C3%B3n-de-calidad-de-estimaciones-publicaci%C3%B3n-27022020.pdf/"" target=""_blank"" rel=""noopener noreferrer"">La clasificación en estimaciones Fiables, Poco fiables y No fiables provienen del Estándar para la evaluación de la calidad de las estimaciones en encuestas de hogares del INE.</a>",Encuesta Suplementaria de Ingresos (ESI),PT,0
CL01:DF_BGYMEDIOOCU_CIUO(1.0),A,BGYMEDIOOCU,09,CIUO_7,2019,-64.7410851443394,Y,,1,"<a href="" https://www.ine.gob.cl/docs/default-source/institucionalidad/buenas-pr%C3%A1cticas/clasificaciones-y-estandares/est%C3%A1ndar-evaluaci%C3%B3n-de-calidad-de-estimaciones-publicaci%C3%B3n-27022020.pdf/"" target=""_blank"" rel=""noopener noreferrer"">La clasificación en estimaciones Fiables, Poco fiables y No fiables provienen del Estándar para la evaluación de la calidad de las estimaciones en encuestas de hogares del INE.</a>",Encuesta Suplementaria de Ingresos (ESI),PT,0
CL01:DF_BGYMEDIOOCU_CIUO(1.0),A,BGYMEDIOOCU,09,CIUO_7,2020,-52.8734666590005,Y,,1,"<a href="" https://www.ine.gob.cl/docs/default-source/institucionalidad/buenas-pr%C3%A1cticas/clasificaciones-y-estandares/est%C3%A1ndar-evaluaci%C3%B3n-de-calidad-de-estimaciones-publicaci%C3%B3n-27022020.pdf/"" target=""_blank"" rel=""noopener noreferrer"">La clasificación en estimaciones Fiables, Poco fiables y No fiables provienen del Estándar para la evaluación de la calidad de las estimaciones en encuestas de hogares del INE.</a>",Encuesta Suplementaria de Ingresos (ESI),PT,0
CL01:DF_BGYMEDIOOCU_CIUO(1.0),A,BGYMEDIOOCU,09,CIUO_7,2021,-41.0922341024157,,,1,"<a href="" https://www.ine.gob.cl/docs/default-source/institucionalidad/buenas-pr%C3%A1cticas/clasificaciones-y-estandares/est%C3%A1ndar-evaluaci%C3%B3n-de-calidad-de-estimaciones-publicaci%C3%B3n-27022020.pdf/"" target=""_blank"" rel=""noopener noreferrer"">La clasificación en estimaciones Fiables, Poco fiables y No fiables provienen del Estándar para la evaluación de la calidad de las estimaciones en encuestas de hogares del INE.</a>",Encuesta Suplementaria de Ingresos (ESI),PT,0
CL01:DF_BGYMEDIOOCU_CIUO(1.0),A,BGYMEDIOOCU,09,CIUO_7,2022,-53.951388653629,Y,,1,"<a href="" https://www.ine.gob.cl/docs/default-source/institucionalidad/buenas-pr%C3%A1cticas/clasificaciones-y-estandares/est%C3%A1ndar-evaluaci%C3%B3n-de-calidad-de-estimaciones-publicaci%C3%B3n-27022020.pdf/"" target=""_blank"" rel=""noopener noreferrer"">La clasificación en estimaciones Fiables, Poco fiables y No fiables provienen del Estándar para la evaluación de la calidad de las estimaciones en encuestas de hogares del INE.</a>",Encuesta Suplementaria de Ingresos (ESI),PT,0
CL01:DF_BGYMEDIOOCU_CIUO(1.0),A,BGYMEDIOOCU,09,CIUO_7,2023,-56.9864492217338,Y,,1,"<a href="" https://www.ine.gob.cl/docs/default-source/institucionalidad/buenas-pr%C3%A1cticas/clasificaciones-y-estandares/est%C3%A1ndar-evaluaci%C3%B3n-de-calidad-de-estimaciones-publicaci%C3%B3n-27022020.pdf/"" target=""_blank"" rel=""noopener noreferrer"">La clasificación en estimaciones Fiables, Poco fiables y No fiables provienen del Estándar para la evaluación de la calidad de las estimaciones en encuestas de hogares del INE.</a>",Encuesta Suplementaria de Ingresos (ESI),PT,0
CL01:DF_BGYMEDIOOCU_CIUO(1.0),A,BGYMEDIOOCU,09,CIUO_7,2024,-65.7683219592987,Y,,1,"<a href="" https://www.ine.gob.cl/docs/default-source/institucionalidad/buenas-pr%C3%A1cticas/clasificaciones-y-estandares/est%C3%A1ndar-evaluaci%C3%B3n-de-calidad-de-estimaciones-publicaci%C3%B3n-27022020.pdf/"" target=""_blank"" rel=""noopener noreferrer"">La clasificación en estimaciones Fiables, Poco fiables y No fiables provienen del Estándar para la evaluación de la calidad de las estimaciones en encuestas de hogares del INE.</a>",Encuesta Suplementaria de Ingresos (ESI),PT,0
CL01:DF_BGYMEDIOOCU_CIUO(1.0),A,BGYMEDIOOCU,10,CIUO_5,2017,-38.0572313838843,,,1,"<a href="" https://www.ine.gob.cl/docs/default-source/institucionalidad/buenas-pr%C3%A1cticas/clasificaciones-y-estandares/est%C3%A1ndar-evaluaci%C3%B3n-de-calidad-de-estimaciones-publicaci%C3%B3n-27022020.pdf/"" target=""_blank"" rel=""noopener noreferrer"">La clasificación en estimaciones Fiables, Poco fiables y No fiables provienen del Estándar para la evaluación de la calidad de las estimaciones en encuestas de hogares del INE.</a>",Encuesta Suplementaria de Ingresos (ESI),PT,0
CL01:DF_BGYMEDIOOCU_CIUO(1.0),A,BGYMEDIOOCU,10,CIUO_5,2018,-40.4471496954955,,,1,"<a href="" https://www.ine.gob.cl/docs/default-source/institucionalidad/buenas-pr%C3%A1cticas/clasificaciones-y-estandares/est%C3%A1ndar-evaluaci%C3%B3n-de-calidad-de-estimaciones-publicaci%C3%B3n-27022020.pdf/"" target=""_blank"" rel=""noopener noreferrer"">La clasificación en estimaciones Fiables, Poco fiables y No fiables provienen del Estándar para la evaluación de la calidad de las estimaciones en encuestas de hogares del INE.</a>",Encuesta Suplementaria de Ingresos (ESI),PT,0
CL01:DF_BGYMEDIOOCU_CIUO(1.0),A,BGYMEDIOOCU,10,CIUO_5,2019,-31.191420315428,,,1,"<a href="" https://www.ine.gob.cl/docs/default-source/institucionalidad/buenas-pr%C3%A1cticas/clasificaciones-y-estandares/est%C3%A1ndar-evaluaci%C3%B3n-de-calidad-de-estimaciones-publicaci%C3%B3n-27022020.pdf/"" target=""_blank"" rel=""noopener noreferrer"">La clasificación en estimaciones Fiables, Poco fiables y No fiables provienen del Estándar para la evaluación de la calidad de las estimaciones en encuestas de hogares del INE.</a>",Encuesta Suplementaria de Ingresos (ESI),PT,0
CL01:DF_BGYMEDIOOCU_CIUO(1.0),A,BGYMEDIOOCU,10,CIUO_5,2020,-39.5258183043075,,,1,"<a href="" https://www.ine.gob.cl/docs/default-source/institucionalidad/buenas-pr%C3%A1cticas/clasificaciones-y-estandares/est%C3%A1ndar-evaluaci%C3%B3n-de-calidad-de-estimaciones-publicaci%C3%B3n-27022020.pdf/"" target=""_blank"" rel=""noopener noreferrer"">La clasificación en estimaciones Fiables, Poco fiables y No fiables provienen del Estándar para la evaluación de la calidad de las estimaciones en encuestas de hogares del INE.</a>",Encuesta Suplementaria de Ingresos (ESI),PT,0
CL01:DF_BGYMEDIOOCU_CIUO(1.0),A,BGYMEDIOOCU,10,CIUO_5,2021,-35.2797100616696,,,1,"<a href="" https://www.ine.gob.cl/docs/default-source/institucionalidad/buenas-pr%C3%A1cticas/clasificaciones-y-estandares/est%C3%A1ndar-evaluaci%C3%B3n-de-calidad-de-estimaciones-publicaci%C3%B3n-27022020.pdf/"" target=""_blank"" rel=""noopener noreferrer"">La clasificación en estimaciones Fiables, Poco fiables y No fiables provienen del Estándar para la evaluación de la calidad de las estimaciones en encuestas de hogares del INE.</a>",Encuesta Suplementaria de Ingresos (ESI),PT,0
CL01:DF_BGYMEDIOOCU_CIUO(1.0),A,BGYMEDIOOCU,10,CIUO_5,2022,-26.5336614984466,,,1,"<a href="" https://www.ine.gob.cl/docs/default-source/institucionalidad/buenas-pr%C3%A1cticas/clasificaciones-y-estandares/est%C3%A1ndar-evaluaci%C3%B3n-de-calidad-de-estimaciones-publicaci%C3%B3n-27022020.pdf/"" target=""_blank"" rel=""noopener noreferrer"">La clasificación en estimaciones Fiables, Poco fiables y No fiables provienen del Estándar para la evaluación de la calidad de las estimaciones en encuestas de hogares del INE.</a>",Encuesta Suplementaria de Ingresos (ESI),PT,0
CL01:DF_BGYMEDIOOCU_CIUO(1.0),A,BGYMEDIOOCU,10,CIUO_5,2023,-22.1135431115938,,,1,"<a href="" https://www.ine.gob.cl/docs/default-source/institucionalidad/buenas-pr%C3%A1cticas/clasificaciones-y-estandares/est%C3%A1ndar-evaluaci%C3%B3n-de-calidad-de-estimaciones-publicaci%C3%B3n-27022020.pdf/"" target=""_blank"" rel=""noopener noreferrer"">La clasificación en estimaciones Fiables, Poco fiables y No fiables provienen del Estándar para la evaluación de la calidad de las estimaciones en encuestas de hogares del INE.</a>",Encuesta Suplementaria de Ingresos (ESI),PT,0
CL01:DF_BGYMEDIOOCU_CIUO(1.0),A,BGYMEDIOOCU,10,CIUO_5,2024,-15.4073389546393,Y,,1,"<a href="" https://www.ine.gob.cl/docs/default-source/institucionalidad/buenas-pr%C3%A1cticas/clasificaciones-y-estandares/est%C3%A1ndar-evaluaci%C3%B3n-de-calidad-de-estimaciones-publicaci%C3%B3n-27022020.pdf/"" target=""_blank"" rel=""noopener noreferrer"">La clasificación en estimaciones Fiables, Poco fiables y No fiables provienen del Estándar para la evaluación de la calidad de las estimaciones en encuestas de hogares del INE.</a>",Encuesta Suplementaria de Ingresos (ESI),PT,0
CL01:DF_BGYMEDIOOCU_CIUO(1.0),A,BGYMEDIOOCU,11,CIUO_6,2017,-31.0008643269912,X,,1,"<a href="" https://www.ine.gob.cl/docs/default-source/institucionalidad/buenas-pr%C3%A1cticas/clasificaciones-y-estandares/est%C3%A1ndar-evaluaci%C3%B3n-de-calidad-de-estimaciones-publicaci%C3%B3n-27022020.pdf/"" target=""_blank"" rel=""noopener noreferrer"">La clasificación en estimaciones Fiables, Poco fiables y No fiables provienen del Estándar para la evaluación de la calidad de las estimaciones en encuestas de hogares del INE.</a>",Encuesta Suplementaria de Ingresos (ESI),PT,0
CL01:DF_BGYMEDIOOCU_CIUO(1.0),A,BGYMEDIOOCU,11,CIUO_6,2018,-41.4403196753152,X,,1,"<a href="" https://www.ine.gob.cl/docs/default-source/institucionalidad/buenas-pr%C3%A1cticas/clasificaciones-y-estandares/est%C3%A1ndar-evaluaci%C3%B3n-de-calidad-de-estimaciones-publicaci%C3%B3n-27022020.pdf/"" target=""_blank"" rel=""noopener noreferrer"">La clasificación en estimaciones Fiables, Poco fiables y No fiables provienen del Estándar para la evaluación de la calidad de las estimaciones en encuestas de hogares del INE.</a>",Encuesta Suplementaria de Ingresos (ESI),PT,0
CL01:DF_BGYMEDIOOCU_CIUO(1.0),A,BGYMEDIOOCU,11,CIUO_6,2019,-26.1012754957252,X,,1,"<a href="" https://www.ine.gob.cl/docs/default-source/institucionalidad/buenas-pr%C3%A1cticas/clasificaciones-y-estandares/est%C3%A1ndar-evaluaci%C3%B3n-de-calidad-de-estimaciones-publicaci%C3%B3n-27022020.pdf/"" target=""_blank"" rel=""noopener noreferrer"">La clasificación en estimaciones Fiables, Poco fiables y No fiables provienen del Estándar para la evaluación de la calidad de las estimaciones en encuestas de hogares del INE.</a>",Encuesta Suplementaria de Ingresos (ESI),PT,0
CL01:DF_BGYMEDIOOCU_CIUO(1.0),A,BGYMEDIOOCU,11,CIUO_6,2020,176.981960926756,X,,1,"<a href="" https://www.ine.gob.cl/docs/default-source/institucionalidad/buenas-pr%C3%A1cticas/clasificaciones-y-estandares/est%C3%A1ndar-evaluaci%C3%B3n-de-calidad-de-estimaciones-publicaci%C3%B3n-27022020.pdf/"" target=""_blank"" rel=""noopener noreferrer"">La clasificación en estimaciones Fiables, Poco fiables y No fiables provienen del Estándar para la evaluación de la calidad de las estimaciones en encuestas de hogares del INE.</a>",Encuesta Suplementaria de Ingresos (ESI),PT,0
CL01:DF_BGYMEDIOOCU_CIUO(1.0),A,BGYMEDIOOCU,11,CIUO_6,2021,-72.6751252395114,X,,1,"<a href="" https://www.ine.gob.cl/docs/default-source/institucionalidad/buenas-pr%C3%A1cticas/clasificaciones-y-estandares/est%C3%A1ndar-evaluaci%C3%B3n-de-calidad-de-estimaciones-publicaci%C3%B3n-27022020.pdf/"" target=""_blank"" rel=""noopener noreferrer"">La clasificación en estimaciones Fiables, Poco fiables y No fiables provienen del Estándar para la evaluación de la calidad de las estimaciones en encuestas de hogares del INE.</a>",Encuesta Suplementaria de Ingresos (ESI),PT,0
CL01:DF_BGYMEDIOOCU_CIUO(1.0),A,BGYMEDIOOCU,11,CIUO_6,2022,-74.0364617498753,X,,1,"<a href="" https://www.ine.gob.cl/docs/default-source/institucionalidad/buenas-pr%C3%A1cticas/clasificaciones-y-estandares/est%C3%A1ndar-evaluaci%C3%B3n-de-calidad-de-estimaciones-publicaci%C3%B3n-27022020.pdf/"" target=""_blank"" rel=""noopener noreferrer"">La clasificación en estimaciones Fiables, Poco fiables y No fiables provienen del Estándar para la evaluación de la calidad de las estimaciones en encuestas de hogares del INE.</a>",Encuesta Suplementaria de Ingresos (ESI),PT,0
CL01:DF_BGYMEDIOOCU_CIUO(1.0),A,BGYMEDIOOCU,11,CIUO_6,2023,-49.4121015558081,X,,1,"<a href="" https://www.ine.gob.cl/docs/default-source/institucionalidad/buenas-pr%C3%A1cticas/clasificaciones-y-estandares/est%C3%A1ndar-evaluaci%C3%B3n-de-calidad-de-estimaciones-publicaci%C3%B3n-27022020.pdf/"" target=""_blank"" rel=""noopener noreferrer"">La clasificación en estimaciones Fiables, Poco fiables y No fiables provienen del Estándar para la evaluación de la calidad de las estimaciones en encuestas de hogares del INE.</a>",Encuesta Suplementaria de Ingresos (ESI),PT,0
CL01:DF_BGYMEDIOOCU_CIUO(1.0),A,BGYMEDIOOCU,11,CIUO_6,2024,-48.7885513486231,X,,1,"<a href="" https://www.ine.gob.cl/docs/default-source/institucionalidad/buenas-pr%C3%A1cticas/clasificaciones-y-estandares/est%C3%A1ndar-evaluaci%C3%B3n-de-calidad-de-estimaciones-publicaci%C3%B3n-27022020.pdf/"" target=""_blank"" rel=""noopener noreferrer"">La clasificación en estimaciones Fiables, Poco fiables y No fiables provienen del Estándar para la evaluación de la calidad de las estimaciones en encuestas de hogares del INE.</a>",Encuesta Suplementaria de Ingresos (ESI),PT,0
CL01:DF_BGYMEDIOOCU_CIUO(1.0),A,BGYMEDIOOCU,14,CIUO_5,2017,-38.3031407360641,Y,,1,"<a href="" https://www.ine.gob.cl/docs/default-source/institucionalidad/buenas-pr%C3%A1cticas/clasificaciones-y-estandares/est%C3%A1ndar-evaluaci%C3%B3n-de-calidad-de-estimaciones-publicaci%C3%B3n-27022020.pdf/"" target=""_blank"" rel=""noopener noreferrer"">La clasificación en estimaciones Fiables, Poco fiables y No fiables provienen del Estándar para la evaluación de la calidad de las estimaciones en encuestas de hogares del INE.</a>",Encuesta Suplementaria de Ingresos (ESI),PT,0
CL01:DF_BGYMEDIOOCU_CIUO(1.0),A,BGYMEDIOOCU,14,CIUO_5,2018,-37.0501002857568,,,1,"<a href="" https://www.ine.gob.cl/docs/default-source/institucionalidad/buenas-pr%C3%A1cticas/clasificaciones-y-estandares/est%C3%A1ndar-evaluaci%C3%B3n-de-calidad-de-estimaciones-publicaci%C3%B3n-27022020.pdf/"" target=""_blank"" rel=""noopener noreferrer"">La clasificación en estimaciones Fiables, Poco fiables y No fiables provienen del Estándar para la evaluación de la calidad de las estimaciones en encuestas de hogares del INE.</a>",Encuesta Suplementaria de Ingresos (ESI),PT,0
CL01:DF_BGYMEDIOOCU_CIUO(1.0),A,BGYMEDIOOCU,14,CIUO_5,2019,-44.6657342843861,,,1,"<a href="" https://www.ine.gob.cl/docs/default-source/institucionalidad/buenas-pr%C3%A1cticas/clasificaciones-y-estandares/est%C3%A1ndar-evaluaci%C3%B3n-de-calidad-de-estimaciones-publicaci%C3%B3n-27022020.pdf/"" target=""_blank"" rel=""noopener noreferrer"">La clasificación en estimaciones Fiables, Poco fiables y No fiables provienen del Estándar para la evaluación de la calidad de las estimaciones en encuestas de hogares del INE.</a>",Encuesta Suplementaria de Ingresos (ESI),PT,0
CL01:DF_BGYMEDIOOCU_CIUO(1.0),A,BGYMEDIOOCU,14,CIUO_5,2020,-46.5659531830496,,,1,"<a href="" https://www.ine.gob.cl/docs/default-source/institucionalidad/buenas-pr%C3%A1cticas/clasificaciones-y-estandares/est%C3%A1ndar-evaluaci%C3%B3n-de-calidad-de-estimaciones-publicaci%C3%B3n-27022020.pdf/"" target=""_blank"" rel=""noopener noreferrer"">La clasificación en estimaciones Fiables, Poco fiables y No fiables provienen del Estándar para la evaluación de la calidad de las estimaciones en encuestas de hogares del INE.</a>",Encuesta Suplementaria de Ingresos (ESI),PT,0
CL01:DF_BGYMEDIOOCU_CIUO(1.0),A,BGYMEDIOOCU,14,CIUO_5,2021,-30.3342842828663,,,1,"<a href="" https://www.ine.gob.cl/docs/default-source/institucionalidad/buenas-pr%C3%A1cticas/clasificaciones-y-estandares/est%C3%A1ndar-evaluaci%C3%B3n-de-calidad-de-estimaciones-publicaci%C3%B3n-27022020.pdf/"" target=""_blank"" rel=""noopener noreferrer"">La clasificación en estimaciones Fiables, Poco fiables y No fiables provienen del Estándar para la evaluación de la calidad de las estimaciones en encuestas de hogares del INE.</a>",Encuesta Suplementaria de Ingresos (ESI),PT,0
CL01:DF_BGYMEDIOOCU_CIUO(1.0),A,BGYMEDIOOCU,14,CIUO_5,2022,-41.4211877109874,,,1,"<a href="" https://www.ine.gob.cl/docs/default-source/institucionalidad/buenas-pr%C3%A1cticas/clasificaciones-y-estandares/est%C3%A1ndar-evaluaci%C3%B3n-de-calidad-de-estimaciones-publicaci%C3%B3n-27022020.pdf/"" target=""_blank"" rel=""noopener noreferrer"">La clasificación en estimaciones Fiables, Poco fiables y No fiables provienen del Estándar para la evaluación de la calidad de las estimaciones en encuestas de hogares del INE.</a>",Encuesta Suplementaria de Ingresos (ESI),PT,0
CL01:DF_BGYMEDIOOCU_CIUO(1.0),A,BGYMEDIOOCU,14,CIUO_5,2023,-51.5664161914295,,,1,"<a href="" https://www.ine.gob.cl/docs/default-source/institucionalidad/buenas-pr%C3%A1cticas/clasificaciones-y-estandares/est%C3%A1ndar-evaluaci%C3%B3n-de-calidad-de-estimaciones-publicaci%C3%B3n-27022020.pdf/"" target=""_blank"" rel=""noopener noreferrer"">La clasificación en estimaciones Fiables, Poco fiables y No fiables provienen del Estándar para la evaluación de la calidad de las estimaciones en encuestas de hogares del INE.</a>",Encuesta Suplementaria de Ingresos (ESI),PT,0
CL01:DF_BGYMEDIOOCU_CIUO(1.0),A,BGYMEDIOOCU,14,CIUO_5,2024,-38.3021634167543,Y,,1,"<a href="" https://www.ine.gob.cl/docs/default-source/institucionalidad/buenas-pr%C3%A1cticas/clasificaciones-y-estandares/est%C3%A1ndar-evaluaci%C3%B3n-de-calidad-de-estimaciones-publicaci%C3%B3n-27022020.pdf/"" target=""_blank"" rel=""noopener noreferrer"">La clasificación en estimaciones Fiables, Poco fiables y No fiables provienen del Estándar para la evaluación de la calidad de las estimaciones en encuestas de hogares del INE.</a>",Encuesta Suplementaria de Ingresos (ESI),PT,0
CL01:DF_BGYMEDIOOCU_CIUO(1.0),A,BGYMEDIOOCU,16,CIUO_2,2017,-1.6586831942492,Y,,1,"<a href="" https://www.ine.gob.cl/docs/default-source/institucionalidad/buenas-pr%C3%A1cticas/clasificaciones-y-estandares/est%C3%A1ndar-evaluaci%C3%B3n-de-calidad-de-estimaciones-publicaci%C3%B3n-27022020.pdf/"" target=""_blank"" rel=""noopener noreferrer"">La clasificación en estimaciones Fiables, Poco fiables y No fiables provienen del Estándar para la evaluación de la calidad de las estimaciones en encuestas de hogares del INE.</a>",Encuesta Suplementaria de Ingresos (ESI),PT,0
CL01:DF_BGYMEDIOOCU_CIUO(1.0),A,BGYMEDIOOCU,16,CIUO_2,2018,-10.0642627388485,Y,,1,"<a href="" https://www.ine.gob.cl/docs/default-source/institucionalidad/buenas-pr%C3%A1cticas/clasificaciones-y-estandares/est%C3%A1ndar-evaluaci%C3%B3n-de-calidad-de-estimaciones-publicaci%C3%B3n-27022020.pdf/"" target=""_blank"" rel=""noopener noreferrer"">La clasificación en estimaciones Fiables, Poco fiables y No fiables provienen del Estándar para la evaluación de la calidad de las estimaciones en encuestas de hogares del INE.</a>",Encuesta Suplementaria de Ingresos (ESI),PT,0
CL01:DF_BGYMEDIOOCU_CIUO(1.0),A,BGYMEDIOOCU,16,CIUO_2,2019,-0.227255245836562,,,1,"<a href="" https://www.ine.gob.cl/docs/default-source/institucionalidad/buenas-pr%C3%A1cticas/clasificaciones-y-estandares/est%C3%A1ndar-evaluaci%C3%B3n-de-calidad-de-estimaciones-publicaci%C3%B3n-27022020.pdf/"" target=""_blank"" rel=""noopener noreferrer"">La clasificación en estimaciones Fiables, Poco fiables y No fiables provienen del Estándar para la evaluación de la calidad de las estimaciones en encuestas de hogares del INE.</a>",Encuesta Suplementaria de Ingresos (ESI),PT,0
CL01:DF_BGYMEDIOOCU_CIUO(1.0),A,BGYMEDIOOCU,16,CIUO_2,2020,-41.1193747390926,Y,,1,"<a href="" https://www.ine.gob.cl/docs/default-source/institucionalidad/buenas-pr%C3%A1cticas/clasificaciones-y-estandares/est%C3%A1ndar-evaluaci%C3%B3n-de-calidad-de-estimaciones-publicaci%C3%B3n-27022020.pdf/"" target=""_blank"" rel=""noopener noreferrer"">La clasificación en estimaciones Fiables, Poco fiables y No fiables provienen del Estándar para la evaluación de la calidad de las estimaciones en encuestas de hogares del INE.</a>",Encuesta Suplementaria de Ingresos (ESI),PT,0
CL01:DF_BGYMEDIOOCU_CIUO(1.0),A,BGYMEDIOOCU,16,CIUO_2,2021,-33.6500746548559,,,1,"<a href="" https://www.ine.gob.cl/docs/default-source/institucionalidad/buenas-pr%C3%A1cticas/clasificaciones-y-estandares/est%C3%A1ndar-evaluaci%C3%B3n-de-calidad-de-estimaciones-publicaci%C3%B3n-27022020.pdf/"" target=""_blank"" rel=""noopener noreferrer"">La clasificación en estimaciones Fiables, Poco fiables y No fiables provienen del Estándar para la evaluación de la calidad de las estimaciones en encuestas de hogares del INE.</a>",Encuesta Suplementaria de Ingresos (ESI),PT,0
CL01:DF_BGYMEDIOOCU_CIUO(1.0),A,BGYMEDIOOCU,16,CIUO_2,2022,-36.9296744160254,Y,,1,"<a href="" https://www.ine.gob.cl/docs/default-source/institucionalidad/buenas-pr%C3%A1cticas/clasificaciones-y-estandares/est%C3%A1ndar-evaluaci%C3%B3n-de-calidad-de-estimaciones-publicaci%C3%B3n-27022020.pdf/"" target=""_blank"" rel=""noopener noreferrer"">La clasificación en estimaciones Fiables, Poco fiables y No fiables provienen del Estándar para la evaluación de la calidad de las estimaciones en encuestas de hogares del INE.</a>",Encuesta Suplementaria de Ingresos (ESI),PT,0
CL01:DF_BGYMEDIOOCU_CIUO(1.0),A,BGYMEDIOOCU,16,CIUO_2,2023,-13.1812872477925,,,1,"<a href="" https://www.ine.gob.cl/docs/default-source/institucionalidad/buenas-pr%C3%A1cticas/clasificaciones-y-estandares/est%C3%A1ndar-evaluaci%C3%B3n-de-calidad-de-estimaciones-publicaci%C3%B3n-27022020.pdf/"" target=""_blank"" rel=""noopener noreferrer"">La clasificación en estimaciones Fiables, Poco fiables y No fiables provienen del Estándar para la evaluación de la calidad de las estimaciones en encuestas de hogares del INE.</a>",Encuesta Suplementaria de Ingresos (ESI),PT,0
CL01:DF_BGYMEDIOOCU_CIUO(1.0),A,BGYMEDIOOCU,16,CIUO_2,2024,1.09525628383874,,,1,"<a href="" https://www.ine.gob.cl/docs/default-source/institucionalidad/buenas-pr%C3%A1cticas/clasificaciones-y-estandares/est%C3%A1ndar-evaluaci%C3%B3n-de-calidad-de-estimaciones-publicaci%C3%B3n-27022020.pdf/"" target=""_blank"" rel=""noopener noreferrer"">La clasificación en estimaciones Fiables, Poco fiables y No fiables provienen del Estándar para la evaluación de la calidad de las estimaciones en encuestas de hogares del INE.</a>",Encuesta Suplementaria de Ingresos (ESI),PT,0
CL01:DF_BGYMEDIOOCU_CIUO(1.0),A,BGYMEDIOOCU,01,_T,2017,-30.4570044309656,,,1,"<a href="" https://www.ine.gob.cl/docs/default-source/institucionalidad/buenas-pr%C3%A1cticas/clasificaciones-y-estandares/est%C3%A1ndar-evaluaci%C3%B3n-de-calidad-de-estimaciones-publicaci%C3%B3n-27022020.pdf/"" target=""_blank"" rel=""noopener noreferrer"">La clasificación en estimaciones Fiables, Poco fiables y No fiables provienen del Estándar para la evaluación de la calidad de las estimaciones en encuestas de hogares del INE.</a>",Encuesta Suplementaria de Ingresos (ESI),PT,0
CL01:DF_BGYMEDIOOCU_CIUO(1.0),A,BGYMEDIOOCU,01,_T,2018,-25.4210816884622,,,1,"<a href="" https://www.ine.gob.cl/docs/default-source/institucionalidad/buenas-pr%C3%A1cticas/clasificaciones-y-estandares/est%C3%A1ndar-evaluaci%C3%B3n-de-calidad-de-estimaciones-publicaci%C3%B3n-27022020.pdf/"" target=""_blank"" rel=""noopener noreferrer"">La clasificación en estimaciones Fiables, Poco fiables y No fiables provienen del Estándar para la evaluación de la calidad de las estimaciones en encuestas de hogares del INE.</a>",Encuesta Suplementaria de Ingresos (ESI),PT,0
CL01:DF_BGYMEDIOOCU_CIUO(1.0),A,BGYMEDIOOCU,01,_T,2019,-20.5606256956164,,,1,"<a href="" https://www.ine.gob.cl/docs/default-source/institucionalidad/buenas-pr%C3%A1cticas/clasificaciones-y-estandares/est%C3%A1ndar-evaluaci%C3%B3n-de-calidad-de-estimaciones-publicaci%C3%B3n-27022020.pdf/"" target=""_blank"" rel=""noopener noreferrer"">La clasificación en estimaciones Fiables, Poco fiables y No fiables provienen del Estándar para la evaluación de la calidad de las estimaciones en encuestas de hogares del INE.</a>",Encuesta Suplementaria de Ingresos (ESI),PT,0
CL01:DF_BGYMEDIOOCU_CIUO(1.0),A,BGYMEDIOOCU,01,_T,2020,-30.7360762601992,,,1,"<a href="" https://www.ine.gob.cl/docs/default-source/institucionalidad/buenas-pr%C3%A1cticas/clasificaciones-y-estandares/est%C3%A1ndar-evaluaci%C3%B3n-de-calidad-de-estimaciones-publicaci%C3%B3n-27022020.pdf/"" target=""_blank"" rel=""noopener noreferrer"">La clasificación en estimaciones Fiables, Poco fiables y No fiables provienen del Estándar para la evaluación de la calidad de las estimaciones en encuestas de hogares del INE.</a>",Encuesta Suplementaria de Ingresos (ESI),PT,0
CL01:DF_BGYMEDIOOCU_CIUO(1.0),A,BGYMEDIOOCU,01,_T,2021,-30.8257319246061,,,1,"<a href="" https://www.ine.gob.cl/docs/default-source/institucionalidad/buenas-pr%C3%A1cticas/clasificaciones-y-estandares/est%C3%A1ndar-evaluaci%C3%B3n-de-calidad-de-estimaciones-publicaci%C3%B3n-27022020.pdf/"" target=""_blank"" rel=""noopener noreferrer"">La clasificación en estimaciones Fiables, Poco fiables y No fiables provienen del Estándar para la evaluación de la calidad de las estimaciones en encuestas de hogares del INE.</a>",Encuesta Suplementaria de Ingresos (ESI),PT,0
CL01:DF_BGYMEDIOOCU_CIUO(1.0),A,BGYMEDIOOCU,01,_T,2022,-34.5243851926625,,,1,"<a href="" https://www.ine.gob.cl/docs/default-source/institucionalidad/buenas-pr%C3%A1cticas/clasificaciones-y-estandares/est%C3%A1ndar-evaluaci%C3%B3n-de-calidad-de-estimaciones-publicaci%C3%B3n-27022020.pdf/"" target=""_blank"" rel=""noopener noreferrer"">La clasificación en estimaciones Fiables, Poco fiables y No fiables provienen del Estándar para la evaluación de la calidad de las estimaciones en encuestas de hogares del INE.</a>",Encuesta Suplementaria de Ingresos (ESI),PT,0
CL01:DF_BGYMEDIOOCU_CIUO(1.0),A,BGYMEDIOOCU,01,_T,2023,-26.2100599031582,,,1,"<a href="" https://www.ine.gob.cl/docs/default-source/institucionalidad/buenas-pr%C3%A1cticas/clasificaciones-y-estandares/est%C3%A1ndar-evaluaci%C3%B3n-de-calidad-de-estimaciones-publicaci%C3%B3n-27022020.pdf/"" target=""_blank"" rel=""noopener noreferrer"">La clasificación en estimaciones Fiables, Poco fiables y No fiables provienen del Estándar para la evaluación de la calidad de las estimaciones en encuestas de hogares del INE.</a>",Encuesta Suplementaria de Ingresos (ESI),PT,0
CL01:DF_BGYMEDIOOCU_CIUO(1.0),A,BGYMEDIOOCU,01,_T,2024,-23.4281453375153,,,1,"<a href="" https://www.ine.gob.cl/docs/default-source/institucionalidad/buenas-pr%C3%A1cticas/clasificaciones-y-estandares/est%C3%A1ndar-evaluaci%C3%B3n-de-calidad-de-estimaciones-publicaci%C3%B3n-27022020.pdf/"" target=""_blank"" rel=""noopener noreferrer"">La clasificación en estimaciones Fiables, Poco fiables y No fiables provienen del Estándar para la evaluación de la calidad de las estimaciones en encuestas de hogares del INE.</a>",Encuesta Suplementaria de Ingresos (ESI),PT,0
CL01:DF_BGYMEDIOOCU_CIUO(1.0),A,BGYMEDIOOCU,05,_T,2017,-33.8626561020074,,,1,"<a href="" https://www.ine.gob.cl/docs/default-source/institucionalidad/buenas-pr%C3%A1cticas/clasificaciones-y-estandares/est%C3%A1ndar-evaluaci%C3%B3n-de-calidad-de-estimaciones-publicaci%C3%B3n-27022020.pdf/"" target=""_blank"" rel=""noopener noreferrer"">La clasificación en estimaciones Fiables, Poco fiables y No fiables provienen del Estándar para la evaluación de la calidad de las estimaciones en encuestas de hogares del INE.</a>",Encuesta Suplementaria de Ingresos (ESI),PT,0
CL01:DF_BGYMEDIOOCU_CIUO(1.0),A,BGYMEDIOOCU,05,_T,2018,-30.0735863535588,,,1,"<a href="" https://www.ine.gob.cl/docs/default-source/institucionalidad/buenas-pr%C3%A1cticas/clasificaciones-y-estandares/est%C3%A1ndar-evaluaci%C3%B3n-de-calidad-de-estimaciones-publicaci%C3%B3n-27022020.pdf/"" target=""_blank"" rel=""noopener noreferrer"">La clasificación en estimaciones Fiables, Poco fiables y No fiables provienen del Estándar para la evaluación de la calidad de las estimaciones en encuestas de hogares del INE.</a>",Encuesta Suplementaria de Ingresos (ESI),PT,0
CL01:DF_BGYMEDIOOCU_CIUO(1.0),A,BGYMEDIOOCU,05,_T,2019,-33.5147879193748,,,1,"<a href="" https://www.ine.gob.cl/docs/default-source/institucionalidad/buenas-pr%C3%A1cticas/clasificaciones-y-estandares/est%C3%A1ndar-evaluaci%C3%B3n-de-calidad-de-estimaciones-publicaci%C3%B3n-27022020.pdf/"" target=""_blank"" rel=""noopener noreferrer"">La clasificación en estimaciones Fiables, Poco fiables y No fiables provienen del Estándar para la evaluación de la calidad de las estimaciones en encuestas de hogares del INE.</a>",Encuesta Suplementaria de Ingresos (ESI),PT,0
CL01:DF_BGYMEDIOOCU_CIUO(1.0),A,BGYMEDIOOCU,05,_T,2020,-22.0445050098245,,,1,"<a href="" https://www.ine.gob.cl/docs/default-source/institucionalidad/buenas-pr%C3%A1cticas/clasificaciones-y-estandares/est%C3%A1ndar-evaluaci%C3%B3n-de-calidad-de-estimaciones-publicaci%C3%B3n-27022020.pdf/"" target=""_blank"" rel=""noopener noreferrer"">La clasificación en estimaciones Fiables, Poco fiables y No fiables provienen del Estándar para la evaluación de la calidad de las estimaciones en encuestas de hogares del INE.</a>",Encuesta Suplementaria de Ingresos (ESI),PT,0
CL01:DF_BGYMEDIOOCU_CIUO(1.0),A,BGYMEDIOOCU,05,_T,2021,-23.6686930753776,,,1,"<a href="" https://www.ine.gob.cl/docs/default-source/institucionalidad/buenas-pr%C3%A1cticas/clasificaciones-y-estandares/est%C3%A1ndar-evaluaci%C3%B3n-de-calidad-de-estimaciones-publicaci%C3%B3n-27022020.pdf/"" target=""_blank"" rel=""noopener noreferrer"">La clasificación en estimaciones Fiables, Poco fiables y No fiables provienen del Estándar para la evaluación de la calidad de las estimaciones en encuestas de hogares del INE.</a>",Encuesta Suplementaria de Ingresos (ESI),PT,0
CL01:DF_BGYMEDIOOCU_CIUO(1.0),A,BGYMEDIOOCU,05,_T,2022,-22.9269780369714,,,1,"<a href="" https://www.ine.gob.cl/docs/default-source/institucionalidad/buenas-pr%C3%A1cticas/clasificaciones-y-estandares/est%C3%A1ndar-evaluaci%C3%B3n-de-calidad-de-estimaciones-publicaci%C3%B3n-27022020.pdf/"" target=""_blank"" rel=""noopener noreferrer"">La clasificación en estimaciones Fiables, Poco fiables y No fiables provienen del Estándar para la evaluación de la calidad de las estimaciones en encuestas de hogares del INE.</a>",Encuesta Suplementaria de Ingresos (ESI),PT,0
CL01:DF_BGYMEDIOOCU_CIUO(1.0),A,BGYMEDIOOCU,05,_T,2023,-26.747569754324,,,1,"<a href="" https://www.ine.gob.cl/docs/default-source/institucionalidad/buenas-pr%C3%A1cticas/clasificaciones-y-estandares/est%C3%A1ndar-evaluaci%C3%B3n-de-calidad-de-estimaciones-publicaci%C3%B3n-27022020.pdf/"" target=""_blank"" rel=""noopener noreferrer"">La clasificación en estimaciones Fiables, Poco fiables y No fiables provienen del Estándar para la evaluación de la calidad de las estimaciones en encuestas de hogares del INE.</a>",Encuesta Suplementaria de Ingresos (ESI),PT,0
CL01:DF_BGYMEDIOOCU_CIUO(1.0),A,BGYMEDIOOCU,05,_T,2024,-27.7892929713183,,,1,"<a href="" https://www.ine.gob.cl/docs/default-source/institucionalidad/buenas-pr%C3%A1cticas/clasificaciones-y-estandares/est%C3%A1ndar-evaluaci%C3%B3n-de-calidad-de-estimaciones-publicaci%C3%B3n-27022020.pdf/"" target=""_blank"" rel=""noopener noreferrer"">La clasificación en estimaciones Fiables, Poco fiables y No fiables provienen del Estándar para la evaluación de la calidad de las estimaciones en encuestas de hogares del INE.</a>",Encuesta Suplementaria de Ingresos (ESI),PT,0
CL01:DF_BGYMEDIOOCU_CIUO(1.0),A,BGYMEDIOOCU,07,_T,2017,-26.9765636625339,,,1,"<a href="" https://www.ine.gob.cl/docs/default-source/institucionalidad/buenas-pr%C3%A1cticas/clasificaciones-y-estandares/est%C3%A1ndar-evaluaci%C3%B3n-de-calidad-de-estimaciones-publicaci%C3%B3n-27022020.pdf/"" target=""_blank"" rel=""noopener noreferrer"">La clasificación en estimaciones Fiables, Poco fiables y No fiables provienen del Estándar para la evaluación de la calidad de las estimaciones en encuestas de hogares del INE.</a>",Encuesta Suplementaria de Ingresos (ESI),PT,0
CL01:DF_BGYMEDIOOCU_CIUO(1.0),A,BGYMEDIOOCU,07,_T,2018,-20.0706377372862,,,1,"<a href="" https://www.ine.gob.cl/docs/default-source/institucionalidad/buenas-pr%C3%A1cticas/clasificaciones-y-estandares/est%C3%A1ndar-evaluaci%C3%B3n-de-calidad-de-estimaciones-publicaci%C3%B3n-27022020.pdf/"" target=""_blank"" rel=""noopener noreferrer"">La clasificación en estimaciones Fiables, Poco fiables y No fiables provienen del Estándar para la evaluación de la calidad de las estimaciones en encuestas de hogares del INE.</a>",Encuesta Suplementaria de Ingresos (ESI),PT,0
CL01:DF_BGYMEDIOOCU_CIUO(1.0),A,BGYMEDIOOCU,07,_T,2019,-22.3546345010233,,,1,"<a href="" https://www.ine.gob.cl/docs/default-source/institucionalidad/buenas-pr%C3%A1cticas/clasificaciones-y-estandares/est%C3%A1ndar-evaluaci%C3%B3n-de-calidad-de-estimaciones-publicaci%C3%B3n-27022020.pdf/"" target=""_blank"" rel=""noopener noreferrer"">La clasificación en estimaciones Fiables, Poco fiables y No fiables provienen del Estándar para la evaluación de la calidad de las estimaciones en encuestas de hogares del INE.</a>",Encuesta Suplementaria de Ingresos (ESI),PT,0
CL01:DF_BGYMEDIOOCU_CIUO(1.0),A,BGYMEDIOOCU,07,_T,2020,-15.5895726315582,,,1,"<a href="" https://www.ine.gob.cl/docs/default-source/institucionalidad/buenas-pr%C3%A1cticas/clasificaciones-y-estandares/est%C3%A1ndar-evaluaci%C3%B3n-de-calidad-de-estimaciones-publicaci%C3%B3n-27022020.pdf/"" target=""_blank"" rel=""noopener noreferrer"">La clasificación en estimaciones Fiables, Poco fiables y No fiables provienen del Estándar para la evaluación de la calidad de las estimaciones en encuestas de hogares del INE.</a>",Encuesta Suplementaria de Ingresos (ESI),PT,0
CL01:DF_BGYMEDIOOCU_CIUO(1.0),A,BGYMEDIOOCU,07,_T,2021,-14.6515792815445,,,1,"<a href="" https://www.ine.gob.cl/docs/default-source/institucionalidad/buenas-pr%C3%A1cticas/clasificaciones-y-estandares/est%C3%A1ndar-evaluaci%C3%B3n-de-calidad-de-estimaciones-publicaci%C3%B3n-27022020.pdf/"" target=""_blank"" rel=""noopener noreferrer"">La clasificación en estimaciones Fiables, Poco fiables y No fiables provienen del Estándar para la evaluación de la calidad de las estimaciones en encuestas de hogares del INE.</a>",Encuesta Suplementaria de Ingresos (ESI),PT,0
CL01:DF_BGYMEDIOOCU_CIUO(1.0),A,BGYMEDIOOCU,07,_T,2022,-14.6092606321724,,,1,"<a href="" https://www.ine.gob.cl/docs/default-source/institucionalidad/buenas-pr%C3%A1cticas/clasificaciones-y-estandares/est%C3%A1ndar-evaluaci%C3%B3n-de-calidad-de-estimaciones-publicaci%C3%B3n-27022020.pdf/"" target=""_blank"" rel=""noopener noreferrer"">La clasificación en estimaciones Fiables, Poco fiables y No fiables provienen del Estándar para la evaluación de la calidad de las estimaciones en encuestas de hogares del INE.</a>",Encuesta Suplementaria de Ingresos (ESI),PT,0
CL01:DF_BGYMEDIOOCU_CIUO(1.0),A,BGYMEDIOOCU,07,_T,2023,-16.2116872928538,,,1,"<a href="" https://www.ine.gob.cl/docs/default-source/institucionalidad/buenas-pr%C3%A1cticas/clasificaciones-y-estandares/est%C3%A1ndar-evaluaci%C3%B3n-de-calidad-de-estimaciones-publicaci%C3%B3n-27022020.pdf/"" target=""_blank"" rel=""noopener noreferrer"">La clasificación en estimaciones Fiables, Poco fiables y No fiables provienen del Estándar para la evaluación de la calidad de las estimaciones en encuestas de hogares del INE.</a>",Encuesta Suplementaria de Ingresos (ESI),PT,0
CL01:DF_BGYMEDIOOCU_CIUO(1.0),A,BGYMEDIOOCU,07,_T,2024,-17.4720721654663,,,1,"<a href="" https://www.ine.gob.cl/docs/default-source/institucionalidad/buenas-pr%C3%A1cticas/clasificaciones-y-estandares/est%C3%A1ndar-evaluaci%C3%B3n-de-calidad-de-estimaciones-publicaci%C3%B3n-27022020.pdf/"" target=""_blank"" rel=""noopener noreferrer"">La clasificación en estimaciones Fiables, Poco fiables y No fiables provienen del Estándar para la evaluación de la calidad de las estimaciones en encuestas de hogares del INE.</a>",Encuesta Suplementaria de Ingresos (ESI),PT,0
CL01:DF_BGYMEDIOOCU_CIUO(1.0),A,BGYMEDIOOCU,_T,CIUO_8,2017,-20.8969503114551,,,1,"<a href="" https://www.ine.gob.cl/docs/default-source/institucionalidad/buenas-pr%C3%A1cticas/clasificaciones-y-estandares/est%C3%A1ndar-evaluaci%C3%B3n-de-calidad-de-estimaciones-publicaci%C3%B3n-27022020.pdf/"" target=""_blank"" rel=""noopener noreferrer"">La clasificación en estimaciones Fiables, Poco fiables y No fiables provienen del Estándar para la evaluación de la calidad de las estimaciones en encuestas de hogares del INE.</a>",Encuesta Suplementaria de Ingresos (ESI),PT,0
CL01:DF_BGYMEDIOOCU_CIUO(1.0),A,BGYMEDIOOCU,_T,CIUO_8,2018,-22.0381639978942,,,1,"<a href="" https://www.ine.gob.cl/docs/default-source/institucionalidad/buenas-pr%C3%A1cticas/clasificaciones-y-estandares/est%C3%A1ndar-evaluaci%C3%B3n-de-calidad-de-estimaciones-publicaci%C3%B3n-27022020.pdf/"" target=""_blank"" rel=""noopener noreferrer"">La clasificación en estimaciones Fiables, Poco fiables y No fiables provienen del Estándar para la evaluación de la calidad de las estimaciones en encuestas de hogares del INE.</a>",Encuesta Suplementaria de Ingresos (ESI),PT,0
CL01:DF_BGYMEDIOOCU_CIUO(1.0),A,BGYMEDIOOCU,_T,CIUO_8,2019,-21.7729397382549,,,1,"<a href="" https://www.ine.gob.cl/docs/default-source/institucionalidad/buenas-pr%C3%A1cticas/clasificaciones-y-estandares/est%C3%A1ndar-evaluaci%C3%B3n-de-calidad-de-estimaciones-publicaci%C3%B3n-27022020.pdf/"" target=""_blank"" rel=""noopener noreferrer"">La clasificación en estimaciones Fiables, Poco fiables y No fiables provienen del Estándar para la evaluación de la calidad de las estimaciones en encuestas de hogares del INE.</a>",Encuesta Suplementaria de Ingresos (ESI),PT,0
CL01:DF_BGYMEDIOOCU_CIUO(1.0),A,BGYMEDIOOCU,_T,CIUO_8,2020,-15.4904541118221,,,1,"<a href="" https://www.ine.gob.cl/docs/default-source/institucionalidad/buenas-pr%C3%A1cticas/clasificaciones-y-estandares/est%C3%A1ndar-evaluaci%C3%B3n-de-calidad-de-estimaciones-publicaci%C3%B3n-27022020.pdf/"" target=""_blank"" rel=""noopener noreferrer"">La clasificación en estimaciones Fiables, Poco fiables y No fiables provienen del Estándar para la evaluación de la calidad de las estimaciones en encuestas de hogares del INE.</a>",Encuesta Suplementaria de Ingresos (ESI),PT,0
CL01:DF_BGYMEDIOOCU_CIUO(1.0),A,BGYMEDIOOCU,_T,CIUO_8,2021,-16.0906666613035,,,1,"<a href="" https://www.ine.gob.cl/docs/default-source/institucionalidad/buenas-pr%C3%A1cticas/clasificaciones-y-estandares/est%C3%A1ndar-evaluaci%C3%B3n-de-calidad-de-estimaciones-publicaci%C3%B3n-27022020.pdf/"" target=""_blank"" rel=""noopener noreferrer"">La clasificación en estimaciones Fiables, Poco fiables y No fiables provienen del Estándar para la evaluación de la calidad de las estimaciones en encuestas de hogares del INE.</a>",Encuesta Suplementaria de Ingresos (ESI),PT,0
CL01:DF_BGYMEDIOOCU_CIUO(1.0),A,BGYMEDIOOCU,_T,CIUO_8,2022,-14.0412251494432,,,1,"<a href="" https://www.ine.gob.cl/docs/default-source/institucionalidad/buenas-pr%C3%A1cticas/clasificaciones-y-estandares/est%C3%A1ndar-evaluaci%C3%B3n-de-calidad-de-estimaciones-publicaci%C3%B3n-27022020.pdf/"" target=""_blank"" rel=""noopener noreferrer"">La clasificación en estimaciones Fiables, Poco fiables y No fiables provienen del Estándar para la evaluación de la calidad de las estimaciones en encuestas de hogares del INE.</a>",Encuesta Suplementaria de Ingresos (ESI),PT,0
CL01:DF_BGYMEDIOOCU_CIUO(1.0),A,BGYMEDIOOCU,_T,CIUO_8,2023,-27.8128077922176,,,1,"<a href="" https://www.ine.gob.cl/docs/default-source/institucionalidad/buenas-pr%C3%A1cticas/clasificaciones-y-estandares/est%C3%A1ndar-evaluaci%C3%B3n-de-calidad-de-estimaciones-publicaci%C3%B3n-27022020.pdf/"" target=""_blank"" rel=""noopener noreferrer"">La clasificación en estimaciones Fiables, Poco fiables y No fiables provienen del Estándar para la evaluación de la calidad de las estimaciones en encuestas de hogares del INE.</a>",Encuesta Suplementaria de Ingresos (ESI),PT,0
CL01:DF_BGYMEDIOOCU_CIUO(1.0),A,BGYMEDIOOCU,_T,CIUO_8,2024,-3.28247211173876,,,1,"<a href="" https://www.ine.gob.cl/docs/default-source/institucionalidad/buenas-pr%C3%A1cticas/clasificaciones-y-estandares/est%C3%A1ndar-evaluaci%C3%B3n-de-calidad-de-estimaciones-publicaci%C3%B3n-27022020.pdf/"" target=""_blank"" rel=""noopener noreferrer"">La clasificación en estimaciones Fiables, Poco fiables y No fiables provienen del Estándar para la evaluación de la calidad de las estimaciones en encuestas de hogares del INE.</a>",Encuesta Suplementaria de Ingresos (ESI),PT,0
CL01:DF_BGYMEDIOOCU_CIUO(1.0),A,BGYMEDIOOCU,01,CIUO_8,2017,-48.5231638598436,Y,,1,"<a href="" https://www.ine.gob.cl/docs/default-source/institucionalidad/buenas-pr%C3%A1cticas/clasificaciones-y-estandares/est%C3%A1ndar-evaluaci%C3%B3n-de-calidad-de-estimaciones-publicaci%C3%B3n-27022020.pdf/"" target=""_blank"" rel=""noopener noreferrer"">La clasificación en estimaciones Fiables, Poco fiables y No fiables provienen del Estándar para la evaluación de la calidad de las estimaciones en encuestas de hogares del INE.</a>",Encuesta Suplementaria de Ingresos (ESI),PT,0
CL01:DF_BGYMEDIOOCU_CIUO(1.0),A,BGYMEDIOOCU,01,CIUO_8,2018,-23.9232947316725,,,1,"<a href="" https://www.ine.gob.cl/docs/default-source/institucionalidad/buenas-pr%C3%A1cticas/clasificaciones-y-estandares/est%C3%A1ndar-evaluaci%C3%B3n-de-calidad-de-estimaciones-publicaci%C3%B3n-27022020.pdf/"" target=""_blank"" rel=""noopener noreferrer"">La clasificación en estimaciones Fiables, Poco fiables y No fiables provienen del Estándar para la evaluación de la calidad de las estimaciones en encuestas de hogares del INE.</a>",Encuesta Suplementaria de Ingresos (ESI),PT,0
CL01:DF_BGYMEDIOOCU_CIUO(1.0),A,BGYMEDIOOCU,01,CIUO_8,2019,-46.9880115694071,,,1,"<a href="" https://www.ine.gob.cl/docs/default-source/institucionalidad/buenas-pr%C3%A1cticas/clasificaciones-y-estandares/est%C3%A1ndar-evaluaci%C3%B3n-de-calidad-de-estimaciones-publicaci%C3%B3n-27022020.pdf/"" target=""_blank"" rel=""noopener noreferrer"">La clasificación en estimaciones Fiables, Poco fiables y No fiables provienen del Estándar para la evaluación de la calidad de las estimaciones en encuestas de hogares del INE.</a>",Encuesta Suplementaria de Ingresos (ESI),PT,0
CL01:DF_BGYMEDIOOCU_CIUO(1.0),A,BGYMEDIOOCU,01,CIUO_8,2020,-60.7174812655345,Y,,1,"<a href="" https://www.ine.gob.cl/docs/default-source/institucionalidad/buenas-pr%C3%A1cticas/clasificaciones-y-estandares/est%C3%A1ndar-evaluaci%C3%B3n-de-calidad-de-estimaciones-publicaci%C3%B3n-27022020.pdf/"" target=""_blank"" rel=""noopener noreferrer"">La clasificación en estimaciones Fiables, Poco fiables y No fiables provienen del Estándar para la evaluación de la calidad de las estimaciones en encuestas de hogares del INE.</a>",Encuesta Suplementaria de Ingresos (ESI),PT,0
CL01:DF_BGYMEDIOOCU_CIUO(1.0),A,BGYMEDIOOCU,01,CIUO_8,2021,-12.8060895971514,Y,,1,"<a href="" https://www.ine.gob.cl/docs/default-source/institucionalidad/buenas-pr%C3%A1cticas/clasificaciones-y-estandares/est%C3%A1ndar-evaluaci%C3%B3n-de-calidad-de-estimaciones-publicaci%C3%B3n-27022020.pdf/"" target=""_blank"" rel=""noopener noreferrer"">La clasificación en estimaciones Fiables, Poco fiables y No fiables provienen del Estándar para la evaluación de la calidad de las estimaciones en encuestas de hogares del INE.</a>",Encuesta Suplementaria de Ingresos (ESI),PT,0
CL01:DF_BGYMEDIOOCU_CIUO(1.0),A,BGYMEDIOOCU,01,CIUO_8,2022,-7.96527388166487,Y,,1,"<a href="" https://www.ine.gob.cl/docs/default-source/institucionalidad/buenas-pr%C3%A1cticas/clasificaciones-y-estandares/est%C3%A1ndar-evaluaci%C3%B3n-de-calidad-de-estimaciones-publicaci%C3%B3n-27022020.pdf/"" target=""_blank"" rel=""noopener noreferrer"">La clasificación en estimaciones Fiables, Poco fiables y No fiables provienen del Estándar para la evaluación de la calidad de las estimaciones en encuestas de hogares del INE.</a>",Encuesta Suplementaria de Ingresos (ESI),PT,0
CL01:DF_BGYMEDIOOCU_CIUO(1.0),A,BGYMEDIOOCU,01,CIUO_8,2023,-22.4050503863691,Y,,1,"<a href="" https://www.ine.gob.cl/docs/default-source/institucionalidad/buenas-pr%C3%A1cticas/clasificaciones-y-estandares/est%C3%A1ndar-evaluaci%C3%B3n-de-calidad-de-estimaciones-publicaci%C3%B3n-27022020.pdf/"" target=""_blank"" rel=""noopener noreferrer"">La clasificación en estimaciones Fiables, Poco fiables y No fiables provienen del Estándar para la evaluación de la calidad de las estimaciones en encuestas de hogares del INE.</a>",Encuesta Suplementaria de Ingresos (ESI),PT,0
CL01:DF_BGYMEDIOOCU_CIUO(1.0),A,BGYMEDIOOCU,01,CIUO_8,2024,47.5607240595985,Y,,1,"<a href="" https://www.ine.gob.cl/docs/default-source/institucionalidad/buenas-pr%C3%A1cticas/clasificaciones-y-estandares/est%C3%A1ndar-evaluaci%C3%B3n-de-calidad-de-estimaciones-publicaci%C3%B3n-27022020.pdf/"" target=""_blank"" rel=""noopener noreferrer"">La clasificación en estimaciones Fiables, Poco fiables y No fiables provienen del Estándar para la evaluación de la calidad de las estimaciones en encuestas de hogares del INE.</a>",Encuesta Suplementaria de Ingresos (ESI),PT,0
CL01:DF_BGYMEDIOOCU_CIUO(1.0),A,BGYMEDIOOCU,02,CIUO_3,2017,-42.9032582297895,,,1,"<a href="" https://www.ine.gob.cl/docs/default-source/institucionalidad/buenas-pr%C3%A1cticas/clasificaciones-y-estandares/est%C3%A1ndar-evaluaci%C3%B3n-de-calidad-de-estimaciones-publicaci%C3%B3n-27022020.pdf/"" target=""_blank"" rel=""noopener noreferrer"">La clasificación en estimaciones Fiables, Poco fiables y No fiables provienen del Estándar para la evaluación de la calidad de las estimaciones en encuestas de hogares del INE.</a>",Encuesta Suplementaria de Ingresos (ESI),PT,0
CL01:DF_BGYMEDIOOCU_CIUO(1.0),A,BGYMEDIOOCU,02,CIUO_3,2018,-40.4524102708974,,,1,"<a href="" https://www.ine.gob.cl/docs/default-source/institucionalidad/buenas-pr%C3%A1cticas/clasificaciones-y-estandares/est%C3%A1ndar-evaluaci%C3%B3n-de-calidad-de-estimaciones-publicaci%C3%B3n-27022020.pdf/"" target=""_blank"" rel=""noopener noreferrer"">La clasificación en estimaciones Fiables, Poco fiables y No fiables provienen del Estándar para la evaluación de la calidad de las estimaciones en encuestas de hogares del INE.</a>",Encuesta Suplementaria de Ingresos (ESI),PT,0
CL01:DF_BGYMEDIOOCU_CIUO(1.0),A,BGYMEDIOOCU,02,CIUO_3,2019,-55.6186028232319,,,1,"<a href="" https://www.ine.gob.cl/docs/default-source/institucionalidad/buenas-pr%C3%A1cticas/clasificaciones-y-estandares/est%C3%A1ndar-evaluaci%C3%B3n-de-calidad-de-estimaciones-publicaci%C3%B3n-27022020.pdf/"" target=""_blank"" rel=""noopener noreferrer"">La clasificación en estimaciones Fiables, Poco fiables y No fiables provienen del Estándar para la evaluación de la calidad de las estimaciones en encuestas de hogares del INE.</a>",Encuesta Suplementaria de Ingresos (ESI),PT,0
CL01:DF_BGYMEDIOOCU_CIUO(1.0),A,BGYMEDIOOCU,02,CIUO_3,2020,-47.8918950257773,,,1,"<a href="" https://www.ine.gob.cl/docs/default-source/institucionalidad/buenas-pr%C3%A1cticas/clasificaciones-y-estandares/est%C3%A1ndar-evaluaci%C3%B3n-de-calidad-de-estimaciones-publicaci%C3%B3n-27022020.pdf/"" target=""_blank"" rel=""noopener noreferrer"">La clasificación en estimaciones Fiables, Poco fiables y No fiables provienen del Estándar para la evaluación de la calidad de las estimaciones en encuestas de hogares del INE.</a>",Encuesta Suplementaria de Ingresos (ESI),PT,0
CL01:DF_BGYMEDIOOCU_CIUO(1.0),A,BGYMEDIOOCU,02,CIUO_3,2021,-39.7476390107537,,,1,"<a href="" https://www.ine.gob.cl/docs/default-source/institucionalidad/buenas-pr%C3%A1cticas/clasificaciones-y-estandares/est%C3%A1ndar-evaluaci%C3%B3n-de-calidad-de-estimaciones-publicaci%C3%B3n-27022020.pdf/"" target=""_blank"" rel=""noopener noreferrer"">La clasificación en estimaciones Fiables, Poco fiables y No fiables provienen del Estándar para la evaluación de la calidad de las estimaciones en encuestas de hogares del INE.</a>",Encuesta Suplementaria de Ingresos (ESI),PT,0
CL01:DF_BGYMEDIOOCU_CIUO(1.0),A,BGYMEDIOOCU,02,CIUO_3,2022,-37.7707933414588,,,1,"<a href="" https://www.ine.gob.cl/docs/default-source/institucionalidad/buenas-pr%C3%A1cticas/clasificaciones-y-estandares/est%C3%A1ndar-evaluaci%C3%B3n-de-calidad-de-estimaciones-publicaci%C3%B3n-27022020.pdf/"" target=""_blank"" rel=""noopener noreferrer"">La clasificación en estimaciones Fiables, Poco fiables y No fiables provienen del Estándar para la evaluación de la calidad de las estimaciones en encuestas de hogares del INE.</a>",Encuesta Suplementaria de Ingresos (ESI),PT,0
CL01:DF_BGYMEDIOOCU_CIUO(1.0),A,BGYMEDIOOCU,02,CIUO_3,2023,-47.0127550770161,,,1,"<a href="" https://www.ine.gob.cl/docs/default-source/institucionalidad/buenas-pr%C3%A1cticas/clasificaciones-y-estandares/est%C3%A1ndar-evaluaci%C3%B3n-de-calidad-de-estimaciones-publicaci%C3%B3n-27022020.pdf/"" target=""_blank"" rel=""noopener noreferrer"">La clasificación en estimaciones Fiables, Poco fiables y No fiables provienen del Estándar para la evaluación de la calidad de las estimaciones en encuestas de hogares del INE.</a>",Encuesta Suplementaria de Ingresos (ESI),PT,0
CL01:DF_BGYMEDIOOCU_CIUO(1.0),A,BGYMEDIOOCU,02,CIUO_3,2024,-35.6888096525057,,,1,"<a href="" https://www.ine.gob.cl/docs/default-source/institucionalidad/buenas-pr%C3%A1cticas/clasificaciones-y-estandares/est%C3%A1ndar-evaluaci%C3%B3n-de-calidad-de-estimaciones-publicaci%C3%B3n-27022020.pdf/"" target=""_blank"" rel=""noopener noreferrer"">La clasificación en estimaciones Fiables, Poco fiables y No fiables provienen del Estándar para la evaluación de la calidad de las estimaciones en encuestas de hogares del INE.</a>",Encuesta Suplementaria de Ingresos (ESI),PT,0
CL01:DF_BGYMEDIOOCU_CIUO(1.0),A,BGYMEDIOOCU,03,CIUO_5,2017,-39.1364490789589,,,1,"<a href="" https://www.ine.gob.cl/docs/default-source/institucionalidad/buenas-pr%C3%A1cticas/clasificaciones-y-estandares/est%C3%A1ndar-evaluaci%C3%B3n-de-calidad-de-estimaciones-publicaci%C3%B3n-27022020.pdf/"" target=""_blank"" rel=""noopener noreferrer"">La clasificación en estimaciones Fiables, Poco fiables y No fiables provienen del Estándar para la evaluación de la calidad de las estimaciones en encuestas de hogares del INE.</a>",Encuesta Suplementaria de Ingresos (ESI),PT,0
CL01:DF_BGYMEDIOOCU_CIUO(1.0),A,BGYMEDIOOCU,03,CIUO_5,2018,-44.5206737900121,,,1,"<a href="" https://www.ine.gob.cl/docs/default-source/institucionalidad/buenas-pr%C3%A1cticas/clasificaciones-y-estandares/est%C3%A1ndar-evaluaci%C3%B3n-de-calidad-de-estimaciones-publicaci%C3%B3n-27022020.pdf/"" target=""_blank"" rel=""noopener noreferrer"">La clasificación en estimaciones Fiables, Poco fiables y No fiables provienen del Estándar para la evaluación de la calidad de las estimaciones en encuestas de hogares del INE.</a>",Encuesta Suplementaria de Ingresos (ESI),PT,0
CL01:DF_BGYMEDIOOCU_CIUO(1.0),A,BGYMEDIOOCU,03,CIUO_5,2019,-35.22315157965,,,1,"<a href="" https://www.ine.gob.cl/docs/default-source/institucionalidad/buenas-pr%C3%A1cticas/clasificaciones-y-estandares/est%C3%A1ndar-evaluaci%C3%B3n-de-calidad-de-estimaciones-publicaci%C3%B3n-27022020.pdf/"" target=""_blank"" rel=""noopener noreferrer"">La clasificación en estimaciones Fiables, Poco fiables y No fiables provienen del Estándar para la evaluación de la calidad de las estimaciones en encuestas de hogares del INE.</a>",Encuesta Suplementaria de Ingresos (ESI),PT,0
CL01:DF_BGYMEDIOOCU_CIUO(1.0),A,BGYMEDIOOCU,03,CIUO_5,2020,-30.9675785839926,,,1,"<a href="" https://www.ine.gob.cl/docs/default-source/institucionalidad/buenas-pr%C3%A1cticas/clasificaciones-y-estandares/est%C3%A1ndar-evaluaci%C3%B3n-de-calidad-de-estimaciones-publicaci%C3%B3n-27022020.pdf/"" target=""_blank"" rel=""noopener noreferrer"">La clasificación en estimaciones Fiables, Poco fiables y No fiables provienen del Estándar para la evaluación de la calidad de las estimaciones en encuestas de hogares del INE.</a>",Encuesta Suplementaria de Ingresos (ESI),PT,0
CL01:DF_BGYMEDIOOCU_CIUO(1.0),A,BGYMEDIOOCU,03,CIUO_5,2021,-37.0157590424547,,,1,"<a href="" https://www.ine.gob.cl/docs/default-source/institucionalidad/buenas-pr%C3%A1cticas/clasificaciones-y-estandares/est%C3%A1ndar-evaluaci%C3%B3n-de-calidad-de-estimaciones-publicaci%C3%B3n-27022020.pdf/"" target=""_blank"" rel=""noopener noreferrer"">La clasificación en estimaciones Fiables, Poco fiables y No fiables provienen del Estándar para la evaluación de la calidad de las estimaciones en encuestas de hogares del INE.</a>",Encuesta Suplementaria de Ingresos (ESI),PT,0
CL01:DF_BGYMEDIOOCU_CIUO(1.0),A,BGYMEDIOOCU,03,CIUO_5,2022,-33.6896059662653,,,1,"<a href="" https://www.ine.gob.cl/docs/default-source/institucionalidad/buenas-pr%C3%A1cticas/clasificaciones-y-estandares/est%C3%A1ndar-evaluaci%C3%B3n-de-calidad-de-estimaciones-publicaci%C3%B3n-27022020.pdf/"" target=""_blank"" rel=""noopener noreferrer"">La clasificación en estimaciones Fiables, Poco fiables y No fiables provienen del Estándar para la evaluación de la calidad de las estimaciones en encuestas de hogares del INE.</a>",Encuesta Suplementaria de Ingresos (ESI),PT,0
CL01:DF_BGYMEDIOOCU_CIUO(1.0),A,BGYMEDIOOCU,03,CIUO_5,2023,-43.270376459367,,,1,"<a href="" https://www.ine.gob.cl/docs/default-source/institucionalidad/buenas-pr%C3%A1cticas/clasificaciones-y-estandares/est%C3%A1ndar-evaluaci%C3%B3n-de-calidad-de-estimaciones-publicaci%C3%B3n-27022020.pdf/"" target=""_blank"" rel=""noopener noreferrer"">La clasificación en estimaciones Fiables, Poco fiables y No fiables provienen del Estándar para la evaluación de la calidad de las estimaciones en encuestas de hogares del INE.</a>",Encuesta Suplementaria de Ingresos (ESI),PT,0
CL01:DF_BGYMEDIOOCU_CIUO(1.0),A,BGYMEDIOOCU,03,CIUO_5,2024,-35.6637102889507,,,1,"<a href="" https://www.ine.gob.cl/docs/default-source/institucionalidad/buenas-pr%C3%A1cticas/clasificaciones-y-estandares/est%C3%A1ndar-evaluaci%C3%B3n-de-calidad-de-estimaciones-publicaci%C3%B3n-27022020.pdf/"" target=""_blank"" rel=""noopener noreferrer"">La clasificación en estimaciones Fiables, Poco fiables y No fiables provienen del Estándar para la evaluación de la calidad de las estimaciones en encuestas de hogares del INE.</a>",Encuesta Suplementaria de Ingresos (ESI),PT,0
CL01:DF_BGYMEDIOOCU_CIUO(1.0),A,BGYMEDIOOCU,04,CIUO_4,2017,-3.54423886153181,Y,,1,"<a href="" https://www.ine.gob.cl/docs/default-source/institucionalidad/buenas-pr%C3%A1cticas/clasificaciones-y-estandares/est%C3%A1ndar-evaluaci%C3%B3n-de-calidad-de-estimaciones-publicaci%C3%B3n-27022020.pdf/"" target=""_blank"" rel=""noopener noreferrer"">La clasificación en estimaciones Fiables, Poco fiables y No fiables provienen del Estándar para la evaluación de la calidad de las estimaciones en encuestas de hogares del INE.</a>",Encuesta Suplementaria de Ingresos (ESI),PT,0
CL01:DF_BGYMEDIOOCU_CIUO(1.0),A,BGYMEDIOOCU,04,CIUO_4,2018,-23.9693520064657,Y,,1,"<a href="" https://www.ine.gob.cl/docs/default-source/institucionalidad/buenas-pr%C3%A1cticas/clasificaciones-y-estandares/est%C3%A1ndar-evaluaci%C3%B3n-de-calidad-de-estimaciones-publicaci%C3%B3n-27022020.pdf/"" target=""_blank"" rel=""noopener noreferrer"">La clasificación en estimaciones Fiables, Poco fiables y No fiables provienen del Estándar para la evaluación de la calidad de las estimaciones en encuestas de hogares del INE.</a>",Encuesta Suplementaria de Ingresos (ESI),PT,0
CL01:DF_BGYMEDIOOCU_CIUO(1.0),A,BGYMEDIOOCU,04,CIUO_4,2019,-15.6003498649863,,,1,"<a href="" https://www.ine.gob.cl/docs/default-source/institucionalidad/buenas-pr%C3%A1cticas/clasificaciones-y-estandares/est%C3%A1ndar-evaluaci%C3%B3n-de-calidad-de-estimaciones-publicaci%C3%B3n-27022020.pdf/"" target=""_blank"" rel=""noopener noreferrer"">La clasificación en estimaciones Fiables, Poco fiables y No fiables provienen del Estándar para la evaluación de la calidad de las estimaciones en encuestas de hogares del INE.</a>",Encuesta Suplementaria de Ingresos (ESI),PT,0
CL01:DF_BGYMEDIOOCU_CIUO(1.0),A,BGYMEDIOOCU,04,CIUO_4,2020,-35.0042703514961,X,,1,"<a href="" https://www.ine.gob.cl/docs/default-source/institucionalidad/buenas-pr%C3%A1cticas/clasificaciones-y-estandares/est%C3%A1ndar-evaluaci%C3%B3n-de-calidad-de-estimaciones-publicaci%C3%B3n-27022020.pdf/"" target=""_blank"" rel=""noopener noreferrer"">La clasificación en estimaciones Fiables, Poco fiables y No fiables provienen del Estándar para la evaluación de la calidad de las estimaciones en encuestas de hogares del INE.</a>",Encuesta Suplementaria de Ingresos (ESI),PT,0
CL01:DF_BGYMEDIOOCU_CIUO(1.0),A,BGYMEDIOOCU,04,CIUO_4,2021,-5.75338286890573,,,1,"<a href="" https://www.ine.gob.cl/docs/default-source/institucionalidad/buenas-pr%C3%A1cticas/clasificaciones-y-estandares/est%C3%A1ndar-evaluaci%C3%B3n-de-calidad-de-estimaciones-publicaci%C3%B3n-27022020.pdf/"" target=""_blank"" rel=""noopener noreferrer"">La clasificación en estimaciones Fiables, Poco fiables y No fiables provienen del Estándar para la evaluación de la calidad de las estimaciones en encuestas de hogares del INE.</a>",Encuesta Suplementaria de Ingresos (ESI),PT,0
CL01:DF_BGYMEDIOOCU_CIUO(1.0),A,BGYMEDIOOCU,04,CIUO_4,2022,-14.4531600987556,X,,1,"<a href="" https://www.ine.gob.cl/docs/default-source/institucionalidad/buenas-pr%C3%A1cticas/clasificaciones-y-estandares/est%C3%A1ndar-evaluaci%C3%B3n-de-calidad-de-estimaciones-publicaci%C3%B3n-27022020.pdf/"" target=""_blank"" rel=""noopener noreferrer"">La clasificación en estimaciones Fiables, Poco fiables y No fiables provienen del Estándar para la evaluación de la calidad de las estimaciones en encuestas de hogares del INE.</a>",Encuesta Suplementaria de Ingresos (ESI),PT,0
CL01:DF_BGYMEDIOOCU_CIUO(1.0),A,BGYMEDIOOCU,04,CIUO_4,2023,-8.61428916738692,X,,1,"<a href="" https://www.ine.gob.cl/docs/default-source/institucionalidad/buenas-pr%C3%A1cticas/clasificaciones-y-estandares/est%C3%A1ndar-evaluaci%C3%B3n-de-calidad-de-estimaciones-publicaci%C3%B3n-27022020.pdf/"" target=""_blank"" rel=""noopener noreferrer"">La clasificación en estimaciones Fiables, Poco fiables y No fiables provienen del Estándar para la evaluación de la calidad de las estimaciones en encuestas de hogares del INE.</a>",Encuesta Suplementaria de Ingresos (ESI),PT,0
CL01:DF_BGYMEDIOOCU_CIUO(1.0),A,BGYMEDIOOCU,04,CIUO_4,2024,-3.99440133213817,,,1,"<a href="" https://www.ine.gob.cl/docs/default-source/institucionalidad/buenas-pr%C3%A1cticas/clasificaciones-y-estandares/est%C3%A1ndar-evaluaci%C3%B3n-de-calidad-de-estimaciones-publicaci%C3%B3n-27022020.pdf/"" target=""_blank"" rel=""noopener noreferrer"">La clasificación en estimaciones Fiables, Poco fiables y No fiables provienen del Estándar para la evaluación de la calidad de las estimaciones en encuestas de hogares del INE.</a>",Encuesta Suplementaria de Ingresos (ESI),PT,0
CL01:DF_BGYMEDIOOCU_CIUO(1.0),A,BGYMEDIOOCU,04,CIUO_9,2017,-32.8825087759981,,,1,"<a href="" https://www.ine.gob.cl/docs/default-source/institucionalidad/buenas-pr%C3%A1cticas/clasificaciones-y-estandares/est%C3%A1ndar-evaluaci%C3%B3n-de-calidad-de-estimaciones-publicaci%C3%B3n-27022020.pdf/"" target=""_blank"" rel=""noopener noreferrer"">La clasificación en estimaciones Fiables, Poco fiables y No fiables provienen del Estándar para la evaluación de la calidad de las estimaciones en encuestas de hogares del INE.</a>",Encuesta Suplementaria de Ingresos (ESI),PT,0
CL01:DF_BGYMEDIOOCU_CIUO(1.0),A,BGYMEDIOOCU,04,CIUO_9,2018,-22.2782969693781,,,1,"<a href="" https://www.ine.gob.cl/docs/default-source/institucionalidad/buenas-pr%C3%A1cticas/clasificaciones-y-estandares/est%C3%A1ndar-evaluaci%C3%B3n-de-calidad-de-estimaciones-publicaci%C3%B3n-27022020.pdf/"" target=""_blank"" rel=""noopener noreferrer"">La clasificación en estimaciones Fiables, Poco fiables y No fiables provienen del Estándar para la evaluación de la calidad de las estimaciones en encuestas de hogares del INE.</a>",Encuesta Suplementaria de Ingresos (ESI),PT,0
CL01:DF_BGYMEDIOOCU_CIUO(1.0),A,BGYMEDIOOCU,04,CIUO_9,2019,-21.5858547832866,,,1,"<a href="" https://www.ine.gob.cl/docs/default-source/institucionalidad/buenas-pr%C3%A1cticas/clasificaciones-y-estandares/est%C3%A1ndar-evaluaci%C3%B3n-de-calidad-de-estimaciones-publicaci%C3%B3n-27022020.pdf/"" target=""_blank"" rel=""noopener noreferrer"">La clasificación en estimaciones Fiables, Poco fiables y No fiables provienen del Estándar para la evaluación de la calidad de las estimaciones en encuestas de hogares del INE.</a>",Encuesta Suplementaria de Ingresos (ESI),PT,0
CL01:DF_BGYMEDIOOCU_CIUO(1.0),A,BGYMEDIOOCU,04,CIUO_9,2020,-20.9301081802233,,,1,"<a href="" https://www.ine.gob.cl/docs/default-source/institucionalidad/buenas-pr%C3%A1cticas/clasificaciones-y-estandares/est%C3%A1ndar-evaluaci%C3%B3n-de-calidad-de-estimaciones-publicaci%C3%B3n-27022020.pdf/"" target=""_blank"" rel=""noopener noreferrer"">La clasificación en estimaciones Fiables, Poco fiables y No fiables provienen del Estándar para la evaluación de la calidad de las estimaciones en encuestas de hogares del INE.</a>",Encuesta Suplementaria de Ingresos (ESI),PT,0
CL01:DF_BGYMEDIOOCU_CIUO(1.0),A,BGYMEDIOOCU,04,CIUO_9,2021,-15.530207554905,,,1,"<a href="" https://www.ine.gob.cl/docs/default-source/institucionalidad/buenas-pr%C3%A1cticas/clasificaciones-y-estandares/est%C3%A1ndar-evaluaci%C3%B3n-de-calidad-de-estimaciones-publicaci%C3%B3n-27022020.pdf/"" target=""_blank"" rel=""noopener noreferrer"">La clasificación en estimaciones Fiables, Poco fiables y No fiables provienen del Estándar para la evaluación de la calidad de las estimaciones en encuestas de hogares del INE.</a>",Encuesta Suplementaria de Ingresos (ESI),PT,0
CL01:DF_BGYMEDIOOCU_CIUO(1.0),A,BGYMEDIOOCU,04,CIUO_9,2022,-12.8715596154635,,,1,"<a href="" https://www.ine.gob.cl/docs/default-source/institucionalidad/buenas-pr%C3%A1cticas/clasificaciones-y-estandares/est%C3%A1ndar-evaluaci%C3%B3n-de-calidad-de-estimaciones-publicaci%C3%B3n-27022020.pdf/"" target=""_blank"" rel=""noopener noreferrer"">La clasificación en estimaciones Fiables, Poco fiables y No fiables provienen del Estándar para la evaluación de la calidad de las estimaciones en encuestas de hogares del INE.</a>",Encuesta Suplementaria de Ingresos (ESI),PT,0
CL01:DF_BGYMEDIOOCU_CIUO(1.0),A,BGYMEDIOOCU,04,CIUO_9,2023,-24.8616524620176,,,1,"<a href="" https://www.ine.gob.cl/docs/default-source/institucionalidad/buenas-pr%C3%A1cticas/clasificaciones-y-estandares/est%C3%A1ndar-evaluaci%C3%B3n-de-calidad-de-estimaciones-publicaci%C3%B3n-27022020.pdf/"" target=""_blank"" rel=""noopener noreferrer"">La clasificación en estimaciones Fiables, Poco fiables y No fiables provienen del Estándar para la evaluación de la calidad de las estimaciones en encuestas de hogares del INE.</a>",Encuesta Suplementaria de Ingresos (ESI),PT,0
CL01:DF_BGYMEDIOOCU_CIUO(1.0),A,BGYMEDIOOCU,04,CIUO_9,2024,-21.489140105555,,,1,"<a href="" https://www.ine.gob.cl/docs/default-source/institucionalidad/buenas-pr%C3%A1cticas/clasificaciones-y-estandares/est%C3%A1ndar-evaluaci%C3%B3n-de-calidad-de-estimaciones-publicaci%C3%B3n-27022020.pdf/"" target=""_blank"" rel=""noopener noreferrer"">La clasificación en estimaciones Fiables, Poco fiables y No fiables provienen del Estándar para la evaluación de la calidad de las estimaciones en encuestas de hogares del INE.</a>",Encuesta Suplementaria de Ingresos (ESI),PT,0
CL01:DF_BGYMEDIOOCU_CIUO(1.0),A,BGYMEDIOOCU,05,CIUO_8,2017,-36.2964167079978,,,1,"<a href="" https://www.ine.gob.cl/docs/default-source/institucionalidad/buenas-pr%C3%A1cticas/clasificaciones-y-estandares/est%C3%A1ndar-evaluaci%C3%B3n-de-calidad-de-estimaciones-publicaci%C3%B3n-27022020.pdf/"" target=""_blank"" rel=""noopener noreferrer"">La clasificación en estimaciones Fiables, Poco fiables y No fiables provienen del Estándar para la evaluación de la calidad de las estimaciones en encuestas de hogares del INE.</a>",Encuesta Suplementaria de Ingresos (ESI),PT,0
CL01:DF_BGYMEDIOOCU_CIUO(1.0),A,BGYMEDIOOCU,05,CIUO_8,2018,-8.51466086253549,,,1,"<a href="" https://www.ine.gob.cl/docs/default-source/institucionalidad/buenas-pr%C3%A1cticas/clasificaciones-y-estandares/est%C3%A1ndar-evaluaci%C3%B3n-de-calidad-de-estimaciones-publicaci%C3%B3n-27022020.pdf/"" target=""_blank"" rel=""noopener noreferrer"">La clasificación en estimaciones Fiables, Poco fiables y No fiables provienen del Estándar para la evaluación de la calidad de las estimaciones en encuestas de hogares del INE.</a>",Encuesta Suplementaria de Ingresos (ESI),PT,0
CL01:DF_BGYMEDIOOCU_CIUO(1.0),A,BGYMEDIOOCU,05,CIUO_8,2019,-26.4777893078479,,,1,"<a href="" https://www.ine.gob.cl/docs/default-source/institucionalidad/buenas-pr%C3%A1cticas/clasificaciones-y-estandares/est%C3%A1ndar-evaluaci%C3%B3n-de-calidad-de-estimaciones-publicaci%C3%B3n-27022020.pdf/"" target=""_blank"" rel=""noopener noreferrer"">La clasificación en estimaciones Fiables, Poco fiables y No fiables provienen del Estándar para la evaluación de la calidad de las estimaciones en encuestas de hogares del INE.</a>",Encuesta Suplementaria de Ingresos (ESI),PT,0
CL01:DF_BGYMEDIOOCU_CIUO(1.0),A,BGYMEDIOOCU,05,CIUO_8,2020,-39.7098496692002,Y,,1,"<a href="" https://www.ine.gob.cl/docs/default-source/institucionalidad/buenas-pr%C3%A1cticas/clasificaciones-y-estandares/est%C3%A1ndar-evaluaci%C3%B3n-de-calidad-de-estimaciones-publicaci%C3%B3n-27022020.pdf/"" target=""_blank"" rel=""noopener noreferrer"">La clasificación en estimaciones Fiables, Poco fiables y No fiables provienen del Estándar para la evaluación de la calidad de las estimaciones en encuestas de hogares del INE.</a>",Encuesta Suplementaria de Ingresos (ESI),PT,0
CL01:DF_BGYMEDIOOCU_CIUO(1.0),A,BGYMEDIOOCU,05,CIUO_8,2021,-35.6306869352757,,,1,"<a href="" https://www.ine.gob.cl/docs/default-source/institucionalidad/buenas-pr%C3%A1cticas/clasificaciones-y-estandares/est%C3%A1ndar-evaluaci%C3%B3n-de-calidad-de-estimaciones-publicaci%C3%B3n-27022020.pdf/"" target=""_blank"" rel=""noopener noreferrer"">La clasificación en estimaciones Fiables, Poco fiables y No fiables provienen del Estándar para la evaluación de la calidad de las estimaciones en encuestas de hogares del INE.</a>",Encuesta Suplementaria de Ingresos (ESI),PT,0
CL01:DF_BGYMEDIOOCU_CIUO(1.0),A,BGYMEDIOOCU,05,CIUO_8,2022,-41.7015565684385,,,1,"<a href="" https://www.ine.gob.cl/docs/default-source/institucionalidad/buenas-pr%C3%A1cticas/clasificaciones-y-estandares/est%C3%A1ndar-evaluaci%C3%B3n-de-calidad-de-estimaciones-publicaci%C3%B3n-27022020.pdf/"" target=""_blank"" rel=""noopener noreferrer"">La clasificación en estimaciones Fiables, Poco fiables y No fiables provienen del Estándar para la evaluación de la calidad de las estimaciones en encuestas de hogares del INE.</a>",Encuesta Suplementaria de Ingresos (ESI),PT,0
CL01:DF_BGYMEDIOOCU_CIUO(1.0),A,BGYMEDIOOCU,05,CIUO_8,2023,-36.517146997424,,,1,"<a href="" https://www.ine.gob.cl/docs/default-source/institucionalidad/buenas-pr%C3%A1cticas/clasificaciones-y-estandares/est%C3%A1ndar-evaluaci%C3%B3n-de-calidad-de-estimaciones-publicaci%C3%B3n-27022020.pdf/"" target=""_blank"" rel=""noopener noreferrer"">La clasificación en estimaciones Fiables, Poco fiables y No fiables provienen del Estándar para la evaluación de la calidad de las estimaciones en encuestas de hogares del INE.</a>",Encuesta Suplementaria de Ingresos (ESI),PT,0
CL01:DF_BGYMEDIOOCU_CIUO(1.0),A,BGYMEDIOOCU,05,CIUO_8,2024,-45.5990773232143,,,1,"<a href="" https://www.ine.gob.cl/docs/default-source/institucionalidad/buenas-pr%C3%A1cticas/clasificaciones-y-estandares/est%C3%A1ndar-evaluaci%C3%B3n-de-calidad-de-estimaciones-publicaci%C3%B3n-27022020.pdf/"" target=""_blank"" rel=""noopener noreferrer"">La clasificación en estimaciones Fiables, Poco fiables y No fiables provienen del Estándar para la evaluación de la calidad de las estimaciones en encuestas de hogares del INE.</a>",Encuesta Suplementaria de Ingresos (ESI),PT,0
CL01:DF_BGYMEDIOOCU_CIUO(1.0),A,BGYMEDIOOCU,07,CIUO_8,2017,-41.1031392544836,Y,,1,"<a href="" https://www.ine.gob.cl/docs/default-source/institucionalidad/buenas-pr%C3%A1cticas/clasificaciones-y-estandares/est%C3%A1ndar-evaluaci%C3%B3n-de-calidad-de-estimaciones-publicaci%C3%B3n-27022020.pdf/"" target=""_blank"" rel=""noopener noreferrer"">La clasificación en estimaciones Fiables, Poco fiables y No fiables provienen del Estándar para la evaluación de la calidad de las estimaciones en encuestas de hogares del INE.</a>",Encuesta Suplementaria de Ingresos (ESI),PT,0
CL01:DF_BGYMEDIOOCU_CIUO(1.0),A,BGYMEDIOOCU,07,CIUO_8,2018,-35.8714174764263,,,1,"<a href="" https://www.ine.gob.cl/docs/default-source/institucionalidad/buenas-pr%C3%A1cticas/clasificaciones-y-estandares/est%C3%A1ndar-evaluaci%C3%B3n-de-calidad-de-estimaciones-publicaci%C3%B3n-27022020.pdf/"" target=""_blank"" rel=""noopener noreferrer"">La clasificación en estimaciones Fiables, Poco fiables y No fiables provienen del Estándar para la evaluación de la calidad de las estimaciones en encuestas de hogares del INE.</a>",Encuesta Suplementaria de Ingresos (ESI),PT,0
CL01:DF_BGYMEDIOOCU_CIUO(1.0),A,BGYMEDIOOCU,07,CIUO_8,2019,-43.7669077520605,Y,,1,"<a href="" https://www.ine.gob.cl/docs/default-source/institucionalidad/buenas-pr%C3%A1cticas/clasificaciones-y-estandares/est%C3%A1ndar-evaluaci%C3%B3n-de-calidad-de-estimaciones-publicaci%C3%B3n-27022020.pdf/"" target=""_blank"" rel=""noopener noreferrer"">La clasificación en estimaciones Fiables, Poco fiables y No fiables provienen del Estándar para la evaluación de la calidad de las estimaciones en encuestas de hogares del INE.</a>",Encuesta Suplementaria de Ingresos (ESI),PT,0
CL01:DF_BGYMEDIOOCU_CIUO(1.0),A,BGYMEDIOOCU,07,CIUO_8,2020,-19.5967090176036,,,1,"<a href="" https://www.ine.gob.cl/docs/default-source/institucionalidad/buenas-pr%C3%A1cticas/clasificaciones-y-estandares/est%C3%A1ndar-evaluaci%C3%B3n-de-calidad-de-estimaciones-publicaci%C3%B3n-27022020.pdf/"" target=""_blank"" rel=""noopener noreferrer"">La clasificación en estimaciones Fiables, Poco fiables y No fiables provienen del Estándar para la evaluación de la calidad de las estimaciones en encuestas de hogares del INE.</a>",Encuesta Suplementaria de Ingresos (ESI),PT,0
CL01:DF_BGYMEDIOOCU_CIUO(1.0),A,BGYMEDIOOCU,07,CIUO_8,2021,-34.0178099999734,Y,,1,"<a href="" https://www.ine.gob.cl/docs/default-source/institucionalidad/buenas-pr%C3%A1cticas/clasificaciones-y-estandares/est%C3%A1ndar-evaluaci%C3%B3n-de-calidad-de-estimaciones-publicaci%C3%B3n-27022020.pdf/"" target=""_blank"" rel=""noopener noreferrer"">La clasificación en estimaciones Fiables, Poco fiables y No fiables provienen del Estándar para la evaluación de la calidad de las estimaciones en encuestas de hogares del INE.</a>",Encuesta Suplementaria de Ingresos (ESI),PT,0
CL01:DF_BGYMEDIOOCU_CIUO(1.0),A,BGYMEDIOOCU,07,CIUO_8,2022,-15.964675792697,,,1,"<a href="" https://www.ine.gob.cl/docs/default-source/institucionalidad/buenas-pr%C3%A1cticas/clasificaciones-y-estandares/est%C3%A1ndar-evaluaci%C3%B3n-de-calidad-de-estimaciones-publicaci%C3%B3n-27022020.pdf/"" target=""_blank"" rel=""noopener noreferrer"">La clasificación en estimaciones Fiables, Poco fiables y No fiables provienen del Estándar para la evaluación de la calidad de las estimaciones en encuestas de hogares del INE.</a>",Encuesta Suplementaria de Ingresos (ESI),PT,0
CL01:DF_BGYMEDIOOCU_CIUO(1.0),A,BGYMEDIOOCU,07,CIUO_8,2023,-51.0662159558311,Y,,1,"<a href="" https://www.ine.gob.cl/docs/default-source/institucionalidad/buenas-pr%C3%A1cticas/clasificaciones-y-estandares/est%C3%A1ndar-evaluaci%C3%B3n-de-calidad-de-estimaciones-publicaci%C3%B3n-27022020.pdf/"" target=""_blank"" rel=""noopener noreferrer"">La clasificación en estimaciones Fiables, Poco fiables y No fiables provienen del Estándar para la evaluación de la calidad de las estimaciones en encuestas de hogares del INE.</a>",Encuesta Suplementaria de Ingresos (ESI),PT,0
CL01:DF_BGYMEDIOOCU_CIUO(1.0),A,BGYMEDIOOCU,07,CIUO_8,2024,-26.7992576953755,Y,,1,"<a href="" https://www.ine.gob.cl/docs/default-source/institucionalidad/buenas-pr%C3%A1cticas/clasificaciones-y-estandares/est%C3%A1ndar-evaluaci%C3%B3n-de-calidad-de-estimaciones-publicaci%C3%B3n-27022020.pdf/"" target=""_blank"" rel=""noopener noreferrer"">La clasificación en estimaciones Fiables, Poco fiables y No fiables provienen del Estándar para la evaluación de la calidad de las estimaciones en encuestas de hogares del INE.</a>",Encuesta Suplementaria de Ingresos (ESI),PT,0
CL01:DF_BGYMEDIOOCU_CIUO(1.0),A,BGYMEDIOOCU,08,CIUO_9,2017,-17.9425595378148,,,1,"<a href="" https://www.ine.gob.cl/docs/default-source/institucionalidad/buenas-pr%C3%A1cticas/clasificaciones-y-estandares/est%C3%A1ndar-evaluaci%C3%B3n-de-calidad-de-estimaciones-publicaci%C3%B3n-27022020.pdf/"" target=""_blank"" rel=""noopener noreferrer"">La clasificación en estimaciones Fiables, Poco fiables y No fiables provienen del Estándar para la evaluación de la calidad de las estimaciones en encuestas de hogares del INE.</a>",Encuesta Suplementaria de Ingresos (ESI),PT,0
CL01:DF_BGYMEDIOOCU_CIUO(1.0),A,BGYMEDIOOCU,08,CIUO_9,2018,-17.0557251105029,,,1,"<a href="" https://www.ine.gob.cl/docs/default-source/institucionalidad/buenas-pr%C3%A1cticas/clasificaciones-y-estandares/est%C3%A1ndar-evaluaci%C3%B3n-de-calidad-de-estimaciones-publicaci%C3%B3n-27022020.pdf/"" target=""_blank"" rel=""noopener noreferrer"">La clasificación en estimaciones Fiables, Poco fiables y No fiables provienen del Estándar para la evaluación de la calidad de las estimaciones en encuestas de hogares del INE.</a>",Encuesta Suplementaria de Ingresos (ESI),PT,0
CL01:DF_BGYMEDIOOCU_CIUO(1.0),A,BGYMEDIOOCU,08,CIUO_9,2019,-27.9407307664173,,,1,"<a href="" https://www.ine.gob.cl/docs/default-source/institucionalidad/buenas-pr%C3%A1cticas/clasificaciones-y-estandares/est%C3%A1ndar-evaluaci%C3%B3n-de-calidad-de-estimaciones-publicaci%C3%B3n-27022020.pdf/"" target=""_blank"" rel=""noopener noreferrer"">La clasificación en estimaciones Fiables, Poco fiables y No fiables provienen del Estándar para la evaluación de la calidad de las estimaciones en encuestas de hogares del INE.</a>",Encuesta Suplementaria de Ingresos (ESI),PT,0
CL01:DF_BGYMEDIOOCU_CIUO(1.0),A,BGYMEDIOOCU,08,CIUO_9,2020,-24.7418845057377,,,1,"<a href="" https://www.ine.gob.cl/docs/default-source/institucionalidad/buenas-pr%C3%A1cticas/clasificaciones-y-estandares/est%C3%A1ndar-evaluaci%C3%B3n-de-calidad-de-estimaciones-publicaci%C3%B3n-27022020.pdf/"" target=""_blank"" rel=""noopener noreferrer"">La clasificación en estimaciones Fiables, Poco fiables y No fiables provienen del Estándar para la evaluación de la calidad de las estimaciones en encuestas de hogares del INE.</a>",Encuesta Suplementaria de Ingresos (ESI),PT,0
CL01:DF_BGYMEDIOOCU_CIUO(1.0),A,BGYMEDIOOCU,08,CIUO_9,2021,-21.0506693191852,,,1,"<a href="" https://www.ine.gob.cl/docs/default-source/institucionalidad/buenas-pr%C3%A1cticas/clasificaciones-y-estandares/est%C3%A1ndar-evaluaci%C3%B3n-de-calidad-de-estimaciones-publicaci%C3%B3n-27022020.pdf/"" target=""_blank"" rel=""noopener noreferrer"">La clasificación en estimaciones Fiables, Poco fiables y No fiables provienen del Estándar para la evaluación de la calidad de las estimaciones en encuestas de hogares del INE.</a>",Encuesta Suplementaria de Ingresos (ESI),PT,0
CL01:DF_BGYMEDIOOCU_CIUO(1.0),A,BGYMEDIOOCU,08,CIUO_9,2022,-21.6600637337723,,,1,"<a href="" https://www.ine.gob.cl/docs/default-source/institucionalidad/buenas-pr%C3%A1cticas/clasificaciones-y-estandares/est%C3%A1ndar-evaluaci%C3%B3n-de-calidad-de-estimaciones-publicaci%C3%B3n-27022020.pdf/"" target=""_blank"" rel=""noopener noreferrer"">La clasificación en estimaciones Fiables, Poco fiables y No fiables provienen del Estándar para la evaluación de la calidad de las estimaciones en encuestas de hogares del INE.</a>",Encuesta Suplementaria de Ingresos (ESI),PT,0
CL01:DF_BGYMEDIOOCU_CIUO(1.0),A,BGYMEDIOOCU,08,CIUO_9,2023,-20.9363146499302,,,1,"<a href="" https://www.ine.gob.cl/docs/default-source/institucionalidad/buenas-pr%C3%A1cticas/clasificaciones-y-estandares/est%C3%A1ndar-evaluaci%C3%B3n-de-calidad-de-estimaciones-publicaci%C3%B3n-27022020.pdf/"" target=""_blank"" rel=""noopener noreferrer"">La clasificación en estimaciones Fiables, Poco fiables y No fiables provienen del Estándar para la evaluación de la calidad de las estimaciones en encuestas de hogares del INE.</a>",Encuesta Suplementaria de Ingresos (ESI),PT,0
CL01:DF_BGYMEDIOOCU_CIUO(1.0),A,BGYMEDIOOCU,08,CIUO_9,2024,-21.8517612831708,,,1,"<a href="" https://www.ine.gob.cl/docs/default-source/institucionalidad/buenas-pr%C3%A1cticas/clasificaciones-y-estandares/est%C3%A1ndar-evaluaci%C3%B3n-de-calidad-de-estimaciones-publicaci%C3%B3n-27022020.pdf/"" target=""_blank"" rel=""noopener noreferrer"">La clasificación en estimaciones Fiables, Poco fiables y No fiables provienen del Estándar para la evaluación de la calidad de las estimaciones en encuestas de hogares del INE.</a>",Encuesta Suplementaria de Ingresos (ESI),PT,0
CL01:DF_BGYMEDIOOCU_CIUO(1.0),A,BGYMEDIOOCU,10,CIUO_3,2017,-49.066843822231,,,1,"<a href="" https://www.ine.gob.cl/docs/default-source/institucionalidad/buenas-pr%C3%A1cticas/clasificaciones-y-estandares/est%C3%A1ndar-evaluaci%C3%B3n-de-calidad-de-estimaciones-publicaci%C3%B3n-27022020.pdf/"" target=""_blank"" rel=""noopener noreferrer"">La clasificación en estimaciones Fiables, Poco fiables y No fiables provienen del Estándar para la evaluación de la calidad de las estimaciones en encuestas de hogares del INE.</a>",Encuesta Suplementaria de Ingresos (ESI),PT,0
CL01:DF_BGYMEDIOOCU_CIUO(1.0),A,BGYMEDIOOCU,10,CIUO_3,2018,-32.9312914352646,,,1,"<a href="" https://www.ine.gob.cl/docs/default-source/institucionalidad/buenas-pr%C3%A1cticas/clasificaciones-y-estandares/est%C3%A1ndar-evaluaci%C3%B3n-de-calidad-de-estimaciones-publicaci%C3%B3n-27022020.pdf/"" target=""_blank"" rel=""noopener noreferrer"">La clasificación en estimaciones Fiables, Poco fiables y No fiables provienen del Estándar para la evaluación de la calidad de las estimaciones en encuestas de hogares del INE.</a>",Encuesta Suplementaria de Ingresos (ESI),PT,0
CL01:DF_BGYMEDIOOCU_CIUO(1.0),A,BGYMEDIOOCU,10,CIUO_3,2019,-36.9690360250757,,,1,"<a href="" https://www.ine.gob.cl/docs/default-source/institucionalidad/buenas-pr%C3%A1cticas/clasificaciones-y-estandares/est%C3%A1ndar-evaluaci%C3%B3n-de-calidad-de-estimaciones-publicaci%C3%B3n-27022020.pdf/"" target=""_blank"" rel=""noopener noreferrer"">La clasificación en estimaciones Fiables, Poco fiables y No fiables provienen del Estándar para la evaluación de la calidad de las estimaciones en encuestas de hogares del INE.</a>",Encuesta Suplementaria de Ingresos (ESI),PT,0
CL01:DF_BGYMEDIOOCU_CIUO(1.0),A,BGYMEDIOOCU,10,CIUO_3,2020,-32.6330054144047,,,1,"<a href="" https://www.ine.gob.cl/docs/default-source/institucionalidad/buenas-pr%C3%A1cticas/clasificaciones-y-estandares/est%C3%A1ndar-evaluaci%C3%B3n-de-calidad-de-estimaciones-publicaci%C3%B3n-27022020.pdf/"" target=""_blank"" rel=""noopener noreferrer"">La clasificación en estimaciones Fiables, Poco fiables y No fiables provienen del Estándar para la evaluación de la calidad de las estimaciones en encuestas de hogares del INE.</a>",Encuesta Suplementaria de Ingresos (ESI),PT,0
CL01:DF_BGYMEDIOOCU_CIUO(1.0),A,BGYMEDIOOCU,10,CIUO_3,2021,-23.3331482718172,,,1,"<a href="" https://www.ine.gob.cl/docs/default-source/institucionalidad/buenas-pr%C3%A1cticas/clasificaciones-y-estandares/est%C3%A1ndar-evaluaci%C3%B3n-de-calidad-de-estimaciones-publicaci%C3%B3n-27022020.pdf/"" target=""_blank"" rel=""noopener noreferrer"">La clasificación en estimaciones Fiables, Poco fiables y No fiables provienen del Estándar para la evaluación de la calidad de las estimaciones en encuestas de hogares del INE.</a>",Encuesta Suplementaria de Ingresos (ESI),PT,0
CL01:DF_BGYMEDIOOCU_CIUO(1.0),A,BGYMEDIOOCU,10,CIUO_3,2022,-42.2903999971533,,,1,"<a href="" https://www.ine.gob.cl/docs/default-source/institucionalidad/buenas-pr%C3%A1cticas/clasificaciones-y-estandares/est%C3%A1ndar-evaluaci%C3%B3n-de-calidad-de-estimaciones-publicaci%C3%B3n-27022020.pdf/"" target=""_blank"" rel=""noopener noreferrer"">La clasificación en estimaciones Fiables, Poco fiables y No fiables provienen del Estándar para la evaluación de la calidad de las estimaciones en encuestas de hogares del INE.</a>",Encuesta Suplementaria de Ingresos (ESI),PT,0
CL01:DF_BGYMEDIOOCU_CIUO(1.0),A,BGYMEDIOOCU,10,CIUO_3,2023,-34.4905865179595,,,1,"<a href="" https://www.ine.gob.cl/docs/default-source/institucionalidad/buenas-pr%C3%A1cticas/clasificaciones-y-estandares/est%C3%A1ndar-evaluaci%C3%B3n-de-calidad-de-estimaciones-publicaci%C3%B3n-27022020.pdf/"" target=""_blank"" rel=""noopener noreferrer"">La clasificación en estimaciones Fiables, Poco fiables y No fiables provienen del Estándar para la evaluación de la calidad de las estimaciones en encuestas de hogares del INE.</a>",Encuesta Suplementaria de Ingresos (ESI),PT,0
CL01:DF_BGYMEDIOOCU_CIUO(1.0),A,BGYMEDIOOCU,10,CIUO_3,2024,-24.0858006733583,,,1,"<a href="" https://www.ine.gob.cl/docs/default-source/institucionalidad/buenas-pr%C3%A1cticas/clasificaciones-y-estandares/est%C3%A1ndar-evaluaci%C3%B3n-de-calidad-de-estimaciones-publicaci%C3%B3n-27022020.pdf/"" target=""_blank"" rel=""noopener noreferrer"">La clasificación en estimaciones Fiables, Poco fiables y No fiables provienen del Estándar para la evaluación de la calidad de las estimaciones en encuestas de hogares del INE.</a>",Encuesta Suplementaria de Ingresos (ESI),PT,0
CL01:DF_BGYMEDIOOCU_CIUO(1.0),A,BGYMEDIOOCU,12,CIUO_6,2017,-49.9051808650317,X,,1,"<a href="" https://www.ine.gob.cl/docs/default-source/institucionalidad/buenas-pr%C3%A1cticas/clasificaciones-y-estandares/est%C3%A1ndar-evaluaci%C3%B3n-de-calidad-de-estimaciones-publicaci%C3%B3n-27022020.pdf/"" target=""_blank"" rel=""noopener noreferrer"">La clasificación en estimaciones Fiables, Poco fiables y No fiables provienen del Estándar para la evaluación de la calidad de las estimaciones en encuestas de hogares del INE.</a>",Encuesta Suplementaria de Ingresos (ESI),PT,0
CL01:DF_BGYMEDIOOCU_CIUO(1.0),A,BGYMEDIOOCU,12,CIUO_6,2018,-38.9729274037293,X,,1,"<a href="" https://www.ine.gob.cl/docs/default-source/institucionalidad/buenas-pr%C3%A1cticas/clasificaciones-y-estandares/est%C3%A1ndar-evaluaci%C3%B3n-de-calidad-de-estimaciones-publicaci%C3%B3n-27022020.pdf/"" target=""_blank"" rel=""noopener noreferrer"">La clasificación en estimaciones Fiables, Poco fiables y No fiables provienen del Estándar para la evaluación de la calidad de las estimaciones en encuestas de hogares del INE.</a>",Encuesta Suplementaria de Ingresos (ESI),PT,0
CL01:DF_BGYMEDIOOCU_CIUO(1.0),A,BGYMEDIOOCU,12,CIUO_6,2019,-34.3107377684519,X,,1,"<a href="" https://www.ine.gob.cl/docs/default-source/institucionalidad/buenas-pr%C3%A1cticas/clasificaciones-y-estandares/est%C3%A1ndar-evaluaci%C3%B3n-de-calidad-de-estimaciones-publicaci%C3%B3n-27022020.pdf/"" target=""_blank"" rel=""noopener noreferrer"">La clasificación en estimaciones Fiables, Poco fiables y No fiables provienen del Estándar para la evaluación de la calidad de las estimaciones en encuestas de hogares del INE.</a>",Encuesta Suplementaria de Ingresos (ESI),PT,0
CL01:DF_BGYMEDIOOCU_CIUO(1.0),A,BGYMEDIOOCU,12,CIUO_6,2020,-11.8396130133753,X,,1,"<a href="" https://www.ine.gob.cl/docs/default-source/institucionalidad/buenas-pr%C3%A1cticas/clasificaciones-y-estandares/est%C3%A1ndar-evaluaci%C3%B3n-de-calidad-de-estimaciones-publicaci%C3%B3n-27022020.pdf/"" target=""_blank"" rel=""noopener noreferrer"">La clasificación en estimaciones Fiables, Poco fiables y No fiables provienen del Estándar para la evaluación de la calidad de las estimaciones en encuestas de hogares del INE.</a>",Encuesta Suplementaria de Ingresos (ESI),PT,0
CL01:DF_BGYMEDIOOCU_CIUO(1.0),A,BGYMEDIOOCU,12,CIUO_6,2021,-52.3660118570512,X,,1,"<a href="" https://www.ine.gob.cl/docs/default-source/institucionalidad/buenas-pr%C3%A1cticas/clasificaciones-y-estandares/est%C3%A1ndar-evaluaci%C3%B3n-de-calidad-de-estimaciones-publicaci%C3%B3n-27022020.pdf/"" target=""_blank"" rel=""noopener noreferrer"">La clasificación en estimaciones Fiables, Poco fiables y No fiables provienen del Estándar para la evaluación de la calidad de las estimaciones en encuestas de hogares del INE.</a>",Encuesta Suplementaria de Ingresos (ESI),PT,0
CL01:DF_BGYMEDIOOCU_CIUO(1.0),A,BGYMEDIOOCU,12,CIUO_6,2022,-20.0877578831295,X,,1,"<a href="" https://www.ine.gob.cl/docs/default-source/institucionalidad/buenas-pr%C3%A1cticas/clasificaciones-y-estandares/est%C3%A1ndar-evaluaci%C3%B3n-de-calidad-de-estimaciones-publicaci%C3%B3n-27022020.pdf/"" target=""_blank"" rel=""noopener noreferrer"">La clasificación en estimaciones Fiables, Poco fiables y No fiables provienen del Estándar para la evaluación de la calidad de las estimaciones en encuestas de hogares del INE.</a>",Encuesta Suplementaria de Ingresos (ESI),PT,0
CL01:DF_BGYMEDIOOCU_CIUO(1.0),A,BGYMEDIOOCU,12,CIUO_6,2023,-62.9846362329035,X,,1,"<a href="" https://www.ine.gob.cl/docs/default-source/institucionalidad/buenas-pr%C3%A1cticas/clasificaciones-y-estandares/est%C3%A1ndar-evaluaci%C3%B3n-de-calidad-de-estimaciones-publicaci%C3%B3n-27022020.pdf/"" target=""_blank"" rel=""noopener noreferrer"">La clasificación en estimaciones Fiables, Poco fiables y No fiables provienen del Estándar para la evaluación de la calidad de las estimaciones en encuestas de hogares del INE.</a>",Encuesta Suplementaria de Ingresos (ESI),PT,0
CL01:DF_BGYMEDIOOCU_CIUO(1.0),A,BGYMEDIOOCU,12,CIUO_6,2024,-50.0830157234525,X,,1,"<a href="" https://www.ine.gob.cl/docs/default-source/institucionalidad/buenas-pr%C3%A1cticas/clasificaciones-y-estandares/est%C3%A1ndar-evaluaci%C3%B3n-de-calidad-de-estimaciones-publicaci%C3%B3n-27022020.pdf/"" target=""_blank"" rel=""noopener noreferrer"">La clasificación en estimaciones Fiables, Poco fiables y No fiables provienen del Estándar para la evaluación de la calidad de las estimaciones en encuestas de hogares del INE.</a>",Encuesta Suplementaria de Ingresos (ESI),PT,0
CL01:DF_BGYMEDIOOCU_CIUO(1.0),A,BGYMEDIOOCU,14,CIUO_3,2017,-15.1770376749632,,,1,"<a href="" https://www.ine.gob.cl/docs/default-source/institucionalidad/buenas-pr%C3%A1cticas/clasificaciones-y-estandares/est%C3%A1ndar-evaluaci%C3%B3n-de-calidad-de-estimaciones-publicaci%C3%B3n-27022020.pdf/"" target=""_blank"" rel=""noopener noreferrer"">La clasificación en estimaciones Fiables, Poco fiables y No fiables provienen del Estándar para la evaluación de la calidad de las estimaciones en encuestas de hogares del INE.</a>",Encuesta Suplementaria de Ingresos (ESI),PT,0
CL01:DF_BGYMEDIOOCU_CIUO(1.0),A,BGYMEDIOOCU,14,CIUO_3,2018,-16.5723421440008,Y,,1,"<a href="" https://www.ine.gob.cl/docs/default-source/institucionalidad/buenas-pr%C3%A1cticas/clasificaciones-y-estandares/est%C3%A1ndar-evaluaci%C3%B3n-de-calidad-de-estimaciones-publicaci%C3%B3n-27022020.pdf/"" target=""_blank"" rel=""noopener noreferrer"">La clasificación en estimaciones Fiables, Poco fiables y No fiables provienen del Estándar para la evaluación de la calidad de las estimaciones en encuestas de hogares del INE.</a>",Encuesta Suplementaria de Ingresos (ESI),PT,0
CL01:DF_BGYMEDIOOCU_CIUO(1.0),A,BGYMEDIOOCU,14,CIUO_3,2019,-28.6167696578698,Y,,1,"<a href="" https://www.ine.gob.cl/docs/default-source/institucionalidad/buenas-pr%C3%A1cticas/clasificaciones-y-estandares/est%C3%A1ndar-evaluaci%C3%B3n-de-calidad-de-estimaciones-publicaci%C3%B3n-27022020.pdf/"" target=""_blank"" rel=""noopener noreferrer"">La clasificación en estimaciones Fiables, Poco fiables y No fiables provienen del Estándar para la evaluación de la calidad de las estimaciones en encuestas de hogares del INE.</a>",Encuesta Suplementaria de Ingresos (ESI),PT,0
CL01:DF_BGYMEDIOOCU_CIUO(1.0),A,BGYMEDIOOCU,14,CIUO_3,2020,-33.8703346667008,,,1,"<a href="" https://www.ine.gob.cl/docs/default-source/institucionalidad/buenas-pr%C3%A1cticas/clasificaciones-y-estandares/est%C3%A1ndar-evaluaci%C3%B3n-de-calidad-de-estimaciones-publicaci%C3%B3n-27022020.pdf/"" target=""_blank"" rel=""noopener noreferrer"">La clasificación en estimaciones Fiables, Poco fiables y No fiables provienen del Estándar para la evaluación de la calidad de las estimaciones en encuestas de hogares del INE.</a>",Encuesta Suplementaria de Ingresos (ESI),PT,0
CL01:DF_BGYMEDIOOCU_CIUO(1.0),A,BGYMEDIOOCU,14,CIUO_3,2021,-38.9214906722407,,,1,"<a href="" https://www.ine.gob.cl/docs/default-source/institucionalidad/buenas-pr%C3%A1cticas/clasificaciones-y-estandares/est%C3%A1ndar-evaluaci%C3%B3n-de-calidad-de-estimaciones-publicaci%C3%B3n-27022020.pdf/"" target=""_blank"" rel=""noopener noreferrer"">La clasificación en estimaciones Fiables, Poco fiables y No fiables provienen del Estándar para la evaluación de la calidad de las estimaciones en encuestas de hogares del INE.</a>",Encuesta Suplementaria de Ingresos (ESI),PT,0
CL01:DF_BGYMEDIOOCU_CIUO(1.0),A,BGYMEDIOOCU,14,CIUO_3,2022,-20.4455959935211,,,1,"<a href="" https://www.ine.gob.cl/docs/default-source/institucionalidad/buenas-pr%C3%A1cticas/clasificaciones-y-estandares/est%C3%A1ndar-evaluaci%C3%B3n-de-calidad-de-estimaciones-publicaci%C3%B3n-27022020.pdf/"" target=""_blank"" rel=""noopener noreferrer"">La clasificación en estimaciones Fiables, Poco fiables y No fiables provienen del Estándar para la evaluación de la calidad de las estimaciones en encuestas de hogares del INE.</a>",Encuesta Suplementaria de Ingresos (ESI),PT,0
CL01:DF_BGYMEDIOOCU_CIUO(1.0),A,BGYMEDIOOCU,14,CIUO_3,2023,-0.612469564463047,,,1,"<a href="" https://www.ine.gob.cl/docs/default-source/institucionalidad/buenas-pr%C3%A1cticas/clasificaciones-y-estandares/est%C3%A1ndar-evaluaci%C3%B3n-de-calidad-de-estimaciones-publicaci%C3%B3n-27022020.pdf/"" target=""_blank"" rel=""noopener noreferrer"">La clasificación en estimaciones Fiables, Poco fiables y No fiables provienen del Estándar para la evaluación de la calidad de las estimaciones en encuestas de hogares del INE.</a>",Encuesta Suplementaria de Ingresos (ESI),PT,0
CL01:DF_BGYMEDIOOCU_CIUO(1.0),A,BGYMEDIOOCU,14,CIUO_3,2024,-23.9777734482735,,,1,"<a href="" https://www.ine.gob.cl/docs/default-source/institucionalidad/buenas-pr%C3%A1cticas/clasificaciones-y-estandares/est%C3%A1ndar-evaluaci%C3%B3n-de-calidad-de-estimaciones-publicaci%C3%B3n-27022020.pdf/"" target=""_blank"" rel=""noopener noreferrer"">La clasificación en estimaciones Fiables, Poco fiables y No fiables provienen del Estándar para la evaluación de la calidad de las estimaciones en encuestas de hogares del INE.</a>",Encuesta Suplementaria de Ingresos (ESI),PT,0
CL01:DF_BGYMEDIOOCU_CIUO(1.0),A,BGYMEDIOOCU,15,CIUO_1,2017,-50.0847151795167,X,,1,"<a href="" https://www.ine.gob.cl/docs/default-source/institucionalidad/buenas-pr%C3%A1cticas/clasificaciones-y-estandares/est%C3%A1ndar-evaluaci%C3%B3n-de-calidad-de-estimaciones-publicaci%C3%B3n-27022020.pdf/"" target=""_blank"" rel=""noopener noreferrer"">La clasificación en estimaciones Fiables, Poco fiables y No fiables provienen del Estándar para la evaluación de la calidad de las estimaciones en encuestas de hogares del INE.</a>",Encuesta Suplementaria de Ingresos (ESI),PT,0
CL01:DF_BGYMEDIOOCU_CIUO(1.0),A,BGYMEDIOOCU,15,CIUO_1,2018,-25.8660102089948,X,,1,"<a href="" https://www.ine.gob.cl/docs/default-source/institucionalidad/buenas-pr%C3%A1cticas/clasificaciones-y-estandares/est%C3%A1ndar-evaluaci%C3%B3n-de-calidad-de-estimaciones-publicaci%C3%B3n-27022020.pdf/"" target=""_blank"" rel=""noopener noreferrer"">La clasificación en estimaciones Fiables, Poco fiables y No fiables provienen del Estándar para la evaluación de la calidad de las estimaciones en encuestas de hogares del INE.</a>",Encuesta Suplementaria de Ingresos (ESI),PT,0
CL01:DF_BGYMEDIOOCU_CIUO(1.0),A,BGYMEDIOOCU,15,CIUO_1,2019,-14.8311006079361,X,,1,"<a href="" https://www.ine.gob.cl/docs/default-source/institucionalidad/buenas-pr%C3%A1cticas/clasificaciones-y-estandares/est%C3%A1ndar-evaluaci%C3%B3n-de-calidad-de-estimaciones-publicaci%C3%B3n-27022020.pdf/"" target=""_blank"" rel=""noopener noreferrer"">La clasificación en estimaciones Fiables, Poco fiables y No fiables provienen del Estándar para la evaluación de la calidad de las estimaciones en encuestas de hogares del INE.</a>",Encuesta Suplementaria de Ingresos (ESI),PT,0
CL01:DF_BGYMEDIOOCU_CIUO(1.0),A,BGYMEDIOOCU,15,CIUO_1,2020,6.40209246718151,X,,1,"<a href="" https://www.ine.gob.cl/docs/default-source/institucionalidad/buenas-pr%C3%A1cticas/clasificaciones-y-estandares/est%C3%A1ndar-evaluaci%C3%B3n-de-calidad-de-estimaciones-publicaci%C3%B3n-27022020.pdf/"" target=""_blank"" rel=""noopener noreferrer"">La clasificación en estimaciones Fiables, Poco fiables y No fiables provienen del Estándar para la evaluación de la calidad de las estimaciones en encuestas de hogares del INE.</a>",Encuesta Suplementaria de Ingresos (ESI),PT,0
CL01:DF_BGYMEDIOOCU_CIUO(1.0),A,BGYMEDIOOCU,15,CIUO_1,2021,-38.7289758917405,X,,1,"<a href="" https://www.ine.gob.cl/docs/default-source/institucionalidad/buenas-pr%C3%A1cticas/clasificaciones-y-estandares/est%C3%A1ndar-evaluaci%C3%B3n-de-calidad-de-estimaciones-publicaci%C3%B3n-27022020.pdf/"" target=""_blank"" rel=""noopener noreferrer"">La clasificación en estimaciones Fiables, Poco fiables y No fiables provienen del Estándar para la evaluación de la calidad de las estimaciones en encuestas de hogares del INE.</a>",Encuesta Suplementaria de Ingresos (ESI),PT,0
CL01:DF_BGYMEDIOOCU_CIUO(1.0),A,BGYMEDIOOCU,15,CIUO_1,2022,-41.258078906855,X,,1,"<a href="" https://www.ine.gob.cl/docs/default-source/institucionalidad/buenas-pr%C3%A1cticas/clasificaciones-y-estandares/est%C3%A1ndar-evaluaci%C3%B3n-de-calidad-de-estimaciones-publicaci%C3%B3n-27022020.pdf/"" target=""_blank"" rel=""noopener noreferrer"">La clasificación en estimaciones Fiables, Poco fiables y No fiables provienen del Estándar para la evaluación de la calidad de las estimaciones en encuestas de hogares del INE.</a>",Encuesta Suplementaria de Ingresos (ESI),PT,0
CL01:DF_BGYMEDIOOCU_CIUO(1.0),A,BGYMEDIOOCU,15,CIUO_1,2023,3.00385873112566,X,,1,"<a href="" https://www.ine.gob.cl/docs/default-source/institucionalidad/buenas-pr%C3%A1cticas/clasificaciones-y-estandares/est%C3%A1ndar-evaluaci%C3%B3n-de-calidad-de-estimaciones-publicaci%C3%B3n-27022020.pdf/"" target=""_blank"" rel=""noopener noreferrer"">La clasificación en estimaciones Fiables, Poco fiables y No fiables provienen del Estándar para la evaluación de la calidad de las estimaciones en encuestas de hogares del INE.</a>",Encuesta Suplementaria de Ingresos (ESI),PT,0
CL01:DF_BGYMEDIOOCU_CIUO(1.0),A,BGYMEDIOOCU,15,CIUO_1,2024,-24.6074171453938,X,,1,"<a href="" https://www.ine.gob.cl/docs/default-source/institucionalidad/buenas-pr%C3%A1cticas/clasificaciones-y-estandares/est%C3%A1ndar-evaluaci%C3%B3n-de-calidad-de-estimaciones-publicaci%C3%B3n-27022020.pdf/"" target=""_blank"" rel=""noopener noreferrer"">La clasificación en estimaciones Fiables, Poco fiables y No fiables provienen del Estándar para la evaluación de la calidad de las estimaciones en encuestas de hogares del INE.</a>",Encuesta Suplementaria de Ingresos (ESI),PT,0
CL01:DF_BGYMEDIOOCU_CIUO(1.0),A,BGYMEDIOOCU,16,CIUO_6,2017,-38.4884496278512,X,,1,"<a href="" https://www.ine.gob.cl/docs/default-source/institucionalidad/buenas-pr%C3%A1cticas/clasificaciones-y-estandares/est%C3%A1ndar-evaluaci%C3%B3n-de-calidad-de-estimaciones-publicaci%C3%B3n-27022020.pdf/"" target=""_blank"" rel=""noopener noreferrer"">La clasificación en estimaciones Fiables, Poco fiables y No fiables provienen del Estándar para la evaluación de la calidad de las estimaciones en encuestas de hogares del INE.</a>",Encuesta Suplementaria de Ingresos (ESI),PT,0
CL01:DF_BGYMEDIOOCU_CIUO(1.0),A,BGYMEDIOOCU,16,CIUO_6,2018,-67.5068441606398,X,,1,"<a href="" https://www.ine.gob.cl/docs/default-source/institucionalidad/buenas-pr%C3%A1cticas/clasificaciones-y-estandares/est%C3%A1ndar-evaluaci%C3%B3n-de-calidad-de-estimaciones-publicaci%C3%B3n-27022020.pdf/"" target=""_blank"" rel=""noopener noreferrer"">La clasificación en estimaciones Fiables, Poco fiables y No fiables provienen del Estándar para la evaluación de la calidad de las estimaciones en encuestas de hogares del INE.</a>",Encuesta Suplementaria de Ingresos (ESI),PT,0
CL01:DF_BGYMEDIOOCU_CIUO(1.0),A,BGYMEDIOOCU,16,CIUO_6,2019,165.73405492331,X,,1,"<a href="" https://www.ine.gob.cl/docs/default-source/institucionalidad/buenas-pr%C3%A1cticas/clasificaciones-y-estandares/est%C3%A1ndar-evaluaci%C3%B3n-de-calidad-de-estimaciones-publicaci%C3%B3n-27022020.pdf/"" target=""_blank"" rel=""noopener noreferrer"">La clasificación en estimaciones Fiables, Poco fiables y No fiables provienen del Estándar para la evaluación de la calidad de las estimaciones en encuestas de hogares del INE.</a>",Encuesta Suplementaria de Ingresos (ESI),PT,0
CL01:DF_BGYMEDIOOCU_CIUO(1.0),A,BGYMEDIOOCU,16,CIUO_6,2020,-60.8924017254096,X,,1,"<a href="" https://www.ine.gob.cl/docs/default-source/institucionalidad/buenas-pr%C3%A1cticas/clasificaciones-y-estandares/est%C3%A1ndar-evaluaci%C3%B3n-de-calidad-de-estimaciones-publicaci%C3%B3n-27022020.pdf/"" target=""_blank"" rel=""noopener noreferrer"">La clasificación en estimaciones Fiables, Poco fiables y No fiables provienen del Estándar para la evaluación de la calidad de las estimaciones en encuestas de hogares del INE.</a>",Encuesta Suplementaria de Ingresos (ESI),PT,0
CL01:DF_BGYMEDIOOCU_CIUO(1.0),A,BGYMEDIOOCU,16,CIUO_6,2021,-48.7997159402347,Y,,1,"<a href="" https://www.ine.gob.cl/docs/default-source/institucionalidad/buenas-pr%C3%A1cticas/clasificaciones-y-estandares/est%C3%A1ndar-evaluaci%C3%B3n-de-calidad-de-estimaciones-publicaci%C3%B3n-27022020.pdf/"" target=""_blank"" rel=""noopener noreferrer"">La clasificación en estimaciones Fiables, Poco fiables y No fiables provienen del Estándar para la evaluación de la calidad de las estimaciones en encuestas de hogares del INE.</a>",Encuesta Suplementaria de Ingresos (ESI),PT,0
CL01:DF_BGYMEDIOOCU_CIUO(1.0),A,BGYMEDIOOCU,16,CIUO_6,2022,-67.4692915552136,Y,,1,"<a href="" https://www.ine.gob.cl/docs/default-source/institucionalidad/buenas-pr%C3%A1cticas/clasificaciones-y-estandares/est%C3%A1ndar-evaluaci%C3%B3n-de-calidad-de-estimaciones-publicaci%C3%B3n-27022020.pdf/"" target=""_blank"" rel=""noopener noreferrer"">La clasificación en estimaciones Fiables, Poco fiables y No fiables provienen del Estándar para la evaluación de la calidad de las estimaciones en encuestas de hogares del INE.</a>",Encuesta Suplementaria de Ingresos (ESI),PT,0
CL01:DF_BGYMEDIOOCU_CIUO(1.0),A,BGYMEDIOOCU,16,CIUO_6,2023,-78.4680381832012,X,,1,"<a href="" https://www.ine.gob.cl/docs/default-source/institucionalidad/buenas-pr%C3%A1cticas/clasificaciones-y-estandares/est%C3%A1ndar-evaluaci%C3%B3n-de-calidad-de-estimaciones-publicaci%C3%B3n-27022020.pdf/"" target=""_blank"" rel=""noopener noreferrer"">La clasificación en estimaciones Fiables, Poco fiables y No fiables provienen del Estándar para la evaluación de la calidad de las estimaciones en encuestas de hogares del INE.</a>",Encuesta Suplementaria de Ingresos (ESI),PT,0
CL01:DF_BGYMEDIOOCU_CIUO(1.0),A,BGYMEDIOOCU,16,CIUO_6,2024,-21.5945694334812,X,,1,"<a href="" https://www.ine.gob.cl/docs/default-source/institucionalidad/buenas-pr%C3%A1cticas/clasificaciones-y-estandares/est%C3%A1ndar-evaluaci%C3%B3n-de-calidad-de-estimaciones-publicaci%C3%B3n-27022020.pdf/"" target=""_blank"" rel=""noopener noreferrer"">La clasificación en estimaciones Fiables, Poco fiables y No fiables provienen del Estándar para la evaluación de la calidad de las estimaciones en encuestas de hogares del INE.</a>",Encuesta Suplementaria de Ingresos (ESI),PT,0
CL01:DF_BGYMEDIOOCU_CIUO(1.0),A,BGYMEDIOOCU,08,CIUO_SC,2017,,X,,1,"<a href="" https://www.ine.gob.cl/docs/default-source/institucionalidad/buenas-pr%C3%A1cticas/clasificaciones-y-estandares/est%C3%A1ndar-evaluaci%C3%B3n-de-calidad-de-estimaciones-publicaci%C3%B3n-27022020.pdf/"" target=""_blank"" rel=""noopener noreferrer"">La clasificación en estimaciones Fiables, Poco fiables y No fiables provienen del Estándar para la evaluación de la calidad de las estimaciones en encuestas de hogares del INE.</a>",Encuesta Suplementaria de Ingresos (ESI),PT,0
CL01:DF_BGYMEDIOOCU_CIUO(1.0),A,BGYMEDIOOCU,08,CIUO_SC,2018,,X,,1,"<a href="" https://www.ine.gob.cl/docs/default-source/institucionalidad/buenas-pr%C3%A1cticas/clasificaciones-y-estandares/est%C3%A1ndar-evaluaci%C3%B3n-de-calidad-de-estimaciones-publicaci%C3%B3n-27022020.pdf/"" target=""_blank"" rel=""noopener noreferrer"">La clasificación en estimaciones Fiables, Poco fiables y No fiables provienen del Estándar para la evaluación de la calidad de las estimaciones en encuestas de hogares del INE.</a>",Encuesta Suplementaria de Ingresos (ESI),PT,0
CL01:DF_BGYMEDIOOCU_CIUO(1.0),A,BGYMEDIOOCU,08,CIUO_SC,2019,,X,,1,"<a href="" https://www.ine.gob.cl/docs/default-source/institucionalidad/buenas-pr%C3%A1cticas/clasificaciones-y-estandares/est%C3%A1ndar-evaluaci%C3%B3n-de-calidad-de-estimaciones-publicaci%C3%B3n-27022020.pdf/"" target=""_blank"" rel=""noopener noreferrer"">La clasificación en estimaciones Fiables, Poco fiables y No fiables provienen del Estándar para la evaluación de la calidad de las estimaciones en encuestas de hogares del INE.</a>",Encuesta Suplementaria de Ingresos (ESI),PT,0
CL01:DF_BGYMEDIOOCU_CIUO(1.0),A,BGYMEDIOOCU,08,CIUO_SC,2020,,X,,1,"<a href="" https://www.ine.gob.cl/docs/default-source/institucionalidad/buenas-pr%C3%A1cticas/clasificaciones-y-estandares/est%C3%A1ndar-evaluaci%C3%B3n-de-calidad-de-estimaciones-publicaci%C3%B3n-27022020.pdf/"" target=""_blank"" rel=""noopener noreferrer"">La clasificación en estimaciones Fiables, Poco fiables y No fiables provienen del Estándar para la evaluación de la calidad de las estimaciones en encuestas de hogares del INE.</a>",Encuesta Suplementaria de Ingresos (ESI),PT,0
CL01:DF_BGYMEDIOOCU_CIUO(1.0),A,BGYMEDIOOCU,08,CIUO_SC,2021,,X,,1,"<a href="" https://www.ine.gob.cl/docs/default-source/institucionalidad/buenas-pr%C3%A1cticas/clasificaciones-y-estandares/est%C3%A1ndar-evaluaci%C3%B3n-de-calidad-de-estimaciones-publicaci%C3%B3n-27022020.pdf/"" target=""_blank"" rel=""noopener noreferrer"">La clasificación en estimaciones Fiables, Poco fiables y No fiables provienen del Estándar para la evaluación de la calidad de las estimaciones en encuestas de hogares del INE.</a>",Encuesta Suplementaria de Ingresos (ESI),PT,0
CL01:DF_BGYMEDIOOCU_CIUO(1.0),A,BGYMEDIOOCU,08,CIUO_SC,2022,-75.1370741227206,X,,1,"<a href="" https://www.ine.gob.cl/docs/default-source/institucionalidad/buenas-pr%C3%A1cticas/clasificaciones-y-estandares/est%C3%A1ndar-evaluaci%C3%B3n-de-calidad-de-estimaciones-publicaci%C3%B3n-27022020.pdf/"" target=""_blank"" rel=""noopener noreferrer"">La clasificación en estimaciones Fiables, Poco fiables y No fiables provienen del Estándar para la evaluación de la calidad de las estimaciones en encuestas de hogares del INE.</a>",Encuesta Suplementaria de Ingresos (ESI),PT,0
CL01:DF_BGYMEDIOOCU_CIUO(1.0),A,BGYMEDIOOCU,08,CIUO_SC,2023,,X,,1,"<a href="" https://www.ine.gob.cl/docs/default-source/institucionalidad/buenas-pr%C3%A1cticas/clasificaciones-y-estandares/est%C3%A1ndar-evaluaci%C3%B3n-de-calidad-de-estimaciones-publicaci%C3%B3n-27022020.pdf/"" target=""_blank"" rel=""noopener noreferrer"">La clasificación en estimaciones Fiables, Poco fiables y No fiables provienen del Estándar para la evaluación de la calidad de las estimaciones en encuestas de hogares del INE.</a>",Encuesta Suplementaria de Ingresos (ESI),PT,0
CL01:DF_BGYMEDIOOCU_CIUO(1.0),A,BGYMEDIOOCU,08,CIUO_SC,2024,-30.3108965727137,X,,1,"<a href="" https://www.ine.gob.cl/docs/default-source/institucionalidad/buenas-pr%C3%A1cticas/clasificaciones-y-estandares/est%C3%A1ndar-evaluaci%C3%B3n-de-calidad-de-estimaciones-publicaci%C3%B3n-27022020.pdf/"" target=""_blank"" rel=""noopener noreferrer"">La clasificación en estimaciones Fiables, Poco fiables y No fiables provienen del Estándar para la evaluación de la calidad de las estimaciones en encuestas de hogares del INE.</a>",Encuesta Suplementaria de Ingresos (ESI),PT,0
